model,cand_id,sample_dir,b,subject,selector,generated,update_exit_code,run_exit_code,maven_returncode,status,failure_category,failure_detail
deepseek-v4-pro,1,/home/lpy/workspace/misc/course/Introduction-to-Software-Testing/artifacts/sample_runs/deepseek-v4-pro/cand001_0095d8adf26b,0095d8adf26b9469115b1be0358cb09d1fcb5fd4,LANG-1034: Recursive and reflective EqualsBuilder (closes #202),EqualsBuilderTest,True,0,0,0,maven_pass,,
deepseek-v4-pro,2,/home/lpy/workspace/misc/course/Introduction-to-Software-Testing/artifacts/sample_runs/deepseek-v4-pro/cand002_01d67b1bda06,01d67b1bda06b33752fe3232594988561ff0c324,"Removing isExactlyOneTrue, since there is no consensus about this method. See also LANG-922.",BooleanUtilsTest,True,0,0,0,maven_pass,,
deepseek-v4-pro,3,/home/lpy/workspace/misc/course/Introduction-to-Software-Testing/artifacts/sample_runs/deepseek-v4-pro/cand003_02a98515a337,02a98515a337991f0ce05271ac90121fa204d9db,"LANG-1119: Add StringUtils.rotate(String, int)",StringUtilsTest,True,0,0,0,maven_pass,,
deepseek-v4-pro,4,/home/lpy/workspace/misc/course/Introduction-to-Software-Testing/artifacts/sample_runs/deepseek-v4-pro/cand004_03fe88ab71cf,03fe88ab71cf2eadaa39654786c3fba713742768,LANG-1149 Added alternative checked exception wrapping/unwrapping methods,ExceptionUtilsTest,True,0,0,0,maven_pass,,
deepseek-v4-pro,5,/home/lpy/workspace/misc/course/Introduction-to-Software-Testing/artifacts/sample_runs/deepseek-v4-pro/cand005_05763470e5a0,05763470e5a067eb153533d47baa73174ad9bd46,clarify behavior of #isNumber() with blanks,NumberUtilsTest,True,0,0,0,maven_pass,,
deepseek-v4-pro,6,/home/lpy/workspace/misc/course/Introduction-to-Software-Testing/artifacts/sample_runs/deepseek-v4-pro/cand006_061450a927ba,061450a927ba1cc65f7b984f4ff41866ec2eceac,"incorporated feedback from Fabian, formatting adjusted, count >> 1 replaced with count / 2",ThreadUtilsTest,True,0,0,0,maven_pass,,
deepseek-v4-pro,7,/home/lpy/workspace/misc/course/Introduction-to-Software-Testing/artifacts/sample_runs/deepseek-v4-pro/cand007_06506aecf9e4,06506aecf9e46441d08edab311e19e599d273fab,tabs replaced by spaces new tests added,ArrayUtilsTest,True,0,0,0,maven_pass,,
deepseek-v4-pro,8,/home/lpy/workspace/misc/course/Introduction-to-Software-Testing/artifacts/sample_runs/deepseek-v4-pro/cand008_06aea7e74cfe,06aea7e74cfe4a1578cb76672f1562132090c205,LANG-1475 Fix unwrap StringIndexOutOfBoundsException,StringUtilsTest,True,0,0,0,maven_pass,,
deepseek-v4-pro,9,/home/lpy/workspace/misc/course/Introduction-to-Software-Testing/artifacts/sample_runs/deepseek-v4-pro/cand009_07914b39281e,07914b39281e4be500d430b2c25e85499748788f,[LANG-1784] Add Failable methods for null-safe mapping and chaining #1435,FailableTest,True,0,0,0,maven_pass,,
deepseek-v4-pro,10,/home/lpy/workspace/misc/course/Introduction-to-Software-Testing/artifacts/sample_runs/deepseek-v4-pro/cand010_089b43a0a6de,089b43a0a6de2d6ae49840aec3805aee2c309001,[LANG-1426] Corrected usage examples in Javadocs (#458),StringUtilsTest,True,0,0,0,maven_pass,,
deepseek-v4-pro,11,/home/lpy/workspace/misc/course/Introduction-to-Software-Testing/artifacts/sample_runs/deepseek-v4-pro/cand011_08aa21f9217d,08aa21f9217df0a28d48be5be5db03ddf4867140,"LANG-1408: add toDouble(BigDecimal), toDouble(BigDecimal, double)",NumberUtilsTest,True,0,0,0,maven_pass,,
deepseek-v4-pro,12,/home/lpy/workspace/misc/course/Introduction-to-Software-Testing/artifacts/sample_runs/deepseek-v4-pro/cand012_0abcf0d32b22,0abcf0d32b22401e2c8e358317694d2ff044faed,Modify the error comment,RandomUtilsTest,True,0,0,0,maven_pass,,
deepseek-v4-pro,13,/home/lpy/workspace/misc/course/Introduction-to-Software-Testing/artifacts/sample_runs/deepseek-v4-pro/cand013_0b4a9d95df61,0b4a9d95df610bfcc83c375110ac100d08662ba1,LocaleUtils.parseLocale(String) operator precedence bug allows invalid language with numeric country (#1658),LocaleUtilsTest,True,0,0,0,maven_pass,,
deepseek-v4-pro,14,/home/lpy/workspace/misc/course/Introduction-to-Software-Testing/artifacts/sample_runs/deepseek-v4-pro/cand014_0b70b01a9f1d,0b70b01a9f1d9664bb5eac737175f58f06979b60,LANG-1352: EnumUtils.getEnumIgnoreCase and isValidEnumIgnoreCase methods added (closes #286),EnumUtilsTest,True,0,0,0,maven_pass,,
deepseek-v4-pro,15,/home/lpy/workspace/misc/course/Introduction-to-Software-Testing/artifacts/sample_runs/deepseek-v4-pro/cand015_0de9354f505f,0de9354f505f415c7ad35fe735cebab4900a698a,"LANG-922 - Add isOneTrue(booleans...) to BooleanUtils to preserve old behavior of BooleanUtils.xor(booleans...). Added isOneTrue for primitives and wrappers, isOneFalse still missing.",BooleanUtilsTest,True,0,0,0,maven_pass,,
deepseek-v4-pro,16,/home/lpy/workspace/misc/course/Introduction-to-Software-Testing/artifacts/sample_runs/deepseek-v4-pro/cand016_0fe9685c8a78,0fe9685c8a78ba2d780a3ec1e1a323990dc6d218,LANG-1023 WordUtils.wrap: Customizable breakable characters (not just space/whitespace),WordUtilsTest,True,0,0,0,maven_pass,,
deepseek-v4-pro,17,/home/lpy/workspace/misc/course/Introduction-to-Software-Testing/artifacts/sample_runs/deepseek-v4-pro/cand017_10325422e5a4,10325422e5a4735aa87a4d47bdb377e09fe963d2,LANG-1276: StrBuilder#replaceAll ArrayIndexOutOfBoundsException (closes #200),StrBuilderTest,True,0,0,0,maven_pass,,
deepseek-v4-pro,18,/home/lpy/workspace/misc/course/Introduction-to-Software-Testing/artifacts/sample_runs/deepseek-v4-pro/cand018_10641f9ae7d1,10641f9ae7d1d2f30aec5bc146a8d5b49c22d0a0,Using Validate where possible in builder package.,HashCodeBuilderTest,True,0,0,0,maven_pass,,
deepseek-v4-pro,19,/home/lpy/workspace/misc/course/Introduction-to-Software-Testing/artifacts/sample_runs/deepseek-v4-pro/cand019_10e18ae9b47d,10e18ae9b47dfe04573884739823d64825105694,LANG-1100: Avoid memory allocation when using date formating to StringBuffer,FastDatePrinterTest,True,0,0,0,maven_pass,,
deepseek-v4-pro,20,/home/lpy/workspace/misc/course/Introduction-to-Software-Testing/artifacts/sample_runs/deepseek-v4-pro/cand020_110ab39cb236,110ab39cb236fd7e6f517c8dc3b389fa215c0020,Use final.,ObjectsTest,True,0,0,0,maven_pass,,
deepseek-v4-pro,21,/home/lpy/workspace/misc/course/Introduction-to-Software-Testing/artifacts/sample_runs/deepseek-v4-pro/cand021_127050d2b54b,127050d2b54bd6224bc53573228e8774dc7be28b,"NumberUtils.isCreatable(String) should match NumberUtils.createNumber(String), exactly (#1626)",NumberUtilsTest,True,0,0,0,maven_pass,,
deepseek-v4-pro,22,/home/lpy/workspace/misc/course/Introduction-to-Software-Testing/artifacts/sample_runs/deepseek-v4-pro/cand022_1418a770ba43,1418a770ba436d15693c3bb29a67e501c2008274,[LANG-1452] RecursiveToStringStyle and MultilineRecursiveToStringStyle shouldn't recurse into a java.math.BigDecimal (#1584),RecursiveToStringStyleTest,True,0,0,0,maven_pass,,
deepseek-v4-pro,23,/home/lpy/workspace/misc/course/Introduction-to-Software-Testing/artifacts/sample_runs/deepseek-v4-pro/cand023_1521bf3e9f3e,1521bf3e9f3e2f944fc2331b0ac19c9f5f0fde6d,"Instead of throwing a NullPointerException, ArrayUtils.toStringArray(Object[]) should return ""null"" for null elements like ArrayUtils.toStringArray(Object[], String) returns its valueForNullElements.",ArrayUtilsTest,True,0,0,0,maven_pass,,
deepseek-v4-pro,24,/home/lpy/workspace/misc/course/Introduction-to-Software-Testing/artifacts/sample_runs/deepseek-v4-pro/cand024_152b1777fddc,152b1777fddc5127e77f9b14637d6abae18eaf05,Rename new method,StreamsTest,True,0,0,0,maven_pass,,
deepseek-v4-pro,25,/home/lpy/workspace/misc/course/Introduction-to-Software-Testing/artifacts/sample_runs/deepseek-v4-pro/cand025_155abe805b80,155abe805b80bbb8276b75a8c4faffd2578bb68a,Use Java 8 API to manage thread local,HashCodeBuilderTest,True,0,0,0,maven_pass,,
deepseek-v4-pro,26,/home/lpy/workspace/misc/course/Introduction-to-Software-Testing/artifacts/sample_runs/deepseek-v4-pro/cand026_155cec1085f9,155cec1085f9bd5383241e4c93fb40117081aaba,LANG-701 - Added new joinWith method to support varargs,StringUtilsTest,True,0,0,0,maven_pass,,
deepseek-v4-pro,27,/home/lpy/workspace/misc/course/Introduction-to-Software-Testing/artifacts/sample_runs/deepseek-v4-pro/cand027_17a6d163c62d,17a6d163c62d7bbfc9e19c11e0d52ae06b5160b1,Adding a createStarted() method per request in LANG-1138,StopWatchTest,True,0,0,0,maven_pass,,
deepseek-v4-pro,28,/home/lpy/workspace/misc/course/Introduction-to-Software-Testing/artifacts/sample_runs/deepseek-v4-pro/cand028_184c9e83211a,184c9e83211a0552698a934d45d3ebca2c789881,WordUtils.wrap() zero-width wrapOn regex match causes infinite loop. (#1649),WordUtilsTest,True,0,0,0,maven_pass,,
deepseek-v4-pro,29,/home/lpy/workspace/misc/course/Introduction-to-Software-Testing/artifacts/sample_runs/deepseek-v4-pro/cand029_1974c83561d0,1974c83561d09cf73a575f992fbd8416e3354d20,incorporated feedback from Peter,ThreadUtilsTest,True,0,0,0,maven_pass,,
deepseek-v4-pro,30,/home/lpy/workspace/misc/course/Introduction-to-Software-Testing/artifacts/sample_runs/deepseek-v4-pro/cand030_1a002c67f2d3,1a002c67f2d3c198411a62165e53b31d6b414aa3,LANG-1225: Add RandomStringUtils#randomGraph and #randomPrint which match corresponding regular expression class,RandomStringUtilsTest,True,0,0,0,maven_pass,,
deepseek-v4-pro,31,/home/lpy/workspace/misc/course/Introduction-to-Software-Testing/artifacts/sample_runs/deepseek-v4-pro/cand031_1a20867d01ef,1a20867d01ef8ee5b32b0620125b7c38a10b80c5,LANG-1310: MethodUtils.invokeMethod throws ArrayStoreException if using varargs arguments and smaller types than the method defines (closes #256),MethodUtilsTest,True,0,0,0,maven_pass,,
deepseek-v4-pro,32,/home/lpy/workspace/misc/course/Introduction-to-Software-Testing/artifacts/sample_runs/deepseek-v4-pro/cand032_1a3a12dc7388,1a3a12dc7388a177c4ae64f5e3c96a7d462c003d,[LANG-1784] Add Functions methods for null-safe mapping and chaining #1435,FunctionsTest,True,0,0,0,maven_pass,,
deepseek-v4-pro,33,/home/lpy/workspace/misc/course/Introduction-to-Software-Testing/artifacts/sample_runs/deepseek-v4-pro/cand033_1a60c21395fe,1a60c21395fe7648188d1c91f62ac7baefa12742,Applying the copy of the HashCodeBuilder code to stop cyclic references over to EqualsBuilder per LANG-606 and Oliver Sauder's patch,EqualsBuilderTest,True,0,0,0,maven_pass,,
deepseek-v4-pro,34,/home/lpy/workspace/misc/course/Introduction-to-Software-Testing/artifacts/sample_runs/deepseek-v4-pro/cand034_1a77a547dd72,1a77a547dd72e82a8967e462406436a1c2e341a2,"Add allNull() and anyNull() methods to ObjectUtils, as well as their associated tests. (#522)",ObjectUtilsTest,True,0,0,0,maven_pass,,
deepseek-v4-pro,35,/home/lpy/workspace/misc/course/Introduction-to-Software-Testing/artifacts/sample_runs/deepseek-v4-pro/cand035_1b9d938d66a1,1b9d938d66a172b200fd90d4a61707852bdb4b8f,"LANG-1118 Fix StringUtils.repeat(char, int) dealing with negative repeat value",StringUtilsTest,True,0,0,0,maven_pass,,
deepseek-v4-pro,36,/home/lpy/workspace/misc/course/Introduction-to-Software-Testing/artifacts/sample_runs/deepseek-v4-pro/cand036_1e455838963a,1e455838963a99f7e76e334850c00293262f9573,LANG-1778 fix by reversing order (#1414),MethodUtilsTest,True,0,0,0,maven_pass,,
deepseek-v4-pro,37,/home/lpy/workspace/misc/course/Introduction-to-Software-Testing/artifacts/sample_runs/deepseek-v4-pro/cand037_1f35e7c99b66,1f35e7c99b66b8d46c4ad96558e694a10aa38062,[LANG-586] Clear ThreadLocal for HashCodeBuilder as well,HashCodeBuilderTest,True,0,0,0,maven_pass,,
deepseek-v4-pro,38,/home/lpy/workspace/misc/course/Introduction-to-Software-Testing/artifacts/sample_runs/deepseek-v4-pro/cand038_1f56bd103d53,1f56bd103d53c8c6ba7502c6586c26be01bfdb80,LANG-1261: ArrayUtils#contains and ArrayUtils#indexOf should compare objects with different types,ArrayUtilsTest,True,0,0,0,maven_pass,,
deepseek-v4-pro,39,/home/lpy/workspace/misc/course/Introduction-to-Software-Testing/artifacts/sample_runs/deepseek-v4-pro/cand039_217da1e6aa2b,217da1e6aa2b2c9f626ed2efa42e3e3996175571,implement lastIndexOf,CharSequenceUtilsTest,True,0,0,0,maven_pass,,
deepseek-v4-pro,40,/home/lpy/workspace/misc/course/Introduction-to-Software-Testing/artifacts/sample_runs/deepseek-v4-pro/cand040_23f18044d1cc,23f18044d1cc750ce07a59662f636468e616d4d5,Update documentation related to the issue LANG-696 (#449),ClassUtilsTest,True,0,0,0,maven_pass,,
deepseek-v4-pro,41,/home/lpy/workspace/misc/course/Introduction-to-Software-Testing/artifacts/sample_runs/deepseek-v4-pro/cand041_23f508095004,23f508095004cc7215cdd6fc4b15e8d6192f8d1d,Adding Vincent Ricard's patch to CharRange.java providing an iterator that lets you walk the chars in the range. LANG-454,CharRangeTest,True,0,0,0,maven_pass,,
deepseek-v4-pro,42,/home/lpy/workspace/misc/course/Introduction-to-Software-Testing/artifacts/sample_runs/deepseek-v4-pro/cand042_240b7a92f63b,240b7a92f63bec0a81ec8707e6b08115da368590,default autoboxing for Class[] depending on RT Java version + more tests,ClassUtilsTest,True,0,1,1,maven_fail,compile_error,"est.java:[834,16] error: method test_isAssignable_ClassArray_ClassArray() is already defined in class ClassUtilsTest [ERROR] -> [Help 1] [ERROR] [ERROR] To see the full stack trace of the errors, re-run Maven with the -e switch. [ERROR] Re-run Maven using the -X switch to enable full debug logging. [ERROR] [ERROR] For more information about the errors and possible solutions, please read the following articles: [ERROR] [Help 1] http://cwiki.apache.org/confluence/display/MAVEN/MojoFailureException"
deepseek-v4-pro,43,/home/lpy/workspace/misc/course/Introduction-to-Software-Testing/artifacts/sample_runs/deepseek-v4-pro/cand043_242b815437b9,242b815437b9a988c2ce9e980295ca8a9e302e7a,LANG-1185 Add some tests for StringUtils replaceAll and replaceFirst methods,StringUtilsTest,True,0,0,0,maven_pass,,
deepseek-v4-pro,44,/home/lpy/workspace/misc/course/Introduction-to-Software-Testing/artifacts/sample_runs/deepseek-v4-pro/cand044_24957f9934ce,24957f9934cee310debd2005bdbd78e21e857e7e,Use final.,NumberUtilsTest,True,0,0,0,maven_pass,,
deepseek-v4-pro,45,/home/lpy/workspace/misc/course/Introduction-to-Software-Testing/artifacts/sample_runs/deepseek-v4-pro/cand045_2521d9619fe1,2521d9619fe1f052ced8ea1107851ac98a1b7488,refactored to Generics and added isArrayIndexValid,ArrayUtilsTest,True,0,0,0,maven_pass,,
deepseek-v4-pro,46,/home/lpy/workspace/misc/course/Introduction-to-Software-Testing/artifacts/sample_runs/deepseek-v4-pro/cand046_2550d4cfa283,2550d4cfa283603a23283c5495bfab75deff02dc,"Rewriting OctalUnescaper as a hand rolled parser (all of 4 characters), instead of trying to handle the conversion via repeated attempts to convert the numbers. This fixes bugs, see LANG-929, and also changes the behaviour for 'illegal' octals such as \999. Instead of throwing NumberFormatException, it will now ignore them. This seems the better behaviour.",OctalUnescaperTest,True,0,0,0,maven_pass,,
deepseek-v4-pro,47,/home/lpy/workspace/misc/course/Introduction-to-Software-Testing/artifacts/sample_runs/deepseek-v4-pro/cand047_26bc45fdeeed,26bc45fdeeeda2bee38cc2a08ce99e41fd48e0d6,"Fix checkstyle violations (tabs, missing spaces after commas, missing javadocs)",FunctionsTest,True,0,0,0,maven_pass,,
deepseek-v4-pro,48,/home/lpy/workspace/misc/course/Introduction-to-Software-Testing/artifacts/sample_runs/deepseek-v4-pro/cand048_26ead6134ad5,26ead6134ad55bf1350e41f05f4d0cbe6d0be4be,[LANG-1814] ArrayUtils.subarray(..) may overflow index arithmetic and violate contract for extreme index values #1585,ArrayUtilsTest,False,,,,merge_incomplete,merge_incomplete,
deepseek-v4-pro,49,/home/lpy/workspace/misc/course/Introduction-to-Software-Testing/artifacts/sample_runs/deepseek-v4-pro/cand049_28f46460d63b,28f46460d63b4c7806a2b9cce382b2b79ba6fd50,ClassUtils.toCleanName(String) resolves malformed array suffixes instead (#1670),ClassUtilsTest,True,0,0,0,maven_pass,,
deepseek-v4-pro,50,/home/lpy/workspace/misc/course/Introduction-to-Software-Testing/artifacts/sample_runs/deepseek-v4-pro/cand050_2a11642511a3,2a11642511a3c69bac5aa1abd83d3219871395e3,LANG-1411: Add empty checks to ObjectUtils,ObjectUtilsTest,True,0,1,1,maven_fail,compile_cannot_find_symbol,"ind symbol [ERROR] symbol: variable NON_EMPTY_ARRAY [ERROR] location: class org.apache.commons.lang3.ObjectUtilsTest [ERROR] -> [Help 1] [ERROR] [ERROR] To see the full stack trace of the errors, re-run Maven with the -e switch. [ERROR] Re-run Maven using the -X switch to enable full debug logging. [ERROR] [ERROR] For more information about the errors and possible solutions, please read the following articles: [ERROR] [Help 1] http://cwiki.apache.org/confluence/display/MAVEN/MojoFailureException"
deepseek-v4-pro,51,/home/lpy/workspace/misc/course/Introduction-to-Software-Testing/artifacts/sample_runs/deepseek-v4-pro/cand051_2cad60b6c25c,2cad60b6c25c87a6a59d3d315ec7d72c552fbc58,removed ArrayUtils.get,ArrayUtilsTest,True,0,0,0,maven_pass,,
deepseek-v4-pro,52,/home/lpy/workspace/misc/course/Introduction-to-Software-Testing/artifacts/sample_runs/deepseek-v4-pro/cand052_2ebc17ba3f24,2ebc17ba3f244ae44aae46273aeef7e321f9542a,Added Functions.tryWithResources.,FunctionsTest,True,0,0,0,maven_pass,,
deepseek-v4-pro,53,/home/lpy/workspace/misc/course/Introduction-to-Software-Testing/artifacts/sample_runs/deepseek-v4-pro/cand053_2f153733c7df,2f153733c7dfe33f38438be3fd3269e0c3ab7005,Rename method and fix typo. (#940),DurationUtilsTest,True,0,0,0,maven_pass,,
deepseek-v4-pro,54,/home/lpy/workspace/misc/course/Introduction-to-Software-Testing/artifacts/sample_runs/deepseek-v4-pro/cand054_313d877d57ab,313d877d57abefdbb1ad0c42781bf719b83d5a35,"Two fixes in RandomStringUtils.random(int, int, int, boolean, boolean, (#1638)",RandomStringUtilsTest,True,0,0,0,maven_pass,,
deepseek-v4-pro,55,/home/lpy/workspace/misc/course/Introduction-to-Software-Testing/artifacts/sample_runs/deepseek-v4-pro/cand055_31466db6ecd1,31466db6ecd115aa74616e14a75721b45c0f59f9,Add sugar to RandomIUtils,RandomUtilsTest,True,0,0,0,maven_pass,,
deepseek-v4-pro,56,/home/lpy/workspace/misc/course/Introduction-to-Software-Testing/artifacts/sample_runs/deepseek-v4-pro/cand056_31d7eea1c620,31d7eea1c6205066b91c79f19219a436b26e9060,[LANG-1570] JavaVersion enum constants for Java 14 and 15. (#553),JavaVersionTest,True,0,0,0,maven_pass,,
deepseek-v4-pro,57,/home/lpy/workspace/misc/course/Introduction-to-Software-Testing/artifacts/sample_runs/deepseek-v4-pro/cand057_35fb9fca83af,35fb9fca83af4ffbaf6f1163a927d8751938fda3,LANG-1172: Support dash as a delimiter in locales (#766),LocaleUtilsTest,True,0,0,0,maven_pass,,
deepseek-v4-pro,58,/home/lpy/workspace/misc/course/Introduction-to-Software-Testing/artifacts/sample_runs/deepseek-v4-pro/cand058_36111ba5829b,36111ba5829bdd4249c7418c1aec17c149ef86a3,[LANG-1568] More failable functional interfaces to match JRE functional interfaces.,FunctionsTest,True,0,0,0,maven_pass,,
deepseek-v4-pro,59,/home/lpy/workspace/misc/course/Introduction-to-Software-Testing/artifacts/sample_runs/deepseek-v4-pro/cand059_3a35c53c6c9a,3a35c53c6c9a3b9a1feedaf39b72e405ecaf9df8,Add DurationUtils.zeroIfNull(Duration).,DurationUtilsTest,True,0,0,0,maven_pass,,
deepseek-v4-pro,60,/home/lpy/workspace/misc/course/Introduction-to-Software-Testing/artifacts/sample_runs/deepseek-v4-pro/cand060_3acffccf1502,3acffccf15027bcf87e25a432f085c45e103b0ec,"LANG-1139: Add null safe methods in StringUtils to replace by regular expression :   - StringUtils.replaceAll(String, String, String)   - StringUtils.replaceFirst(String, String, String)",StringUtilsTest,True,0,0,0,maven_pass,,
deepseek-v4-pro,61,/home/lpy/workspace/misc/course/Introduction-to-Software-Testing/artifacts/sample_runs/deepseek-v4-pro/cand061_3ce3b27dbd57,3ce3b27dbd579a918e97e1fb09e9b0153cc71a60,Fixing Checkstyle problems.,StreamsTest,True,0,0,0,maven_pass,,
deepseek-v4-pro,62,/home/lpy/workspace/misc/course/Introduction-to-Software-Testing/artifacts/sample_runs/deepseek-v4-pro/cand062_3d4ed4a8ac63,3d4ed4a8ac63db1e51601ffc31fed44dccbb276c,Fixing Checkstyle warnings. Closes #532.,LocksTest,True,0,0,0,maven_pass,,
deepseek-v4-pro,63,/home/lpy/workspace/misc/course/Introduction-to-Software-Testing/artifacts/sample_runs/deepseek-v4-pro/cand063_3df7f4440e74,3df7f4440e7447bc55e95400ec511323e708c652,[LANG-1823] LocaleUtils.toLocale cannot parse valid JDK Locale string containing '#'  (#1630),LocaleUtilsTest,True,0,0,0,maven_pass,,
deepseek-v4-pro,64,/home/lpy/workspace/misc/course/Introduction-to-Software-Testing/artifacts/sample_runs/deepseek-v4-pro/cand064_3fa5334ac08f,3fa5334ac08fc7ce1a86d5b34fbcd8cfea85ed23,"LANG-1027 don't fail if java version is unknown, lang is too much used to make apps and libs failling cause of an unknown java version.",JavaVersionTest,True,0,0,0,maven_pass,,
deepseek-v4-pro,65,/home/lpy/workspace/misc/course/Introduction-to-Software-Testing/artifacts/sample_runs/deepseek-v4-pro/cand065_408b66081333,408b6608133359f03fc8d5b2c7cf4abd3813ebdd,More precise internal type,DurationFormatUtilsTest,True,0,1,1,maven_fail,compile_incompatible_types,"matUtilsTest.java:[85,79] incompatible types: java.lang.Object cannot be converted to java.lang.CharSequence [ERROR] [ERROR] -> [Help 1] [ERROR] [ERROR] To see the full stack trace of the errors, re-run Maven with the -e switch. [ERROR] Re-run Maven using the -X switch to enable full debug logging. [ERROR] [ERROR] For more information about the errors and possible solutions, please read the following articles: [ERROR] [Help 1] http://cwiki.apache.org/confluence/display/MAVEN/MojoFailureException"
deepseek-v4-pro,66,/home/lpy/workspace/misc/course/Introduction-to-Software-Testing/artifacts/sample_runs/deepseek-v4-pro/cand066_421db380d060,421db380d060e9f037a8ecbc446c414efaa6923f,Switched capitalize back to using toTitleCase. Added a test for this using the 'Lj' letter. LANG-1142,StringUtilsTest,True,0,0,0,maven_pass,,
deepseek-v4-pro,67,/home/lpy/workspace/misc/course/Introduction-to-Software-Testing/artifacts/sample_runs/deepseek-v4-pro/cand067_4240de53b325,4240de53b3252e4cf0d45fe55feae4e009565d6b,"Applying Srihari Reddy's patch from LANG-405, based on Dave Meikle's original patch. This adds a truncateMiddle method to StringUtils.",StringUtilsTest,True,0,0,0,maven_pass,,
deepseek-v4-pro,68,/home/lpy/workspace/misc/course/Introduction-to-Software-Testing/artifacts/sample_runs/deepseek-v4-pro/cand068_434575ed0a71,434575ed0a71439b8abe8ef59948bf15847fd9c0,Adding toCalendar method per LANG-632,DateUtilsTest,True,0,0,0,maven_pass,,
deepseek-v4-pro,69,/home/lpy/workspace/misc/course/Introduction-to-Software-Testing/artifacts/sample_runs/deepseek-v4-pro/cand069_45acc1c97094,45acc1c97094cd68928f634ce4896e4b05ee92ac,LANG-1691: ClassUtils.getShortCanonicalName - using canonicalName rather than class name (#949),ClassUtilsTest,True,0,0,0,maven_pass,,
deepseek-v4-pro,70,/home/lpy/workspace/misc/course/Introduction-to-Software-Testing/artifacts/sample_runs/deepseek-v4-pro/cand070_46b15a2ecb05,46b15a2ecb05bdc281bc6109bb2db99b566d4a10,Rename method for next release.,StreamsTest,True,0,0,0,maven_pass,,
deepseek-v4-pro,71,/home/lpy/workspace/misc/course/Introduction-to-Software-Testing/artifacts/sample_runs/deepseek-v4-pro/cand071_49ef6b530c89,49ef6b530c89c5f7181aa3fbdb957155a6802b05,PMD: Implement equals(),HashCodeBuilderTest,True,0,0,0,maven_pass,,
deepseek-v4-pro,72,/home/lpy/workspace/misc/course/Introduction-to-Software-Testing/artifacts/sample_runs/deepseek-v4-pro/cand072_4a934610e7d9,4a934610e7d911df707a23ad338ab2e4aa14daa4,LANG-1495 Update EnumUtils.java (#475),EnumUtilsTest,True,0,0,0,maven_pass,,
deepseek-v4-pro,73,/home/lpy/workspace/misc/course/Introduction-to-Software-Testing/artifacts/sample_runs/deepseek-v4-pro/cand073_4c3f1dd00ee7,4c3f1dd00ee7b8800478edb2b50dd687103b5f2a,"StringUtils.repeat(String, [String,] int) now throws IllegalArgumentException (#1644)",StringUtilsTest,True,0,0,0,maven_pass,,
deepseek-v4-pro,74,/home/lpy/workspace/misc/course/Introduction-to-Software-Testing/artifacts/sample_runs/deepseek-v4-pro/cand074_4f31ae757ce3,4f31ae757ce3e2ebee99af485050e4aa3a23f4f4,"Applying Valentin Rocher's patch from LANG-559, adding isInstanceOf and isAssignableFrom methods.",ValidateTest,True,0,0,0,maven_pass,,
deepseek-v4-pro,75,/home/lpy/workspace/misc/course/Introduction-to-Software-Testing/artifacts/sample_runs/deepseek-v4-pro/cand075_4ff5e2b9f98e,4ff5e2b9f98e5ca9dd105a2d08477e0371ae8832,Extract a map method.,UncheckedFutureTest,True,0,0,0,maven_pass,,
deepseek-v4-pro,76,/home/lpy/workspace/misc/course/Introduction-to-Software-Testing/artifacts/sample_runs/deepseek-v4-pro/cand076_526a03a8701f,526a03a8701f85e422786f0a4d1fadd3f0c249c1,"DateUtils.parseDateWithLeniency(String, Locale, String[], boolean) doesn't reset its time zone (#1660)",DateUtilsTest,True,0,0,0,maven_pass,,
deepseek-v4-pro,77,/home/lpy/workspace/misc/course/Introduction-to-Software-Testing/artifacts/sample_runs/deepseek-v4-pro/cand077_52c06bea2f2b,52c06bea2f2b6c277c517dc9f5bb0d62d17e073c,fix LANG-1816 (#1589),ArrayUtilsTest,True,0,0,0,maven_pass,,
deepseek-v4-pro,78,/home/lpy/workspace/misc/course/Introduction-to-Software-Testing/artifacts/sample_runs/deepseek-v4-pro/cand078_54e63005446a,54e63005446a2b0a4255ba16838122c5808ef886,[LANG-1141] StrLookup for system properties now sees updated values.,StrLookupTest,True,0,0,0,maven_pass,,
deepseek-v4-pro,79,/home/lpy/workspace/misc/course/Introduction-to-Software-Testing/artifacts/sample_runs/deepseek-v4-pro/cand079_54ff33b2ad26,54ff33b2ad26e3969cc59d7f2723563dee3e37dc,LANG-1151: Performance improvements for NumberUtils.isParsable (closes #99),NumberUtilsTest,True,0,0,0,maven_pass,,
deepseek-v4-pro,80,/home/lpy/workspace/misc/course/Introduction-to-Software-Testing/artifacts/sample_runs/deepseek-v4-pro/cand080_55a2a03aa308,55a2a03aa30836c814b9c2d50d5081a52f01d83c,[LANG-1177] Added indexesOf methods and simplified removeAllOccurences (#471),ArrayUtilsTest,True,0,0,0,maven_pass,,
deepseek-v4-pro,81,/home/lpy/workspace/misc/course/Introduction-to-Software-Testing/artifacts/sample_runs/deepseek-v4-pro/cand081_5689c91cf2a3,5689c91cf2a3a27f0a3a8a362857f2cf0919d4f6,"Add DurationUtils.isPositive(Duration) and toDuration(long,TimeUnit).",DurationUtilsTest,True,0,0,0,maven_pass,,
deepseek-v4-pro,82,/home/lpy/workspace/misc/course/Introduction-to-Software-Testing/artifacts/sample_runs/deepseek-v4-pro/cand082_5713c6c42e43,5713c6c42e43977df17a7a6c0d39a8ff4f4540b6,Bugfix/class utils to canonical name length check (#1495),ClassUtilsTest,True,0,0,0,maven_pass,,
deepseek-v4-pro,83,/home/lpy/workspace/misc/course/Introduction-to-Software-Testing/artifacts/sample_runs/deepseek-v4-pro/cand083_571b8e301722,571b8e301722205c4fff30cdfd502020f2a56be8,"Adding concat(Object...) and concatWith(String, Object...) methods to provide vararg'd versions of the more prominent join methods. This ties into the String.concat method. LANG-396",StringUtilsTest,True,0,1,1,maven_fail,compile_missing_package,"pache/commons/lang3/StringUtilsTest.java:[21,28] error: package org.junit.jupiter.api does not exist [ERROR] [ERROR] [ERROR] -> [Help 1] [ERROR] [ERROR] To see the full stack trace of the errors, re-run Maven with the -e switch. [ERROR] Re-run Maven using the -X switch to enable full debug logging. [ERROR] [ERROR] For more information about the errors and possible solutions, please read the following articles: [ERROR] [Help 1] http://cwiki.apache.org/confluence/display/MAVEN/MojoFailureException"
deepseek-v4-pro,84,/home/lpy/workspace/misc/course/Introduction-to-Software-Testing/artifacts/sample_runs/deepseek-v4-pro/cand084_5755cced016d,5755cced016dd176508a8f1a9c35bfc863bc8cf9,Use the scale in names.,EventCountCircuitBreakerTest,True,0,1,1,maven_fail,compile_cannot_find_symbol,"ymbol: variable currentTime [ERROR] location: class org.apache.commons.lang3.concurrent.EventCountCircuitBreakerTest [ERROR] -> [Help 1] [ERROR] [ERROR] To see the full stack trace of the errors, re-run Maven with the -e switch. [ERROR] Re-run Maven using the -X switch to enable full debug logging. [ERROR] [ERROR] For more information about the errors and possible solutions, please read the following articles: [ERROR] [Help 1] http://cwiki.apache.org/confluence/display/MAVEN/MojoFailureException"
deepseek-v4-pro,85,/home/lpy/workspace/misc/course/Introduction-to-Software-Testing/artifacts/sample_runs/deepseek-v4-pro/cand085_5904c573ffac,5904c573ffacaa5d8836ffc2b346f400c8901ed1,NumberUtils.createNumber(String): Float shortcut can bypass exact (#1635),NumberUtilsTest,True,0,0,0,maven_pass,,
deepseek-v4-pro,86,/home/lpy/workspace/misc/course/Introduction-to-Software-Testing/artifacts/sample_runs/deepseek-v4-pro/cand086_5914a8e80a54,5914a8e80a547301b76bf8ef691053e4dfc901a7,TimedSemaphore.shutdown() must wake threads blocked in acquire(). (#1639),TimedSemaphoreTest,True,0,0,0,maven_pass,,
deepseek-v4-pro,87,/home/lpy/workspace/misc/course/Introduction-to-Software-Testing/artifacts/sample_runs/deepseek-v4-pro/cand087_59d201f7be16,59d201f7be16f724e52023330258f44876e545a2,Add gets the current day of year. (#968),CalendarUtilsTest,True,0,0,0,maven_pass,,
deepseek-v4-pro,88,/home/lpy/workspace/misc/course/Introduction-to-Software-Testing/artifacts/sample_runs/deepseek-v4-pro/cand088_5aa87b52f1b3,5aa87b52f1b3f958e1c13ce3b811379ad6f71d9b,"Corrected Javadoc (mentioned in LANG-1058), added examples to unit test.",StringUtilsTest,True,0,0,0,maven_pass,,
deepseek-v4-pro,89,/home/lpy/workspace/misc/course/Introduction-to-Software-Testing/artifacts/sample_runs/deepseek-v4-pro/cand089_5b0d49b81393,5b0d49b81393c524727f9195eecbfe7610fc1f6a,LANG-1447: use isJavaVersionAtLeast in implementation,FieldUtilsTest,True,0,0,0,maven_pass,,
deepseek-v4-pro,90,/home/lpy/workspace/misc/course/Introduction-to-Software-Testing/artifacts/sample_runs/deepseek-v4-pro/cand090_5b6030595205,5b6030595205f5f843549f1f12a0e1037bf4a50f,Fix Javadoc @since tags,ExceptionUtilsTest,True,0,0,0,maven_pass,,
deepseek-v4-pro,91,/home/lpy/workspace/misc/course/Introduction-to-Software-Testing/artifacts/sample_runs/deepseek-v4-pro/cand091_5b7608d15499,5b7608d1549989d92dd159392c19d9ba8ce0e62e,consistent treatment for negative indices for swap method,ArrayUtilsTest,True,0,0,0,maven_pass,,
deepseek-v4-pro,92,/home/lpy/workspace/misc/course/Introduction-to-Software-Testing/artifacts/sample_runs/deepseek-v4-pro/cand092_5e9fd18a887e,5e9fd18a887eb071a42983a8c6df1ae3062f3a88,Fix cloning of array types.,ObjectUtilsTest,True,0,0,0,maven_pass,,
deepseek-v4-pro,93,/home/lpy/workspace/misc/course/Introduction-to-Software-Testing/artifacts/sample_runs/deepseek-v4-pro/cand093_5fef9575646f,5fef9575646f6583fd2d9ee01368b3deefe6ce82,LANG-1195: Enhance MethodUtils to allow invocation of private methods (closes #141),MethodUtilsTest,True,0,0,0,maven_pass,,
deepseek-v4-pro,94,/home/lpy/workspace/misc/course/Introduction-to-Software-Testing/artifacts/sample_runs/deepseek-v4-pro/cand094_61c2d8f84931,61c2d8f849315e249ddcd0cf8b868595974fc644,[LANG-1774] Improve handling of ClassUtils.getShortCanonicalName for invalid input data (#1437),ClassUtilsTest,True,0,0,0,maven_pass,,
deepseek-v4-pro,95,/home/lpy/workspace/misc/course/Introduction-to-Software-Testing/artifacts/sample_runs/deepseek-v4-pro/cand095_6240a05c1291,6240a05c12914083adbe8c7c53e7e40ef42931dd,LANG-1016: NumberUtils#isParsable method(s). Apply Juan PabloSantos Rodríguez patch for handling negative numbers.,NumberUtilsTest,True,0,0,0,maven_pass,,
deepseek-v4-pro,96,/home/lpy/workspace/misc/course/Introduction-to-Software-Testing/artifacts/sample_runs/deepseek-v4-pro/cand096_633ce6049680,633ce604968078151e03363d5c67042af74310e3,Always return false to contains a null word,WordUtilsTest,True,0,0,0,maven_pass,,
deepseek-v4-pro,97,/home/lpy/workspace/misc/course/Introduction-to-Software-Testing/artifacts/sample_runs/deepseek-v4-pro/cand097_6363fced4b38,6363fced4b3837afb8a36ed109264b016097d8d8,Better method names.,LocksTest,True,0,0,0,maven_pass,,
deepseek-v4-pro,98,/home/lpy/workspace/misc/course/Introduction-to-Software-Testing/artifacts/sample_runs/deepseek-v4-pro/cand098_63f1d6b83bc1,63f1d6b83bc10a2880f5ec17a172fab284d2eff5,LANG-1055: StrSubstitutor.replaceSystemProperties does not work consistently. This fixes #43 from github. Thanks to Jonathan Baker.,StrLookupTest,True,0,0,0,maven_pass,,
deepseek-v4-pro,99,/home/lpy/workspace/misc/course/Introduction-to-Software-Testing/artifacts/sample_runs/deepseek-v4-pro/cand099_63f644daa847,63f644daa847e193d9f70791ef2337816f6409a6,[LANG-1637] Fix 2 digit week year formatting (#688),FastDatePrinterTest,True,0,0,0,maven_pass,,
deepseek-v4-pro,100,/home/lpy/workspace/misc/course/Introduction-to-Software-Testing/artifacts/sample_runs/deepseek-v4-pro/cand100_643302af8c0e,643302af8c0e10ed7ee1d9ca3c60fa0f61eaaf08,"Applying Chandrashekar M's patch to LANG-583, adding isNotEmpty(array) methods to ArrayUtils.",ArrayUtilsTest,True,0,0,0,maven_pass,,
deepseek-v4-pro,101,/home/lpy/workspace/misc/course/Introduction-to-Software-Testing/artifacts/sample_runs/deepseek-v4-pro/cand101_65970408668e,65970408668e105fc880cb8e79e645085df7cd3b,[LANG-1754] Use getAllSuperclassesAndInterfaces() in getMatchingMethod(). (#1289),MethodUtilsTest,True,0,0,0,maven_pass,,
deepseek-v4-pro,102,/home/lpy/workspace/misc/course/Introduction-to-Software-Testing/artifacts/sample_runs/deepseek-v4-pro/cand102_695342cb1cef,695342cb1cef42f30fd1a8496f181c92b21ae82d,LANG-1287: RandomStringUtils#random can enter infinite loop if end parameter is to small (closes #211),RandomStringUtilsTest,True,0,0,0,maven_pass,,
deepseek-v4-pro,103,/home/lpy/workspace/misc/course/Introduction-to-Software-Testing/artifacts/sample_runs/deepseek-v4-pro/cand103_6996806101b6,6996806101b69a87ffcfc4fa9237c075105d722f,[LANG-1596] ArrayUtils.toPrimitive(Object) does not support boolean and other types (#607),ArrayUtilsTest,True,0,0,0,maven_pass,,
deepseek-v4-pro,104,/home/lpy/workspace/misc/course/Introduction-to-Software-Testing/artifacts/sample_runs/deepseek-v4-pro/cand104_6a65b76f2ab9,6a65b76f2ab90cad2c297ff0d9f747ebb982e515,"[LANG-1723]: Throw NumberFormatException instead of IndexOutOfBoundsException in NumberUtils.getMantissa(String, int) (#1145)",NumberUtilsTest,True,0,0,0,maven_pass,,
deepseek-v4-pro,105,/home/lpy/workspace/misc/course/Introduction-to-Software-Testing/artifacts/sample_runs/deepseek-v4-pro/cand105_6b3993188e2a,6b3993188e2a6396f94461c0e7fbd5738ecaa14c,Use less confusing method name,BooleanUtilsTest,True,0,0,0,maven_pass,,
deepseek-v4-pro,106,/home/lpy/workspace/misc/course/Introduction-to-Software-Testing/artifacts/sample_runs/deepseek-v4-pro/cand106_6b4cb166081e,6b4cb166081e019b87cd2b5a273a1567d3aff545,Adding nullToEmpty methods to ArrayUtils per LANG-534 and Levon Karayan's patch.,ArrayUtilsTest,True,0,0,0,maven_pass,,
deepseek-v4-pro,107,/home/lpy/workspace/misc/course/Introduction-to-Software-Testing/artifacts/sample_runs/deepseek-v4-pro/cand107_6e78b38f0555,6e78b38f055516bfef2b7b1e2b83e96a7a67f2ec,Avoid JDK-8015417 in Strings.equals(),StringsTest,True,0,0,0,maven_pass,,
deepseek-v4-pro,108,/home/lpy/workspace/misc/course/Introduction-to-Software-Testing/artifacts/sample_runs/deepseek-v4-pro/cand108_6f03c0ce11db,6f03c0ce11db4a270124b9bf93338d3db9fccf5c,[LANG-1360] Add methods to ClassUtils to get various forms of class names in a null-safe manner,ClassUtilsTest,True,0,1,1,maven_fail,test_failure,"lease refer to /tmp/sample_runs/run-ClassUtilsTest-2mzfr199/target/surefire-reports for the individual test results. [ERROR] -> [Help 1] [ERROR] [ERROR] To see the full stack trace of the errors, re-run Maven with the -e switch. [ERROR] Re-run Maven using the -X switch to enable full debug logging. [ERROR] [ERROR] For more information about the errors and possible solutions, please read the following articles: [ERROR] [Help 1] http://cwiki.apache.org/confluence/display/MAVEN/MojoFailureException"
deepseek-v4-pro,109,/home/lpy/workspace/misc/course/Introduction-to-Software-Testing/artifacts/sample_runs/deepseek-v4-pro/cand109_6f2c93ceeecc,6f2c93ceeecc48f4eca2c52345a7bf33329211c1,LANG-1721: Fix wrong number check that cause StringIndexOutOfBoundsException (#1140),NumberUtilsTest,True,0,0,0,maven_pass,,
deepseek-v4-pro,110,/home/lpy/workspace/misc/course/Introduction-to-Software-Testing/artifacts/sample_runs/deepseek-v4-pro/cand110_717ac0c7b3bd,717ac0c7b3bdf7f0714de1d4fb1308d6b6eb53f7,Set svn:keywords,JavaVersionTest,True,0,0,0,maven_pass,,
deepseek-v4-pro,111,/home/lpy/workspace/misc/course/Introduction-to-Software-Testing/artifacts/sample_runs/deepseek-v4-pro/cand111_744a8c30c6e4,744a8c30c6e49962b5b0b9fc14a2cccbefdd1cd9,Add RegExUtils methods typed to CharSequence input and deprecate old versions typed to String,RegExUtilsTest,True,0,1,1,maven_fail,maven_other_failure,"hort[]> cannot be converted to java.lang.Object&java.io.Serializable&java.util.function.Supplier<java.lang.Short[]>) [ERROR] -> [Help 1] [ERROR] [ERROR] To see the full stack trace of the errors, re-run Maven with the -e switch. [ERROR] Re-run Maven using the -X switch to enable full debug logging. [ERROR] [ERROR] For more information about the errors and possible solutions, please read the following articles: [ERROR] [Help 1] http://cwiki.apache.org/confluence/display/MAVEN/MojoFailureException"
deepseek-v4-pro,112,/home/lpy/workspace/misc/course/Introduction-to-Software-Testing/artifacts/sample_runs/deepseek-v4-pro/cand112_75bb10331c02,75bb10331c02d979561b5804d41641bf82192d2d,Fixing and adding DateUtils exception javadocs with new tests when needed (#871),DateUtilsTest,True,0,0,0,maven_pass,,
deepseek-v4-pro,113,/home/lpy/workspace/misc/course/Introduction-to-Software-Testing/artifacts/sample_runs/deepseek-v4-pro/cand113_7721302ae5d7,7721302ae5d70d2986d74ae7e7df648bf849997d,LANG-1402: refactored to return default value on negative index,ArrayUtilsTest,True,0,0,0,maven_pass,,
deepseek-v4-pro,114,/home/lpy/workspace/misc/course/Introduction-to-Software-Testing/artifacts/sample_runs/deepseek-v4-pro/cand114_78ce2d79f2b1,78ce2d79f2b1341bfc366b1fde487d960493a08a,More precise exceptions,EventListenerSupportTest,True,0,0,0,maven_pass,,
deepseek-v4-pro,115,/home/lpy/workspace/misc/course/Introduction-to-Software-Testing/artifacts/sample_runs/deepseek-v4-pro/cand115_78e2f4c1223d,78e2f4c1223d45db3c5f7c20bf51586fbb566948,"LANG-1059 Capitalize javadoc is incorrect Add test to show that first character is upcased, not the first (alphabetic) letter that is found",StringUtilsTest,True,0,0,0,maven_pass,,
deepseek-v4-pro,116,/home/lpy/workspace/misc/course/Introduction-to-Software-Testing/artifacts/sample_runs/deepseek-v4-pro/cand116_7cc1ac1c30d9,7cc1ac1c30d9ad2b285d11ed26b121e1f794e57e,ClassUtils now throws `IllegalArgumentException` when array is greater than JVM spec limit (255) (#1494),ClassUtilsTest,True,0,0,0,maven_pass,,
deepseek-v4-pro,117,/home/lpy/workspace/misc/course/Introduction-to-Software-Testing/artifacts/sample_runs/deepseek-v4-pro/cand117_7d061e33e59e,7d061e33e59e23dc4b03378f35f50a7d70f033b3,LANG-1370 Fix EventCountCircuitBreaker increment batch,EventCountCircuitBreakerTest,True,0,0,0,maven_pass,,
deepseek-v4-pro,118,/home/lpy/workspace/misc/course/Introduction-to-Software-Testing/artifacts/sample_runs/deepseek-v4-pro/cand118_7d7e8af45032,7d7e8af45032f1f3a29a18888cd3b0ca6085a156,Better common primitives as getters,SystemPropertiesTest,True,0,0,0,maven_pass,,
deepseek-v4-pro,119,/home/lpy/workspace/misc/course/Introduction-to-Software-Testing/artifacts/sample_runs/deepseek-v4-pro/cand119_7db3e126dd48,7db3e126dd480698eb523e72e8dc4e5ed7e7a5c7,Add ArrayFill.clear(char[]|byte[]) (#1667),ArrayFillTest,True,0,0,0,maven_pass,,
deepseek-v4-pro,120,/home/lpy/workspace/misc/course/Introduction-to-Software-Testing/artifacts/sample_runs/deepseek-v4-pro/cand120_7e0d6dbd2a65,7e0d6dbd2a65d8b36a4c9042565d06af34d489a0,Improve container detection by mimicing systemd (#1323),RuntimeEnvironmentTest,True,0,0,0,maven_pass,,
deepseek-v4-pro,121,/home/lpy/workspace/misc/course/Introduction-to-Software-Testing/artifacts/sample_runs/deepseek-v4-pro/cand121_7f7d4b881d78,7f7d4b881d78dcb8d5a0149965f934df268919d7,Handle error messages with special characters.,ValidateTest,True,0,0,0,maven_pass,,
deepseek-v4-pro,122,/home/lpy/workspace/misc/course/Introduction-to-Software-Testing/artifacts/sample_runs/deepseek-v4-pro/cand122_7f90306f909e,7f90306f909e6dba46be275c0f492c8de353b492,[LANG-1568] More failable functional interfaces to match JRE functional interfaces.,FunctionsTest,False,,,,merge_incomplete,merge_incomplete,
deepseek-v4-pro,123,/home/lpy/workspace/misc/course/Introduction-to-Software-Testing/artifacts/sample_runs/deepseek-v4-pro/cand123_8089a0c2d320,8089a0c2d3207ed26531f877352336baf1c6c5bb,"[LANG-1806] NumberUtils.isParsable(""1.f"") should return true (#1560)",NumberUtilsTest,True,0,0,0,maven_pass,,
deepseek-v4-pro,124,/home/lpy/workspace/misc/course/Introduction-to-Software-Testing/artifacts/sample_runs/deepseek-v4-pro/cand124_809e2bed22f0,809e2bed22f02264e0ac58bba070f6d84386cfc5,[LANG-1275] Added a tryAcquire() method to TimedSemaphore.,TimedSemaphoreTest,True,0,0,0,maven_pass,,
deepseek-v4-pro,125,/home/lpy/workspace/misc/course/Introduction-to-Software-Testing/artifacts/sample_runs/deepseek-v4-pro/cand125_8252b04a4572,8252b04a45722648ce2225853de9882b3b0de034,[LANG-613] ConstructorUtils.getAccessibleConstructor() Does Not Check the Accessibility of Enclosing Classes,ConstructorUtilsTest,True,0,0,0,maven_pass,,
deepseek-v4-pro,126,/home/lpy/workspace/misc/course/Introduction-to-Software-Testing/artifacts/sample_runs/deepseek-v4-pro/cand126_83dd32b901de,83dd32b901dea25a571adcd6a976464c8a36601c,Adding Streams.toArray,StreamsTest,True,0,0,0,maven_pass,,
deepseek-v4-pro,127,/home/lpy/workspace/misc/course/Introduction-to-Software-Testing/artifacts/sample_runs/deepseek-v4-pro/cand127_85959a457076,85959a457076b740380c4d6f3d83098edd17a9e7,Syntax for optional tokens in DurationFormatUtils (#1062),DurationFormatUtilsTest,True,0,0,0,maven_pass,,
deepseek-v4-pro,128,/home/lpy/workspace/misc/course/Introduction-to-Software-Testing/artifacts/sample_runs/deepseek-v4-pro/cand128_87937b2e7192,87937b2e7192524306aa58d74c90537eec997cfa,[LANG-1290] StringUtils.join() with support for List<?> with configurable start/end indices.,StringUtilsTest,True,0,0,0,maven_pass,,
deepseek-v4-pro,129,/home/lpy/workspace/misc/course/Introduction-to-Software-Testing/artifacts/sample_runs/deepseek-v4-pro/cand129_8d6bc0ca625f,8d6bc0ca625f3a1a98b486541fa613b2fac4b41c,LANG-1018: Fix precision loss on NumberUtils.createNumber(String) (closes #156),NumberUtilsTest,True,0,0,0,maven_pass,,
deepseek-v4-pro,130,/home/lpy/workspace/misc/course/Introduction-to-Software-Testing/artifacts/sample_runs/deepseek-v4-pro/cand130_8d95ae41975a,8d95ae41975a2307501aa0f4a7eba296c59edce9,LANG-1258: Add ArrayUtils#toStringArray(Object[]) method,ArrayUtilsTest,True,0,0,0,maven_pass,,
deepseek-v4-pro,131,/home/lpy/workspace/misc/course/Introduction-to-Software-Testing/artifacts/sample_runs/deepseek-v4-pro/cand131_8dc37dc4a7b5,8dc37dc4a7b516a1c70002081df13f0ad781ff3a,LANG-1636 - Boolean Join Function (#686),StringUtilsTest,True,0,1,1,maven_fail,compile_cannot_find_symbol,"bol [ERROR] symbol: variable ARRAY_FALSE_TRUE_FALSE [ERROR] location: class org.apache.commons.lang3.StringUtilsTest [ERROR] -> [Help 1] [ERROR] [ERROR] To see the full stack trace of the errors, re-run Maven with the -e switch. [ERROR] Re-run Maven using the -X switch to enable full debug logging. [ERROR] [ERROR] For more information about the errors and possible solutions, please read the following articles: [ERROR] [Help 1] http://cwiki.apache.org/confluence/display/MAVEN/MojoFailureException"
deepseek-v4-pro,132,/home/lpy/workspace/misc/course/Introduction-to-Software-Testing/artifacts/sample_runs/deepseek-v4-pro/cand132_8f675dd3cbfb,8f675dd3cbfb8f552bdbbe1cfc646ba5b367983b,[LANG-587] avoid NPE in ClassUtils.toClass(Object[]),ClassUtilsTest,True,0,0,0,maven_pass,,
deepseek-v4-pro,133,/home/lpy/workspace/misc/course/Introduction-to-Software-Testing/artifacts/sample_runs/deepseek-v4-pro/cand133_8f8cc04e6550,8f8cc04e65506fbe79bbc5efa6f7d44d65f0dbf1,[LANG-1700] Improve handling of parameterized types and variable unrolling (#1549),TypeUtilsTest,True,0,0,0,maven_pass,,
deepseek-v4-pro,134,/home/lpy/workspace/misc/course/Introduction-to-Software-Testing/artifacts/sample_runs/deepseek-v4-pro/cand134_9143987fa02c,9143987fa02cb1d4be45b175fd7eb7b748fffb7b,LANG-405 rename method from truncateMiddle() to abbreviateMiddle(),StringUtilsTest,True,0,1,1,maven_fail,maven_other_failure,"25: error: cannot find symbol [ERROR] assertEquals(""ab.ef"", StringUtils.truncateMiddle(""abcdef"", ""."", 5)); [ERROR] ^ [ERROR] -> [Help 1] [ERROR] [ERROR] To see the full stack trace of the errors, re-run Maven with the -e switch. [ERROR] Re-run Maven using the -X switch to enable full debug logging. [ERROR] [ERROR] For more information about the errors and possible solutions, please read the following articles: [ERROR] [Help 1] http://cwiki.apache.org/confluence/display/MAVEN/MojoFailureException"
deepseek-v4-pro,135,/home/lpy/workspace/misc/course/Introduction-to-Software-Testing/artifacts/sample_runs/deepseek-v4-pro/cand135_929df5d5c00a,929df5d5c00a92ce540ff087ead4a6adc7bab366,Conversion.hexTo*() methods now throw IllegalArgumentException instead of StringIndexOutOfBoundsException,ConversionTest,True,0,0,0,maven_pass,,
deepseek-v4-pro,136,/home/lpy/workspace/misc/course/Introduction-to-Software-Testing/artifacts/sample_runs/deepseek-v4-pro/cand136_92d6be66ff13,92d6be66ff13ff452a06f8e2b7d4cc4b056e74dd,Whitespace and lambda clean ups.,LockingVisitorsTest,True,0,0,0,maven_pass,,
deepseek-v4-pro,137,/home/lpy/workspace/misc/course/Introduction-to-Software-Testing/artifacts/sample_runs/deepseek-v4-pro/cand137_9379d0d36acd,9379d0d36acdf78455e81518b3b1476c7691f056,LANG-1402: added get methods to ArrayUtils,ArrayUtilsTest,True,0,0,0,maven_pass,,
deepseek-v4-pro,138,/home/lpy/workspace/misc/course/Introduction-to-Software-Testing/artifacts/sample_runs/deepseek-v4-pro/cand138_96235eaae06c,96235eaae06c8b74ac24dc5814b4f4c6b6541ead,"Applying Alexander Muthmann's patch from LANG-848, adding isBlank/isEmpty CharSequence... variants",StringUtilsTest,True,0,0,0,maven_pass,,
deepseek-v4-pro,139,/home/lpy/workspace/misc/course/Introduction-to-Software-Testing/artifacts/sample_runs/deepseek-v4-pro/cand139_96a8969c1330,96a8969c13305dfe787847a84e362e66461428e7,Remove trailing white space.,ArrayUtilsTest,True,0,0,0,maven_pass,,
deepseek-v4-pro,140,/home/lpy/workspace/misc/course/Introduction-to-Software-Testing/artifacts/sample_runs/deepseek-v4-pro/cand140_972aa7b29a7c,972aa7b29a7cb7306b9e0737bac86fa42d6218ac,fix: default ttl in recursive replacement (#1297),StringUtilsTest,True,0,0,0,maven_pass,,
deepseek-v4-pro,141,/home/lpy/workspace/misc/course/Introduction-to-Software-Testing/artifacts/sample_runs/deepseek-v4-pro/cand141_9828dc73d4f2,9828dc73d4f2dbdd03a7a36f5264e5b265673e52,LANG-1695: Allow trailing decimal point in NumberUtils.isParsable (#1531),NumberUtilsTest,True,0,0,0,maven_pass,,
deepseek-v4-pro,142,/home/lpy/workspace/misc/course/Introduction-to-Software-Testing/artifacts/sample_runs/deepseek-v4-pro/cand142_9b3257e4d1a6,9b3257e4d1a63e0a4d971a331eaf7b9a08d98040,LANG-1307: Added getDigits method to StringUtils (closes #225),StringUtilsTest,True,0,0,0,maven_pass,,
deepseek-v4-pro,143,/home/lpy/workspace/misc/course/Introduction-to-Software-Testing/artifacts/sample_runs/deepseek-v4-pro/cand143_9c0379850b86,9c0379850b869e3a02320f9a5149eaad2c4cb76b,Convert defaultIfEmpty from String to CharSequence.,StringUtilsTest,True,0,0,0,maven_pass,,
deepseek-v4-pro,144,/home/lpy/workspace/misc/course/Introduction-to-Software-Testing/artifacts/sample_runs/deepseek-v4-pro/cand144_9c506279188a,9c506279188a90dbbe124386cc52016682d17b5c,LANG-1134: New methods for lang3.Validate (closes #190),ValidateTest,True,0,0,0,maven_pass,,
deepseek-v4-pro,145,/home/lpy/workspace/misc/course/Introduction-to-Software-Testing/artifacts/sample_runs/deepseek-v4-pro/cand145_9d5ad944277b,9d5ad944277b0e6f4003953fc33710cae9d95d0b,Add fill method for boolean arrays in ArrayFill utility class (#1386),ArrayFillTest,True,0,0,0,maven_pass,,
deepseek-v4-pro,146,/home/lpy/workspace/misc/course/Introduction-to-Software-Testing/artifacts/sample_runs/deepseek-v4-pro/cand146_9feaf9d7ffe3,9feaf9d7ffe3f4438ccdace378f49f1d4dadd418,LANG-1485 : Add getters for lhs and rhs objects in DiffResult (#451),DiffResultTest,True,0,0,0,maven_pass,,
deepseek-v4-pro,147,/home/lpy/workspace/misc/course/Introduction-to-Software-Testing/artifacts/sample_runs/deepseek-v4-pro/cand147_a32c188c32fd,a32c188c32fd0c4a8149bcda524d704dd609da6e,Code refactor to simplify Functions and new tests (#463),FunctionsTest,True,0,0,0,maven_pass,,
deepseek-v4-pro,148,/home/lpy/workspace/misc/course/Introduction-to-Software-Testing/artifacts/sample_runs/deepseek-v4-pro/cand148_a3995141bf1b,a3995141bf1b8a478e86fdbecc95f2b98f892647,swap and shift for arrays,ArrayUtilsTest,False,,,,merge_incomplete,merge_incomplete,
deepseek-v4-pro,149,/home/lpy/workspace/misc/course/Introduction-to-Software-Testing/artifacts/sample_runs/deepseek-v4-pro/cand149_a48071b0d489,a48071b0d489420bfdc0c2ed7254d1dba243f700,Added new addListener() method that takes a boolean for if duplicates are allowed. Added test method to make sure that duplicate listeners are not added.,EventListenerSupportTest,True,0,0,0,maven_pass,,
deepseek-v4-pro,150,/home/lpy/workspace/misc/course/Introduction-to-Software-Testing/artifacts/sample_runs/deepseek-v4-pro/cand150_a9a0dd8a72c5,a9a0dd8a72c51b14f0e5ea4bddfbf228685ff977,LANG-771 Fix DateUtils.ceiling increment on exact boundary (#1609),DateUtilsTest,True,0,0,0,maven_pass,,
deepseek-v4-pro,151,/home/lpy/workspace/misc/course/Introduction-to-Software-Testing/artifacts/sample_runs/deepseek-v4-pro/cand151_a9ae686ec85e,a9ae686ec85e4fc326f56a23de8cd0481f7d9c89,[LANG-920] Add ArrayUtils#nullToEmpty(Class<?>[]),ArrayUtilsTest,True,0,0,0,maven_pass,,
deepseek-v4-pro,152,/home/lpy/workspace/misc/course/Introduction-to-Software-Testing/artifacts/sample_runs/deepseek-v4-pro/cand152_aa47951bd022,aa47951bd0223d674d2b85d06ccc6f7f1749a682,fix: Make stopInstant be in sync with stopTimeNanos for split (#1610),StopWatchTest,True,0,0,0,maven_pass,,
deepseek-v4-pro,153,/home/lpy/workspace/misc/course/Introduction-to-Software-Testing/artifacts/sample_runs/deepseek-v4-pro/cand153_ad433ecc1684,ad433ecc1684683e3eba11dc198cc0d853299410,Make internal API null-safe and Javadoc.,CharSequenceUtilsTest,True,0,0,0,maven_pass,,
deepseek-v4-pro,154,/home/lpy/workspace/misc/course/Introduction-to-Software-Testing/artifacts/sample_runs/deepseek-v4-pro/cand154_ae6a24dd439a,ae6a24dd439a7b778e35b484a3a6eae1a8eb64d7,replaces primitive comparison with x.compare() where x is a wrapper class of the primitive,CompareToBuilderTest,True,0,1,1,maven_fail,compile_cannot_find_symbol,"find symbol [ERROR] symbol: variable a [ERROR] location: class org.apache.commons.lang3.builder.CompareToBuilderTest [ERROR] -> [Help 1] [ERROR] [ERROR] To see the full stack trace of the errors, re-run Maven with the -e switch. [ERROR] Re-run Maven using the -X switch to enable full debug logging. [ERROR] [ERROR] For more information about the errors and possible solutions, please read the following articles: [ERROR] [Help 1] http://cwiki.apache.org/confluence/display/MAVEN/MojoFailureException"
deepseek-v4-pro,155,/home/lpy/workspace/misc/course/Introduction-to-Software-Testing/artifacts/sample_runs/deepseek-v4-pro/cand155_b11591895eed,b11591895eed00e9f6e0bcb19178dedbaab4a971,FormattableUtils.append re-parses literal output as format string (#1661),FormattableUtilsTest,True,0,0,0,maven_pass,,
deepseek-v4-pro,156,/home/lpy/workspace/misc/course/Introduction-to-Software-Testing/artifacts/sample_runs/deepseek-v4-pro/cand156_b1762bd557c3,b1762bd557c3d7605490e026bdf31096d83b4dde,LANG-1183 Making replacePattern/removePattern methods null safe in StringUtils,StringUtilsTest,True,0,0,0,maven_pass,,
deepseek-v4-pro,157,/home/lpy/workspace/misc/course/Introduction-to-Software-Testing/artifacts/sample_runs/deepseek-v4-pro/cand157_b199af8d8290,b199af8d8290097e7535fef6f35146e2c783e143,LANG-1043 - isAllUpperCase should only check Alpha characters Document and test additional cases,StringUtilsTest,True,0,0,0,maven_pass,,
deepseek-v4-pro,158,/home/lpy/workspace/misc/course/Introduction-to-Software-Testing/artifacts/sample_runs/deepseek-v4-pro/cand158_b24ecd60fe95,b24ecd60fe9517bef1d6342e479e9bc3d85ef692,"- Fix (LANG-624) SystemUtils.getJavaVersionAsFloat throws StringIndexOutOfBoundsException on Android runtime/Dalvik VM - Refactor for unit testing. - Remove odd test code which is copy and pasted from SystemUtils, which therefore does not test anything.",SystemUtilsTest,True,0,1,1,maven_fail,compile_error,"/commons/lang3/SystemUtilsTest.java:[614,16] error: method testIS_JAVA() is already defined in class SystemUtilsTest [ERROR] -> [Help 1] [ERROR] [ERROR] To see the full stack trace of the errors, re-run Maven with the -e switch. [ERROR] Re-run Maven using the -X switch to enable full debug logging. [ERROR] [ERROR] For more information about the errors and possible solutions, please read the following articles: [ERROR] [Help 1] http://cwiki.apache.org/confluence/display/MAVEN/MojoFailureException"
deepseek-v4-pro,159,/home/lpy/workspace/misc/course/Introduction-to-Software-Testing/artifacts/sample_runs/deepseek-v4-pro/cand159_b3c31a379e9a,b3c31a379e9ad7cd22cb7f0669b82361ced84992,LANG-1252: replacing system call for java 1.6 to SystemUtils.IS_JAVA_1_6,NumberUtilsTest,True,0,0,0,maven_pass,,
deepseek-v4-pro,160,/home/lpy/workspace/misc/course/Introduction-to-Software-Testing/artifacts/sample_runs/deepseek-v4-pro/cand160_b4842f559f0d,b4842f559f0d8b8b5a98a19b1f3795a42c1a2614,"LANG-1185 Add remove by regular expression methods in StringUtils :   - String StringUtils.removeAll(String text, String regex);   - String StringUtils.removeFirst(String text, String regex);",StringUtilsTest,True,0,0,0,maven_pass,,
deepseek-v4-pro,161,/home/lpy/workspace/misc/course/Introduction-to-Software-Testing/artifacts/sample_runs/deepseek-v4-pro/cand161_b55d278cce19,b55d278cce19df99fd50f2ae800c5de2fc0991f7,Fix ThresholdCircuitBreaker (#1100),ThresholdCircuitBreakerTest,True,0,0,0,maven_pass,,
deepseek-v4-pro,162,/home/lpy/workspace/misc/course/Introduction-to-Software-Testing/artifacts/sample_runs/deepseek-v4-pro/cand162_b5f5449cf338,b5f5449cf338376d12404d0190054525987f4276,fixed CharSequenceUtils to check for supplementary chars,CharSequenceUtilsTest,True,0,0,0,maven_pass,,
deepseek-v4-pro,163,/home/lpy/workspace/misc/course/Introduction-to-Software-Testing/artifacts/sample_runs/deepseek-v4-pro/cand163_b62244517285,b6224451728562b0a4b33b63e8589753b1e2a57c,Fix ClassNotFoundException message variable (#1577),ClassUtilsTest,True,0,0,0,maven_pass,,
deepseek-v4-pro,164,/home/lpy/workspace/misc/course/Introduction-to-Software-Testing/artifacts/sample_runs/deepseek-v4-pro/cand164_b74c697bba6d,b74c697bba6d3e16941b669de6cca5e25ee1675f,LANG-1618 - Add GenericArrayType (#661),TypeUtilsTest,True,0,1,1,maven_fail,compile_cannot_find_symbol,"mbol [ERROR] symbol: class BBClass [ERROR] location: class org.apache.commons.lang3.reflect.TypeUtilsTest<B> [ERROR] [ERROR] -> [Help 1] [ERROR] [ERROR] To see the full stack trace of the errors, re-run Maven with the -e switch. [ERROR] Re-run Maven using the -X switch to enable full debug logging. [ERROR] [ERROR] For more information about the errors and possible solutions, please read the following articles: [ERROR] [Help 1] http://cwiki.apache.org/confluence/display/MAVEN/MojoFailureException"
deepseek-v4-pro,165,/home/lpy/workspace/misc/course/Introduction-to-Software-Testing/artifacts/sample_runs/deepseek-v4-pro/cand165_b8d382039a85,b8d382039a850dff10a90c9abfbbf62228fd8fd1,[LANG-1804] Fix CharSet#getInstance returns null instead of EMPTY when input setStrs is null (#1530),CharSetTest,True,0,0,0,maven_pass,,
deepseek-v4-pro,166,/home/lpy/workspace/misc/course/Introduction-to-Software-Testing/artifacts/sample_runs/deepseek-v4-pro/cand166_b9a702bb49cd,b9a702bb49cd02c1f8e33f52b33312fa0aa467e7,default autoboxing depending on RT Java version,ClassUtilsTest,True,0,0,0,maven_pass,,
deepseek-v4-pro,167,/home/lpy/workspace/misc/course/Introduction-to-Software-Testing/artifacts/sample_runs/deepseek-v4-pro/cand167_ba1c22ce8378,ba1c22ce8378d389a0ee267e2f75a17a4860c7ba,[LANG-1489] Add null-safe APIs as StringUtils.toRoot[Lower|Upper]Case(String) #456,StringUtilsTest,True,0,0,0,maven_pass,,
deepseek-v4-pro,168,/home/lpy/workspace/misc/course/Introduction-to-Software-Testing/artifacts/sample_runs/deepseek-v4-pro/cand168_bb675e1127ad,bb675e1127adb7f7c8d8687667bc11779d8e75eb,"Add ""ppc64le"" to ArchUtils (#1625)",ArchUtilsTest,True,0,0,0,maven_pass,,
deepseek-v4-pro,169,/home/lpy/workspace/misc/course/Introduction-to-Software-Testing/artifacts/sample_runs/deepseek-v4-pro/cand169_bc8a3b9d8428,bc8a3b9d8428bfcdfbce67e9010cf0aa27e6c8a6,sort fields in HashCodeBuilder for deterministic order (#480),HashCodeBuilderTest,True,0,0,0,maven_pass,,
deepseek-v4-pro,170,/home/lpy/workspace/misc/course/Introduction-to-Software-Testing/artifacts/sample_runs/deepseek-v4-pro/cand170_bcad40a502cd,bcad40a502cd45b49a5e025938b9711d95c7bde7,[LANG-1749] Add stricter type checks for  parameterized types in  method (#1548),TypeUtilsTest,True,0,0,0,maven_pass,,
deepseek-v4-pro,171,/home/lpy/workspace/misc/course/Introduction-to-Software-Testing/artifacts/sample_runs/deepseek-v4-pro/cand171_be8b654fc02d,be8b654fc02d5d1319734e39c6f1224b7cbbf212,Conversion.hexTo*() methods now throw IllegalArgumentException instead of StringIndexOutOfBoundsException,ConversionTest,True,0,0,0,maven_pass,,
deepseek-v4-pro,172,/home/lpy/workspace/misc/course/Introduction-to-Software-Testing/artifacts/sample_runs/deepseek-v4-pro/cand172_bedae6950d43,bedae6950d43008929d9cd109c9e8fb163793bd7,LANG-1480 getAbbreviatedName refactored to create appropriate length … (#446),ClassUtilsTest,True,0,0,0,maven_pass,,
deepseek-v4-pro,173,/home/lpy/workspace/misc/course/Introduction-to-Software-Testing/artifacts/sample_runs/deepseek-v4-pro/cand173_bf7aa89ca457,bf7aa89ca45706ad1f40cacdf7448626529dd6b0,Adding Javadocs for the Locks.Lock class. Improvements in the test suite.,LocksTest,True,0,1,1,maven_fail,compile_error,"va:[135,17] method testWriteLock() is already defined in class org.apache.commons.lang3.concurrent.LocksTest [ERROR] [ERROR] -> [Help 1] [ERROR] [ERROR] To see the full stack trace of the errors, re-run Maven with the -e switch. [ERROR] Re-run Maven using the -X switch to enable full debug logging. [ERROR] [ERROR] For more information about the errors and possible solutions, please read the following articles: [ERROR] [Help 1] http://cwiki.apache.org/confluence/display/MAVEN/MojoFailureException"
deepseek-v4-pro,174,/home/lpy/workspace/misc/course/Introduction-to-Software-Testing/artifacts/sample_runs/deepseek-v4-pro/cand174_c0041cafc2fd,c0041cafc2fda3fb437009d5417ba5ebeb32ad35,Escaping supplementary chars seems good for NumericEntityEscaper. LANG-617,NumericEntityEscaperTest,True,0,0,0,maven_pass,,
deepseek-v4-pro,175,/home/lpy/workspace/misc/course/Introduction-to-Software-Testing/artifacts/sample_runs/deepseek-v4-pro/cand175_c3b1fefbad0c,c3b1fefbad0c67c8556ba6b4573f135197f87598,"NumberUtils#isCreatable: remove java 6 only code, as commons-lang requires at java 7+ now",NumberUtilsTest,True,0,0,0,maven_pass,,
deepseek-v4-pro,176,/home/lpy/workspace/misc/course/Introduction-to-Software-Testing/artifacts/sample_runs/deepseek-v4-pro/cand176_c3f5f3204bcc,c3f5f3204bcc8d62a56ff214e904876b7e7a206f,LANG-1722: Rethrow NegativeArraySizeException as SerializationException in SerilizationUtils.deserialize(InputStream) (#1141),SerializationUtilsTest,True,0,0,0,maven_pass,,
deepseek-v4-pro,177,/home/lpy/workspace/misc/course/Introduction-to-Software-Testing/artifacts/sample_runs/deepseek-v4-pro/cand177_c56c77ed9502,c56c77ed9502d079b3e885a65bc4a4cf666ac8ee,Remove methods that will be new in 3.11 but which are now in the function package.,FunctionsTest,True,0,0,0,maven_pass,,
deepseek-v4-pro,178,/home/lpy/workspace/misc/course/Introduction-to-Software-Testing/artifacts/sample_runs/deepseek-v4-pro/cand178_c6f577555b2e,c6f577555b2e789791fbf3c0aec9e59a2666b2e8,LANG-1610: Fix StringUtils.unwrap throws StringIndexOutOfBoundsException (#636),StringUtilsTest,True,0,0,0,maven_pass,,
deepseek-v4-pro,179,/home/lpy/workspace/misc/course/Introduction-to-Software-Testing/artifacts/sample_runs/deepseek-v4-pro/cand179_c6fac966ab31,c6fac966ab314769d27e117bab05aee1a72df760,LANG-1013: Add StringUtils.truncate() (closes #137),StringUtilsTest,True,0,0,0,maven_pass,,
deepseek-v4-pro,180,/home/lpy/workspace/misc/course/Introduction-to-Software-Testing/artifacts/sample_runs/deepseek-v4-pro/cand180_c8e61afdb89c,c8e61afdb89c58ea8ffaf04593da41ff0888d30e,LANG-1060: NumberUtils.isNumber assumes number starting with Zero is octal (closes #313),NumberUtilsTest,True,0,0,0,maven_pass,,
deepseek-v4-pro,181,/home/lpy/workspace/misc/course/Introduction-to-Software-Testing/artifacts/sample_runs/deepseek-v4-pro/cand181_cb686673a70a,cb686673a70a6f14c35575550c48c37d19a1598b,LANG-1384: Fix NPE when version >= 11,JavaVersionTest,True,0,0,0,maven_pass,,
deepseek-v4-pro,182,/home/lpy/workspace/misc/course/Introduction-to-Software-Testing/artifacts/sample_runs/deepseek-v4-pro/cand182_cc6beb2d0534,cc6beb2d05347fba64d933906ae2b712b1a43302,LANG-1348 - StackOverflowError on TypeUtils.toString(...) for a generic return type of Enum.valueOf (closes #292),TypeUtilsTest,True,0,0,0,maven_pass,,
deepseek-v4-pro,183,/home/lpy/workspace/misc/course/Introduction-to-Software-Testing/artifacts/sample_runs/deepseek-v4-pro/cand183_cd10cfd51fdc,cd10cfd51fdc80606b296a0cd71e6e9daf946438,Make DurationUtils#getNanosOfMiili() null-safe.,DurationUtilsTest,True,0,0,0,maven_pass,,
deepseek-v4-pro,184,/home/lpy/workspace/misc/course/Introduction-to-Software-Testing/artifacts/sample_runs/deepseek-v4-pro/cand184_ce2ba7b28260,ce2ba7b282608da952d97eada2747ff00d13d14f,LANG-1504 - Adding labels to split StopWatch feature (#1473),StopWatchTest,True,0,0,0,maven_pass,,
deepseek-v4-pro,185,/home/lpy/workspace/misc/course/Introduction-to-Software-Testing/artifacts/sample_runs/deepseek-v4-pro/cand185_cf03e6173b70,cf03e6173b70ad64337704402bea51600cddd1ba,"LANG-992 Fix NumberUtils#isNumber() returns false for ""0.0"", ""0.4790"", et al",NumberUtilsTest,True,0,0,0,maven_pass,,
deepseek-v4-pro,186,/home/lpy/workspace/misc/course/Introduction-to-Software-Testing/artifacts/sample_runs/deepseek-v4-pro/cand186_cf7c9522aa99,cf7c9522aa99d0d180e54ac5abe849f19d153d25,Rewrite method to be the same as binaryToHexDigit but working from the end of the array backwards.,ConversionTest,True,0,0,0,maven_pass,,
deepseek-v4-pro,187,/home/lpy/workspace/misc/course/Introduction-to-Software-Testing/artifacts/sample_runs/deepseek-v4-pro/cand187_d0b95be28194,d0b95be2819469371c0276df80e54b088a9b7cad,Lang 1463: StringUtils abbreviate returns String of length greater than maxWidth (#477),StringUtilsTest,True,0,0,0,maven_pass,,
deepseek-v4-pro,188,/home/lpy/workspace/misc/course/Introduction-to-Software-Testing/artifacts/sample_runs/deepseek-v4-pro/cand188_d190655a97c3,d190655a97c33c886997b9570697f432e7d3a21a,LANG-781: Added methods to ObjectUtils class to check for null elements in the array (closes #108),ObjectUtilsTest,True,0,0,0,maven_pass,,
deepseek-v4-pro,189,/home/lpy/workspace/misc/course/Introduction-to-Software-Testing/artifacts/sample_runs/deepseek-v4-pro/cand189_d41660809d53,d41660809d53b1679a6dd697e07679da5e543f4f,Adding Javadocs for the Locks.Lock class. Improvements in the test suite.,LocksTest,True,0,1,1,maven_fail,compile_error,"va:[135,17] method testWriteLock() is already defined in class org.apache.commons.lang3.concurrent.LocksTest [ERROR] [ERROR] -> [Help 1] [ERROR] [ERROR] To see the full stack trace of the errors, re-run Maven with the -e switch. [ERROR] Re-run Maven using the -X switch to enable full debug logging. [ERROR] [ERROR] For more information about the errors and possible solutions, please read the following articles: [ERROR] [Help 1] http://cwiki.apache.org/confluence/display/MAVEN/MojoFailureException"
deepseek-v4-pro,190,/home/lpy/workspace/misc/course/Introduction-to-Software-Testing/artifacts/sample_runs/deepseek-v4-pro/cand190_d47dc7af7647,d47dc7af76471c3d0bc600361a62c65e0cb865b9,"[LANG-1694] MethodUtils.getMatchingMethod() fails with ""Found multiple candidates"" (#1033)",MethodUtilsTest,True,0,0,0,maven_pass,,
deepseek-v4-pro,191,/home/lpy/workspace/misc/course/Introduction-to-Software-Testing/artifacts/sample_runs/deepseek-v4-pro/cand191_d62d4e21ef20,d62d4e21ef20ee01e65cbf5257e04d6b572aa73b,[LANG-1528] replaceEachRepeatedly gives IllegalStateException (#505),StringUtilsTest,True,0,0,0,maven_pass,,
deepseek-v4-pro,192,/home/lpy/workspace/misc/course/Introduction-to-Software-Testing/artifacts/sample_runs/deepseek-v4-pro/cand192_d704c0dc70a2,d704c0dc70a2f861c043785822854b4a0605ac6b,Fix spelling in comment.,NumericEntityUnescaperTest,True,0,0,0,maven_pass,,
deepseek-v4-pro,193,/home/lpy/workspace/misc/course/Introduction-to-Software-Testing/artifacts/sample_runs/deepseek-v4-pro/cand193_d79e43216fab,d79e43216faba4b3e73536915bfddc550cc0f20f,"LANG-1155: Add StringUtils#unwrap (closes #107, closes #136)",StringUtilsTest,True,0,0,0,maven_pass,,
deepseek-v4-pro,194,/home/lpy/workspace/misc/course/Introduction-to-Software-Testing/artifacts/sample_runs/deepseek-v4-pro/cand194_d8ec011d770e,d8ec011d770e1e04ef4f87fba673f3748f363278,LANG-1371: Fix TypeUtils.parameterize to work correctly with narrower-typed varargs array (closes #307),TypeUtilsTest,True,0,0,0,maven_pass,,
deepseek-v4-pro,195,/home/lpy/workspace/misc/course/Introduction-to-Software-Testing/artifacts/sample_runs/deepseek-v4-pro/cand195_d9a2c69a9d1d,d9a2c69a9d1db6072e1d7b7ea4fcbd5c15d20b5d,Handle Benedikt Ritter's comments,DateUtilsTest,True,0,0,0,maven_pass,,
deepseek-v4-pro,196,/home/lpy/workspace/misc/course/Introduction-to-Software-Testing/artifacts/sample_runs/deepseek-v4-pro/cand196_d9de2fd5b8c6,d9de2fd5b8c65506b1ab14df631cc26ffcd647dc,[LANG-1810] Deprecate SOFT_MAX_ARRAY_LENGTH in favor of MAX_ARRAY_LENGTH (#1559),ArrayUtilsTest,True,0,0,0,maven_pass,,
deepseek-v4-pro,197,/home/lpy/workspace/misc/course/Introduction-to-Software-Testing/artifacts/sample_runs/deepseek-v4-pro/cand197_da036809e933,da036809e9339d5c0a6a04469a95f54ed4de0948,Remove dead comments.,RangeTest,True,0,0,0,maven_pass,,
deepseek-v4-pro,198,/home/lpy/workspace/misc/course/Introduction-to-Software-Testing/artifacts/sample_runs/deepseek-v4-pro/cand198_daa4193fb289,daa4193fb289e57bd15e10555378f97f90d79dcd,Add ArrayUtils.isSameLength() to compare more array types #430.,ArrayUtilsTest,False,1,,,merge_incomplete,merge_incomplete,"raw.md exists, but generated.java is missing"
deepseek-v4-pro,199,/home/lpy/workspace/misc/course/Introduction-to-Software-Testing/artifacts/sample_runs/deepseek-v4-pro/cand199_dee8f6fb849f,dee8f6fb849fd3b7d928f13e273f8160f0a45f5b,implement lastIndexOf,CharSequenceUtilsTest,True,0,0,0,maven_pass,,
deepseek-v4-pro,200,/home/lpy/workspace/misc/course/Introduction-to-Software-Testing/artifacts/sample_runs/deepseek-v4-pro/cand200_dfe80aaca3a6,dfe80aaca3a686047b832e321dafe141954a983f,Camel-case package-private methods,SystemUtilsTest,True,0,0,0,maven_pass,,
deepseek-v4-pro,201,/home/lpy/workspace/misc/course/Introduction-to-Software-Testing/artifacts/sample_runs/deepseek-v4-pro/cand201_e2c0ea4374c0,e2c0ea4374c02539ad9bc6c4328b74f25eb72405,"#LAN-1114 fixes bug in TypeUtils.equals(WildcardType, Type) where it was incorrectly returning true when the second argument was not a Wildcard type.",TypeUtilsTest,True,0,0,0,maven_pass,,
deepseek-v4-pro,202,/home/lpy/workspace/misc/course/Introduction-to-Software-Testing/artifacts/sample_runs/deepseek-v4-pro/cand202_e2dbe55d56bd,e2dbe55d56bd6c1209276050f527d36717e33e1d,"MethodUtils#invokeMethod(Object object, boolean forceAccess, String methodName, Object[] args, Class<?>[] parameterTypes): do not restore the accessibility of the method object, because Method#setAccessible only modifies the behavior of the AccessibleObject not of the actual method.",MethodUtilsTest,True,0,0,0,maven_pass,,
deepseek-v4-pro,203,/home/lpy/workspace/misc/course/Introduction-to-Software-Testing/artifacts/sample_runs/deepseek-v4-pro/cand203_e55aaa5706f0,e55aaa5706f031df2e8d68bdf088604c79944246,StrSubstitutor can preserve escapes,StrSubstitutorTest,True,0,0,0,maven_pass,,
deepseek-v4-pro,204,/home/lpy/workspace/misc/course/Introduction-to-Software-Testing/artifacts/sample_runs/deepseek-v4-pro/cand204_e79a590e0cda,e79a590e0cdabd93883aca964db2a862ff3f8490,new test case explanations about algorithm,ArrayUtilsTest,True,0,0,0,maven_pass,,
deepseek-v4-pro,205,/home/lpy/workspace/misc/course/Introduction-to-Software-Testing/artifacts/sample_runs/deepseek-v4-pro/cand205_e9d7afbe2bf6,e9d7afbe2bf667167614869c7ea10e91f96ffceb,[LANG-1523] Avoid unnecessary allocation in wrapIfMissing. (#496),StringUtilsTest,True,0,0,0,maven_pass,,
deepseek-v4-pro,206,/home/lpy/workspace/misc/course/Introduction-to-Software-Testing/artifacts/sample_runs/deepseek-v4-pro/cand206_eabd95a51c6b,eabd95a51c6b70b5503c7ade734fff5b34f80ff6,Additional samples,BooleanUtilsTest,True,0,0,0,maven_pass,,
deepseek-v4-pro,207,/home/lpy/workspace/misc/course/Introduction-to-Software-Testing/artifacts/sample_runs/deepseek-v4-pro/cand207_eb07b19f4a23,eb07b19f4a23d443a1fa1005c344d78f79c0f110,Lang 1689 add optional to objectutils isempty (#933),ObjectUtilsTest,True,0,0,0,maven_pass,,
deepseek-v4-pro,208,/home/lpy/workspace/misc/course/Introduction-to-Software-Testing/artifacts/sample_runs/deepseek-v4-pro/cand208_eb79f7c6f37d,eb79f7c6f37d0d9c4d9252b1020bc19a617a4d23,"(LANG-624) SystemUtils.getJavaVersionAsFloat throws StringIndexOutOfBoundsException on Android runtime/Dalvik VM. Oops, fix return type.",SystemUtilsTest,True,0,0,0,maven_pass,,
deepseek-v4-pro,209,/home/lpy/workspace/misc/course/Introduction-to-Software-Testing/artifacts/sample_runs/deepseek-v4-pro/cand209_eccf213204b7,eccf213204b776e40efcc031f4c0df560b9421e9,LANG-787: Add StringUtils#removeIgnoreCase,StringUtilsTest,True,0,0,0,maven_pass,,
deepseek-v4-pro,210,/home/lpy/workspace/misc/course/Introduction-to-Software-Testing/artifacts/sample_runs/deepseek-v4-pro/cand210_ee2041464e60,ee2041464e60082a601d72be329bac57bc67328f,Let existing catch clause handle the NPE edge case,NumberUtilsTest,True,0,0,0,maven_pass,,
deepseek-v4-pro,211,/home/lpy/workspace/misc/course/Introduction-to-Software-Testing/artifacts/sample_runs/deepseek-v4-pro/cand211_ee6c682ed5fa,ee6c682ed5fa8c1b33aa1d52a1e2f088b0191b6b,"Add allNull() and anyNull() methods to ObjectUtils, as well as their associated tests.",ObjectUtilsTest,True,0,0,0,maven_pass,,
deepseek-v4-pro,212,/home/lpy/workspace/misc/course/Introduction-to-Software-Testing/artifacts/sample_runs/deepseek-v4-pro/cand212_f51f015e3deb,f51f015e3deb2d205b2962fbaa253f6ef457f2a3,[LANG-1682] Javadoc and test: Use Strings.CI.startsWithAny method instead (#1299),StringsTest,True,0,0,0,maven_pass,,
deepseek-v4-pro,213,/home/lpy/workspace/misc/course/Introduction-to-Software-Testing/artifacts/sample_runs/deepseek-v4-pro/cand213_f5e9f5528378,f5e9f55283788fc15a38191baea2cf765a227f4e,[LANG-1568] Add more failable Consumers to match JRE stock Consumers.,FunctionsTest,True,0,0,0,maven_pass,,
deepseek-v4-pro,214,/home/lpy/workspace/misc/course/Introduction-to-Software-Testing/artifacts/sample_runs/deepseek-v4-pro/cand214_f68a643ef991,f68a643ef99189d10a6753167367dcc8f943d634,--corrected the isUnchecked method to check for null (#1079),ExceptionUtilsTest,True,0,0,0,maven_pass,,
deepseek-v4-pro,215,/home/lpy/workspace/misc/course/Introduction-to-Software-Testing/artifacts/sample_runs/deepseek-v4-pro/cand215_f698f9e64e43,f698f9e64e4305b3aa2f3ae75b747acab4de773d,Sort by method name.,ExceptionUtilsTest,True,0,0,0,maven_pass,,
deepseek-v4-pro,216,/home/lpy/workspace/misc/course/Introduction-to-Software-Testing/artifacts/sample_runs/deepseek-v4-pro/cand216_f8b1f6e7456a,f8b1f6e7456a92b8aeb3e0aa8ef88936873dae00,Add method to DiffBuilder to allow appending from a DiffResult.,DiffBuilderTest,True,0,0,0,maven_pass,,
deepseek-v4-pro,217,/home/lpy/workspace/misc/course/Introduction-to-Software-Testing/artifacts/sample_runs/deepseek-v4-pro/cand217_f91a7c97d35b,f91a7c97d35b6eda87b346c8b37418e10e728e31,"Per David M. Sledge's patch to LANG-599, added support to ClassUtils.getClass(String) to support inner classes being separated by '.' as well as the official '$'",ClassUtilsTest,True,0,0,0,maven_pass,,
deepseek-v4-pro,218,/home/lpy/workspace/misc/course/Introduction-to-Software-Testing/artifacts/sample_runs/deepseek-v4-pro/cand218_f962e7b65457,f962e7b65457640a15db9970487cc858176bd511,Allow EventListenerSupport to handle (and ignore) exception from (#1167),EventListenerSupportTest,True,0,0,0,maven_pass,,
deepseek-v4-pro,219,/home/lpy/workspace/misc/course/Introduction-to-Software-Testing/artifacts/sample_runs/deepseek-v4-pro/cand219_fa59a31596ce,fa59a31596ce37abe09c5f058c6f2e035f7c6677,[LANG-1821] NumberUtils.isCreatable fails for hexadecimal numbers with long type qualifier (#1629),NumberUtilsTest,True,0,0,0,maven_pass,,
deepseek-v4-pro,220,/home/lpy/workspace/misc/course/Introduction-to-Software-Testing/artifacts/sample_runs/deepseek-v4-pro/cand220_fb6a7e7788b9,fb6a7e7788b976dc53f6b2ff1e0bdb9f467d4987,[LANG-1544] MethodUtils.invokeMethod NullPointerException in case of null in args list (#680),MethodUtilsTest,True,0,0,0,maven_pass,,
deepseek-v4-pro,221,/home/lpy/workspace/misc/course/Introduction-to-Software-Testing/artifacts/sample_runs/deepseek-v4-pro/cand221_fbb5d31a581c,fbb5d31a581c24e925c442a7754358d2b62a669d,"LANG-1214: Handle ""void"" in ClassUtils.getClass() (closes #155)",ClassUtilsTest,True,0,0,0,maven_pass,,
deepseek-v4-pro,222,/home/lpy/workspace/misc/course/Introduction-to-Software-Testing/artifacts/sample_runs/deepseek-v4-pro/cand222_fc3638e0fc8d,fc3638e0fc8dc82136753c085f90ae4f773c01ba,Add tests,PairTest,True,0,0,0,maven_pass,,
deepseek-v4-pro,223,/home/lpy/workspace/misc/course/Introduction-to-Software-Testing/artifacts/sample_runs/deepseek-v4-pro/cand223_fd59e545f4f2,fd59e545f4f2d697ea7e197f002c5e8eeca27004,LANG-1223: Add StopWatch#getTime(TimeUnit) (closes #152),StopWatchTest,True,0,0,0,maven_pass,,
deepseek-v4-pro,224,/home/lpy/workspace/misc/course/Introduction-to-Software-Testing/artifacts/sample_runs/deepseek-v4-pro/cand224_fd866a9c2d6c,fd866a9c2d6c69f9f6462a5e498b58293597d611,Fix handling of non-ASCII letters & numbers in RandomStringUtils (#1273),RandomStringUtilsTest,True,0,0,0,maven_pass,,
deepseek-v4-pro,225,/home/lpy/workspace/misc/course/Introduction-to-Software-Testing/artifacts/sample_runs/deepseek-v4-pro/cand225_fdb6e394b8b0,fdb6e394b8b0bba1988c3262d90c232cb1a4b575,Use Java 8 API to manage thread local,EqualsBuilderTest,True,0,0,0,maven_pass,,
deepseek-v4-pro,226,/home/lpy/workspace/misc/course/Introduction-to-Software-Testing/artifacts/sample_runs/deepseek-v4-pro/cand226_fde46a232d82,fde46a232d82f2b746f62bc7546e2e3371f20dca,Added 1 and 0 in toBooleanObject(final String str)  (#502),BooleanUtilsTest,True,0,0,0,maven_pass,,
deepseek-v4-pro,227,/home/lpy/workspace/misc/course/Introduction-to-Software-Testing/artifacts/sample_runs/deepseek-v4-pro/cand227_ff4ef533a558,ff4ef533a558a7a176e4649ce5c6d54fb2383217,Redo this class after Rob Tompkins found a bug.,LockingVisitorsTest,True,0,1,1,maven_fail,compile_cannot_find_symbol,"ss AbstractLockVisitor [ERROR] location: class org.apache.commons.lang3.concurrent.locks.LockingVisitorsTest [ERROR] [ERROR] -> [Help 1] [ERROR] [ERROR] To see the full stack trace of the errors, re-run Maven with the -e switch. [ERROR] Re-run Maven using the -X switch to enable full debug logging. [ERROR] [ERROR] For more information about the errors and possible solutions, please read the following articles: [ERROR] [Help 1] http://cwiki.apache.org/confluence/display/MAVEN/MojoFailureException"
deepseek-v4-pro,228,/home/lpy/workspace/misc/course/Introduction-to-Software-Testing/artifacts/sample_runs/deepseek-v4-pro/cand228_010c5d26330c,010c5d26330c4e381e5a598fed700241667ad532,Add SystemUtils.IS_OS_MAC_OSX_SEQUOIA,SystemUtilsTest,True,0,0,0,maven_pass,,
deepseek-v4-pro,229,/home/lpy/workspace/misc/course/Introduction-to-Software-Testing/artifacts/sample_runs/deepseek-v4-pro/cand229_0162032aa4ea,0162032aa4ea1084e4bccbce6fbfc48ae4b0cc48,"LANG-1072 Duplicated ""0x"" check in createBigInteger in NumberUtils",NumberUtilsTest,True,0,0,0,maven_pass,,
deepseek-v4-pro,230,/home/lpy/workspace/misc/course/Introduction-to-Software-Testing/artifacts/sample_runs/deepseek-v4-pro/cand230_03e7c36d2daf,03e7c36d2dafca70e1f0e2c27a77ed4816cecf3f,`LocaleUtils.toLocale(String)` for a 2 letter country code now returns a value instead of throwing an `IllegalArgumentException`,LocaleUtilsTest,True,0,0,0,maven_pass,,
deepseek-v4-pro,231,/home/lpy/workspace/misc/course/Introduction-to-Software-Testing/artifacts/sample_runs/deepseek-v4-pro/cand231_03f74ba5a127,03f74ba5a127d40eb280b4866fc2c0c338915809,Add ClassPathUtils.packageToPath(String) and pathToPackage(String),ClassPathUtilsTest,True,0,0,0,maven_pass,,
deepseek-v4-pro,232,/home/lpy/workspace/misc/course/Introduction-to-Software-Testing/artifacts/sample_runs/deepseek-v4-pro/cand232_05803b0d5826,05803b0d5826891c03927b2b1a49de8a77799f72,Add JavaVersion enum constants for Java 16.,JavaVersionTest,True,0,0,0,maven_pass,,
deepseek-v4-pro,233,/home/lpy/workspace/misc/course/Introduction-to-Software-Testing/artifacts/sample_runs/deepseek-v4-pro/cand233_059fb3b8c10a,059fb3b8c10a7ce5e78a01a99659f62a5cf75c48,Add SystemProperties constants and methods for system properties as of Java 22,SystemPropertiesTest,True,0,0,0,maven_pass,,
deepseek-v4-pro,234,/home/lpy/workspace/misc/course/Introduction-to-Software-Testing/artifacts/sample_runs/deepseek-v4-pro/cand234_06b7cd3a31c4,06b7cd3a31c4565ceb0a127273ef800a3d084caf,LANG-1147 EnumUtils *BitVector issue with more than 32 values Enum This closes #97,EnumUtilsTest,True,0,1,1,maven_fail,compile_error,"mmons/lang3/EnumUtilsTest.java:[38,1] class Enum64 is public, should be declared in a file named Enum64.java [ERROR] [ERROR] -> [Help 1] [ERROR] [ERROR] To see the full stack trace of the errors, re-run Maven with the -e switch. [ERROR] Re-run Maven using the -X switch to enable full debug logging. [ERROR] [ERROR] For more information about the errors and possible solutions, please read the following articles: [ERROR] [Help 1] http://cwiki.apache.org/confluence/display/MAVEN/MojoFailureException"
deepseek-v4-pro,235,/home/lpy/workspace/misc/course/Introduction-to-Software-Testing/artifacts/sample_runs/deepseek-v4-pro/cand235_0769eb977b3a,0769eb977b3a56adf5ec8bd4e9f123b75bdf38ed,"[LANG-610] Introduced ConcurrentRuntimeException and extended the exception handling methods of ConcurrentUtils to support runtime exceptions, too.",ConcurrentUtilsTest,True,0,1,1,maven_fail,compile_error,"he/commons/lang3/concurrent/ConcurrentUtilsTest.java:[2,0] error: class, interface, or enum expected [ERROR] [ERROR] [ERROR] -> [Help 1] [ERROR] [ERROR] To see the full stack trace of the errors, re-run Maven with the -e switch. [ERROR] Re-run Maven using the -X switch to enable full debug logging. [ERROR] [ERROR] For more information about the errors and possible solutions, please read the following articles: [ERROR] [Help 1] http://cwiki.apache.org/confluence/display/MAVEN/MojoFailureException"
deepseek-v4-pro,236,/home/lpy/workspace/misc/course/Introduction-to-Software-Testing/artifacts/sample_runs/deepseek-v4-pro/cand236_09ef69c5b511,09ef69c5b51115300da6df43690cd455d83c8027,[LANG-1397] WordUtils.wrap throws StringIndexOutOfBoundsException when wrapLength is Integer.MAX_VALUE.,WordUtilsTest,True,0,0,0,maven_pass,,
deepseek-v4-pro,237,/home/lpy/workspace/misc/course/Introduction-to-Software-Testing/artifacts/sample_runs/deepseek-v4-pro/cand237_0bee92719352,0bee92719352c658886763618bf4eacc7dc2b7ec,Add Streams.of(Enumeration<E>),StreamsTest,True,0,0,0,maven_pass,,
deepseek-v4-pro,238,/home/lpy/workspace/misc/course/Introduction-to-Software-Testing/artifacts/sample_runs/deepseek-v4-pro/cand238_0c6a5c10a7a0,0c6a5c10a7a0f0073b6577e5c4898ceb42428b55,"Add org.apache.commons.lang3.time.DateUtils.toLocalDateTime(Date[, TimeZone]) #1385",DateUtilsTest,True,0,0,0,maven_pass,,
deepseek-v4-pro,239,/home/lpy/workspace/misc/course/Introduction-to-Software-Testing/artifacts/sample_runs/deepseek-v4-pro/cand239_0dffedc822ce,0dffedc822cefbec5151653170ee23faa18d7fac,Add SystemProperties.JAVA_SECURITY_KERBEROS_CONF,SystemPropertiesTest,True,0,0,0,maven_pass,,
deepseek-v4-pro,240,/home/lpy/workspace/misc/course/Introduction-to-Software-Testing/artifacts/sample_runs/deepseek-v4-pro/cand240_0f4dee8451df,0f4dee8451df2ec68a1f201a859f3955a7abd504,LocaleUtils.toLocale(String) cannot parse four segments,LocaleUtilsTest,True,0,0,0,maven_pass,,
deepseek-v4-pro,241,/home/lpy/workspace/misc/course/Introduction-to-Software-Testing/artifacts/sample_runs/deepseek-v4-pro/cand241_0f6a292a29fe,0f6a292a29fedd49741310cd517ac4ba907bf8d4,LANG-1034: Add support for recursive comparison to EqualsBuilder#reflectionEquals (closes #202),EqualsBuilderTest,True,0,0,0,maven_pass,,
deepseek-v4-pro,242,/home/lpy/workspace/misc/course/Introduction-to-Software-Testing/artifacts/sample_runs/deepseek-v4-pro/cand242_106b61a5be74,106b61a5be740b6e784c3aae4aa10d5b6df832b1,Add SystemProperties.JAVA_SECURITY_DEBUG,SystemPropertiesTest,True,0,0,0,maven_pass,,
deepseek-v4-pro,243,/home/lpy/workspace/misc/course/Introduction-to-Software-Testing/artifacts/sample_runs/deepseek-v4-pro/cand243_118652d768eb,118652d768eb3bb92717dc1520e2cd272f7e068e,"Add LangCollectors.collect(Collector, T...)",LangCollectorsTest,True,0,1,1,maven_fail,rat_license_check,"Too many files with unapproved license: 1 See RAT report in: /tmp/sample_runs/run-LangCollectorsTest-m2hf7ehl/target/rat.txt -> [Help 1] [ERROR] [ERROR] To see the full stack trace of the errors, re-run Maven with the -e switch. [ERROR] Re-run Maven using the -X switch to enable full debug logging. [ERROR] [ERROR] For more information about the errors and possible solutions, please read the following articles: [ERROR] [Help 1] http://cwiki.apache.org/confluence/display/MAVEN/MojoFailureException"
deepseek-v4-pro,244,/home/lpy/workspace/misc/course/Introduction-to-Software-Testing/artifacts/sample_runs/deepseek-v4-pro/cand244_11a15c639438,11a15c639438065e63ab0bb6f8bd87779855ea67,LANG-834: Validate: add inclusiveBetween and exclusiveBetween overloads for primitives types. Initial patch provided by Sebb.,ValidateTest,True,0,0,0,maven_pass,,
deepseek-v4-pro,245,/home/lpy/workspace/misc/course/Introduction-to-Software-Testing/artifacts/sample_runs/deepseek-v4-pro/cand245_11b1bc19ab36,11b1bc19ab360afce8a48167002bfcb747faeb68,Deprecate ThreadUtils code that defines custom function interfaces in favor of stock java.util.function.Predicate usage.,ThreadUtilsTest,True,0,0,0,maven_pass,,
deepseek-v4-pro,246,/home/lpy/workspace/misc/course/Introduction-to-Software-Testing/artifacts/sample_runs/deepseek-v4-pro/cand246_11c0df1d9ec5,11c0df1d9ec508e4ae502c1b951907640a5c4804,LANG-1102: Make logic for comparing OS versions in SystemUtils smarter,SystemUtilsTest,True,0,0,0,maven_pass,,
deepseek-v4-pro,247,/home/lpy/workspace/misc/course/Introduction-to-Software-Testing/artifacts/sample_runs/deepseek-v4-pro/cand247_13cd4e0ac3ab,13cd4e0ac3ab76a4dc091eda457f9a111727cba2,LANG-1190: TypeUtils.isAssignable throws NullPointerException when fromType has type variables and toType generic superclass specifies type variable (closes #158),TypeUtilsTest,True,0,0,0,maven_pass,,
deepseek-v4-pro,248,/home/lpy/workspace/misc/course/Introduction-to-Software-Testing/artifacts/sample_runs/deepseek-v4-pro/cand248_1661e5519c48,1661e5519c4836a5a940b13b7797263443156fc9,LANG-1311: TypeUtils.toString() doesn't handle primitive and Object arrays correctly,TypeUtilsTest,True,0,0,0,maven_pass,,
deepseek-v4-pro,249,/home/lpy/workspace/misc/course/Introduction-to-Software-Testing/artifacts/sample_runs/deepseek-v4-pro/cand249_16c34b222d6a,16c34b222d6a16849798e3345174ca9f0ebc430d,"Add support for Java 9's ""java.locale.providers"" in SystemProperties",SystemPropertiesTest,True,0,0,0,maven_pass,,
deepseek-v4-pro,250,/home/lpy/workspace/misc/course/Introduction-to-Software-Testing/artifacts/sample_runs/deepseek-v4-pro/cand250_16de452a3754,16de452a3754bfb2b36d8f6cd4a0b55432803455,Add DurationUtils.of(FailableConsumer|FailableRunnbale),DurationUtilsTest,True,0,0,0,maven_pass,,
deepseek-v4-pro,251,/home/lpy/workspace/misc/course/Introduction-to-Software-Testing/artifacts/sample_runs/deepseek-v4-pro/cand251_17ba8b9da6a8,17ba8b9da6a87791446917250b3d92b6925cbff0,Make LangCollectors.collect(...) null-safe,LangCollectorsTest,True,0,0,0,maven_pass,,
deepseek-v4-pro,252,/home/lpy/workspace/misc/course/Introduction-to-Software-Testing/artifacts/sample_runs/deepseek-v4-pro/cand252_18e772ca54dd,18e772ca54dda9eee10b15b235b5b4710d232777,Add SystemUtils.IS_JAVA_19,SystemUtilsTest,True,0,0,0,maven_pass,,
deepseek-v4-pro,253,/home/lpy/workspace/misc/course/Introduction-to-Software-Testing/artifacts/sample_runs/deepseek-v4-pro/cand253_1ec6c0ae9a28,1ec6c0ae9a28ef0d1a10adbded66d2b00ea840d4,"[LANG-1457] Add ExceptionUtils.throwableOfType(Throwable, Class) and friends.",ExceptionUtilsTest,True,0,0,0,maven_pass,,
deepseek-v4-pro,254,/home/lpy/workspace/misc/course/Introduction-to-Software-Testing/artifacts/sample_runs/deepseek-v4-pro/cand254_2275cca426e0,2275cca426e0ff13c40278ae428368615943ee2e,"Add LockingVisitors.create(O, ReadWriteLock)",LockingVisitorsTest,True,0,0,0,maven_pass,,
deepseek-v4-pro,255,/home/lpy/workspace/misc/course/Introduction-to-Software-Testing/artifacts/sample_runs/deepseek-v4-pro/cand255_24b6a468ae6b,24b6a468ae6ba138c4f4a1f4793fed4e73bf3c15,LANG-941: Test failure in LocaleUtilsTest when building with JDK 8,LocaleUtilsTest,True,0,0,0,maven_pass,,
deepseek-v4-pro,256,/home/lpy/workspace/misc/course/Introduction-to-Software-Testing/artifacts/sample_runs/deepseek-v4-pro/cand256_259ac721ce50,259ac721ce5097312d8bd93aefde26c2785f26e9,[LANG-1512] Add IS_JAVA_14 and IS_JAVA_15 to org.apache.commons.lang3.SystemUtils.,SystemUtilsTest,True,0,0,0,maven_pass,,
deepseek-v4-pro,257,/home/lpy/workspace/misc/course/Introduction-to-Software-Testing/artifacts/sample_runs/deepseek-v4-pro/cand257_263026823515,263026823515618b42f9549b491e57065cb69c58,Add StopWatch.getDuration() and deprecate getTime(),StopWatchTest,True,0,0,0,maven_pass,,
deepseek-v4-pro,258,/home/lpy/workspace/misc/course/Introduction-to-Software-Testing/artifacts/sample_runs/deepseek-v4-pro/cand258_2777d6784ef5,2777d6784ef5ccd1764e36a64575d2590b2d59d8,Add JavaVersion for Java 18 since a release candidate is available.,JavaVersionTest,True,0,0,0,maven_pass,,
deepseek-v4-pro,259,/home/lpy/workspace/misc/course/Introduction-to-Software-Testing/artifacts/sample_runs/deepseek-v4-pro/cand259_2875a65756da,2875a65756da4c72e8d188555b9639857e73684a,Add StopWatch.getSplitDuration() and deprecate getSplitTime(),StopWatchTest,True,0,1,1,maven_fail,compile_cannot_find_symbol,"pache.commons.lang3.time.StopWatch,long) [ERROR] location: class org.apache.commons.lang3.time.StopWatchTest [ERROR] [ERROR] -> [Help 1] [ERROR] [ERROR] To see the full stack trace of the errors, re-run Maven with the -e switch. [ERROR] Re-run Maven using the -X switch to enable full debug logging. [ERROR] [ERROR] For more information about the errors and possible solutions, please read the following articles: [ERROR] [Help 1] http://cwiki.apache.org/confluence/display/MAVEN/MojoFailureException"
deepseek-v4-pro,260,/home/lpy/workspace/misc/course/Introduction-to-Software-Testing/artifacts/sample_runs/deepseek-v4-pro/cand260_2e9f3a801462,2e9f3a80146262511ca7bcdd3411f095dff4951d,LANG-1356: Add bypass option for classes to recursive and reflective EqualsBuilder,EqualsBuilderTest,True,0,0,0,maven_pass,,
deepseek-v4-pro,261,/home/lpy/workspace/misc/course/Introduction-to-Software-Testing/artifacts/sample_runs/deepseek-v4-pro/cand261_2eecc96a53bb,2eecc96a53bb3b9da49bae03a18388d0f23853e7,[LANG-961] org.apache.commons.lang3.reflect.FieldUtils.removeFinalModifier(Field) does not clean up after itself.,FieldUtilsTest,True,0,0,0,maven_pass,,
deepseek-v4-pro,262,/home/lpy/workspace/misc/course/Introduction-to-Software-Testing/artifacts/sample_runs/deepseek-v4-pro/cand262_3225ba64ce9f,3225ba64ce9f196b828d7c2ea124c03bd0d62955,LANG-1103: Add SystemUtils.IS_JAVA_1_9,SystemUtilsTest,True,0,0,0,maven_pass,,
deepseek-v4-pro,263,/home/lpy/workspace/misc/course/Introduction-to-Software-Testing/artifacts/sample_runs/deepseek-v4-pro/cand263_328f2aedfb86,328f2aedfb8643c3e1e74b5aec9e3628c3cbf2e7,Add CalendarUtils.toLocalDateTime(Calendar),CalendarUtilsTest,True,0,0,0,maven_pass,,
deepseek-v4-pro,264,/home/lpy/workspace/misc/course/Introduction-to-Software-Testing/artifacts/sample_runs/deepseek-v4-pro/cand264_3328387a53e6,3328387a53e6abc26e171b97d8d3dc1c2b5d4971,LANG-990: Avoid String allocation in StrBuilder.append(CharSequence). This fixes #51 from github. Thanks to Mikhail Mazurskiy and Fabian Lange.,StrBuilderTest,True,0,0,0,maven_pass,,
deepseek-v4-pro,265,/home/lpy/workspace/misc/course/Introduction-to-Software-Testing/artifacts/sample_runs/deepseek-v4-pro/cand265_341aaa797d51,341aaa797d515a1fce5def6b41cdc481701ad389,Added ImmutablePair factory methods left() and right().,ImmutablePairTest,True,0,0,0,maven_pass,,
deepseek-v4-pro,266,/home/lpy/workspace/misc/course/Introduction-to-Software-Testing/artifacts/sample_runs/deepseek-v4-pro/cand266_35799d095886,35799d095886243ad32f46c81a77f85743d5fb05,[LANG-1420] TypeUtils.isAssignable returns wrong result for GenericArrayType and ParameterizedType.,TypeUtilsTest,True,0,1,1,maven_fail,compile_error,"tilsTest-lfvg2ziu/src/test/java/org/apache/commons/lang3/reflect/TypeUtilsTest.java:[62,1] repeated modifier [ERROR] [ERROR] -> [Help 1] [ERROR] [ERROR] To see the full stack trace of the errors, re-run Maven with the -e switch. [ERROR] Re-run Maven using the -X switch to enable full debug logging. [ERROR] [ERROR] For more information about the errors and possible solutions, please read the following articles: [ERROR] [Help 1] http://cwiki.apache.org/confluence/display/MAVEN/MojoFailureException"
deepseek-v4-pro,267,/home/lpy/workspace/misc/course/Introduction-to-Software-Testing/artifacts/sample_runs/deepseek-v4-pro/cand267_35f35e9e1cee,35f35e9e1cee8b53fd4c562534de79c6213d7aaf,"Add DurationUtils.get(String, TemporalUnit, long)",DurationUtilsTest,True,0,0,0,maven_pass,,
deepseek-v4-pro,268,/home/lpy/workspace/misc/course/Introduction-to-Software-Testing/artifacts/sample_runs/deepseek-v4-pro/cand268_35fee6998b8d,35fee6998b8d92c047f6db82fde825810fc26f4a,Add BasicThreadFactory.builder() and deprecate BasicThreadFactory.Builder(),BasicThreadFactoryTest,True,0,0,0,maven_pass,,
deepseek-v4-pro,269,/home/lpy/workspace/misc/course/Introduction-to-Software-Testing/artifacts/sample_runs/deepseek-v4-pro/cand269_38ed1a072598,38ed1a07259862eceaad05c6581b7f34e85f6be7,LANG-1082: Add option to disable the objectsTriviallyEqual test in DiffBuilder. This fixes #44 from github. Thanks to Jonathan Baker.,DiffBuilderTest,True,0,0,0,maven_pass,,
deepseek-v4-pro,270,/home/lpy/workspace/misc/course/Introduction-to-Software-Testing/artifacts/sample_runs/deepseek-v4-pro/cand270_39f08ac62fc4,39f08ac62fc4e51b1c5bcc93ae2b12d4033bd05e,"StringUtils.join(Iterator, String) should only return null when the Iterator is null",StringUtilsTest,True,0,0,0,maven_pass,,
deepseek-v4-pro,271,/home/lpy/workspace/misc/course/Introduction-to-Software-Testing/artifacts/sample_runs/deepseek-v4-pro/cand271_3bd162585900,3bd1625859000571b99b4193df1360ab18a33910,[LANG-1729] NumberUtils.isParsable() returns true for full width Unicode digits for inputs with a decimal point,NumberUtilsTest,True,0,0,0,maven_pass,,
deepseek-v4-pro,272,/home/lpy/workspace/misc/course/Introduction-to-Software-Testing/artifacts/sample_runs/deepseek-v4-pro/cand272_3ebd20002ef3,3ebd20002ef35b690ee0314bac254013df3f85c5,Add StopWatch.getStopInstant() and deprecate getStopTime(),StopWatchTest,True,0,0,0,maven_pass,,
deepseek-v4-pro,273,/home/lpy/workspace/misc/course/Introduction-to-Software-Testing/artifacts/sample_runs/deepseek-v4-pro/cand273_421229b42f79,421229b42f79a41d1eb7f4e9d9f1dabef56270d3,Add SystemUtils.getUserDirPath(),SystemUtilsTest,True,0,0,0,maven_pass,,
deepseek-v4-pro,274,/home/lpy/workspace/misc/course/Introduction-to-Software-Testing/artifacts/sample_runs/deepseek-v4-pro/cand274_42f2058c83f2,42f2058c83f256d8654b349d5249d6f59920f88b,Add LANG-1261 to changes.xml,ArrayUtilsTest,True,0,0,0,maven_pass,,
deepseek-v4-pro,275,/home/lpy/workspace/misc/course/Introduction-to-Software-Testing/artifacts/sample_runs/deepseek-v4-pro/cand275_45a6467088a0,45a6467088a08e447d7f2983551021b91c70ab49,LANG-1087: NumberUtils#createNumber() returns positive BigDecimal when negative Float is expected. Thanks to Renat Zhilkibaev.,NumberUtilsTest,True,0,0,0,maven_pass,,
deepseek-v4-pro,276,/home/lpy/workspace/misc/course/Introduction-to-Software-Testing/artifacts/sample_runs/deepseek-v4-pro/cand276_471e8da5979a,471e8da5979aa853216eef8d8e1860b3e81852b3,"Add JavaVersion.JAVA_19, JavaVersion.JAVA_20 and JavaVersion.JAVA_21",JavaVersionTest,True,0,0,0,maven_pass,,
deepseek-v4-pro,277,/home/lpy/workspace/misc/course/Introduction-to-Software-Testing/artifacts/sample_runs/deepseek-v4-pro/cand277_4b718f6e5a90,4b718f6e5a90a0922373bd1d2452d418fe6bdf54,"<action issue=""LANG-970"" type=""add"" dev=""ggregory"">Add APIs MutableBoolean setTrue() and setFalse()</action>",MutableBooleanTest,True,0,0,0,maven_pass,,
deepseek-v4-pro,278,/home/lpy/workspace/misc/course/Introduction-to-Software-Testing/artifacts/sample_runs/deepseek-v4-pro/cand278_4bd982d1a1df,4bd982d1a1df87724682c17c39bf27b5cbe389be,LANG-1312: LocaleUtils#toLocale does not support language followed by UN M.49 numeric-3 area code (closes #239),LocaleUtilsTest,True,0,0,0,maven_pass,,
deepseek-v4-pro,279,/home/lpy/workspace/misc/course/Introduction-to-Software-Testing/artifacts/sample_runs/deepseek-v4-pro/cand279_4c39aa2ca612,4c39aa2ca612e6087f2a7edc90f88e5555b7cb27,Add org.apache.commons.lang3.SystemUtils.IS_OS_NETWARE,SystemUtilsTest,True,0,0,0,maven_pass,,
deepseek-v4-pro,280,/home/lpy/workspace/misc/course/Introduction-to-Software-Testing/artifacts/sample_runs/deepseek-v4-pro/cand280_4cf3dc8c8f4a,4cf3dc8c8f4ab9c353de64e79c4de113eec93473,[LANG-1613] - BigDecimal is created when you pass it the minimum values… #642.,NumberUtilsTest,True,0,0,0,maven_pass,,
deepseek-v4-pro,281,/home/lpy/workspace/misc/course/Introduction-to-Software-Testing/artifacts/sample_runs/deepseek-v4-pro/cand281_4e228a53509b,4e228a53509bd8cb01220939906a538dcd1baa40,"Fix StackOverflowError in TypeUtils.typeVariableToString(TypeVariable), TypeUtils.toString(Type)",TypeUtilsTest,True,0,0,0,maven_pass,,
deepseek-v4-pro,282,/home/lpy/workspace/misc/course/Introduction-to-Software-Testing/artifacts/sample_runs/deepseek-v4-pro/cand282_4fc5c6b35c1c,4fc5c6b35c1ca02fb0e876d54342c66196aac846,"Applying Sebb's patch from LANG-774 - adding isStarted, isSuspended and isStopped to StopWatch",StopWatchTest,True,0,1,1,maven_fail,maven_other_failure,"StopWatchTest-qzj2__cs/src/test/java/org/apache/commons/lang3/time/StopWatchTest.java:[254,80] <identifier> expected [ERROR] -> [Help 1] [ERROR] [ERROR] To see the full stack trace of the errors, re-run Maven with the -e switch. [ERROR] Re-run Maven using the -X switch to enable full debug logging. [ERROR] [ERROR] For more information about the errors and possible solutions, please read the following articles: [ERROR] [Help 1] http://cwiki.apache.org/confluence/display/MAVEN/MojoFailureException"
deepseek-v4-pro,283,/home/lpy/workspace/misc/course/Introduction-to-Software-Testing/artifacts/sample_runs/deepseek-v4-pro/cand283_5035fdd788bc,5035fdd788bc8e77bd90b52d49f70903044e7e63,Add SystemUtils.getJavaHomePath(),SystemUtilsTest,True,0,0,0,maven_pass,,
deepseek-v4-pro,284,/home/lpy/workspace/misc/course/Introduction-to-Software-Testing/artifacts/sample_runs/deepseek-v4-pro/cand284_514f6751ab29,514f6751ab29dbdc6b44995555474fbec88dcd97,Avoid NPE in MutableObject#equals() for null content,MutableObjectTest,True,0,0,0,maven_pass,,
deepseek-v4-pro,285,/home/lpy/workspace/misc/course/Introduction-to-Software-Testing/artifacts/sample_runs/deepseek-v4-pro/cand285_585b1cb97b4b,585b1cb97b4b9e81b55d68e04b6c1e1195058a8f,[LANG-1332] ImmutableTriple.nullTriple(),ImmutableTripleTest,True,0,0,0,maven_pass,,
deepseek-v4-pro,286,/home/lpy/workspace/misc/course/Introduction-to-Software-Testing/artifacts/sample_runs/deepseek-v4-pro/cand286_59022fb870c2,59022fb870c2c45a27e00943003c5acdeddaeec3,LANG-1149 Ability to throw checked exceptions without declaring them,ExceptionUtilsTest,True,0,0,0,maven_pass,,
deepseek-v4-pro,287,/home/lpy/workspace/misc/course/Introduction-to-Software-Testing/artifacts/sample_runs/deepseek-v4-pro/cand287_5a509030a946,5a509030a946646780e963b9f492a4eaff734116,LANG-972 NumberUtils#isNumber does not allow for hex 0XABCD,NumberUtilsTest,True,0,0,0,maven_pass,,
deepseek-v4-pro,288,/home/lpy/workspace/misc/course/Introduction-to-Software-Testing/artifacts/sample_runs/deepseek-v4-pro/cand288_5ac643368dde,5ac643368ddeb928af0e7cf8705b52b9beb31053,[LANG-1506] Allow a StopWatch to carry an optional message.,StopWatchTest,True,0,0,0,maven_pass,,
deepseek-v4-pro,289,/home/lpy/workspace/misc/course/Introduction-to-Software-Testing/artifacts/sample_runs/deepseek-v4-pro/cand289_5b699d076518,5b699d076518cbf2dddc286f65cb06d0873dae16,"[LANG-1569] Add ArrayUtils.get(T[], index, T) to provide an out-of-bounds default value",ArrayUtilsTest,True,0,0,0,maven_pass,,
deepseek-v4-pro,290,/home/lpy/workspace/misc/course/Introduction-to-Software-Testing/artifacts/sample_runs/deepseek-v4-pro/cand290_5bcedccec3ed,5bcedccec3ed93586947a5df0d49775aee7a37c7,"Fix NullPointerException in ReflectionDiffBuilder.getExcludeFieldNames() when instance created with ReflectionDiffBuilder.ReflectionDiffBuilder(T, T, ToStringStyle)",ReflectionDiffBuilderTest,True,0,0,0,maven_pass,,
deepseek-v4-pro,291,/home/lpy/workspace/misc/course/Introduction-to-Software-Testing/artifacts/sample_runs/deepseek-v4-pro/cand291_5d46a39e450f,5d46a39e450f5dd69027329c9bc0542c113a04be,RandomStringUtils.random() methods may not return when asked to generate only letters or only numbers while provided with a range that contains neither,RandomStringUtilsTest,True,0,0,0,maven_pass,,
deepseek-v4-pro,292,/home/lpy/workspace/misc/course/Introduction-to-Software-Testing/artifacts/sample_runs/deepseek-v4-pro/cand292_5dd8e33cf68b,5dd8e33cf68b649b9af0bbbede58d6b5637b4c3e,MethodUtils cannot find or invoke vararg methods of interface types,MethodUtilsTest,True,0,0,0,maven_pass,,
deepseek-v4-pro,293,/home/lpy/workspace/misc/course/Introduction-to-Software-Testing/artifacts/sample_runs/deepseek-v4-pro/cand293_5def1c8d634f,5def1c8d634f12a265662f38188cd611aa1e574b,"Add ArrayUtils.containsAny(Object[], Object...).",ArrayUtilsTest,True,0,0,0,maven_pass,,
deepseek-v4-pro,294,/home/lpy/workspace/misc/course/Introduction-to-Software-Testing/artifacts/sample_runs/deepseek-v4-pro/cand294_5f7812ee1c2f,5f7812ee1c2f583e1a1902c96b5b519e86699250,LANG-1447: java 12 final modifier is no longer mutable,FieldUtilsTest,True,0,0,0,maven_pass,,
deepseek-v4-pro,295,/home/lpy/workspace/misc/course/Introduction-to-Software-Testing/artifacts/sample_runs/deepseek-v4-pro/cand295_6001ae8a0c9f,6001ae8a0c9f5815ee368ae1967d6de1b786a9e7,Add SystemUtils.IS_JAVA_17,SystemUtilsTest,True,0,0,0,maven_pass,,
deepseek-v4-pro,296,/home/lpy/workspace/misc/course/Introduction-to-Software-Testing/artifacts/sample_runs/deepseek-v4-pro/cand296_600eb9eb99dc,600eb9eb99dc5c03b047e3c81b49ee4769787c6a,LANG-1299 - Add method for converting string to an array of code points,StringUtilsTest,True,0,0,0,maven_pass,,
deepseek-v4-pro,297,/home/lpy/workspace/misc/course/Introduction-to-Software-Testing/artifacts/sample_runs/deepseek-v4-pro/cand297_60412131f367,60412131f3679b720bcaaaf3dea4be666cefea7a,LANG-1364: ExceptionUtils#getRootCause(Throwable t) should return t if no lower level cause exists,ExceptionUtilsTest,True,0,0,0,maven_pass,,
deepseek-v4-pro,298,/home/lpy/workspace/misc/course/Introduction-to-Software-Testing/artifacts/sample_runs/deepseek-v4-pro/cand298_612595106054,612595106054d0ff2320cc15f88cfef8959e1531,LANG-993: Add zero copy write method to StrBuilder; LANG-994: Add zero copy read method to StrBuilder. Thanks to Mikhail Mazursky.,StrBuilderTest,True,0,0,0,maven_pass,,
deepseek-v4-pro,299,/home/lpy/workspace/misc/course/Introduction-to-Software-Testing/artifacts/sample_runs/deepseek-v4-pro/cand299_623235ebca46,623235ebca46bea1a6e8cc02b7d7084c1698ab80,[LANG-1811] ArrayUtils.shuffle() throws NullPointerException for null array input.,ArrayUtilsTest,False,1,,,merge_incomplete,merge_incomplete,"raw.md exists, but generated.java is missing"
deepseek-v4-pro,300,/home/lpy/workspace/misc/course/Introduction-to-Software-Testing/artifacts/sample_runs/deepseek-v4-pro/cand300_64736630706a,64736630706adf9e2cbb482fbfcbdc81a9dc02f7,"Add Streams.nonNull(T), non-varargs variant",StreamsTest,True,0,0,0,maven_pass,,
deepseek-v4-pro,301,/home/lpy/workspace/misc/course/Introduction-to-Software-Testing/artifacts/sample_runs/deepseek-v4-pro/cand301_64ef8a802244,64ef8a80224443c81dfb198cbc567e1b2b9356a2,LANG-1003: DurationFormatUtils are not able to handle negative durations/periods. Reported by Michael Osipov.,DurationFormatUtilsTest,True,0,0,0,maven_pass,,
deepseek-v4-pro,302,/home/lpy/workspace/misc/course/Introduction-to-Software-Testing/artifacts/sample_runs/deepseek-v4-pro/cand302_6622a4685750,6622a46857509a8920a3f085dbca007286c703ac,Fix generics in org.apache.commons.lang3.stream.Streams.toArray(Class) signature,StreamsTest,True,0,0,0,maven_pass,,
deepseek-v4-pro,303,/home/lpy/workspace/misc/course/Introduction-to-Software-Testing/artifacts/sample_runs/deepseek-v4-pro/cand303_666ad13656c6,666ad13656c690b310fc2c6487dd60b6ed72a5ed,Add CalendarUtils.toZonedDateTime(Calendar),CalendarUtilsTest,True,0,0,0,maven_pass,,
deepseek-v4-pro,304,/home/lpy/workspace/misc/course/Introduction-to-Software-Testing/artifacts/sample_runs/deepseek-v4-pro/cand304_677e57f56bfa,677e57f56bfae93af520637d47a615013c930266,Fix NullPointerException in StopWatch.getStopTime(),StopWatchTest,True,0,0,0,maven_pass,,
deepseek-v4-pro,305,/home/lpy/workspace/misc/course/Introduction-to-Software-Testing/artifacts/sample_runs/deepseek-v4-pro/cand305_69c4dddbdecc,69c4dddbdecc3bf0bfb565e60d6a9a0f7f0eaea0,[LANG-1697] TypeUtils.getRawType() throws a NullPointerException on Wildcard GenericArrayType,TypeUtilsTest,True,0,0,0,maven_pass,,
deepseek-v4-pro,306,/home/lpy/workspace/misc/course/Introduction-to-Software-Testing/artifacts/sample_runs/deepseek-v4-pro/cand306_6b81f9e6cf42,6b81f9e6cf42eae235c7ab505d967f60a42d7d66,"Add RegExUtils.replacePattern(CharSequence, String, String) and deprecate RegExUtils.replacePattern(String, String, String)",RegExUtilsTest,True,0,0,0,maven_pass,,
deepseek-v4-pro,307,/home/lpy/workspace/misc/course/Introduction-to-Software-Testing/artifacts/sample_runs/deepseek-v4-pro/cand307_6e2741da4d1e,6e2741da4d1ef471c7c552b91409b2deecbfcec9,[LANG-1727] EventListenerSupport doesn't document ordering of events,EventListenerSupportTest,True,0,0,0,maven_pass,,
deepseek-v4-pro,308,/home/lpy/workspace/misc/course/Introduction-to-Software-Testing/artifacts/sample_runs/deepseek-v4-pro/cand308_6e3e6e2467ec,6e3e6e2467ecad07099c2908df543f191a6007e1,Add CalendarUtils.getInstance(),CalendarUtilsTest,True,0,0,0,maven_pass,,
deepseek-v4-pro,309,/home/lpy/workspace/misc/course/Introduction-to-Software-Testing/artifacts/sample_runs/deepseek-v4-pro/cand309_6ea2fc8d38e0,6ea2fc8d38e035bafaa92c7d3b007be38c2e9000,[LANG-1360] Add methods to ObjectUtils to get various forms of class names in a null-safe manner,ObjectUtilsTest,True,0,0,0,maven_pass,,
deepseek-v4-pro,310,/home/lpy/workspace/misc/course/Introduction-to-Software-Testing/artifacts/sample_runs/deepseek-v4-pro/cand310_6ea7f2f7afcd,6ea7f2f7afcd6d60d62a5cd1392feda3471fc666,"Applying github pull request https://github.com/apache/commons-lang/pull/5, linked as LANG-928, fixing a bug in OctalEscaper trying to parse octal numbers longer than 3 digits",OctalUnescaperTest,True,0,1,1,maven_fail,compile_missing_package,"rg/apache/commons/lang3/text/translate/OctalUnescaperTest.java:[23,1] static import only from classes and interfaces [ERROR] -> [Help 1] [ERROR] [ERROR] To see the full stack trace of the errors, re-run Maven with the -e switch. [ERROR] Re-run Maven using the -X switch to enable full debug logging. [ERROR] [ERROR] For more information about the errors and possible solutions, please read the following articles: [ERROR] [Help 1] http://cwiki.apache.org/confluence/display/MAVEN/MojoFailureException"
deepseek-v4-pro,311,/home/lpy/workspace/misc/course/Introduction-to-Software-Testing/artifacts/sample_runs/deepseek-v4-pro/cand311_6eb223bb8c68,6eb223bb8c68540e3f2bfa08c3d87b4cf7dfb544,Add DurationUtils.since(Temporal),DurationUtilsTest,True,0,0,0,maven_pass,,
deepseek-v4-pro,312,/home/lpy/workspace/misc/course/Introduction-to-Software-Testing/artifacts/sample_runs/deepseek-v4-pro/cand312_700be0d8c1ab,700be0d8c1abff745020bbe6ed44a2c4c855a7b3,EnumUtils.getEnumSystemProperty(...).,EnumUtilsTest,True,0,0,0,maven_pass,,
deepseek-v4-pro,313,/home/lpy/workspace/misc/course/Introduction-to-Software-Testing/artifacts/sample_runs/deepseek-v4-pro/cand313_7022c194e0a5,7022c194e0a5a3f5e92908068d95ddf2216ca70b,LANG-1016: NumberUtils#isParsable method(s). Thanks to Juan Pablo Santos Rodríguez.,NumberUtilsTest,True,0,0,0,maven_pass,,
deepseek-v4-pro,314,/home/lpy/workspace/misc/course/Introduction-to-Software-Testing/artifacts/sample_runs/deepseek-v4-pro/cand314_70b2250f80ac,70b2250f80ac098e3fbb136bcd765ad90e8d3c0e,"Add ExceptionUtils.forEach(Throwable, Consumer<Throwable>)",ExceptionUtilsTest,True,0,0,0,maven_pass,,
deepseek-v4-pro,315,/home/lpy/workspace/misc/course/Introduction-to-Software-Testing/artifacts/sample_runs/deepseek-v4-pro/cand315_70b3504b9fe0,70b3504b9fe03f267ce0f97c6ff21de5f5fbd2f3,"Applying Thomas Neidhart's patch for LANG-905; fixing a bug in which EqualsBuilder considers two arrays of the same type to be equal, without considering the contents",EqualsBuilderTest,True,0,0,0,maven_pass,,
deepseek-v4-pro,316,/home/lpy/workspace/misc/course/Introduction-to-Software-Testing/artifacts/sample_runs/deepseek-v4-pro/cand316_71340db86f09,71340db86f0984c415c78c5641d92e287b29d72b,Add SystemUtils.IS_JAVA_21,SystemUtilsTest,True,0,0,0,maven_pass,,
deepseek-v4-pro,317,/home/lpy/workspace/misc/course/Introduction-to-Software-Testing/artifacts/sample_runs/deepseek-v4-pro/cand317_71f6746f81bb,71f6746f81bb9650f6f228ea204d85ba2c5b7392,Update for LANG-1069: CharSet.getInstance documentation does not clearly explain how to include negation character in set. Javadoc expanded and unit tests added to match examples. Based on patch by Arno Noordover.,CharSetTest,True,0,0,0,maven_pass,,
deepseek-v4-pro,318,/home/lpy/workspace/misc/course/Introduction-to-Software-Testing/artifacts/sample_runs/deepseek-v4-pro/cand318_739d62630092,739d62630092ee517129c703cd9433bd7e1184d4,"[LANG-1657] DiffBuilder: Type constraint for method append(..., DiffResult) too strict #786",DiffBuilderTest,True,0,0,0,maven_pass,,
deepseek-v4-pro,319,/home/lpy/workspace/misc/course/Introduction-to-Software-Testing/artifacts/sample_runs/deepseek-v4-pro/cand319_7460a856f2be,7460a856f2be511bd88b2426fefab9585cf953e7,LANG-944: Add the Jaro-Winkler string distance algorithm to StringUtils - partially applying the patch by Rekha Joshi as submitted for further refinement,StringUtilsTest,True,0,0,0,maven_pass,,
deepseek-v4-pro,320,/home/lpy/workspace/misc/course/Introduction-to-Software-Testing/artifacts/sample_runs/deepseek-v4-pro/cand320_7489d6e21334,7489d6e21334673dc56399de7decaaa00f11ebcf,CharSet now maintains iteration order,CharSetTest,True,0,0,0,maven_pass,,
deepseek-v4-pro,321,/home/lpy/workspace/misc/course/Introduction-to-Software-Testing/artifacts/sample_runs/deepseek-v4-pro/cand321_758743198725,7587431987258e94748d5f2fda1e6ca049a21600,Avoid endless loop printing array with MultilineRecursiveToStringStyle,MultilineRecursiveToStringStyleTest,True,0,0,0,maven_pass,,
deepseek-v4-pro,322,/home/lpy/workspace/misc/course/Introduction-to-Software-Testing/artifacts/sample_runs/deepseek-v4-pro/cand322_7642423cfa70,7642423cfa70fc797601afd64ad28ed1609df9d2,[LANG-1146] z/OS identification in SystemUtils. Simplest implementation.,SystemUtilsTest,True,0,0,0,maven_pass,,
deepseek-v4-pro,323,/home/lpy/workspace/misc/course/Introduction-to-Software-Testing/artifacts/sample_runs/deepseek-v4-pro/cand323_76e14e483cc0,76e14e483cc0760f5c94d14e1606644c19101f8e,"Push down WordUtils to ""text"" sub-package",StringUtilsTest,True,0,0,0,maven_pass,,
deepseek-v4-pro,324,/home/lpy/workspace/misc/course/Introduction-to-Software-Testing/artifacts/sample_runs/deepseek-v4-pro/cand324_76ec155eea3b,76ec155eea3b1b10b5ddd46e31b38782afbff848,"Fix edge-case NullPointerException in org.apache.commons.lang3.EnumUtils.getEnum(Class, String, E)",EnumUtilsTest,True,0,0,0,maven_pass,,
deepseek-v4-pro,325,/home/lpy/workspace/misc/course/Introduction-to-Software-Testing/artifacts/sample_runs/deepseek-v4-pro/cand325_776b86e99a1c,776b86e99a1ce18a5093db457109807b766d49c1,[LANG-1331] ImmutablePair.nullPair(),ImmutablePairTest,True,0,0,0,maven_pass,,
deepseek-v4-pro,326,/home/lpy/workspace/misc/course/Introduction-to-Software-Testing/artifacts/sample_runs/deepseek-v4-pro/cand326_779828c9a2bb,779828c9a2bb5c38c2cd99c2596ff8ba6b755dd8,"Applying Valentin Rocher's patch to LANG-579, adding new regexp and in range methods to Validate",ValidateTest,True,0,0,0,maven_pass,,
deepseek-v4-pro,327,/home/lpy/workspace/misc/course/Introduction-to-Software-Testing/artifacts/sample_runs/deepseek-v4-pro/cand327_77d187eefc85,77d187eefc8596ef8203eb827486099cc8b27835,LANG-1134: New methods for lang3.Validate This closes #87 from github.,ValidateTest,True,0,0,0,maven_pass,,
deepseek-v4-pro,328,/home/lpy/workspace/misc/course/Introduction-to-Software-Testing/artifacts/sample_runs/deepseek-v4-pro/cand328_7833161882d5,7833161882d5c98cafda7b3a69ca4693cd155484,Conversion.hexTo*() methods now throw IllegalArgumentException instead of StringIndexOutOfBoundsException,ConversionTest,True,0,0,0,maven_pass,,
deepseek-v4-pro,329,/home/lpy/workspace/misc/course/Introduction-to-Software-Testing/artifacts/sample_runs/deepseek-v4-pro/cand329_7869bf058e10,7869bf058e10be7684d4ba6f58346527b692f63a,"[LANG-926] Add ArrayUtils.reverse(array, from, to) methods.",ArrayUtilsTest,True,0,0,0,maven_pass,,
deepseek-v4-pro,330,/home/lpy/workspace/misc/course/Introduction-to-Software-Testing/artifacts/sample_runs/deepseek-v4-pro/cand330_798caa4e5174,798caa4e51747dfbfceba0af8db7afa4fe629e36,Add LongRange.toLongStream(),LongRangeTest,True,0,0,0,maven_pass,,
deepseek-v4-pro,331,/home/lpy/workspace/misc/course/Introduction-to-Software-Testing/artifacts/sample_runs/deepseek-v4-pro/cand331_79eb89e351ef,79eb89e351ef350707d082f3713e4b9fd3a81aeb,"Add and use EnumUtils.getFirstEnumIgnoreCase(Class, String, Function, E).",EnumUtilsTest,True,0,1,1,maven_fail,compile_error,"s/lang3/EnumUtilsTest.java:[49,1] class Traffic2 is public, should be declared in a file named Traffic2.java [ERROR] [ERROR] -> [Help 1] [ERROR] [ERROR] To see the full stack trace of the errors, re-run Maven with the -e switch. [ERROR] Re-run Maven using the -X switch to enable full debug logging. [ERROR] [ERROR] For more information about the errors and possible solutions, please read the following articles: [ERROR] [Help 1] http://cwiki.apache.org/confluence/display/MAVEN/MojoFailureException"
deepseek-v4-pro,332,/home/lpy/workspace/misc/course/Introduction-to-Software-Testing/artifacts/sample_runs/deepseek-v4-pro/cand332_7b6ab58a018b,7b6ab58a018b5f6608ea07bc414d3f34a576c6a2,Add methods for Cloneables to ObjectUtils (LANG-576).,ObjectUtilsTest,True,0,0,0,maven_pass,,
deepseek-v4-pro,333,/home/lpy/workspace/misc/course/Introduction-to-Software-Testing/artifacts/sample_runs/deepseek-v4-pro/cand333_7c1788334a01,7c1788334a0166f8772295823829e79989c11282,Make SystemProperties.getLineSeparator(Supplier) null-safe,SystemPropertiesTest,True,0,0,0,maven_pass,,
deepseek-v4-pro,334,/home/lpy/workspace/misc/course/Introduction-to-Software-Testing/artifacts/sample_runs/deepseek-v4-pro/cand334_7c19a1ff4c21,7c19a1ff4c217f03c0be62baf1169d689f566825,Deprecate CharEncoding and direct users to Java 7 classes,CharEncodingTest,True,0,0,0,maven_pass,,
deepseek-v4-pro,335,/home/lpy/workspace/misc/course/Introduction-to-Software-Testing/artifacts/sample_runs/deepseek-v4-pro/cand335_7c8d26daac0c,7c8d26daac0c08e888249d506e5ef4e655898166,"Fail-fast for a null DiffBuilder in ReflectionDiffBuilder.ReflectionDiffBuilder(DiffBuilder, String[]) instead of getting a NullPointerException in ReflectionDiffBuilder instance methods",ReflectionDiffBuilderTest,True,0,0,0,maven_pass,,
deepseek-v4-pro,336,/home/lpy/workspace/misc/course/Introduction-to-Software-Testing/artifacts/sample_runs/deepseek-v4-pro/cand336_7d6e0beccb13,7d6e0beccb1345078b3051504e623f399c012fd4,LANG-1005: Extend DurationFormatUtils#formatDurationISO default pattern to match #formatDurationHMS. Thanks to Michael Osipov.,DurationFormatUtilsTest,True,0,0,0,maven_pass,,
deepseek-v4-pro,337,/home/lpy/workspace/misc/course/Introduction-to-Software-Testing/artifacts/sample_runs/deepseek-v4-pro/cand337_7d9d4d41a632,7d9d4d41a6327c813504e6da4df49fbff33dc02f,ClassUtils.comparator().,ClassUtilsTest,True,0,0,0,maven_pass,,
deepseek-v4-pro,338,/home/lpy/workspace/misc/course/Introduction-to-Software-Testing/artifacts/sample_runs/deepseek-v4-pro/cand338_7e85d1cf54b1,7e85d1cf54b1e467607a0019b56f91577ebe2e4f,LANG-1226: StringUtils#normalizeSpace does not trim the string anymore (closes #150),StringUtilsTest,True,0,0,0,maven_pass,,
deepseek-v4-pro,339,/home/lpy/workspace/misc/course/Introduction-to-Software-Testing/artifacts/sample_runs/deepseek-v4-pro/cand339_7ef106b23772,7ef106b23772995e4307f84afd1bee4e2337ce0c,Implements LANG-1050: Change nullToEmpty methods to generics. Thanks to James Sawle. This closes #33 in GitHub too.,ArrayUtilsTest,True,0,0,0,maven_pass,,
deepseek-v4-pro,340,/home/lpy/workspace/misc/course/Introduction-to-Software-Testing/artifacts/sample_runs/deepseek-v4-pro/cand340_80e6a67649ec,80e6a67649ec10d67f5a574c8e93248615c347ca,Add CalendarUtils.toLocalDate() #725,CalendarUtilsTest,True,0,0,0,maven_pass,,
deepseek-v4-pro,341,/home/lpy/workspace/misc/course/Introduction-to-Software-Testing/artifacts/sample_runs/deepseek-v4-pro/cand341_82cc24437f43,82cc24437f43d07880d8883229477735431e5d02,LANG-1272: Added shuffle methods to ArrayUtils,ArrayUtilsTest,True,0,0,0,maven_pass,,
deepseek-v4-pro,342,/home/lpy/workspace/misc/course/Introduction-to-Software-Testing/artifacts/sample_runs/deepseek-v4-pro/cand342_864721d54b8b,864721d54b8b372808b098e13120abe5c22fb9b1,[LANG-1228] Prefer Throwable.getCause() in ExceptionUtils.getCause() (closes #139),ExceptionUtilsTest,True,0,1,1,maven_fail,compile_error,"sTest.java:[646,17] method setUp() is already defined in class org.apache.commons.lang3.exception.ExceptionUtilsTest [ERROR] -> [Help 1] [ERROR] [ERROR] To see the full stack trace of the errors, re-run Maven with the -e switch. [ERROR] Re-run Maven using the -X switch to enable full debug logging. [ERROR] [ERROR] For more information about the errors and possible solutions, please read the following articles: [ERROR] [Help 1] http://cwiki.apache.org/confluence/display/MAVEN/MojoFailureException"
deepseek-v4-pro,343,/home/lpy/workspace/misc/course/Introduction-to-Software-Testing/artifacts/sample_runs/deepseek-v4-pro/cand343_876543f6ccfa,876543f6ccfaade38887908acf0bdb4a7c070473,Add JavaVersion.JAVA_17 now that Java 17-ea is out.,JavaVersionTest,True,0,0,0,maven_pass,,
deepseek-v4-pro,344,/home/lpy/workspace/misc/course/Introduction-to-Software-Testing/artifacts/sample_runs/deepseek-v4-pro/cand344_8a4d1b82f8d5,8a4d1b82f8d5556c866701b556d78fd3e2d4d88a,"Add EnumUtils.getEnumMap(Class, Function). #730.",EnumUtilsTest,True,0,1,1,maven_fail,compile_error,"commons/lang3/EnumUtilsTest.java:[48,1] class Month is public, should be declared in a file named Month.java [ERROR] [ERROR] -> [Help 1] [ERROR] [ERROR] To see the full stack trace of the errors, re-run Maven with the -e switch. [ERROR] Re-run Maven using the -X switch to enable full debug logging. [ERROR] [ERROR] For more information about the errors and possible solutions, please read the following articles: [ERROR] [Help 1] http://cwiki.apache.org/confluence/display/MAVEN/MojoFailureException"
deepseek-v4-pro,345,/home/lpy/workspace/misc/course/Introduction-to-Software-Testing/artifacts/sample_runs/deepseek-v4-pro/cand345_8a7b0da6fc78,8a7b0da6fc783127f8272d955d9f06f1966949ec,"org.apache.commons.lang3.reflect.MethodUtils.getMethodObject(Class<?>, String, Class<?>...) now returns null instead of throwing a NullPointerException, as it does for other exception types",MethodUtilsTest,True,0,0,0,maven_pass,,
deepseek-v4-pro,346,/home/lpy/workspace/misc/course/Introduction-to-Software-Testing/artifacts/sample_runs/deepseek-v4-pro/cand346_8aa1b44ada75,8aa1b44ada759e7948f87f55bb29ab87b5eb5469,LANG-1092: Wrong formating of time zones with daylight saving time in FastDatePrinter,FastDatePrinterTest,True,0,0,0,maven_pass,,
deepseek-v4-pro,347,/home/lpy/workspace/misc/course/Introduction-to-Software-Testing/artifacts/sample_runs/deepseek-v4-pro/cand347_8b62c114cfc5,8b62c114cfc5fd347bd8cb5a391fdfa8cb539435,[LANG-1385] NumberUtils.createNumber() throws StringIndexOutOfBoundsException instead of NumberFormatException.,NumberUtilsTest,True,0,0,0,maven_pass,,
deepseek-v4-pro,348,/home/lpy/workspace/misc/course/Introduction-to-Software-Testing/artifacts/sample_runs/deepseek-v4-pro/cand348_8cc6363673bb,8cc6363673bbcbff0777dc20343d207a443eed4a,Fix NullPointerExceptions in org.apache.commons.lang3.compare.ComparableUtils.ComparableCheckBuilder,ComparableUtilsTest,True,0,1,1,maven_fail,maven_other_failure," find symbol [ERROR] symbol: variable a [ERROR] location: class org.apache.commons.lang3.compare.ComparableUtilsTest [ERROR] -> [Help 1] [ERROR] [ERROR] To see the full stack trace of the errors, re-run Maven with the -e switch. [ERROR] Re-run Maven using the -X switch to enable full debug logging. [ERROR] [ERROR] For more information about the errors and possible solutions, please read the following articles: [ERROR] [Help 1] http://cwiki.apache.org/confluence/display/MAVEN/MojoFailureException"
deepseek-v4-pro,349,/home/lpy/workspace/misc/course/Introduction-to-Software-Testing/artifacts/sample_runs/deepseek-v4-pro/cand349_8cd2339a9788,8cd2339a9788cf2c6e44b6761d3a19259fbe1df3,"Applying Eli Lindsey's patch to Yaniv Kunda's report in LANG-936 that StringUtils.getLevensteinDistance(String, String, int) gave the wrong answer when the int threshold is near Integer.MAX_VALUE",StringUtilsTest,True,0,0,0,maven_pass,,
deepseek-v4-pro,350,/home/lpy/workspace/misc/course/Introduction-to-Software-Testing/artifacts/sample_runs/deepseek-v4-pro/cand350_8d601ab71228,8d601ab71228f7c3dff950540e7ee6e4043e9053,"LANG-1258: Add ArrayUtils#toStringArray(Object[], String) method (and minimal clean-up of ArrayUtils#toStringArray(Object[]))",ArrayUtilsTest,True,0,0,0,maven_pass,,
deepseek-v4-pro,351,/home/lpy/workspace/misc/course/Introduction-to-Software-Testing/artifacts/sample_runs/deepseek-v4-pro/cand351_8e05b7141a8f,8e05b7141a8fc302b35f412834d660f234a10648,Make ArrayFill null-safe,ArrayFillTest,True,0,0,0,maven_pass,,
deepseek-v4-pro,352,/home/lpy/workspace/misc/course/Introduction-to-Software-Testing/artifacts/sample_runs/deepseek-v4-pro/cand352_8e1f5a9aca4a,8e1f5a9aca4afc662503474fae41434f75d5021b,Add EnumSet.stream(Class),EnumUtilsTest,True,0,0,0,maven_pass,,
deepseek-v4-pro,353,/home/lpy/workspace/misc/course/Introduction-to-Software-Testing/artifacts/sample_runs/deepseek-v4-pro/cand353_8ea0c0284810,8ea0c0284810bd6ec00f608be31abd20dbd4b72b,LANG-915: Wrong locale handling in LocaleUtils.toLocale(). Thanks to Sergio Fernández,LocaleUtilsTest,True,0,0,0,maven_pass,,
deepseek-v4-pro,354,/home/lpy/workspace/misc/course/Introduction-to-Software-Testing/artifacts/sample_runs/deepseek-v4-pro/cand354_8eef2fc92229,8eef2fc92229e47889e66774edd3df0a9f6d6281,Add Pair.accept(FailableBiConsumer),PairTest,True,0,0,0,maven_pass,,
deepseek-v4-pro,355,/home/lpy/workspace/misc/course/Introduction-to-Software-Testing/artifacts/sample_runs/deepseek-v4-pro/cand355_911fbb9352f0,911fbb9352f029dd02971eebdbf7d9cffc7f9175,Add ExceptionUtils.getRootCauseStackTraceList(Throwable),ExceptionUtilsTest,True,0,0,0,maven_pass,,
deepseek-v4-pro,356,/home/lpy/workspace/misc/course/Introduction-to-Software-Testing/artifacts/sample_runs/deepseek-v4-pro/cand356_9384d0fb583c,9384d0fb583c7a26f5eed8b6f586dc8e24f0dc49,Add org.apache.commons.lang3.SystemProperties.getLineSeparator(Supplier<String>),SystemPropertiesTest,True,0,0,0,maven_pass,,
deepseek-v4-pro,357,/home/lpy/workspace/misc/course/Introduction-to-Software-Testing/artifacts/sample_runs/deepseek-v4-pro/cand357_9397608dd35a,9397608dd35a335d5e14813c0923f9419782980a,LANG-971 NumberUtils#isNumber(String) fails to reject invalid Octal numbers,NumberUtilsTest,True,0,0,0,maven_pass,,
deepseek-v4-pro,358,/home/lpy/workspace/misc/course/Introduction-to-Software-Testing/artifacts/sample_runs/deepseek-v4-pro/cand358_944d6e10a47d,944d6e10a47d1f662b7bda5fd712dfb5440a36cf,Refactor and add RegExUtils.dotAll() and dotAllMatcher(),RegExUtilsTest,True,0,0,0,maven_pass,,
deepseek-v4-pro,359,/home/lpy/workspace/misc/course/Introduction-to-Software-Testing/artifacts/sample_runs/deepseek-v4-pro/cand359_94f612b31fd9,94f612b31fd934c17850b9a1c8f1eded2cbdc842,[LANG-1764] Several hash collisions in Fraction class,FractionTest,True,0,0,0,maven_pass,,
deepseek-v4-pro,360,/home/lpy/workspace/misc/course/Introduction-to-Software-Testing/artifacts/sample_runs/deepseek-v4-pro/cand360_97e572cb7e10,97e572cb7e104b09573bba1881a764d9bac81bc8,[LANG-1802] Fix collision in CharRange.hashCode(),CharRangeTest,True,0,0,0,maven_pass,,
deepseek-v4-pro,361,/home/lpy/workspace/misc/course/Introduction-to-Software-Testing/artifacts/sample_runs/deepseek-v4-pro/cand361_97fb6a23e02d,97fb6a23e02d67cc52506e819363d3781f33c1b3,Add SystemUtils.getJavaIoTmpDirPath(),SystemUtilsTest,True,0,0,0,maven_pass,,
deepseek-v4-pro,362,/home/lpy/workspace/misc/course/Introduction-to-Software-Testing/artifacts/sample_runs/deepseek-v4-pro/cand362_9a313ed46073,9a313ed4607336e025ce34575fdb2006c709524f,Add SystemProperties constants for system properties as of Java 22.,SystemPropertiesTest,True,0,0,0,maven_pass,,
deepseek-v4-pro,363,/home/lpy/workspace/misc/course/Introduction-to-Software-Testing/artifacts/sample_runs/deepseek-v4-pro/cand363_9bc57f7fed72,9bc57f7fed72c09468588f2f5ac5d5d503bc845c,"Add RegExUtils.dotAllMatcher(String, CharSequence) and deprecate RegExUtils.dotAllMatcher(String, String)",RegExUtilsTest,True,0,0,0,maven_pass,,
deepseek-v4-pro,364,/home/lpy/workspace/misc/course/Introduction-to-Software-Testing/artifacts/sample_runs/deepseek-v4-pro/cand364_9bd439b4e0aa,9bd439b4e0aa69050ef1baa537e552fa4620e5d4,LANG-1229: Performance regression due to cyclic hashCode guard,HashCodeBuilderTest,True,0,0,0,maven_pass,,
deepseek-v4-pro,365,/home/lpy/workspace/misc/course/Introduction-to-Software-Testing/artifacts/sample_runs/deepseek-v4-pro/cand365_9be39c4a7aa7,9be39c4a7aa7a9a0e3e9cbf29c85884623a9fa4f,Add Streams.of(Iterable<E>),StreamsTest,True,0,0,0,maven_pass,,
deepseek-v4-pro,366,/home/lpy/workspace/misc/course/Introduction-to-Software-Testing/artifacts/sample_runs/deepseek-v4-pro/cand366_9bf6b2fb4170,9bf6b2fb41704f3a3eadd4816bdff3c4ec24604e,Make Validate.isAssignableFrom() check null inputs.,ValidateTest,True,0,0,0,maven_pass,,
deepseek-v4-pro,367,/home/lpy/workspace/misc/course/Introduction-to-Software-Testing/artifacts/sample_runs/deepseek-v4-pro/cand367_9d6a4be2f1ff,9d6a4be2f1ff331e51daa807fb5b81473d645f73,LocaleUtils.availableLocaleSet() uses predictable iteration order,LocaleUtilsTest,True,0,0,0,maven_pass,,
deepseek-v4-pro,368,/home/lpy/workspace/misc/course/Introduction-to-Software-Testing/artifacts/sample_runs/deepseek-v4-pro/cand368_9e6383cb217b,9e6383cb217bb0d8e615eaea4b3d46446e8cc536,Add SystemUtils.IS_JAVA_16.,SystemUtilsTest,True,0,0,0,maven_pass,,
deepseek-v4-pro,369,/home/lpy/workspace/misc/course/Introduction-to-Software-Testing/artifacts/sample_runs/deepseek-v4-pro/cand369_9f7d3b5ec3aa,9f7d3b5ec3aab40ee404a652495848213a608f01,Fix `WordUtils.wrap` for `wrapOn` matches different from one character (#1655),WordUtilsTest,True,0,0,0,maven_pass,,
deepseek-v4-pro,370,/home/lpy/workspace/misc/course/Introduction-to-Software-Testing/artifacts/sample_runs/deepseek-v4-pro/cand370_a01471c196db,a01471c196dba90dc1c4cb83ad3aab9f5cf07698,[LANG-1759] SerializationUtils.clone(Object) throws ClassCastException when called with a Serializable lambda,SerializationUtilsTest,True,0,0,0,maven_pass,,
deepseek-v4-pro,371,/home/lpy/workspace/misc/course/Introduction-to-Software-Testing/artifacts/sample_runs/deepseek-v4-pro/cand371_a08ec31dbf21,a08ec31dbf212a033953dc6916a743dccbb93e37,Fixes LANG-1292: WordUtils.wrap throws StringIndexOutOfBoundsException,WordUtilsTest,True,0,0,0,maven_pass,,
deepseek-v4-pro,372,/home/lpy/workspace/misc/course/Introduction-to-Software-Testing/artifacts/sample_runs/deepseek-v4-pro/cand372_a11351107ed7,a11351107ed7ce1b3a903e52c422156b25fa2061,"[LANG-1044] Add method org.apache.commons.lang3.reflect.MethodUtils.invokeExactMethod(Object, String)</action> [LANG-1045] Add method org.apache.commons.lang3.reflect.MethodUtils.invokeMethod(Object, String)</action>",MethodUtilsTest,True,0,0,0,maven_pass,,
deepseek-v4-pro,373,/home/lpy/workspace/misc/course/Introduction-to-Software-Testing/artifacts/sample_runs/deepseek-v4-pro/cand373_a2b2b35ac3b9,a2b2b35ac3b969686c647e57f5ca3bacc63f2c56,[LANG-1646] NumberUtils to return requested floating point type for zero,NumberUtilsTest,True,0,0,0,maven_pass,,
deepseek-v4-pro,374,/home/lpy/workspace/misc/course/Introduction-to-Software-Testing/artifacts/sample_runs/deepseek-v4-pro/cand374_a3de60835eb2,a3de60835eb20ddc38f7635f1c0bd94b21801457,"<action issue=""LANG-962"" type=""add"" dev=""ggregory"">Add SerializationUtils.roundtrip(T extends Serializable) to serialize then deserialize</action>",SerializationUtilsTest,True,0,0,0,maven_pass,,
deepseek-v4-pro,375,/home/lpy/workspace/misc/course/Introduction-to-Software-Testing/artifacts/sample_runs/deepseek-v4-pro/cand375_a40b2a907a69,a40b2a907a69e51675d7d0502b2608833c4da343,LANG-1269: Wrong name or result of StringUtils#getJaroWinklerDistance (closes #198),StringUtilsTest,True,0,0,0,maven_pass,,
deepseek-v4-pro,376,/home/lpy/workspace/misc/course/Introduction-to-Software-Testing/artifacts/sample_runs/deepseek-v4-pro/cand376_a4ba12e80c1b,a4ba12e80c1b82b814b0165704934ef182ad069f,"org.apache.commons.lang3.EnumUtils.getFirstEnumIgnoreCase(Class<E>, String, Function<E, String>, E) now returns the given default enum on null enumClass input",EnumUtilsTest,True,0,0,0,maven_pass,,
deepseek-v4-pro,377,/home/lpy/workspace/misc/course/Introduction-to-Software-Testing/artifacts/sample_runs/deepseek-v4-pro/cand377_a5f9a0cc22e4,a5f9a0cc22e4626234a4d7b53bf357d61eb2478b,org.apache.commons.lang3.ClassUtils.getCanonicalName(String) now throws an IllegalArgumentException for array dimensions greater than 255,ClassUtilsTest,True,0,0,0,maven_pass,,
deepseek-v4-pro,378,/home/lpy/workspace/misc/course/Introduction-to-Software-Testing/artifacts/sample_runs/deepseek-v4-pro/cand378_a606a0328ba4,a606a0328ba4b3061c5bc810a31418fa4251ea16,[LANG-1513] ObjectUtils: Get first non-null supplier value.,ObjectUtilsTest,True,0,0,0,maven_pass,,
deepseek-v4-pro,379,/home/lpy/workspace/misc/course/Introduction-to-Software-Testing/artifacts/sample_runs/deepseek-v4-pro/cand379_a914a268ba9c,a914a268ba9c3ddc852bcfb0da680ae1103072dd,[LANG-1505] Add StopWatch convenience APIs to format times and create a simple instance.,StopWatchTest,True,0,0,0,maven_pass,,
deepseek-v4-pro,380,/home/lpy/workspace/misc/course/Introduction-to-Software-Testing/artifacts/sample_runs/deepseek-v4-pro/cand380_aadbea734d78,aadbea734d78e8d535d3a5837643336ca1384bd2,LANG-921 - BooleanUtils.xor(boolean...) produces wrong results,BooleanUtilsTest,True,0,0,0,maven_pass,,
deepseek-v4-pro,381,/home/lpy/workspace/misc/course/Introduction-to-Software-Testing/artifacts/sample_runs/deepseek-v4-pro/cand381_aadd8e172eb2,aadd8e172eb22fb593fbaa454075677656fad111,LANG-981 DurationFormatUtils#lexx does not detect unmatched quote char,DurationFormatUtilsTest,True,0,0,0,maven_pass,,
deepseek-v4-pro,382,/home/lpy/workspace/misc/course/Introduction-to-Software-Testing/artifacts/sample_runs/deepseek-v4-pro/cand382_ab8caff3a352,ab8caff3a352fcf10563db44b85f7e8fb154e3a1,"Add ArrayUtils.nullTo(T[], T[])",ArrayUtilsTest,True,0,0,0,maven_pass,,
deepseek-v4-pro,383,/home/lpy/workspace/misc/course/Introduction-to-Software-Testing/artifacts/sample_runs/deepseek-v4-pro/cand383_ae28edfbddde,ae28edfbddde9ed45fb0501ec6765a2af5c451f0,Add org.apache.commons.lang3.concurrent.locks.LockingVisitors.reentrantLockVisitor(Object),LockingVisitorsTest,True,0,0,0,maven_pass,,
deepseek-v4-pro,384,/home/lpy/workspace/misc/course/Introduction-to-Software-Testing/artifacts/sample_runs/deepseek-v4-pro/cand384_af1598229fca,af1598229fca5808042ed20f50c36a4fe923c915,"[LANG-1757] NullPointerException in MethodUtils.getMatchingAccessibleMethod(Class<?>, String, Class<?>...)",MethodUtilsTest,True,0,0,0,maven_pass,,
deepseek-v4-pro,385,/home/lpy/workspace/misc/course/Introduction-to-Software-Testing/artifacts/sample_runs/deepseek-v4-pro/cand385_b1d01fecee3b,b1d01fecee3b347b2488eb34bd33c90db0847399,[LANG-1479] Add Range.fit(T) to fit a value into a range.,RangeTest,True,0,0,0,maven_pass,,
deepseek-v4-pro,386,/home/lpy/workspace/misc/course/Introduction-to-Software-Testing/artifacts/sample_runs/deepseek-v4-pro/cand386_b2e66fe50ba8,b2e66fe50ba8af3986edc3d06a9dd3c8489cfd36,"Add EnumUtils.getFirstEnum(Class<E>, int, ToIntFunction<E>, E)",EnumUtilsTest,True,0,0,0,maven_pass,,
deepseek-v4-pro,387,/home/lpy/workspace/misc/course/Introduction-to-Software-Testing/artifacts/sample_runs/deepseek-v4-pro/cand387_b31877a46009,b31877a46009d5ee52af9b5f737dabe241689931,LANG-1408: Rounding utilities for converting to BigDecimal,NumberUtilsTest,True,0,0,0,maven_pass,,
deepseek-v4-pro,388,/home/lpy/workspace/misc/course/Introduction-to-Software-Testing/artifacts/sample_runs/deepseek-v4-pro/cand388_b46d417ef61b,b46d417ef61b69f2e4562e596d55466907d6933d,[LANG-1508] Add org.apache.commons.lang3.SystemUtils.getUserName().,SystemUtilsTest,True,0,0,0,maven_pass,,
deepseek-v4-pro,389,/home/lpy/workspace/misc/course/Introduction-to-Software-Testing/artifacts/sample_runs/deepseek-v4-pro/cand389_b5749b4f54b3,b5749b4f54b30c0c2050e456c12cfcf516434f13,LANG-456: HashCodeBuilder throws StackOverflowError in bidirectional navigable association. Thanks to Bob Fields who provides the inital patch. Thanks to Woosan Ko who wrote the final patch. Thanks to Bruno P. Kinoshita who updated the final patch so that it was easy to apply.,HashCodeBuilderTest,True,0,0,0,maven_pass,,
deepseek-v4-pro,390,/home/lpy/workspace/misc/course/Introduction-to-Software-Testing/artifacts/sample_runs/deepseek-v4-pro/cand390_b6f72e73ee96,b6f72e73ee96feb63e17096933fd5b7f313fb77b,Add builders for LockingVisitors implementations,LockingVisitorsTest,True,0,0,0,maven_pass,,
deepseek-v4-pro,391,/home/lpy/workspace/misc/course/Introduction-to-Software-Testing/artifacts/sample_runs/deepseek-v4-pro/cand391_b78295b4faca,b78295b4faca2fd26024a26ef4638b0dce5d40a3,LANG-999: Add fuzzy String matching logic to StringUtils. This also closes #20 from github. Thanks to Ben Ripkens.,StringUtilsTest,True,0,0,0,maven_pass,,
deepseek-v4-pro,392,/home/lpy/workspace/misc/course/Introduction-to-Software-Testing/artifacts/sample_runs/deepseek-v4-pro/cand392_b7b52fc506ca,b7b52fc506ca531ce97c936b4b6d70f72a1125d3,Internal refactoring,ObjectUtilsTest,True,0,0,0,maven_pass,,
deepseek-v4-pro,393,/home/lpy/workspace/misc/course/Introduction-to-Software-Testing/artifacts/sample_runs/deepseek-v4-pro/cand393_b877fb9abef4,b877fb9abef4a19eec9cc7329acbd433648b8f7b,LANG-1205: NumberUtils.createNumber() behaves inconsistently with NumberUtils.isNumber() This closes github #87 thanks to pbrose,NumberUtilsTest,True,0,0,0,maven_pass,,
deepseek-v4-pro,394,/home/lpy/workspace/misc/course/Introduction-to-Software-Testing/artifacts/sample_runs/deepseek-v4-pro/cand394_b9f15bc007be,b9f15bc007be2bb0ba9633559482396e0352785a,Make LockVisitor.acceptReadLocked(FailableConsumer) null-safe,LockingVisitorsTest,True,0,0,0,maven_pass,,
deepseek-v4-pro,395,/home/lpy/workspace/misc/course/Introduction-to-Software-Testing/artifacts/sample_runs/deepseek-v4-pro/cand395_ba7505d9a91b,ba7505d9a91be02088e1309f172f3dc55823c9c0,"LANG-1592: Correct implementation of RandomUtils.nextLong(long, long)",RandomUtilsTest,True,0,0,0,maven_pass,,
deepseek-v4-pro,396,/home/lpy/workspace/misc/course/Introduction-to-Software-Testing/artifacts/sample_runs/deepseek-v4-pro/cand396_be370cd0ef13,be370cd0ef134bb44fde733e4ee91661a012dae5,Applying Thomas' patch from LANG-917 - fixing Arne Burmeister's reported exception when combining custom and choice formats,ExtendedMessageFormatTest,True,0,0,0,maven_pass,,
deepseek-v4-pro,397,/home/lpy/workspace/misc/course/Introduction-to-Software-Testing/artifacts/sample_runs/deepseek-v4-pro/cand397_bf6ee5c56eb3,bf6ee5c56eb32bb572c240d765d542c048ec9565,LANG-948: Exception while using ExtendedMessageFormat and escaping braces. This fixes #19 from github. Thanks to Andrey Khobnya.,ExtendedMessageFormatTest,True,0,0,0,maven_pass,,
deepseek-v4-pro,398,/home/lpy/workspace/misc/course/Introduction-to-Software-Testing/artifacts/sample_runs/deepseek-v4-pro/cand398_bfa3c06361fa,bfa3c06361fa7bfcf35f8b3136f48a46c2b2c241,Add CalendarUtils.toOffsetDateTime(Calendar),CalendarUtilsTest,True,0,0,0,maven_pass,,
deepseek-v4-pro,399,/home/lpy/workspace/misc/course/Introduction-to-Software-Testing/artifacts/sample_runs/deepseek-v4-pro/cand399_c140fc8154e8,c140fc8154e8c680aad63239eaaaac14d85d5683,Add MutablePair.ofNonNull(Map.Entry),MutablePairTest,True,0,0,0,maven_pass,,
deepseek-v4-pro,400,/home/lpy/workspace/misc/course/Introduction-to-Software-Testing/artifacts/sample_runs/deepseek-v4-pro/cand400_c26c72f8a8ee,c26c72f8a8ee9996bff2bf139eb42fc2c56e62d8,"Add ObjectUtils.toString(Object, Supplier<String>).",ObjectUtilsTest,True,0,0,0,maven_pass,,
deepseek-v4-pro,401,/home/lpy/workspace/misc/course/Introduction-to-Software-Testing/artifacts/sample_runs/deepseek-v4-pro/cand401_c35a04102274,c35a04102274b330aa833030c15f722b00062812,LANG-1199: Fix implementation of StringUtils.getJaroWinklerDistance(),StringUtilsTest,True,0,0,0,maven_pass,,
deepseek-v4-pro,402,/home/lpy/workspace/misc/course/Introduction-to-Software-Testing/artifacts/sample_runs/deepseek-v4-pro/cand402_c37a911d3a15,c37a911d3a1541adc25c8d76f717015b2266d123,LANG-1160: StringUtils#abbreviate should support 'custom ellipses' parameter (closes #195),StringUtilsTest,False,1,,,merge_incomplete,merge_incomplete,"raw.md exists, but generated.java is missing"
deepseek-v4-pro,403,/home/lpy/workspace/misc/course/Introduction-to-Software-Testing/artifacts/sample_runs/deepseek-v4-pro/cand403_c3d65461a327,c3d65461a327b98ce5f582c45a48b6bb2b21d03d,LANG-1006: Add wrap (with String or char) to StringUtils. This closes PR #21 from github. Thanks to Thiago Andrade.,StringUtilsTest,True,0,0,0,maven_pass,,
deepseek-v4-pro,404,/home/lpy/workspace/misc/course/Introduction-to-Software-Testing/artifacts/sample_runs/deepseek-v4-pro/cand404_c4007c4a24ea,c4007c4a24eafbed53109e4b0376b4fd0ba01b56,[LANG-1524] TypeUtils.toString(Type) StackOverflowError for an inner class in the inner class parameterized enclosing class #657,TypeUtilsTest,True,0,1,1,maven_fail,compile_error,"tilsTest-nl_d3ww5/src/test/java/org/apache/commons/lang3/reflect/TypeUtilsTest.java:[59,1] repeated modifier [ERROR] [ERROR] -> [Help 1] [ERROR] [ERROR] To see the full stack trace of the errors, re-run Maven with the -e switch. [ERROR] Re-run Maven using the -X switch to enable full debug logging. [ERROR] [ERROR] For more information about the errors and possible solutions, please read the following articles: [ERROR] [Help 1] http://cwiki.apache.org/confluence/display/MAVEN/MojoFailureException"
deepseek-v4-pro,405,/home/lpy/workspace/misc/course/Introduction-to-Software-Testing/artifacts/sample_runs/deepseek-v4-pro/cand405_c47e5f95f685,c47e5f95f6853f127c291ef2293edd9a28aceec6,[LANG-1498] Add support of lambda value evaluation for defaulting methods #416.,ObjectUtilsTest,True,0,0,0,maven_pass,,
deepseek-v4-pro,406,/home/lpy/workspace/misc/course/Introduction-to-Software-Testing/artifacts/sample_runs/deepseek-v4-pro/cand406_c64cf945161e,c64cf945161ec9cad47d9b921387645c1a369053,Add IntegerRange.toIntStream(),IntegerRangeTest,True,0,0,0,maven_pass,,
deepseek-v4-pro,407,/home/lpy/workspace/misc/course/Introduction-to-Software-Testing/artifacts/sample_runs/deepseek-v4-pro/cand407_c82d9a4809a9,c82d9a4809a94280adb25cd46151bdf139518f1d,[LANG-1462] Use TimeZone from calendar in DateFormatUtils.,DateFormatUtilsTest,True,0,0,0,maven_pass,,
deepseek-v4-pro,408,/home/lpy/workspace/misc/course/Introduction-to-Software-Testing/artifacts/sample_runs/deepseek-v4-pro/cand408_c9722131d50d,c9722131d50de2a78aaf79a222fa5135431b9a73,Add StopWatch.getStopTime().,StopWatchTest,True,0,0,0,maven_pass,,
deepseek-v4-pro,409,/home/lpy/workspace/misc/course/Introduction-to-Software-Testing/artifacts/sample_runs/deepseek-v4-pro/cand409_c99a78775277,c99a787752770b8952297e24e07bd404cb2f4f74,LANG-1202: parseDateStrictly does't pass specified locale,DateUtilsTest,True,0,0,0,maven_pass,,
deepseek-v4-pro,410,/home/lpy/workspace/misc/course/Introduction-to-Software-Testing/artifacts/sample_runs/deepseek-v4-pro/cand410_cc6a92b1a5bb,cc6a92b1a5bb1a9a1d38d4bce67644dbb1b2b349,"Deprecating StringUtils.toString(byte[],String) in favour of a new CharSet based method, as reported by Aaron Digulla in LANG-795",StringUtilsTest,True,0,0,0,maven_pass,,
deepseek-v4-pro,411,/home/lpy/workspace/misc/course/Introduction-to-Software-Testing/artifacts/sample_runs/deepseek-v4-pro/cand411_cd87ec61b8d0,cd87ec61b8d0b3274d6b348397802b46cd1c0247,[LANG-1789] NullPointerException when generating NoSuchMethodException in MethodUtils,MethodUtilsTest,True,0,0,0,maven_pass,,
deepseek-v4-pro,412,/home/lpy/workspace/misc/course/Introduction-to-Software-Testing/artifacts/sample_runs/deepseek-v4-pro/cand412_cf4138d7bc1a,cf4138d7bc1a892295ccd58ea8b42f7c8737239a,LANG-984 DurationFormatUtils does not handle large durations correctly,DurationFormatUtilsTest,True,0,0,0,maven_pass,,
deepseek-v4-pro,413,/home/lpy/workspace/misc/course/Introduction-to-Software-Testing/artifacts/sample_runs/deepseek-v4-pro/cand413_d0bb31bc10ac,d0bb31bc10ac0e16f47840550860ca26f01c5595,Add SystemUtils.IS_OS_ANDROID,SystemUtilsTest,True,0,0,0,maven_pass,,
deepseek-v4-pro,414,/home/lpy/workspace/misc/course/Introduction-to-Software-Testing/artifacts/sample_runs/deepseek-v4-pro/cand414_d26170a97698,d26170a97698da141d616942f2673874e043a13c,Add LocaleUtils.isLanguageUndetermined(Locale),LocaleUtilsTest,True,0,0,0,maven_pass,,
deepseek-v4-pro,415,/home/lpy/workspace/misc/course/Introduction-to-Software-Testing/artifacts/sample_runs/deepseek-v4-pro/cand415_d38919fcbda8,d38919fcbda835f0ad82d65f25349bd7105b67cc,LANG-1093: Add ClassUtils.getAbbreviatedName(). This fixes #48 from github. Thanks to Fabian Lange.,ClassUtilsTest,True,0,0,0,maven_pass,,
deepseek-v4-pro,416,/home/lpy/workspace/misc/course/Introduction-to-Software-Testing/artifacts/sample_runs/deepseek-v4-pro/cand416_d68e2e912512,d68e2e9125126938399175f424f06301f497b920,[LANG-1406] StringIndexOutOfBoundsException in StringUtils.replaceIgnoreCase,StringUtilsTest,True,0,0,0,maven_pass,,
deepseek-v4-pro,417,/home/lpy/workspace/misc/course/Introduction-to-Software-Testing/artifacts/sample_runs/deepseek-v4-pro/cand417_d88f70e8ff3e,d88f70e8ff3e73981809ddc530c19288c1f092c5,"[LANG-1568] FailableBooleanSupplier, FailableIntSupplier, FailableLongSupplier, FailableDoubleSupplier.",FunctionsTest,True,0,0,0,maven_pass,,
deepseek-v4-pro,418,/home/lpy/workspace/misc/course/Introduction-to-Software-Testing/artifacts/sample_runs/deepseek-v4-pro/cand418_d8f7c3843231,d8f7c38432313089a198978638fc453ac592b743,Add DoubleRange.fit(double),DoubleRangeTest,True,0,0,0,maven_pass,,
deepseek-v4-pro,419,/home/lpy/workspace/misc/course/Introduction-to-Software-Testing/artifacts/sample_runs/deepseek-v4-pro/cand419_da0583008020,da0583008020c6a9cd02dca25e8d2fac5c2bbf14,"Add SystemProperties.getPath(String, Supplier<Path>)",SystemPropertiesTest,True,0,0,0,maven_pass,,
deepseek-v4-pro,420,/home/lpy/workspace/misc/course/Introduction-to-Software-Testing/artifacts/sample_runs/deepseek-v4-pro/cand420_dad064eebbde,dad064eebbde450cb500a0e0d72200c655ac47c6,Add ArrayUtils.oneHot().,BooleanUtilsTest,True,0,0,0,maven_pass,,
deepseek-v4-pro,421,/home/lpy/workspace/misc/course/Introduction-to-Software-Testing/artifacts/sample_runs/deepseek-v4-pro/cand421_dde6790a88d8,dde6790a88d8a2ec438568a4513d7d359d3602cc,[LANG-1645] NumberUtils to recognise hex integers prefixed with +,NumberUtilsTest,True,0,0,0,maven_pass,,
deepseek-v4-pro,422,/home/lpy/workspace/misc/course/Introduction-to-Software-Testing/artifacts/sample_runs/deepseek-v4-pro/cand422_df3e2715f412,df3e2715f41263d8998b7350301d106967748c0e,Add TimedSemaphore.builder() and Builder,TimedSemaphoreTest,True,0,0,0,maven_pass,,
deepseek-v4-pro,423,/home/lpy/workspace/misc/course/Introduction-to-Software-Testing/artifacts/sample_runs/deepseek-v4-pro/cand423_e1ffb6ea0b9e,e1ffb6ea0b9e21ea71c4540b0fca4db8e4c1dd93,ThreadUtils.sleepQuietly(Duration) now restores the current thread's interrupt flag when catching InterruptedException.,ThreadUtilsTest,True,0,0,0,maven_pass,,
deepseek-v4-pro,424,/home/lpy/workspace/misc/course/Introduction-to-Software-Testing/artifacts/sample_runs/deepseek-v4-pro/cand424_e3e29d585a45,e3e29d585a455693829deb9231440aeda38eacd4,"Add StringUtils.removeStart(String, char).",StringUtilsTest,True,0,0,0,maven_pass,,
deepseek-v4-pro,425,/home/lpy/workspace/misc/course/Introduction-to-Software-Testing/artifacts/sample_runs/deepseek-v4-pro/cand425_e5e8ba09066f,e5e8ba09066fadb13d6b84402d46287bbd1569b7,Add SystemUtils.IS_JAVA_18,SystemUtilsTest,True,0,0,0,maven_pass,,
deepseek-v4-pro,426,/home/lpy/workspace/misc/course/Introduction-to-Software-Testing/artifacts/sample_runs/deepseek-v4-pro/cand426_e6796a0ec610,e6796a0ec6105f8c87e5330b51c8c9ee75df353f,[LANG-1706] ThreadUtils find methods should not return null items #1098,ThreadUtilsTest,True,0,0,0,maven_pass,,
deepseek-v4-pro,427,/home/lpy/workspace/misc/course/Introduction-to-Software-Testing/artifacts/sample_runs/deepseek-v4-pro/cand427_e6ae7561a05b,e6ae7561a05b1356625563cd868dce8a0fa4ddae,"Add Streams.instancesOf(Class, Collection).",StreamsTest,True,0,0,0,maven_pass,,
deepseek-v4-pro,428,/home/lpy/workspace/misc/course/Introduction-to-Software-Testing/artifacts/sample_runs/deepseek-v4-pro/cand428_e6eba6e9acbd,e6eba6e9acbd646e9a28546b14ae1d663dc6751a,[LANG-1674] Make Range constructors more generic #810.,RangeTest,True,0,0,0,maven_pass,,
deepseek-v4-pro,429,/home/lpy/workspace/misc/course/Introduction-to-Software-Testing/artifacts/sample_runs/deepseek-v4-pro/cand429_e7d001f1b77c,e7d001f1b77c382f99ee7fe01d8563d8219697df,"Add RegExUtils.removePattern(CharSequence, String) and deprecate RegExUtils.removePattern(String, String)",RegExUtilsTest,True,0,0,0,maven_pass,,
deepseek-v4-pro,430,/home/lpy/workspace/misc/course/Introduction-to-Software-Testing/artifacts/sample_runs/deepseek-v4-pro/cand430_e81855a208c9,e81855a208c909f46e1bf346d7982bd77be13476,Add BooleanUtils.values() and forEach().,BooleanUtilsTest,True,0,0,0,maven_pass,,
deepseek-v4-pro,431,/home/lpy/workspace/misc/course/Introduction-to-Software-Testing/artifacts/sample_runs/deepseek-v4-pro/cand431_e863dcb2e7a6,e863dcb2e7a654af6b8eb5865d8d1d8eee0a6d28,[LANG-1367] ObjectUtils.identityToString(Object) and friends should allocate builders and buffers with a size,ObjectUtilsTest,True,0,0,0,maven_pass,,
deepseek-v4-pro,432,/home/lpy/workspace/misc/course/Introduction-to-Software-Testing/artifacts/sample_runs/deepseek-v4-pro/cand432_e8a2c29721d1,e8a2c29721d145c52c970049e5469cfb0dcefd87,LANG-1163 There are no tests for CharSequenceUtils.regionMatches,CharSequenceUtilsTest,True,0,0,0,maven_pass,,
deepseek-v4-pro,433,/home/lpy/workspace/misc/course/Introduction-to-Software-Testing/artifacts/sample_runs/deepseek-v4-pro/cand433_e9e041b791ae,e9e041b791ae88a894fbcaa0062b5e8c43f33934,Make Streams.stream(Collection) null-safe.,StreamsTest,True,0,0,0,maven_pass,,
deepseek-v4-pro,434,/home/lpy/workspace/misc/course/Introduction-to-Software-Testing/artifacts/sample_runs/deepseek-v4-pro/cand434_e9f3ece02285,e9f3ece022854a7c415b6ce8435ca803dc8aee8b,Add ClassLoaderUtils.getSystemURLs() and getThreadURLs().,ClassLoaderUtilsTest,True,0,0,0,maven_pass,,
deepseek-v4-pro,435,/home/lpy/workspace/misc/course/Introduction-to-Software-Testing/artifacts/sample_runs/deepseek-v4-pro/cand435_eaa9269ac80c,eaa9269ac80c2a957cabed0c46173149a4137c24,"[LANG-1257] StringUtils.wrapIfMissing(String, char|String)",StringUtilsTest,True,0,0,0,maven_pass,,
deepseek-v4-pro,436,/home/lpy/workspace/misc/course/Introduction-to-Software-Testing/artifacts/sample_runs/deepseek-v4-pro/cand436_ec2fa6bd5695,ec2fa6bd5695b36435cc66ca4cdd8183d077a0cf,"LANG-1224: Extend RandomStringUtils with methods that generate strings between a min and max length (closes #101, closes #157)",RandomStringUtilsTest,True,0,0,0,maven_pass,,
deepseek-v4-pro,437,/home/lpy/workspace/misc/course/Introduction-to-Software-Testing/artifacts/sample_runs/deepseek-v4-pro/cand437_ec93f3b7f59a,ec93f3b7f59a6f6bc489bc3ffda932a6ca9fe6ca,"StringUtils.join(Iterator, String) should only return null when the Iterator is null",StringUtilsTest,True,0,0,0,maven_pass,,
deepseek-v4-pro,438,/home/lpy/workspace/misc/course/Introduction-to-Software-Testing/artifacts/sample_runs/deepseek-v4-pro/cand438_ee09f69951c0,ee09f69951c0867c0ade41658effb6f48a49eec1,MethodUtils cannot find or invoke a vararg method without providing vararg types or values #1427,MethodUtilsTest,True,0,0,0,maven_pass,,
deepseek-v4-pro,439,/home/lpy/workspace/misc/course/Introduction-to-Software-Testing/artifacts/sample_runs/deepseek-v4-pro/cand439_ef3015cc99f7,ef3015cc99f7bd51862c1d95014e8332d24c2341,[LANG-1304] StringUtils method to check for mixed case in string (closes #223),StringUtilsTest,True,0,0,0,maven_pass,,
deepseek-v4-pro,440,/home/lpy/workspace/misc/course/Introduction-to-Software-Testing/artifacts/sample_runs/deepseek-v4-pro/cand440_ef3d5d93a30b,ef3d5d93a30ba3934b8f02b88c048451aad8e87a,Add ArrayUtils.startsWith(),ArrayUtilsTest,True,0,0,0,maven_pass,,
deepseek-v4-pro,441,/home/lpy/workspace/misc/course/Introduction-to-Software-Testing/artifacts/sample_runs/deepseek-v4-pro/cand441_efba54d35fa0,efba54d35fa094de5e580b200a8607bfc7bd5a7a,"[LANG-1393] Add API SystemUtils.String getEnvironmentVariable(final String name, final String defaultValue).",SystemUtilsTest,True,0,0,0,maven_pass,,
deepseek-v4-pro,442,/home/lpy/workspace/misc/course/Introduction-to-Software-Testing/artifacts/sample_runs/deepseek-v4-pro/cand442_f1aed3eacb50,f1aed3eacb500f581f0c10074bdb7faaacfa4a49,Add StopWatch.getStartInstant() and deprecate getStartTime(),StopWatchTest,True,0,0,0,maven_pass,,
deepseek-v4-pro,443,/home/lpy/workspace/misc/course/Introduction-to-Software-Testing/artifacts/sample_runs/deepseek-v4-pro/cand443_f2cacb4732f1,f2cacb4732f1d4aeae03faced4ee922d592f7e9d,Add org.apache.commons.lang3.SystemProperties.getUserName(Supplier<String>),SystemPropertiesTest,True,0,0,0,maven_pass,,
deepseek-v4-pro,444,/home/lpy/workspace/misc/course/Introduction-to-Software-Testing/artifacts/sample_runs/deepseek-v4-pro/cand444_f2d8493ac449,f2d8493ac44995170ff84bb895e3a73e0127cc68,LANG-1346: Remove deprecation from RandomStringUtils,RandomStringUtilsTest,True,0,0,0,maven_pass,,
deepseek-v4-pro,445,/home/lpy/workspace/misc/course/Introduction-to-Software-Testing/artifacts/sample_runs/deepseek-v4-pro/cand445_f431d2eeb71c,f431d2eeb71c1e0cf910cdd4d930153e656379c3,"Add ArrayFill.fill(boolean[], boolean) #1386",ArrayFillTest,True,0,0,0,maven_pass,,
deepseek-v4-pro,446,/home/lpy/workspace/misc/course/Introduction-to-Software-Testing/artifacts/sample_runs/deepseek-v4-pro/cand446_f43534ec04d4,f43534ec04d4c4bae666033e2041ecde21c19a56,Add RegExUtils methods typed to CharSequence input and deprecate old versions typed to String,RegExUtilsTest,True,0,1,1,maven_fail,maven_other_failure,"hort[]> cannot be converted to java.lang.Object&java.io.Serializable&java.util.function.Supplier<java.lang.Short[]>) [ERROR] -> [Help 1] [ERROR] [ERROR] To see the full stack trace of the errors, re-run Maven with the -e switch. [ERROR] Re-run Maven using the -X switch to enable full debug logging. [ERROR] [ERROR] For more information about the errors and possible solutions, please read the following articles: [ERROR] [Help 1] http://cwiki.apache.org/confluence/display/MAVEN/MojoFailureException"
deepseek-v4-pro,447,/home/lpy/workspace/misc/course/Introduction-to-Software-Testing/artifacts/sample_runs/deepseek-v4-pro/cand447_f51299ced4fd,f51299ced4fd40b44a3f6eca9ae528e818558205,LANG-1677 : Add ReflectionDiffBuilder.setExcludeFieldNames(...) and DiffExclude a… (#838),ReflectionDiffBuilderTest,True,0,1,1,maven_fail,maven_other_failure,"qn/src/test/java/org/apache/commons/lang3/builder/ReflectionDiffBuilderTest.java:[3,280] illegal character: '\u3002' [ERROR] -> [Help 1] [ERROR] [ERROR] To see the full stack trace of the errors, re-run Maven with the -e switch. [ERROR] Re-run Maven using the -X switch to enable full debug logging. [ERROR] [ERROR] For more information about the errors and possible solutions, please read the following articles: [ERROR] [Help 1] http://cwiki.apache.org/confluence/display/MAVEN/MojoFailureException"
deepseek-v4-pro,448,/home/lpy/workspace/misc/course/Introduction-to-Software-Testing/artifacts/sample_runs/deepseek-v4-pro/cand448_f56931c176fe,f56931c176fef5e164b681c740746aebdccccec3,LANG-1380: FastDateParser too strict on abbreviated short month symbols,FastDateParserTest,True,0,0,0,maven_pass,,
deepseek-v4-pro,449,/home/lpy/workspace/misc/course/Introduction-to-Software-Testing/artifacts/sample_runs/deepseek-v4-pro/cand449_f643b4fa939e,f643b4fa939e89348618ddffae20a804f4461363,Fix for LANG-1286: RandomStringUtils random method can overflow...,RandomStringUtilsTest,True,0,0,0,maven_pass,,
deepseek-v4-pro,450,/home/lpy/workspace/misc/course/Introduction-to-Software-Testing/artifacts/sample_runs/deepseek-v4-pro/cand450_f9b486a17171,f9b486a17171359e880bfa91a14602fe95a5dbf8,Adding 00A0 to the list of whitespace characters per LANG-910,StringUtilsTest,True,0,1,1,maven_fail,compile_error,"/commons/lang3/StringUtilsTest.java:[2328,25] variable HARD_SPACE not initialized in the default constructor [ERROR] [ERROR] -> [Help 1] [ERROR] [ERROR] To see the full stack trace of the errors, re-run Maven with the -e switch. [ERROR] Re-run Maven using the -X switch to enable full debug logging. [ERROR] [ERROR] For more information about the errors and possible solutions, please read the following articles: [ERROR] [Help 1] http://cwiki.apache.org/confluence/display/MAVEN/MojoFailureException"
deepseek-v4-pro,451,/home/lpy/workspace/misc/course/Introduction-to-Software-Testing/artifacts/sample_runs/deepseek-v4-pro/cand451_fb42e80e9293,fb42e80e929334aa393de029dfc47cd309826a19,Add SystemUtils.getUserHomePath(),SystemUtilsTest,True,0,0,0,maven_pass,,
deepseek-v4-pro,452,/home/lpy/workspace/misc/course/Introduction-to-Software-Testing/artifacts/sample_runs/deepseek-v4-pro/cand452_fb4803623b8f,fb4803623b8f089a8dfd265a68461f4283e7ffad,LANG-1312: LocaleUtils#toLocale does not support language followed by UN M.49 numeric-3 area code followed by variant,LocaleUtilsTest,True,0,0,0,maven_pass,,
deepseek-v4-pro,453,/home/lpy/workspace/misc/course/Introduction-to-Software-Testing/artifacts/sample_runs/deepseek-v4-pro/cand453_fbb0f7f88c84,fbb0f7f88c84001e0a92dae6a71b7e43bda65a56,LANG-995: Fix bug with stripping spaces on last line in WordUtils.wrap(). This fixes #18 from github. Thanks to Andrey Khobnya,WordUtilsTest,True,0,0,0,maven_pass,,
deepseek-v4-pro,454,/home/lpy/workspace/misc/course/Introduction-to-Software-Testing/artifacts/sample_runs/deepseek-v4-pro/cand454_fc73151cfca3,fc73151cfca36ea2641f340700dbe339b9e1f103,LANG-1131: StrBuilder.equals(StrBuilder) doesn't check for null inputs,StrBuilderTest,True,0,0,0,maven_pass,,
deepseek-v4-pro,455,/home/lpy/workspace/misc/course/Introduction-to-Software-Testing/artifacts/sample_runs/deepseek-v4-pro/cand455_fd6fbe280d90,fd6fbe280d90338f640c5acc92bec12e36f6d6c3,"Return ""null"""" instead of NPE in ClassLoaderUtils.toString(URLClassLoader)",ClassLoaderUtilsTest,True,0,0,0,maven_pass,,
deepseek-v4-pro,456,/home/lpy/workspace/misc/course/Introduction-to-Software-Testing/artifacts/sample_runs/deepseek-v4-pro/cand456_fe43aa478db7,fe43aa478db7008b0c8e76b62e75b111678a8200,Add LongRange.fit(long),LongRangeTest,True,0,0,0,maven_pass,,
deepseek-v4-pro,457,/home/lpy/workspace/misc/course/Introduction-to-Software-Testing/artifacts/sample_runs/deepseek-v4-pro/cand457_fee35ddc141a,fee35ddc141a65a4956290864598e825214c4cff,Add SystemUtils.IS_JAVA_20,SystemUtilsTest,True,0,0,0,maven_pass,,
deepseek-v4-pro,458,/home/lpy/workspace/misc/course/Introduction-to-Software-Testing/artifacts/sample_runs/deepseek-v4-pro/cand458_ff415c8f8f21,ff415c8f8f213d40a19f8dc9ac037050ef497bf8,Add Streams.nullSafeStream(Collection). Add Streams.toStream(Collection).,StreamsTest,True,0,0,0,maven_pass,,
deepseek-v4-pro,459,/home/lpy/workspace/misc/course/Introduction-to-Software-Testing/artifacts/sample_runs/deepseek-v4-pro/cand459_ff4497aff8cc,ff4497aff8cc9de4e0b2c6e5e23e5b6550f76f29,LANG-1155: Add StringUtils#unwrap,StringUtilsTest,True,0,0,0,maven_pass,,
deepseek-v4-pro,460,/home/lpy/workspace/misc/course/Introduction-to-Software-Testing/artifacts/sample_runs/deepseek-v4-pro/cand460_ff66cce0ca10,ff66cce0ca10046727e594e0beeed7924dfc7a41,Add SystemUtils.IS_OS_MAC_OSX_SONOMA,SystemUtilsTest,True,0,0,0,maven_pass,,
deepseek-v4-pro,461,/home/lpy/workspace/misc/course/Introduction-to-Software-Testing/artifacts/sample_runs/deepseek-v4-pro/cand461_ffc38b1f3b35,ffc38b1f3b35ddfadb942240b9d2f933ec83d1be,"LANG-1081: DiffBuilder.append(String, Object left, Object right) does not do a left.equals(right) check. This fixes #41 from github. Thanks to Jonathan Baker.",DiffBuilderTest,True,0,0,0,maven_pass,,
deepseek-v4-pro,462,/home/lpy/workspace/misc/course/Introduction-to-Software-Testing/artifacts/sample_runs/deepseek-v4-pro/cand462_364d5912b285,364d5912b2853210d078238e62e4989c7c4b57fa,LANG-341: Please add number to byte[] methods. Suggested by Lilianne E. Blaze. Final patch from Vincent Ricard (with thanks to Henri Yandell).,NumberUtilsTest,True,0,0,0,maven_pass,,
deepseek-v4-pro,463,/home/lpy/workspace/misc/course/Introduction-to-Software-Testing/artifacts/sample_runs/deepseek-v4-pro/cand463_71c905200de7,71c905200de7d1d260a2a40a29d96c7e8a976a6e,Optimize ObjectToStringComparator.compare() method,ObjectToStringComparatorTest,True,0,0,0,maven_pass,,
deepseek-v4-pro,464,/home/lpy/workspace/misc/course/Introduction-to-Software-Testing/artifacts/sample_runs/deepseek-v4-pro/cand464_954280893c34,954280893c34f560b35c3eb1c106852110d8ca27,Reverts changes introduced in r1563259. Discussion to be had over correct place for this functionality (likely org.apache.commons.lang3.Conversion).,NumberUtilsTest,True,0,0,0,maven_pass,,
deepseek-v4-pro,465,/home/lpy/workspace/misc/course/Introduction-to-Software-Testing/artifacts/sample_runs/deepseek-v4-pro/cand465_b2e7374bfb91,b2e7374bfb91b54d49dfb4d327de639ff1f4b127,Add BooleanUtils.booleanValues(). Add BooleanUtils.primitiveValues().,BooleanUtilsTest,True,0,0,0,maven_pass,,
deepseek-v4-pro,466,/home/lpy/workspace/misc/course/Introduction-to-Software-Testing/artifacts/sample_runs/deepseek-v4-pro/cand466_bc16e0109a30,bc16e0109a30b819c50895e157830fe9b3f8e93f,PR: LANG-1447,FunctionsTest,True,0,0,0,maven_pass,,
deepseek-v4-pro,467,/home/lpy/workspace/misc/course/Introduction-to-Software-Testing/artifacts/sample_runs/deepseek-v4-pro/cand467_c288d296018a,c288d296018a48eb88526b05b62419170cc63a6b,LANG-934 - Add removeFinalModifier to FieldUtils,FieldUtilsTest,True,0,0,0,maven_pass,,
deepseek-v4-pro,468,/home/lpy/workspace/misc/course/Introduction-to-Software-Testing/artifacts/sample_runs/deepseek-v4-pro/cand468_da246244aebf,da246244aebf91571b0689e3dee97fce0ad52b23,Add StopWatch.run([Failable]Runnable) and get([Failable]Supplier),StopWatchTest,True,0,0,0,maven_pass,,
deepseek-v4-pro,469,/home/lpy/workspace/misc/course/Introduction-to-Software-Testing/artifacts/sample_runs/deepseek-v4-pro/cand469_f4c2ed4995d1,f4c2ed4995d19c595ec0bf5c49d210df9046fda9,LANG-1518 - fix searchSupers for generic classes (#494),MethodUtilsTest,True,0,0,0,maven_pass,,
deepseek-v4-pro,470,/home/lpy/workspace/misc/course/Introduction-to-Software-Testing/artifacts/sample_runs/deepseek-v4-pro/cand470_1d5ba7a1109b,1d5ba7a1109ba6bf5b7948ece6add47d57f9d6c2,MethodUtils cannot find or invoke a public method on a public class implemented in its package-private superclass,MethodUtilsTest,True,0,0,0,maven_pass,,
deepseek-v4-pro,471,/home/lpy/workspace/misc/course/Introduction-to-Software-Testing/artifacts/sample_runs/deepseek-v4-pro/cand471_46007c151e4c,46007c151e4cd79891eed4d289ff372ba39d5b8c,"LANG-1317: Adds MethodUtils#findAnnotation and extend MethodUtils#getMethodsWithAnnotation for non-public, super-class and interface methods (closes #261)",MethodUtilsTest,True,0,0,0,maven_pass,,
deepseek-v4-pro,472,/home/lpy/workspace/misc/course/Introduction-to-Software-Testing/artifacts/sample_runs/deepseek-v4-pro/cand472_e5e1339e444a,e5e1339e444a2e0c0835b318a20b38c170de15d5,[LANG-1461] Add null-safe StringUtils APIs to wrap String#getBytes([Charset|String]).</action>,StringUtilsTest,True,0,0,0,maven_pass,,
deepseek-v4-pro,473,/home/lpy/workspace/misc/course/Introduction-to-Software-Testing/artifacts/sample_runs/deepseek-v4-pro/cand473_f2bdb0cb74a0,f2bdb0cb74a08b15439abf18df6ac2b52549394a,Add long support to `BitField` (#1561),BitFieldTest,True,0,0,0,maven_pass,,
deepseek-v4-pro,474,/home/lpy/workspace/misc/course/Introduction-to-Software-Testing/artifacts/sample_runs/deepseek-v4-pro/cand474_7cfa8a932869,7cfa8a932869b98c3737f4ed41312d92eb50d636,Change StringUtils arguments from String to CharSequence.,StringUtilsTest,True,0,0,0,maven_pass,,
deepseek-v4-pro,475,/home/lpy/workspace/misc/course/Introduction-to-Software-Testing/artifacts/sample_runs/deepseek-v4-pro/cand475_f382d61a0377,f382d61a03778ccf838c6c051bd8692e4834dec2,Reimplement RandomStringUtils on top of SecureRandom#getInstanceStrong() (#1235),RandomStringUtilsTest,True,0,0,0,maven_pass,,
deepseek-v4-pro,476,/home/lpy/workspace/misc/course/Introduction-to-Software-Testing/artifacts/sample_runs/deepseek-v4-pro/cand476_344df3015897,344df301589744f0a4dc0f4eea91e078b2f97443,"TimeZones.GMT is a mutable public static final field, setRawOffset() and setID() (#1666)",TimeZonesTest,True,0,0,0,maven_pass,,
deepseek-v4-pro,477,/home/lpy/workspace/misc/course/Introduction-to-Software-Testing/artifacts/sample_runs/deepseek-v4-pro/cand477_7129c43b08da,7129c43b08da58e1c907dd2b90bb58e7a09bf85c,[LANG-1238] Add RegexUtils class instead of overloadinh methods in StringUtils that take a regex to take precompiled Pattern.,StringUtilsTest,True,0,0,0,maven_pass,,
deepseek-v4-pro,478,/home/lpy/workspace/misc/course/Introduction-to-Software-Testing/artifacts/sample_runs/deepseek-v4-pro/cand478_74fa00c3c503,74fa00c3c503813da2413b9d5a862bb125ef50e7,LANG-955: Add methods for removing all invalid characters according to XML 1.0 and XML 1.1 in an input string to StringEscapeUtils. Thanks to Adam Hooper,StringEscapeUtilsTest,True,0,0,0,maven_pass,,
deepseek-v4-pro,479,/home/lpy/workspace/misc/course/Introduction-to-Software-Testing/artifacts/sample_runs/deepseek-v4-pro/cand479_b046e22faf9c,b046e22faf9cd0a7190bd29cf648c154bab1f42f,Add Predicates,ThreadUtilsTest,True,0,0,0,maven_pass,,
deepseek-v4-pro,480,/home/lpy/workspace/misc/course/Introduction-to-Software-Testing/artifacts/sample_runs/deepseek-v4-pro/cand480_0f87dceb80b4,0f87dceb80b432b434dbd81ed4f1ab97c740efc1,Add final modifier to method parameters.,EqualsBuilderTest,True,0,0,0,maven_pass,,
deepseek-v4-pro,481,/home/lpy/workspace/misc/course/Introduction-to-Software-Testing/artifacts/sample_runs/deepseek-v4-pro/cand481_10fee7abaf6c,10fee7abaf6c5efd335ccab56876b90baffbec13,LANG-940: Fix deprecation warnings; found some more usages,ObjectUtilsTest,True,0,0,0,maven_pass,,
deepseek-v4-pro,482,/home/lpy/workspace/misc/course/Introduction-to-Software-Testing/artifacts/sample_runs/deepseek-v4-pro/cand482_2c0b8483606e,2c0b8483606efbfbaccf600e3bc31fe10533e004,FastTimeZone.getGmtTimeZone() Javadoc promises null on no-match; regex always matches. (#1674),FastTimeZoneTest,True,0,0,0,maven_pass,,
deepseek-v4-pro,483,/home/lpy/workspace/misc/course/Introduction-to-Software-Testing/artifacts/sample_runs/deepseek-v4-pro/cand483_3a0d3b93a81f,3a0d3b93a81fd8c795be4da3bc34f693f7ee9ed3,LANG-1647 (#1069),ExceptionUtilsTest,True,0,0,0,maven_pass,,
deepseek-v4-pro,484,/home/lpy/workspace/misc/course/Introduction-to-Software-Testing/artifacts/sample_runs/deepseek-v4-pro/cand484_4cff6633e930,4cff6633e9301647c8815119f99da8932502dc88,LANG-1717: support RISC-V in ArchUtils (#1128),ArchUtilsTest,True,0,0,0,maven_pass,,
deepseek-v4-pro,485,/home/lpy/workspace/misc/course/Introduction-to-Software-Testing/artifacts/sample_runs/deepseek-v4-pro/cand485_54facb4fd93c,54facb4fd93c2ff59b3096c6e64b9be1b3c9cd88,DOC: StringUtils.containsAny. ADD: containsAllWords to WordUtils,WordUtilsTest,True,0,1,1,maven_fail,compile_cannot_find_symbol,"ext/WordUtilsTest.java:[28,1] cannot find symbol [ERROR] symbol: static assertThrows [ERROR] location: class [ERROR] [ERROR] -> [Help 1] [ERROR] [ERROR] To see the full stack trace of the errors, re-run Maven with the -e switch. [ERROR] Re-run Maven using the -X switch to enable full debug logging. [ERROR] [ERROR] For more information about the errors and possible solutions, please read the following articles: [ERROR] [Help 1] http://cwiki.apache.org/confluence/display/MAVEN/MojoFailureException"
deepseek-v4-pro,486,/home/lpy/workspace/misc/course/Introduction-to-Software-Testing/artifacts/sample_runs/deepseek-v4-pro/cand486_553a0474ea11,553a0474ea11a9b61a8de618a3512f29f5a17368,LANG-1433: MethodUtils will throw a NPE if invokeMethod() is called for a var-args method (#407),MethodUtilsTest,True,0,0,0,maven_pass,,
deepseek-v4-pro,487,/home/lpy/workspace/misc/course/Introduction-to-Software-Testing/artifacts/sample_runs/deepseek-v4-pro/cand487_5b7817cc3f52,5b7817cc3f5260b9c40d4da118cbed5f579dcdc0,Fix defaultIsEmpty typing.,StringUtilsTest,True,0,1,1,maven_fail,compile_error,"UtilsTest.java:[1847,16] error: method testDefaultIfEmpty_StringString() is already defined in class StringUtilsTest [ERROR] -> [Help 1] [ERROR] [ERROR] To see the full stack trace of the errors, re-run Maven with the -e switch. [ERROR] Re-run Maven using the -X switch to enable full debug logging. [ERROR] [ERROR] For more information about the errors and possible solutions, please read the following articles: [ERROR] [Help 1] http://cwiki.apache.org/confluence/display/MAVEN/MojoFailureException"
deepseek-v4-pro,488,/home/lpy/workspace/misc/course/Introduction-to-Software-Testing/artifacts/sample_runs/deepseek-v4-pro/cand488_717f163a6df9,717f163a6df989499dc5df2f1de2e1b6a23ba1e8,Add Streams.of(Iterator),StreamsTest,True,0,0,0,maven_pass,,
deepseek-v4-pro,489,/home/lpy/workspace/misc/course/Introduction-to-Software-Testing/artifacts/sample_runs/deepseek-v4-pro/cand489_75fa90e96c3e,75fa90e96c3ea16f92e1a178b257534990ac1616,Use final.,CharSequenceUtilsTest,True,0,0,0,maven_pass,,
deepseek-v4-pro,490,/home/lpy/workspace/misc/course/Introduction-to-Software-Testing/artifacts/sample_runs/deepseek-v4-pro/cand490_79380dba9197,79380dba919716065f5e16465671782119449a36,DurationUtils.toMillisInt() throws ArithmeticException on long overflows before clamping (#1657),DurationUtilsTest,True,0,0,0,maven_pass,,
deepseek-v4-pro,491,/home/lpy/workspace/misc/course/Introduction-to-Software-Testing/artifacts/sample_runs/deepseek-v4-pro/cand491_b1b409ae4096,b1b409ae4096664a33787bf52be32d9d2eb0cb31,[LANG-1724] Customise text pattern in DiffResult#toString(),DiffResultTest,True,0,0,0,maven_pass,,
deepseek-v4-pro,492,/home/lpy/workspace/misc/course/Introduction-to-Software-Testing/artifacts/sample_runs/deepseek-v4-pro/cand492_c1ffdbab5871,c1ffdbab58712cca8463b3edc88f9d5a09b0ca9c,fix checkstyle violations,ClassUtilsTest,True,0,0,0,maven_pass,,
deepseek-v4-pro,493,/home/lpy/workspace/misc/course/Introduction-to-Software-Testing/artifacts/sample_runs/deepseek-v4-pro/cand493_c503d742f094,c503d742f094dc2048b72c3f78f5e2e6070a44e1,LANG-1252: better naming and java 6 specifics around handling a leading +,NumberUtilsTest,True,0,0,0,maven_pass,,
deepseek-v4-pro,494,/home/lpy/workspace/misc/course/Introduction-to-Software-Testing/artifacts/sample_runs/deepseek-v4-pro/cand494_c9a5e54a7c0b,c9a5e54a7c0b4c0be46940d136677a2c9f052ed7,Add final modifier to local variables.,MemoizerTest,True,0,0,0,maven_pass,,
deepseek-v4-pro,495,/home/lpy/workspace/misc/course/Introduction-to-Software-Testing/artifacts/sample_runs/deepseek-v4-pro/cand495_f048e90a3cd1,f048e90a3cd1a9c516ae2b177985affdd4b1b990,Remove whitespace so that svn recognizes Id keyword,FastDatePrinterTest,True,0,0,0,maven_pass,,
deepseek-v4-pro,496,/home/lpy/workspace/misc/course/Introduction-to-Software-Testing/artifacts/sample_runs/deepseek-v4-pro/cand496_faa1a1eea544,faa1a1eea544dbdf5c2fa88c622e6e3eedd09837,Internal refactoring,DiffBuilderTest,True,0,0,0,maven_pass,,
deepseek-v4-pro,497,/home/lpy/workspace/misc/course/Introduction-to-Software-Testing/artifacts/sample_runs/deepseek-v4-pro/cand497_00e530042f48,00e530042f481d1000be27584cf05be939a42bb0,[LANG-1745] RandomStringUtils.random() with a negative character index should throw IllegalArgumentException (#1247),RandomStringUtilsTest,True,0,0,0,maven_pass,,
deepseek-v4-pro,498,/home/lpy/workspace/misc/course/Introduction-to-Software-Testing/artifacts/sample_runs/deepseek-v4-pro/cand498_055c20ab9820,055c20ab982090d48cf216e3a37055d2e668c538,[LANG-1529] Deprecate org.apache.commons.lang3.ArrayUtils.removeAllOccurences(*) for org.apache.commons.lang3.ArrayUtils.removeAllOccurrences(*).,ArrayUtilsTest,True,0,0,0,maven_pass,,
deepseek-v4-pro,499,/home/lpy/workspace/misc/course/Introduction-to-Software-Testing/artifacts/sample_runs/deepseek-v4-pro/cand499_09c662429ba4,09c662429ba43ccadb1f16cfae82b23458ec5c1d,Add fluent-style ArrayUtils.sort(Object[]).,ArrayUtilsTest,True,0,0,0,maven_pass,,
deepseek-v4-pro,500,/home/lpy/workspace/misc/course/Introduction-to-Software-Testing/artifacts/sample_runs/deepseek-v4-pro/cand500_0e2ebd347c4a,0e2ebd347c4a4afd6c4cf539678d2a23d3df9570,[LANG-1541] ArrayUtils.contains() and indexOf() fails to handle Double.NaN #647.,ArrayUtilsTest,True,0,0,0,maven_pass,,
deepseek-v4-pro,501,/home/lpy/workspace/misc/course/Introduction-to-Software-Testing/artifacts/sample_runs/deepseek-v4-pro/cand501_0f211efaf122,0f211efaf1228c3371b2a81de095661a94907f5e,org.apache.commons.lang3.concurrent.AtomicSafeInitializer.get() can spin internally if the FailableSupplier given to org.apache.commons.lang3.concurrent.AbstractConcurrentInitializer.AbstractBuilder.setInitializer(FailableSupplier) throws a RuntimeException,AtomicSafeInitializerTest,True,0,0,0,maven_pass,,
deepseek-v4-pro,502,/home/lpy/workspace/misc/course/Introduction-to-Software-Testing/artifacts/sample_runs/deepseek-v4-pro/cand502_16d587d73c51,16d587d73c51c772495d95f9aa3aa14782eff355,Add support for detection of Aarch64.,ArchUtilsTest,True,0,0,0,maven_pass,,
deepseek-v4-pro,503,/home/lpy/workspace/misc/course/Introduction-to-Software-Testing/artifacts/sample_runs/deepseek-v4-pro/cand503_1903d88e0b21,1903d88e0b214fa369fe0c49c71e4c3b480f2f7d,Add Processor.Type.getLabel() and Processor.toString(),ArchUtilsTest,True,0,0,0,maven_pass,,
deepseek-v4-pro,504,/home/lpy/workspace/misc/course/Introduction-to-Software-Testing/artifacts/sample_runs/deepseek-v4-pro/cand504_2188eb0e2e15,2188eb0e2e15431b7c4a65f7168392c888f0ecd1,"Add Validate.isTrue(boolean, Supplier<String>)",ValidateTest,True,0,0,0,maven_pass,,
deepseek-v4-pro,505,/home/lpy/workspace/misc/course/Introduction-to-Software-Testing/artifacts/sample_runs/deepseek-v4-pro/cand505_3935fa2f193a,3935fa2f193a0cc652300677beeb61b535eedf4c,"Add ExceptionUtils.asRuntimeException(T), and deprecate rethrow(T)",ExceptionUtilsTest,True,0,0,0,maven_pass,,
deepseek-v4-pro,506,/home/lpy/workspace/misc/course/Introduction-to-Software-Testing/artifacts/sample_runs/deepseek-v4-pro/cand506_3bda8be03638,3bda8be03638b5248df2252832388775601692ff,"Add fluent-style ArrayUtils.sort(Object[], Comparable).",ArrayUtilsTest,True,0,0,0,maven_pass,,
deepseek-v4-pro,507,/home/lpy/workspace/misc/course/Introduction-to-Software-Testing/artifacts/sample_runs/deepseek-v4-pro/cand507_3d7e9d964d26,3d7e9d964d26053b94370e95afc8453923e3c672,"Add ObjectUtils.toString(Supplier<Object>, Supplier<String>)",ObjectUtilsTest,True,0,0,0,maven_pass,,
deepseek-v4-pro,508,/home/lpy/workspace/misc/course/Introduction-to-Software-Testing/artifacts/sample_runs/deepseek-v4-pro/cand508_4949adec480d,4949adec480ddccdee4f7d09231e85e84fec00a1,Add ReflectionDiffBuilder.Builder,ReflectionDiffBuilderTest,True,0,0,0,maven_pass,,
deepseek-v4-pro,509,/home/lpy/workspace/misc/course/Introduction-to-Software-Testing/artifacts/sample_runs/deepseek-v4-pro/cand509_5c6de5a7a022,5c6de5a7a0226b96e839381cc4ff96eb66fd5295,Add and use null-safe Streams.of(T[]).,StreamsTest,True,0,0,0,maven_pass,,
deepseek-v4-pro,510,/home/lpy/workspace/misc/course/Introduction-to-Software-Testing/artifacts/sample_runs/deepseek-v4-pro/cand510_64d6a28a12d9,64d6a28a12d99a02e41cdd746ec0df221c93bcea,Comment: Remove unnecessary Latin acronym,NumberUtilsTest,True,0,0,0,maven_pass,,
deepseek-v4-pro,511,/home/lpy/workspace/misc/course/Introduction-to-Software-Testing/artifacts/sample_runs/deepseek-v4-pro/cand511_7e3571e7e2c6,7e3571e7e2c6d96f8c491b75b876162687d800c9,Add JavaVersion.JAVA_27,SystemUtilsTest,False,1,,,merge_incomplete,merge_incomplete,"raw.md exists, but generated.java is missing"
deepseek-v4-pro,512,/home/lpy/workspace/misc/course/Introduction-to-Software-Testing/artifacts/sample_runs/deepseek-v4-pro/cand512_7f7c3d63c895,7f7c3d63c895d52fafd602459e269b92a6c93791,Add ObjectUtils.identityHashCodeHex(Object).,ObjectUtilsTest,True,0,0,0,maven_pass,,
deepseek-v4-pro,513,/home/lpy/workspace/misc/course/Introduction-to-Software-Testing/artifacts/sample_runs/deepseek-v4-pro/cand513_86c76dd5ea04,86c76dd5ea04d1881a52d79113d6dbb1d57c38a6,LANG-1107 Fix parsing edge cases in FastDateParser,FastDateParserTest,True,0,0,0,maven_pass,,
deepseek-v4-pro,514,/home/lpy/workspace/misc/course/Introduction-to-Software-Testing/artifacts/sample_runs/deepseek-v4-pro/cand514_8b27dec0340e,8b27dec0340e501fee098278d358d7ddd62ad2ad,"Add SystemProperties.getBoolean(Class, String, BooleanSupplier)",SystemPropertiesTest,True,0,0,0,maven_pass,,
deepseek-v4-pro,515,/home/lpy/workspace/misc/course/Introduction-to-Software-Testing/artifacts/sample_runs/deepseek-v4-pro/cand515_8e1df6b9bf6a,8e1df6b9bf6afc0e3f3a99d4d99bb9d78d148c81,"Add ComparableUtils.max(A, A) and ComparableUtils.min(A, A).",ComparableUtilsTest,True,0,0,0,maven_pass,,
deepseek-v4-pro,516,/home/lpy/workspace/misc/course/Introduction-to-Software-Testing/artifacts/sample_runs/deepseek-v4-pro/cand516_9b383f3fadcc,9b383f3fadccab020874aa5c69704790e03c4f4f,Add org.apache.commons.lang3.SystemProperties.isPropertySet(String),SystemPropertiesTest,True,0,0,0,maven_pass,,
deepseek-v4-pro,517,/home/lpy/workspace/misc/course/Introduction-to-Software-Testing/artifacts/sample_runs/deepseek-v4-pro/cand517_9f89fd4626bb,9f89fd4626bbb4e34a905835e397bcffbad59307,LANG-740: Implementation of a Memomizer (closes #203),MemoizerTest,True,0,0,0,maven_pass,,
deepseek-v4-pro,518,/home/lpy/workspace/misc/course/Introduction-to-Software-Testing/artifacts/sample_runs/deepseek-v4-pro/cand518_a410aab65159,a410aab6515931489dc2594d4e0f0ecac2c66071,[LANG-1427] Add API org.apache.commons.lang3.SystemUtils.isJavaVersionAtMost(JavaVersion),SystemUtilsTest,True,0,0,0,maven_pass,,
deepseek-v4-pro,519,/home/lpy/workspace/misc/course/Introduction-to-Software-Testing/artifacts/sample_runs/deepseek-v4-pro/cand519_a752091be667,a752091be667ed09ddd4d5ca28339067f713e902,Add and use org.apache.commons.lang3.SystemProperties.getJavaSpecificationVersion(Supplier<String>),SystemPropertiesTest,True,0,0,0,maven_pass,,
deepseek-v4-pro,520,/home/lpy/workspace/misc/course/Introduction-to-Software-Testing/artifacts/sample_runs/deepseek-v4-pro/cand520_ab1424015085,ab1424015085472b2d3865668e370aec8a102331,LANG-977: NumericEntityEscaper incorrectly encodes supplementary characters. Thanks to Chris Karcher.,StringEscapeUtilsTest,True,0,0,0,maven_pass,,
deepseek-v4-pro,521,/home/lpy/workspace/misc/course/Introduction-to-Software-Testing/artifacts/sample_runs/deepseek-v4-pro/cand521_c2260f094d78,c2260f094d78c236bb8a2e3e153d422c7d7ad6bf,[LANG-1772] Restrict size of cache to prevent overflow errors (#1379),RandomStringUtilsTest,True,0,0,0,maven_pass,,
deepseek-v4-pro,522,/home/lpy/workspace/misc/course/Introduction-to-Software-Testing/artifacts/sample_runs/deepseek-v4-pro/cand522_c290aebffa83,c290aebffa83b382a24d74117755904017f82b7c,"Add and use MethodUtils.getMethodObject(Class<?>, String, Class<?>...)",MethodUtilsTest,True,0,0,0,maven_pass,,
deepseek-v4-pro,523,/home/lpy/workspace/misc/course/Introduction-to-Software-Testing/artifacts/sample_runs/deepseek-v4-pro/cand523_dc6ff345793c,dc6ff345793c9c2d2d26919722c3eb79ffbab689,"Add ArrayFill.fill(T[], FailableIntFunction))",ArrayFillTest,True,0,0,0,maven_pass,,
deepseek-v4-pro,524,/home/lpy/workspace/misc/course/Introduction-to-Software-Testing/artifacts/sample_runs/deepseek-v4-pro/cand524_ebca9c9ee89c,ebca9c9ee89c5654f2e748ef12e755abdc286d34,Add support for RISC-V in ArchUtils #1128,ArchUtilsTest,True,0,0,0,maven_pass,,
deepseek-v4-pro,525,/home/lpy/workspace/misc/course/Introduction-to-Software-Testing/artifacts/sample_runs/deepseek-v4-pro/cand525_ede98ffdb928,ede98ffdb928586528a8b2876b049cb8bf362926,Return ToStringStyle.nullText instead of NPE for ReflectionToStringBuilder.toString(Object) and friends.,ReflectionToStringBuilderTest,True,0,0,0,maven_pass,,
deepseek-v4-pro,526,/home/lpy/workspace/misc/course/Introduction-to-Software-Testing/artifacts/sample_runs/deepseek-v4-pro/cand526_eff43864b34a,eff43864b34ab2be2eae4e9ac0e780d34fab57b3,[LANG-1680] FastDateFormat does not support the 'L'-Pattern from SimpleDateFormat.,DateUtilsTest,True,0,0,0,maven_pass,,
deepseek-v4-pro,527,/home/lpy/workspace/misc/course/Introduction-to-Software-Testing/artifacts/sample_runs/deepseek-v4-pro/cand527_f24c027ff83b,f24c027ff83b90beab2ec28696721200abb4f9e9,Add JavaVersion.JAVA_26,SystemUtilsTest,False,1,,,merge_incomplete,merge_incomplete,"raw.md exists, but generated.java is missing"
deepseek-v4-pro,528,/home/lpy/workspace/misc/course/Introduction-to-Software-Testing/artifacts/sample_runs/deepseek-v4-pro/cand528_fd54d42f78ae,fd54d42f78ae17a96fc005d2fcd080807343aad7,LANG-1004: DurationFormatUtils#formatDurationHMS implementation does not correspond to Javadoc and vice versa. Thanks to Michael Osipov,DurationFormatUtilsTest,True,0,0,0,maven_pass,,
deepseek-v4-pro,529,/home/lpy/workspace/misc/course/Introduction-to-Software-Testing/artifacts/sample_runs/deepseek-v4-pro/cand529_2ccc58e34472,2ccc58e34472cbc0c4b9163bbd7f6b22dfda0089,[LANG-1615] - ArrayUtils contains && indexOf fails to handle Float.NaN (#651),ArrayUtilsTest,True,0,0,0,maven_pass,,
deepseek-v4-pro,530,/home/lpy/workspace/misc/course/Introduction-to-Software-Testing/artifacts/sample_runs/deepseek-v4-pro/cand530_5f72c77386d0,5f72c77386d0ee148b0d05239c0160e0af93fe33,Default values in new SystemProperties APIs are now Strings instead of Suppliers,SystemPropertiesTest,True,0,0,0,maven_pass,,
deepseek-v4-pro,531,/home/lpy/workspace/misc/course/Introduction-to-Software-Testing/artifacts/sample_runs/deepseek-v4-pro/cand531_8a82d7b79b9d,8a82d7b79b9de7edf2a7a22a7a32026d2b961662,Renamed DiffList to DiffResult as per discussion in LANG-637.,DiffBuilderTest,True,0,1,1,maven_fail,compile_cannot_find_symbol,"er/DiffBuilderTest.java:[23,1] cannot find symbol [ERROR] symbol: static SHORT_STYLE [ERROR] location: class [ERROR] [ERROR] -> [Help 1] [ERROR] [ERROR] To see the full stack trace of the errors, re-run Maven with the -e switch. [ERROR] Re-run Maven using the -X switch to enable full debug logging. [ERROR] [ERROR] For more information about the errors and possible solutions, please read the following articles: [ERROR] [Help 1] http://cwiki.apache.org/confluence/display/MAVEN/MojoFailureException"
deepseek-v4-pro,532,/home/lpy/workspace/misc/course/Introduction-to-Software-Testing/artifacts/sample_runs/deepseek-v4-pro/cand532_8e2d1bed8623,8e2d1bed8623e0f5b281504d151476689f21690a,CompareToBuilder lacks cycle guard on Object[] recursion. (#1669),CompareToBuilderTest,True,0,0,0,maven_pass,,
deepseek-v4-pro,533,/home/lpy/workspace/misc/course/Introduction-to-Software-Testing/artifacts/sample_runs/deepseek-v4-pro/cand533_8f7eb6ce207f,8f7eb6ce207f354c83157b95bdf9848d59944650,Simplify lambads. Fix Javadoc.,FunctionsTest,True,0,0,0,maven_pass,,
deepseek-v4-pro,534,/home/lpy/workspace/misc/course/Introduction-to-Software-Testing/artifacts/sample_runs/deepseek-v4-pro/cand534_929c5f6e6825,929c5f6e682598ca14cadd07a791c0ce578632ee,Simplify expressions.,StreamsTest,True,0,0,0,maven_pass,,
deepseek-v4-pro,535,/home/lpy/workspace/misc/course/Introduction-to-Software-Testing/artifacts/sample_runs/deepseek-v4-pro/cand535_96c8ea2fb371,96c8ea2fb3719e2f6e3d7a4d7b46718f26515a86,"add @SafeVarargs to some methods with vararg parameters to suppress ""Type safety: Potential heap pollution via varargs parameter array"" warnings",ArrayUtilsTest,True,0,0,0,maven_pass,,
deepseek-v4-pro,536,/home/lpy/workspace/misc/course/Introduction-to-Software-Testing/artifacts/sample_runs/deepseek-v4-pro/cand536_e3e020fe2f20,e3e020fe2f20430b40673ebb951bc8141014e46b,"Unnecessary @SuppressWarnings(""unchecked"")",ImmutableTripleTest,True,0,0,0,maven_pass,,
deepseek-v4-pro,537,/home/lpy/workspace/misc/course/Introduction-to-Software-Testing/artifacts/sample_runs/deepseek-v4-pro/cand537_ef5de64ed438,ef5de64ed438be8074ccb017c74c122d47b7195a,Clean caches between tests,FastDateParserTest,True,0,0,0,maven_pass,,
deepseek-v4-pro,538,/home/lpy/workspace/misc/course/Introduction-to-Software-Testing/artifacts/sample_runs/deepseek-v4-pro/cand538_14d34506c993,14d34506c993dcefa0860e4a98fa30062d851997,MethodUtils cannot find or invoke vararg methods when widening primitive types following the JLS 5.1.2. Widening Primitive Conversion.,MethodUtilsTest,True,0,0,0,maven_pass,,
deepseek-v4-pro,539,/home/lpy/workspace/misc/course/Introduction-to-Software-Testing/artifacts/sample_runs/deepseek-v4-pro/cand539_1f75a8f7cc28,1f75a8f7cc28fef663eaca75e831c9da11ea2b0e,LANG-877: Performance improvements for StringEscapeUtils. This fixes #49 from github. Thanks to Fabian Lange.,CharUtilsTest,True,0,0,0,maven_pass,,
deepseek-v4-pro,540,/home/lpy/workspace/misc/course/Introduction-to-Software-Testing/artifacts/sample_runs/deepseek-v4-pro/cand540_76cc69c3f08c,76cc69c3f08cbf31efd56f631504496307ab7a5c,LANG-1109 - Number percentage formatting with fractional digits,FastDateParserTest,True,0,0,0,maven_pass,,
deepseek-v4-pro,541,/home/lpy/workspace/misc/course/Introduction-to-Software-Testing/artifacts/sample_runs/deepseek-v4-pro/cand541_ad648cf8a8a9,ad648cf8a8a90bdee129266ca7b686a5b9a87561,LANG-1336: Add NUL Byte To CharUtils. Thanks to Beluga Behr.,StringUtilsTest,True,0,0,0,maven_pass,,
deepseek-v4-pro,542,/home/lpy/workspace/misc/course/Introduction-to-Software-Testing/artifacts/sample_runs/deepseek-v4-pro/cand542_0abfa791934a,0abfa791934a846a563ee6d4e89eb5e3f92f63de,"[LANG-1486] Generify builder classes Diffable, DiffBuilder, and DiffResult",DiffBuilderTest,True,0,0,0,maven_pass,,
deepseek-v4-pro,543,/home/lpy/workspace/misc/course/Introduction-to-Software-Testing/artifacts/sample_runs/deepseek-v4-pro/cand543_61836183b1d8,61836183b1d84a18dbcc084d1f41bcecf752f9fd,Reverting changes from r1661762 (LANG-1086) for now until we have consensus about this change.,AtomicSafeInitializerTest,True,0,1,1,maven_fail,maven_other_failure,"ng3/concurrent/AtomicSafeInitializerTest.java:[54,9] method does not override or implement a method from a supertype [ERROR] -> [Help 1] [ERROR] [ERROR] To see the full stack trace of the errors, re-run Maven with the -e switch. [ERROR] Re-run Maven using the -X switch to enable full debug logging. [ERROR] [ERROR] For more information about the errors and possible solutions, please read the following articles: [ERROR] [Help 1] http://cwiki.apache.org/confluence/display/MAVEN/MojoFailureException"
deepseek-v4-pro,544,/home/lpy/workspace/misc/course/Introduction-to-Software-Testing/artifacts/sample_runs/deepseek-v4-pro/cand544_b62fc004d1a6,b62fc004d1a60757090ba9a177202eed0db57cc0,Add some tests that use reflection,ReflectionDiffBuilderTest,True,0,0,0,maven_pass,,
deepseek-v4-pro,545,/home/lpy/workspace/misc/course/Introduction-to-Software-Testing/artifacts/sample_runs/deepseek-v4-pro/cand545_bdb5d9723056,bdb5d9723056941a0a29aabc2eaf81b2c96956b5,LANG-1086: Remove busy wait from AtomicSafeInitializer.get(). This also fixes #46 from github. Thanks to github user artnaseef.,AtomicSafeInitializerTest,True,0,1,1,maven_fail,maven_other_failure,"ol [ERROR] symbol: class ConcurrentException [ERROR] location: class AtomicSafeInitializerTest.InitializerTestThread [ERROR] -> [Help 1] [ERROR] [ERROR] To see the full stack trace of the errors, re-run Maven with the -e switch. [ERROR] Re-run Maven using the -X switch to enable full debug logging. [ERROR] [ERROR] For more information about the errors and possible solutions, please read the following articles: [ERROR] [Help 1] http://cwiki.apache.org/confluence/display/MAVEN/MojoFailureException"
deepseek-v4-pro,546,/home/lpy/workspace/misc/course/Introduction-to-Software-Testing/artifacts/sample_runs/deepseek-v4-pro/cand546_62d7aacb4f3e,62d7aacb4f3eb318045496f115a7171f0bc2c6c1,LANG-1659 - Method to check if an object it's an array. (#754),ObjectUtilsTest,True,0,0,0,maven_pass,,
deepseek-v4-pro,547,/home/lpy/workspace/misc/course/Introduction-to-Software-Testing/artifacts/sample_runs/deepseek-v4-pro/cand547_b4b51a8fc9ee,b4b51a8fc9eed7274a045b2f3192d77782b0e4fa,"<action issue=""LANG-1001"" type=""fix"" dev=""ggregory"" due-to=""Michael Osipov"">ISO 8601 misspelled throughout the Javadocs</action>",DurationFormatUtilsTest,True,0,0,0,maven_pass,,
deepseek-v4-pro,548,/home/lpy/workspace/misc/course/Introduction-to-Software-Testing/artifacts/sample_runs/deepseek-v4-pro/cand548_177911e47146,177911e47146db0df2e35839d6bd03ad1315916c,"Add ObjectUtils.getIfNull(Object, Object) and deprecate defaultIfNull(Object, Object)",ObjectUtilsTest,True,0,0,0,maven_pass,,
deepseek-v4-pro,549,/home/lpy/workspace/misc/course/Introduction-to-Software-Testing/artifacts/sample_runs/deepseek-v4-pro/cand549_c9e825e823e3,c9e825e823e30c5b1e3ddc9de5e8fd0094d52ee5,Add and use LocaleUtils.toLocale(Locale) to avoid NPEs and use the default locale when an input locale is null.,LocaleUtilsTest,True,0,0,0,maven_pass,,
deepseek-v4-pro,550,/home/lpy/workspace/misc/course/Introduction-to-Software-Testing/artifacts/sample_runs/deepseek-v4-pro/cand550_d048a3750291,d048a375029149f4fabeae6050583a4521d6e2fd,LANG-940: Fix deprecation warnings,ObjectUtilsTest,True,0,0,0,maven_pass,,
deepseek-v4-pro,551,/home/lpy/workspace/misc/course/Introduction-to-Software-Testing/artifacts/sample_runs/deepseek-v4-pro/cand551_2288b0ff2cce,2288b0ff2cce401f510ae9e208fcf1698f4bce79,Use HTTPS to access Apache resources.,DateUtilsTest,False,1,,,merge_incomplete,merge_incomplete,"raw.md exists, but generated.java is missing"
deepseek-v4-pro,552,/home/lpy/workspace/misc/course/Introduction-to-Software-Testing/artifacts/sample_runs/deepseek-v4-pro/cand552_3700641b4e74,3700641b4e745a1804b4409c58dee15b459dad16,Correct Javadocs of methods that use Validate.notNull() and replace some uses of Validate.isTrue() with Validate.notNull(). (#525),MethodUtilsTest,True,0,0,0,maven_pass,,
deepseek-v4-pro,553,/home/lpy/workspace/misc/course/Introduction-to-Software-Testing/artifacts/sample_runs/deepseek-v4-pro/cand553_57ddce119516,57ddce119516f451168f4489f55f399fd9309b53,"Add NumberRange, DoubleRange, IntegerRange, LongRange.",RangeTest,True,0,0,0,maven_pass,,
deepseek-v4-pro,554,/home/lpy/workspace/misc/course/Introduction-to-Software-Testing/artifacts/sample_runs/deepseek-v4-pro/cand554_a511a163b579,a511a163b579fdaafa81fb6ca908034d32291871,Normalize parameter names,StreamsTest,True,0,1,1,maven_fail,compile_error,"st.java:[187,65] method <T>asIntConsumer(T) is already defined in class org.apache.commons.lang3.StreamsTest [ERROR] [ERROR] -> [Help 1] [ERROR] [ERROR] To see the full stack trace of the errors, re-run Maven with the -e switch. [ERROR] Re-run Maven using the -X switch to enable full debug logging. [ERROR] [ERROR] For more information about the errors and possible solutions, please read the following articles: [ERROR] [Help 1] http://cwiki.apache.org/confluence/display/MAVEN/MojoFailureException"
deepseek-v4-pro,555,/home/lpy/workspace/misc/course/Introduction-to-Software-Testing/artifacts/sample_runs/deepseek-v4-pro/cand555_234c6a9b84cb,234c6a9b84cb4bfb03e54c717df3ccd940b9884a,LANG-1733: Add null handling features working with Java 8 specs (#1215),ConsumersTest,True,0,0,0,maven_pass,,
deepseek-v4-pro,556,/home/lpy/workspace/misc/course/Introduction-to-Software-Testing/artifacts/sample_runs/deepseek-v4-pro/cand556_24e64686834e,24e64686834ecd4a0dda80c91b53b15e227fc898,[LANG-1498] Add support of lambda value evaluation for defaulting methods #416.,ObjectUtilsTest,True,0,0,0,maven_pass,,
deepseek-v4-pro,557,/home/lpy/workspace/misc/course/Introduction-to-Software-Testing/artifacts/sample_runs/deepseek-v4-pro/cand557_2ebf9a21d2dc,2ebf9a21d2dc99ab2f434111cac9dcd6da99d574,"LANG-1192 partial: implement format 'u' for FastDateFormat, day number of week",FastDateParserTest,True,0,0,0,maven_pass,,
deepseek-v4-pro,558,/home/lpy/workspace/misc/course/Introduction-to-Software-Testing/artifacts/sample_runs/deepseek-v4-pro/cand558_311dc94070b4,311dc94070b4a6fd6060d24f1b26842a225821ba,Tab police (and trailing spaces),CharSequenceUtilsTest,True,0,1,1,maven_fail,compile_error,"uenceUtilsTest.java:[114,16] error: method testLength_CharBuffer() is already defined in class CharSequenceUtilsTest [ERROR] -> [Help 1] [ERROR] [ERROR] To see the full stack trace of the errors, re-run Maven with the -e switch. [ERROR] Re-run Maven using the -X switch to enable full debug logging. [ERROR] [ERROR] For more information about the errors and possible solutions, please read the following articles: [ERROR] [Help 1] http://cwiki.apache.org/confluence/display/MAVEN/MojoFailureException"
deepseek-v4-pro,559,/home/lpy/workspace/misc/course/Introduction-to-Software-Testing/artifacts/sample_runs/deepseek-v4-pro/cand559_4c1cbdbb8002,4c1cbdbb8002074959f3291371b34f4b0ce1f359,Flip args on new API,ConsumersTest,True,0,0,0,maven_pass,,
deepseek-v4-pro,560,/home/lpy/workspace/misc/course/Introduction-to-Software-Testing/artifacts/sample_runs/deepseek-v4-pro/cand560_50ce8c44e160,50ce8c44e1601acffa39f5568f0fc140aade0564,"LANG-1384: Version ""11"" is available.",JavaVersionTest,True,0,0,0,maven_pass,,
deepseek-v4-pro,561,/home/lpy/workspace/misc/course/Introduction-to-Software-Testing/artifacts/sample_runs/deepseek-v4-pro/cand561_8e8e78d84982,8e8e78d849825696237b9f540f3e082a44b1e838,[LANG-1360] Add methods to ClassUtils to get various forms of class names in a null-safe manner,ClassUtilsTest,True,0,1,1,maven_fail,test_failure,"lease refer to /tmp/sample_runs/run-ClassUtilsTest-v_ne6khq/target/surefire-reports for the individual test results. [ERROR] -> [Help 1] [ERROR] [ERROR] To see the full stack trace of the errors, re-run Maven with the -e switch. [ERROR] Re-run Maven using the -X switch to enable full debug logging. [ERROR] [ERROR] For more information about the errors and possible solutions, please read the following articles: [ERROR] [Help 1] http://cwiki.apache.org/confluence/display/MAVEN/MojoFailureException"
deepseek-v4-pro,562,/home/lpy/workspace/misc/course/Introduction-to-Software-Testing/artifacts/sample_runs/deepseek-v4-pro/cand562_b9f04d9be3e7,b9f04d9be3e7ff300520da194fe29ed5c1861787,LANG-1197: Prepare Java 9 detection,JavaVersionTest,True,0,0,0,maven_pass,,
deepseek-v4-pro,563,/home/lpy/workspace/misc/course/Introduction-to-Software-Testing/artifacts/sample_runs/deepseek-v4-pro/cand563_c49ed131f71d,c49ed131f71dae68c1856d58918b322aa4ba6017,[LANG-1784] Add Functions|Failable methods for null-safe mapping and chaining #1435,FailableTest,True,0,0,0,maven_pass,,
deepseek-v4-pro,564,/home/lpy/workspace/misc/course/Introduction-to-Software-Testing/artifacts/sample_runs/deepseek-v4-pro/cand564_c95ee37dffd4,c95ee37dffd44b01d2b816e0d943013bc7bd866c,Feature/randomutils secure() and insecure() (#1250),RandomStringUtilsTest,False,1,,,merge_incomplete,merge_incomplete,"raw.md exists, but generated.java is missing"
deepseek-v4-pro,565,/home/lpy/workspace/misc/course/Introduction-to-Software-Testing/artifacts/sample_runs/deepseek-v4-pro/cand565_ebe7bb58a541,ebe7bb58a541bf397333f466d412e617266ee5aa,LANG-1316: Deprecate classes/methods moved to commons-text,RandomStringUtilsTest,True,0,0,0,maven_pass,,
deepseek-v4-pro,566,/home/lpy/workspace/misc/course/Introduction-to-Software-Testing/artifacts/sample_runs/deepseek-v4-pro/cand566_f161ff66698b,f161ff66698bea44784926fc6aa9073d96a00cec,Simplify exception handling,ObjectUtilsTest,True,0,0,0,maven_pass,,
deepseek-v4-pro,567,/home/lpy/workspace/misc/course/Introduction-to-Software-Testing/artifacts/sample_runs/deepseek-v4-pro/cand567_f3e64b3b0e67,f3e64b3b0e67d7faa0f10b698e08207f972a15b1,StrBuilder.setLength(int) shrink-branch leaves residual chars in buffer tail (#1671),ArrayFillTest,True,0,0,0,maven_pass,,
deepseek-v4-pro,568,/home/lpy/workspace/misc/course/Introduction-to-Software-Testing/artifacts/sample_runs/deepseek-v4-pro/cand568_22b6781a0b96,22b6781a0b96418198dc9146e5191e51d381102f,"Added missing support for ISO 8601 parsing and printing using ""ZZ"" pattern (code now matches Javadoc). Addresses LANG-1000.",FastDatePrinterTest,True,0,0,0,maven_pass,,
deepseek-v4-pro,569,/home/lpy/workspace/misc/course/Introduction-to-Software-Testing/artifacts/sample_runs/deepseek-v4-pro/cand569_4369537d8b13,4369537d8b1387b94a1126a36a4fc400a35d35cc,"ArrayUtils.toPrimitive(Boolean...) null array elements map to false, like Boolean.parseBoolean(null) and its callers return false.",ArrayUtilsTest,True,0,0,0,maven_pass,,
deepseek-v4-pro,570,/home/lpy/workspace/misc/course/Introduction-to-Software-Testing/artifacts/sample_runs/deepseek-v4-pro/cand570_6e797a40a7fb,6e797a40a7fb7d0e5abf555c0d179dd3937bdecb,LANG-1443: Add more SystemUtils.IS_JAVA_XX variants (#415),JavaVersionTest,True,0,0,0,maven_pass,,
deepseek-v4-pro,571,/home/lpy/workspace/misc/course/Introduction-to-Software-Testing/artifacts/sample_runs/deepseek-v4-pro/cand571_70fa706916dc,70fa706916dc59209281699477575e4d5292b936,Add JavaVersion.JAVA_25,JavaVersionTest,True,0,0,0,maven_pass,,
deepseek-v4-pro,572,/home/lpy/workspace/misc/course/Introduction-to-Software-Testing/artifacts/sample_runs/deepseek-v4-pro/cand572_85f91f420890,85f91f4208903bb7ca608d51c941214b667d3c06,"Add ArrayUtils.containsAny(int[], int...)",ArrayUtilsTest,True,0,0,0,maven_pass,,
deepseek-v4-pro,573,/home/lpy/workspace/misc/course/Introduction-to-Software-Testing/artifacts/sample_runs/deepseek-v4-pro/cand573_892826578a7c,892826578a7cefb901b8fe2e304aa1ce7470267a,Add SystemUtils.IS_JAVA_22,JavaVersionTest,True,0,0,0,maven_pass,,
deepseek-v4-pro,574,/home/lpy/workspace/misc/course/Introduction-to-Software-Testing/artifacts/sample_runs/deepseek-v4-pro/cand574_a618b844c5a2,a618b844c5a261ced37385ab3947de6e215d46f7,"[LANG-1365] Fix NullPointerException in isJavaVersionAtLeast on Java 10, add SystemUtils.IS_JAVA_10, add JavaVersion.JAVA_10.",JavaVersionTest,True,0,0,0,maven_pass,,
deepseek-v4-pro,575,/home/lpy/workspace/misc/course/Introduction-to-Software-Testing/artifacts/sample_runs/deepseek-v4-pro/cand575_aeca68f2a5e5,aeca68f2a5e5b87ab5bb94e1139ca42e547f0bd4,Make ArraySorter null-safe,ArraySorterTest,True,0,0,0,maven_pass,,
deepseek-v4-pro,576,/home/lpy/workspace/misc/course/Introduction-to-Software-Testing/artifacts/sample_runs/deepseek-v4-pro/cand576_e7437aa445b3,e7437aa445b31dc17eab30ece032d736e33f3761,Add SystemUtils.IS_JAVA_23,JavaVersionTest,True,0,0,0,maven_pass,,
deepseek-v4-pro,577,/home/lpy/workspace/misc/course/Introduction-to-Software-Testing/artifacts/sample_runs/deepseek-v4-pro/cand577_ea344865514a,ea344865514a8b75eb4e9d1a159fc8434e5bb7fa,Add and use ObjectUtils.requireNonEmpty().,BooleanUtilsTest,True,0,0,0,maven_pass,,
deepseek-v4-pro,578,/home/lpy/workspace/misc/course/Introduction-to-Software-Testing/artifacts/sample_runs/deepseek-v4-pro/cand578_f664abb5e255,f664abb5e255e734860ab11778d982491f317f14,Add JavaVersion.JAVA_24,JavaVersionTest,True,0,0,0,maven_pass,,
deepseek-v4-pro,579,/home/lpy/workspace/misc/course/Introduction-to-Software-Testing/artifacts/sample_runs/deepseek-v4-pro/cand579_aa4eef85cfd8,aa4eef85cfd88e55677df238b44c6cc463d0af91,[LANG-1724] Customize text pattern in DiffResult#toString(),DiffBuilderTest,True,0,0,0,maven_pass,,
deepseek-v4-pro,580,/home/lpy/workspace/misc/course/Introduction-to-Software-Testing/artifacts/sample_runs/deepseek-v4-pro/cand580_de67dec07741,de67dec0774115848a9f37feda05b522a716d1fb,LANG-1021: Provide methods to retrieve all fields/methods annotated with a specific type. Thanks to Alexander Müller.,FieldUtilsTest,True,0,0,0,maven_pass,,
deepseek-v4-pro,581,/home/lpy/workspace/misc/course/Introduction-to-Software-Testing/artifacts/sample_runs/deepseek-v4-pro/cand581_95a0e2b09bc4,95a0e2b09bc4a3a363e5ab1c853d002fb74ad7af,Refactor system property access into a new SystemProperties class,StrLookupTest,True,0,0,0,maven_pass,,
deepseek-v4-pro,582,/home/lpy/workspace/misc/course/Introduction-to-Software-Testing/artifacts/sample_runs/deepseek-v4-pro/cand582_b4456352bcbe,b4456352bcbe3672afba526ea143fca7a53f7843,Move new sort methods to a new class and add primitive versions.,ArrayUtilsTest,False,1,,,merge_incomplete,merge_incomplete,"raw.md exists, but generated.java is missing"
deepseek-v4-pro,583,/home/lpy/workspace/misc/course/Introduction-to-Software-Testing/artifacts/sample_runs/deepseek-v4-pro/cand583_8fcefb4f9885,8fcefb4f98856998d857e90f73bb88af043ef3b8,Centralize stream code in our own 'stream' package as a parallel to the JRE's java.util.stream package.,StreamsTest,True,0,1,1,maven_fail,rat_license_check,"lang3: Too many files with unapproved license: 1 See RAT report in: /tmp/sample_runs/run-StreamsTest-3t132zu4/target/rat.txt -> [Help 1] [ERROR] [ERROR] To see the full stack trace of the errors, re-run Maven with the -e switch. [ERROR] Re-run Maven using the -X switch to enable full debug logging. [ERROR] [ERROR] For more information about the errors and possible solutions, please read the following articles: [ERROR] [Help 1] http://cwiki.apache.org/confluence/display/MAVEN/MojoFailureException"
deepseek-v4-pro,584,/home/lpy/workspace/misc/course/Introduction-to-Software-Testing/artifacts/sample_runs/deepseek-v4-pro/cand584_25e91c424228,25e91c4242283d118ba978d4f38cd18e10c890dc,Move new internal Calendar APIs to CalendarUtils and refactor.,CalendarUtilsTest,True,0,0,0,maven_pass,,
deepseek-v4-pro,585,/home/lpy/workspace/misc/course/Introduction-to-Software-Testing/artifacts/sample_runs/deepseek-v4-pro/cand585_fa380309554c,fa380309554ce4e0c1efdbec1e3b489444ecbf72,Use Objects#requireNonNull(),StrSubstitutorTest,True,0,0,0,maven_pass,,
deepseek-v4-pro,586,/home/lpy/workspace/misc/course/Introduction-to-Software-Testing/artifacts/sample_runs/deepseek-v4-pro/cand586_127869e88f24,127869e88f248da9bea3ba20beb620c7f2479abb,LANG-1680 Add support for standalone month formats (#892),DateUtilsTest,True,0,0,0,maven_pass,,
deepseek-v4-pro,587,/home/lpy/workspace/misc/course/Introduction-to-Software-Testing/artifacts/sample_runs/deepseek-v4-pro/cand587_36c4cc67a17b,36c4cc67a17b51256096f0a33427071b3cc1194e,Lambdas.,StreamsTest,True,0,1,1,maven_fail,compile_error,"st.java:[192,65] method <T>asIntConsumer(T) is already defined in class org.apache.commons.lang3.StreamsTest [ERROR] [ERROR] -> [Help 1] [ERROR] [ERROR] To see the full stack trace of the errors, re-run Maven with the -e switch. [ERROR] Re-run Maven using the -X switch to enable full debug logging. [ERROR] [ERROR] For more information about the errors and possible solutions, please read the following articles: [ERROR] [Help 1] http://cwiki.apache.org/confluence/display/MAVEN/MojoFailureException"
deepseek-v4-pro,588,/home/lpy/workspace/misc/course/Introduction-to-Software-Testing/artifacts/sample_runs/deepseek-v4-pro/cand588_6c61b0916ef7,6c61b0916ef77600d09c3e299498ce60058035a0,Add Suppliers.nul(),SuppliersTest,True,0,0,0,maven_pass,,
deepseek-v4-pro,589,/home/lpy/workspace/misc/course/Introduction-to-Software-Testing/artifacts/sample_runs/deepseek-v4-pro/cand589_aae5a3522fd5,aae5a3522fd585513693d6c550044247eae28a51,Use Objects#requireNonNull(),ArrayUtilsTest,True,0,0,0,maven_pass,,
deepseek-v4-pro,590,/home/lpy/workspace/misc/course/Introduction-to-Software-Testing/artifacts/sample_runs/deepseek-v4-pro/cand590_022d08cfd314,022d08cfd31475073c664da109ad50bfe9539d82,Fix DefaultExceptionContext.addValue that overwrites information in a recursive situation (LANG-605). Allow explicit replacement of a label with the new replaceValue methods.,ContextedExceptionTest,True,0,0,0,maven_pass,,
deepseek-v4-pro,591,/home/lpy/workspace/misc/course/Introduction-to-Software-Testing/artifacts/sample_runs/deepseek-v4-pro/cand591_61579335bcb3,61579335bcb3da854fc8be82b5e61dc52b5018d3,LANG-1154 FastDateFormat APIs that use a StringBuilder,FastDateFormatTest,True,0,1,1,maven_fail,compile_error,"matTest.java:[326,30] variable NTHREADS is already defined in class org.apache.commons.lang3.time.FastDateFormatTest [ERROR] -> [Help 1] [ERROR] [ERROR] To see the full stack trace of the errors, re-run Maven with the -e switch. [ERROR] Re-run Maven using the -X switch to enable full debug logging. [ERROR] [ERROR] For more information about the errors and possible solutions, please read the following articles: [ERROR] [Help 1] http://cwiki.apache.org/confluence/display/MAVEN/MojoFailureException"
deepseek-v4-pro,592,/home/lpy/workspace/misc/course/Introduction-to-Software-Testing/artifacts/sample_runs/deepseek-v4-pro/cand592_670a832d4d78,670a832d4d78c0206180ec2106a5e09592f65cc0,[LANG-1503] Add factory methods to Pair classes with Map.Entry input. #454.,ImmutablePairTest,True,0,0,0,maven_pass,,
deepseek-v4-pro,593,/home/lpy/workspace/misc/course/Introduction-to-Software-Testing/artifacts/sample_runs/deepseek-v4-pro/cand593_680f9d5492e2,680f9d5492e2c9c27e5c1178744a9edf36a0272b,Add missing javadoc/tests for some null arguments (#869),ToStringBuilderTest,True,0,0,0,maven_pass,,
deepseek-v4-pro,594,/home/lpy/workspace/misc/course/Introduction-to-Software-Testing/artifacts/sample_runs/deepseek-v4-pro/cand594_cae8364d9e44,cae8364d9e44065272eea22f5a64e78443b8f641,Use final.,StringUtilsTest,True,0,0,0,maven_pass,,
deepseek-v4-pro,595,/home/lpy/workspace/misc/course/Introduction-to-Software-Testing/artifacts/sample_runs/deepseek-v4-pro/cand595_13354cd13269,13354cd13269bdf9d1cbe7356f770f8ed8eb2f09,[LANG-1458] Add EMPTY_ARRAY constants to classes in org.apache.commons.lang3.tuple,PairTest,True,0,0,0,maven_pass,,
deepseek-v4-pro,596,/home/lpy/workspace/misc/course/Introduction-to-Software-Testing/artifacts/sample_runs/deepseek-v4-pro/cand596_27101b4739dd,27101b4739dd443c35b8ffb287a5b004188d1703,Add and use APIs to avoid compiler warnings and use of @SuppressWarnings.,ArrayUtilsTest,True,0,0,0,maven_pass,,
deepseek-v4-pro,597,/home/lpy/workspace/misc/course/Introduction-to-Software-Testing/artifacts/sample_runs/deepseek-v4-pro/cand597_5e62bf80f345,5e62bf80f345ff28d494c2b407a9e8691a9fb684,"LANG-1115: Add support for varargs in ConstructorUtils, MemberUtils, and MethodUtils This closes #89 from github.",ArrayUtilsTest,True,0,0,0,maven_pass,,
deepseek-v4-pro,598,/home/lpy/workspace/misc/course/Introduction-to-Software-Testing/artifacts/sample_runs/deepseek-v4-pro/cand598_764b9bba5284,764b9bba528487fb575b84766998086c24bb1f48,Use final.,ArrayUtilsTest,True,0,0,0,maven_pass,,
deepseek-v4-pro,599,/home/lpy/workspace/misc/course/Introduction-to-Software-Testing/artifacts/sample_runs/deepseek-v4-pro/cand599_90c736c3a052,90c736c3a052abad03f8b95233f1b0a6227722c5,Remove trailing spaces.,ImmutablePairTest,True,0,0,0,maven_pass,,
deepseek-v4-pro,600,/home/lpy/workspace/misc/course/Introduction-to-Software-Testing/artifacts/sample_runs/deepseek-v4-pro/cand600_2238145f563e,2238145f563e911c02d6179afb27e883c0ec6b37,array_style (#537),StrTokenizerTest,True,0,0,0,maven_pass,,
deepseek-v4-pro,601,/home/lpy/workspace/misc/course/Introduction-to-Software-Testing/artifacts/sample_runs/deepseek-v4-pro/cand601_86cf126f1373,86cf126f1373c783766cd2957f536d721b68f297,[LANG-1458] Add EMPTY_ARRAY constants to classes in org.apache.commons.lang3.tuple,ImmutablePairTest,True,0,0,0,maven_pass,,
deepseek-v4-pro,602,/home/lpy/workspace/misc/course/Introduction-to-Software-Testing/artifacts/sample_runs/deepseek-v4-pro/cand602_a98a6a99d941,a98a6a99d9415c116087b07f1d777dbe20b889da,Add and use Duration in APIs.,ObjectUtilsTest,True,0,0,0,maven_pass,,
deepseek-v4-pro,603,/home/lpy/workspace/misc/course/Introduction-to-Software-Testing/artifacts/sample_runs/deepseek-v4-pro/cand603_bc22af91e7e8,bc22af91e7e8fd7a530de48cd164056ef05829e0,"Adding Builder interface, and refactoring the builder classes and BasicThreadFactory to implement this interface. Patch from Michael Wooten in LANG-601",CompareToBuilderTest,True,0,0,0,maven_pass,,
deepseek-v4-pro,604,/home/lpy/workspace/misc/course/Introduction-to-Software-Testing/artifacts/sample_runs/deepseek-v4-pro/cand604_e299a185d42c,e299a185d42cd1b33ab21123f85de117a68c3d49,Make final var when is possible. (#816),TypeUtilsTest,True,0,0,0,maven_pass,,
deepseek-v4-pro,605,/home/lpy/workspace/misc/course/Introduction-to-Software-Testing/artifacts/sample_runs/deepseek-v4-pro/cand605_ef26a6676332,ef26a667633275fa656b74b841f9e74a3a6879ab,LANG-536 - Add isSorted() to ArrayUtils. Patch supplied by James Sawle. Closes #32 in GitHub.,ArrayUtilsTest,True,0,0,0,maven_pass,,
deepseek-v4-pro,606,/home/lpy/workspace/misc/course/Introduction-to-Software-Testing/artifacts/sample_runs/deepseek-v4-pro/cand606_33bd83496412,33bd8349641240def753858ea7809f38650cc662,Convert JavaDoc license headers to block comments,ConversionTest,True,0,0,0,maven_pass,,
deepseek-v4-pro,607,/home/lpy/workspace/misc/course/Introduction-to-Software-Testing/artifacts/sample_runs/deepseek-v4-pro/cand607_d0e2bfc46659,d0e2bfc46659025e6262b2e5de984a8359c9dada,deprecate SystemUtils#LINE_SEPARATOR in favor of java.lang.System#lineSeparator,MultilineRecursiveToStringStyleTest,True,0,1,1,maven_fail,compile_cannot_find_symbol,"l: variable SystemUtils [ERROR] location: class org.apache.commons.lang3.builder.MultilineRecursiveToStringStyleTest [ERROR] -> [Help 1] [ERROR] [ERROR] To see the full stack trace of the errors, re-run Maven with the -e switch. [ERROR] Re-run Maven using the -X switch to enable full debug logging. [ERROR] [ERROR] For more information about the errors and possible solutions, please read the following articles: [ERROR] [Help 1] http://cwiki.apache.org/confluence/display/MAVEN/MojoFailureException"
deepseek-v4-pro,608,/home/lpy/workspace/misc/course/Introduction-to-Software-Testing/artifacts/sample_runs/deepseek-v4-pro/cand608_02132ee97bf0,02132ee97bf0d57c85aa45bb64d6eb8dfbe0cf5e,Add method ConcurrentInitializer#isInitialized() (#1120),AbstractConcurrentInitializerTest,True,0,0,0,maven_pass,,
deepseek-v4-pro,609,/home/lpy/workspace/misc/course/Introduction-to-Software-Testing/artifacts/sample_runs/deepseek-v4-pro/cand609_2da006dbbede,2da006dbbede3f18d0898819edae9a5c71eac947,Fix camel case and comment typos.,StringEscapeUtilsTest,True,0,0,0,maven_pass,,
deepseek-v4-pro,610,/home/lpy/workspace/misc/course/Introduction-to-Software-Testing/artifacts/sample_runs/deepseek-v4-pro/cand610_f013141f60df,f013141f60df0bbbd57388c7bdd01a764ddfc1fd,Explicit type parameters can be removed,MethodUtilsTest,True,0,0,0,maven_pass,,
deepseek-v4-pro,611,/home/lpy/workspace/misc/course/Introduction-to-Software-Testing/artifacts/sample_runs/deepseek-v4-pro/cand611_94faa31bcf5c,94faa31bcf5c4fcb20818a3a0d23ae789932d2df,refactor FastDateParser,FastDateParserTest,True,0,0,0,maven_pass,,
deepseek-v4-pro,612,/home/lpy/workspace/misc/course/Introduction-to-Software-Testing/artifacts/sample_runs/deepseek-v4-pro/cand612_40134ecdb327,40134ecdb327d1b82936f7ee3fa925b7b181c726,LANG-1153 Implement ParsePosition api for FastDateParser,FastDateParserTest,True,0,0,0,maven_pass,,
deepseek-v4-pro,613,/home/lpy/workspace/misc/course/Introduction-to-Software-Testing/artifacts/sample_runs/deepseek-v4-pro/cand613_aeb6f86bcdec,aeb6f86bcdec061ee9c6be96066fa19c56523490,"EqualsExlcude notation, HashCodeExclude notation and ToStringExludeNotation",EqualsBuilderTest,True,0,0,0,maven_pass,,
deepseek-v4-pro,614,/home/lpy/workspace/misc/course/Introduction-to-Software-Testing/artifacts/sample_runs/deepseek-v4-pro/cand614_f96d4df26e3b,f96d4df26e3b16ce6407b854e6c89e882c51e435,LANG-609: Added AtomicInitializer class. Introduced new ConcurrentInitializer interface which is now implemented by all all initializer classes.,ConcurrentUtilsTest,True,0,0,0,maven_pass,,
gpt-5.5,1,/home/lpy/workspace/misc/course/Introduction-to-Software-Testing/artifacts/sample_runs/gpt-5.5/cand001_0095d8adf26b,0095d8adf26b9469115b1be0358cb09d1fcb5fd4,LANG-1034: Recursive and reflective EqualsBuilder (closes #202),EqualsBuilderTest,True,0,0,0,maven_pass,,
gpt-5.5,2,/home/lpy/workspace/misc/course/Introduction-to-Software-Testing/artifacts/sample_runs/gpt-5.5/cand002_01d67b1bda06,01d67b1bda06b33752fe3232594988561ff0c324,"Removing isExactlyOneTrue, since there is no consensus about this method. See also LANG-922.",BooleanUtilsTest,True,0,0,0,maven_pass,,
gpt-5.5,3,/home/lpy/workspace/misc/course/Introduction-to-Software-Testing/artifacts/sample_runs/gpt-5.5/cand003_02a98515a337,02a98515a337991f0ce05271ac90121fa204d9db,"LANG-1119: Add StringUtils.rotate(String, int)",StringUtilsTest,True,0,0,0,maven_pass,,
gpt-5.5,4,/home/lpy/workspace/misc/course/Introduction-to-Software-Testing/artifacts/sample_runs/gpt-5.5/cand004_03fe88ab71cf,03fe88ab71cf2eadaa39654786c3fba713742768,LANG-1149 Added alternative checked exception wrapping/unwrapping methods,ExceptionUtilsTest,True,0,0,0,maven_pass,,
gpt-5.5,5,/home/lpy/workspace/misc/course/Introduction-to-Software-Testing/artifacts/sample_runs/gpt-5.5/cand005_05763470e5a0,05763470e5a067eb153533d47baa73174ad9bd46,clarify behavior of #isNumber() with blanks,NumberUtilsTest,True,0,0,0,maven_pass,,
gpt-5.5,6,/home/lpy/workspace/misc/course/Introduction-to-Software-Testing/artifacts/sample_runs/gpt-5.5/cand006_061450a927ba,061450a927ba1cc65f7b984f4ff41866ec2eceac,"incorporated feedback from Fabian, formatting adjusted, count >> 1 replaced with count / 2",ThreadUtilsTest,True,0,0,0,maven_pass,,
gpt-5.5,7,/home/lpy/workspace/misc/course/Introduction-to-Software-Testing/artifacts/sample_runs/gpt-5.5/cand007_06506aecf9e4,06506aecf9e46441d08edab311e19e599d273fab,tabs replaced by spaces new tests added,ArrayUtilsTest,True,0,0,0,maven_pass,,
gpt-5.5,8,/home/lpy/workspace/misc/course/Introduction-to-Software-Testing/artifacts/sample_runs/gpt-5.5/cand008_06aea7e74cfe,06aea7e74cfe4a1578cb76672f1562132090c205,LANG-1475 Fix unwrap StringIndexOutOfBoundsException,StringUtilsTest,True,0,0,0,maven_pass,,
gpt-5.5,9,/home/lpy/workspace/misc/course/Introduction-to-Software-Testing/artifacts/sample_runs/gpt-5.5/cand009_07914b39281e,07914b39281e4be500d430b2c25e85499748788f,[LANG-1784] Add Failable methods for null-safe mapping and chaining #1435,FailableTest,True,0,0,0,maven_pass,,
gpt-5.5,10,/home/lpy/workspace/misc/course/Introduction-to-Software-Testing/artifacts/sample_runs/gpt-5.5/cand010_089b43a0a6de,089b43a0a6de2d6ae49840aec3805aee2c309001,[LANG-1426] Corrected usage examples in Javadocs (#458),StringUtilsTest,True,0,0,0,maven_pass,,
gpt-5.5,11,/home/lpy/workspace/misc/course/Introduction-to-Software-Testing/artifacts/sample_runs/gpt-5.5/cand011_08aa21f9217d,08aa21f9217df0a28d48be5be5db03ddf4867140,"LANG-1408: add toDouble(BigDecimal), toDouble(BigDecimal, double)",NumberUtilsTest,True,0,0,0,maven_pass,,
gpt-5.5,12,/home/lpy/workspace/misc/course/Introduction-to-Software-Testing/artifacts/sample_runs/gpt-5.5/cand012_0abcf0d32b22,0abcf0d32b22401e2c8e358317694d2ff044faed,Modify the error comment,RandomUtilsTest,True,0,0,0,maven_pass,,
gpt-5.5,13,/home/lpy/workspace/misc/course/Introduction-to-Software-Testing/artifacts/sample_runs/gpt-5.5/cand013_0b4a9d95df61,0b4a9d95df610bfcc83c375110ac100d08662ba1,LocaleUtils.parseLocale(String) operator precedence bug allows invalid language with numeric country (#1658),LocaleUtilsTest,True,0,0,0,maven_pass,,
gpt-5.5,14,/home/lpy/workspace/misc/course/Introduction-to-Software-Testing/artifacts/sample_runs/gpt-5.5/cand014_0b70b01a9f1d,0b70b01a9f1d9664bb5eac737175f58f06979b60,LANG-1352: EnumUtils.getEnumIgnoreCase and isValidEnumIgnoreCase methods added (closes #286),EnumUtilsTest,True,0,0,0,maven_pass,,
gpt-5.5,15,/home/lpy/workspace/misc/course/Introduction-to-Software-Testing/artifacts/sample_runs/gpt-5.5/cand015_0de9354f505f,0de9354f505f415c7ad35fe735cebab4900a698a,"LANG-922 - Add isOneTrue(booleans...) to BooleanUtils to preserve old behavior of BooleanUtils.xor(booleans...). Added isOneTrue for primitives and wrappers, isOneFalse still missing.",BooleanUtilsTest,True,0,0,0,maven_pass,,
gpt-5.5,16,/home/lpy/workspace/misc/course/Introduction-to-Software-Testing/artifacts/sample_runs/gpt-5.5/cand016_0fe9685c8a78,0fe9685c8a78ba2d780a3ec1e1a323990dc6d218,LANG-1023 WordUtils.wrap: Customizable breakable characters (not just space/whitespace),WordUtilsTest,True,0,0,0,maven_pass,,
gpt-5.5,17,/home/lpy/workspace/misc/course/Introduction-to-Software-Testing/artifacts/sample_runs/gpt-5.5/cand017_10325422e5a4,10325422e5a4735aa87a4d47bdb377e09fe963d2,LANG-1276: StrBuilder#replaceAll ArrayIndexOutOfBoundsException (closes #200),StrBuilderTest,True,0,0,0,maven_pass,,
gpt-5.5,18,/home/lpy/workspace/misc/course/Introduction-to-Software-Testing/artifacts/sample_runs/gpt-5.5/cand018_10641f9ae7d1,10641f9ae7d1d2f30aec5bc146a8d5b49c22d0a0,Using Validate where possible in builder package.,HashCodeBuilderTest,True,0,0,0,maven_pass,,
gpt-5.5,19,/home/lpy/workspace/misc/course/Introduction-to-Software-Testing/artifacts/sample_runs/gpt-5.5/cand019_10e18ae9b47d,10e18ae9b47dfe04573884739823d64825105694,LANG-1100: Avoid memory allocation when using date formating to StringBuffer,FastDatePrinterTest,True,0,0,0,maven_pass,,
gpt-5.5,20,/home/lpy/workspace/misc/course/Introduction-to-Software-Testing/artifacts/sample_runs/gpt-5.5/cand020_110ab39cb236,110ab39cb236fd7e6f517c8dc3b389fa215c0020,Use final.,ObjectsTest,True,0,0,0,maven_pass,,
gpt-5.5,21,/home/lpy/workspace/misc/course/Introduction-to-Software-Testing/artifacts/sample_runs/gpt-5.5/cand021_127050d2b54b,127050d2b54bd6224bc53573228e8774dc7be28b,"NumberUtils.isCreatable(String) should match NumberUtils.createNumber(String), exactly (#1626)",NumberUtilsTest,True,0,0,0,maven_pass,,
gpt-5.5,22,/home/lpy/workspace/misc/course/Introduction-to-Software-Testing/artifacts/sample_runs/gpt-5.5/cand022_1418a770ba43,1418a770ba436d15693c3bb29a67e501c2008274,[LANG-1452] RecursiveToStringStyle and MultilineRecursiveToStringStyle shouldn't recurse into a java.math.BigDecimal (#1584),RecursiveToStringStyleTest,True,0,0,0,maven_pass,,
gpt-5.5,23,/home/lpy/workspace/misc/course/Introduction-to-Software-Testing/artifacts/sample_runs/gpt-5.5/cand023_1521bf3e9f3e,1521bf3e9f3e2f944fc2331b0ac19c9f5f0fde6d,"Instead of throwing a NullPointerException, ArrayUtils.toStringArray(Object[]) should return ""null"" for null elements like ArrayUtils.toStringArray(Object[], String) returns its valueForNullElements.",ArrayUtilsTest,True,0,0,0,maven_pass,,
gpt-5.5,24,/home/lpy/workspace/misc/course/Introduction-to-Software-Testing/artifacts/sample_runs/gpt-5.5/cand024_152b1777fddc,152b1777fddc5127e77f9b14637d6abae18eaf05,Rename new method,StreamsTest,True,0,0,0,maven_pass,,
gpt-5.5,25,/home/lpy/workspace/misc/course/Introduction-to-Software-Testing/artifacts/sample_runs/gpt-5.5/cand025_155abe805b80,155abe805b80bbb8276b75a8c4faffd2578bb68a,Use Java 8 API to manage thread local,HashCodeBuilderTest,True,0,0,0,maven_pass,,
gpt-5.5,26,/home/lpy/workspace/misc/course/Introduction-to-Software-Testing/artifacts/sample_runs/gpt-5.5/cand026_155cec1085f9,155cec1085f9bd5383241e4c93fb40117081aaba,LANG-701 - Added new joinWith method to support varargs,StringUtilsTest,True,0,0,0,maven_pass,,
gpt-5.5,27,/home/lpy/workspace/misc/course/Introduction-to-Software-Testing/artifacts/sample_runs/gpt-5.5/cand027_17a6d163c62d,17a6d163c62d7bbfc9e19c11e0d52ae06b5160b1,Adding a createStarted() method per request in LANG-1138,StopWatchTest,True,0,0,0,maven_pass,,
gpt-5.5,28,/home/lpy/workspace/misc/course/Introduction-to-Software-Testing/artifacts/sample_runs/gpt-5.5/cand028_184c9e83211a,184c9e83211a0552698a934d45d3ebca2c789881,WordUtils.wrap() zero-width wrapOn regex match causes infinite loop. (#1649),WordUtilsTest,True,0,0,0,maven_pass,,
gpt-5.5,29,/home/lpy/workspace/misc/course/Introduction-to-Software-Testing/artifacts/sample_runs/gpt-5.5/cand029_1974c83561d0,1974c83561d09cf73a575f992fbd8416e3354d20,incorporated feedback from Peter,ThreadUtilsTest,True,0,0,0,maven_pass,,
gpt-5.5,30,/home/lpy/workspace/misc/course/Introduction-to-Software-Testing/artifacts/sample_runs/gpt-5.5/cand030_1a002c67f2d3,1a002c67f2d3c198411a62165e53b31d6b414aa3,LANG-1225: Add RandomStringUtils#randomGraph and #randomPrint which match corresponding regular expression class,RandomStringUtilsTest,True,0,0,0,maven_pass,,
gpt-5.5,31,/home/lpy/workspace/misc/course/Introduction-to-Software-Testing/artifacts/sample_runs/gpt-5.5/cand031_1a20867d01ef,1a20867d01ef8ee5b32b0620125b7c38a10b80c5,LANG-1310: MethodUtils.invokeMethod throws ArrayStoreException if using varargs arguments and smaller types than the method defines (closes #256),MethodUtilsTest,True,0,0,0,maven_pass,,
gpt-5.5,32,/home/lpy/workspace/misc/course/Introduction-to-Software-Testing/artifacts/sample_runs/gpt-5.5/cand032_1a3a12dc7388,1a3a12dc7388a177c4ae64f5e3c96a7d462c003d,[LANG-1784] Add Functions methods for null-safe mapping and chaining #1435,FunctionsTest,True,0,0,0,maven_pass,,
gpt-5.5,33,/home/lpy/workspace/misc/course/Introduction-to-Software-Testing/artifacts/sample_runs/gpt-5.5/cand033_1a60c21395fe,1a60c21395fe7648188d1c91f62ac7baefa12742,Applying the copy of the HashCodeBuilder code to stop cyclic references over to EqualsBuilder per LANG-606 and Oliver Sauder's patch,EqualsBuilderTest,True,0,0,0,maven_pass,,
gpt-5.5,34,/home/lpy/workspace/misc/course/Introduction-to-Software-Testing/artifacts/sample_runs/gpt-5.5/cand034_1a77a547dd72,1a77a547dd72e82a8967e462406436a1c2e341a2,"Add allNull() and anyNull() methods to ObjectUtils, as well as their associated tests. (#522)",ObjectUtilsTest,True,0,0,0,maven_pass,,
gpt-5.5,35,/home/lpy/workspace/misc/course/Introduction-to-Software-Testing/artifacts/sample_runs/gpt-5.5/cand035_1b9d938d66a1,1b9d938d66a172b200fd90d4a61707852bdb4b8f,"LANG-1118 Fix StringUtils.repeat(char, int) dealing with negative repeat value",StringUtilsTest,True,0,0,0,maven_pass,,
gpt-5.5,36,/home/lpy/workspace/misc/course/Introduction-to-Software-Testing/artifacts/sample_runs/gpt-5.5/cand036_1e455838963a,1e455838963a99f7e76e334850c00293262f9573,LANG-1778 fix by reversing order (#1414),MethodUtilsTest,True,0,0,0,maven_pass,,
gpt-5.5,37,/home/lpy/workspace/misc/course/Introduction-to-Software-Testing/artifacts/sample_runs/gpt-5.5/cand037_1f35e7c99b66,1f35e7c99b66b8d46c4ad96558e694a10aa38062,[LANG-586] Clear ThreadLocal for HashCodeBuilder as well,HashCodeBuilderTest,True,0,0,0,maven_pass,,
gpt-5.5,38,/home/lpy/workspace/misc/course/Introduction-to-Software-Testing/artifacts/sample_runs/gpt-5.5/cand038_1f56bd103d53,1f56bd103d53c8c6ba7502c6586c26be01bfdb80,LANG-1261: ArrayUtils#contains and ArrayUtils#indexOf should compare objects with different types,ArrayUtilsTest,True,0,0,0,maven_pass,,
gpt-5.5,39,/home/lpy/workspace/misc/course/Introduction-to-Software-Testing/artifacts/sample_runs/gpt-5.5/cand039_217da1e6aa2b,217da1e6aa2b2c9f626ed2efa42e3e3996175571,implement lastIndexOf,CharSequenceUtilsTest,True,0,1,1,maven_fail,compile_error,"rSequence,java.lang.CharSequence) is already defined in class org.apache.commons.lang3.CharSequenceUtilsTest [ERROR] [ERROR] -> [Help 1] [ERROR] [ERROR] To see the full stack trace of the errors, re-run Maven with the -e switch. [ERROR] Re-run Maven using the -X switch to enable full debug logging. [ERROR] [ERROR] For more information about the errors and possible solutions, please read the following articles: [ERROR] [Help 1] http://cwiki.apache.org/confluence/display/MAVEN/MojoFailureException"
gpt-5.5,40,/home/lpy/workspace/misc/course/Introduction-to-Software-Testing/artifacts/sample_runs/gpt-5.5/cand040_23f18044d1cc,23f18044d1cc750ce07a59662f636468e616d4d5,Update documentation related to the issue LANG-696 (#449),ClassUtilsTest,True,0,0,0,maven_pass,,
gpt-5.5,41,/home/lpy/workspace/misc/course/Introduction-to-Software-Testing/artifacts/sample_runs/gpt-5.5/cand041_23f508095004,23f508095004cc7215cdd6fc4b15e8d6192f8d1d,Adding Vincent Ricard's patch to CharRange.java providing an iterator that lets you walk the chars in the range. LANG-454,CharRangeTest,True,0,0,0,maven_pass,,
gpt-5.5,42,/home/lpy/workspace/misc/course/Introduction-to-Software-Testing/artifacts/sample_runs/gpt-5.5/cand042_240b7a92f63b,240b7a92f63bec0a81ec8707e6b08115da368590,default autoboxing for Class[] depending on RT Java version + more tests,ClassUtilsTest,True,0,1,1,maven_fail,compile_error,"est.java:[834,16] error: method test_isAssignable_ClassArray_ClassArray() is already defined in class ClassUtilsTest [ERROR] -> [Help 1] [ERROR] [ERROR] To see the full stack trace of the errors, re-run Maven with the -e switch. [ERROR] Re-run Maven using the -X switch to enable full debug logging. [ERROR] [ERROR] For more information about the errors and possible solutions, please read the following articles: [ERROR] [Help 1] http://cwiki.apache.org/confluence/display/MAVEN/MojoFailureException"
gpt-5.5,43,/home/lpy/workspace/misc/course/Introduction-to-Software-Testing/artifacts/sample_runs/gpt-5.5/cand043_242b815437b9,242b815437b9a988c2ce9e980295ca8a9e302e7a,LANG-1185 Add some tests for StringUtils replaceAll and replaceFirst methods,StringUtilsTest,True,0,0,0,maven_pass,,
gpt-5.5,44,/home/lpy/workspace/misc/course/Introduction-to-Software-Testing/artifacts/sample_runs/gpt-5.5/cand044_24957f9934ce,24957f9934cee310debd2005bdbd78e21e857e7e,Use final.,NumberUtilsTest,True,0,0,0,maven_pass,,
gpt-5.5,45,/home/lpy/workspace/misc/course/Introduction-to-Software-Testing/artifacts/sample_runs/gpt-5.5/cand045_2521d9619fe1,2521d9619fe1f052ced8ea1107851ac98a1b7488,refactored to Generics and added isArrayIndexValid,ArrayUtilsTest,True,0,0,0,maven_pass,,
gpt-5.5,46,/home/lpy/workspace/misc/course/Introduction-to-Software-Testing/artifacts/sample_runs/gpt-5.5/cand046_2550d4cfa283,2550d4cfa283603a23283c5495bfab75deff02dc,"Rewriting OctalUnescaper as a hand rolled parser (all of 4 characters), instead of trying to handle the conversion via repeated attempts to convert the numbers. This fixes bugs, see LANG-929, and also changes the behaviour for 'illegal' octals such as \999. Instead of throwing NumberFormatException, it will now ignore them. This seems the better behaviour.",OctalUnescaperTest,True,0,0,0,maven_pass,,
gpt-5.5,47,/home/lpy/workspace/misc/course/Introduction-to-Software-Testing/artifacts/sample_runs/gpt-5.5/cand047_26bc45fdeeed,26bc45fdeeeda2bee38cc2a08ce99e41fd48e0d6,"Fix checkstyle violations (tabs, missing spaces after commas, missing javadocs)",FunctionsTest,True,0,0,0,maven_pass,,
gpt-5.5,48,/home/lpy/workspace/misc/course/Introduction-to-Software-Testing/artifacts/sample_runs/gpt-5.5/cand048_26ead6134ad5,26ead6134ad55bf1350e41f05f4d0cbe6d0be4be,[LANG-1814] ArrayUtils.subarray(..) may overflow index arithmetic and violate contract for extreme index values #1585,ArrayUtilsTest,True,0,0,0,maven_pass,,
gpt-5.5,49,/home/lpy/workspace/misc/course/Introduction-to-Software-Testing/artifacts/sample_runs/gpt-5.5/cand049_28f46460d63b,28f46460d63b4c7806a2b9cce382b2b79ba6fd50,ClassUtils.toCleanName(String) resolves malformed array suffixes instead (#1670),ClassUtilsTest,True,0,0,0,maven_pass,,
gpt-5.5,50,/home/lpy/workspace/misc/course/Introduction-to-Software-Testing/artifacts/sample_runs/gpt-5.5/cand050_2a11642511a3,2a11642511a3c69bac5aa1abd83d3219871395e3,LANG-1411: Add empty checks to ObjectUtils,ObjectUtilsTest,True,0,1,1,maven_fail,compile_cannot_find_symbol,"ind symbol [ERROR] symbol: variable NON_EMPTY_ARRAY [ERROR] location: class org.apache.commons.lang3.ObjectUtilsTest [ERROR] -> [Help 1] [ERROR] [ERROR] To see the full stack trace of the errors, re-run Maven with the -e switch. [ERROR] Re-run Maven using the -X switch to enable full debug logging. [ERROR] [ERROR] For more information about the errors and possible solutions, please read the following articles: [ERROR] [Help 1] http://cwiki.apache.org/confluence/display/MAVEN/MojoFailureException"
gpt-5.5,51,/home/lpy/workspace/misc/course/Introduction-to-Software-Testing/artifacts/sample_runs/gpt-5.5/cand051_2cad60b6c25c,2cad60b6c25c87a6a59d3d315ec7d72c552fbc58,removed ArrayUtils.get,ArrayUtilsTest,True,0,0,0,maven_pass,,
gpt-5.5,52,/home/lpy/workspace/misc/course/Introduction-to-Software-Testing/artifacts/sample_runs/gpt-5.5/cand052_2ebc17ba3f24,2ebc17ba3f244ae44aae46273aeef7e321f9542a,Added Functions.tryWithResources.,FunctionsTest,True,0,1,1,maven_fail,compile_cannot_find_symbol,"not find symbol [ERROR] symbol: class CloseableObject [ERROR] location: class org.apache.commons.lang3.FunctionsTest [ERROR] -> [Help 1] [ERROR] [ERROR] To see the full stack trace of the errors, re-run Maven with the -e switch. [ERROR] Re-run Maven using the -X switch to enable full debug logging. [ERROR] [ERROR] For more information about the errors and possible solutions, please read the following articles: [ERROR] [Help 1] http://cwiki.apache.org/confluence/display/MAVEN/MojoFailureException"
gpt-5.5,53,/home/lpy/workspace/misc/course/Introduction-to-Software-Testing/artifacts/sample_runs/gpt-5.5/cand053_2f153733c7df,2f153733c7dfe33f38438be3fd3269e0c3ab7005,Rename method and fix typo. (#940),DurationUtilsTest,True,0,0,0,maven_pass,,
gpt-5.5,54,/home/lpy/workspace/misc/course/Introduction-to-Software-Testing/artifacts/sample_runs/gpt-5.5/cand054_313d877d57ab,313d877d57abefdbb1ad0c42781bf719b83d5a35,"Two fixes in RandomStringUtils.random(int, int, int, boolean, boolean, (#1638)",RandomStringUtilsTest,True,0,0,0,maven_pass,,
gpt-5.5,55,/home/lpy/workspace/misc/course/Introduction-to-Software-Testing/artifacts/sample_runs/gpt-5.5/cand055_31466db6ecd1,31466db6ecd115aa74616e14a75721b45c0f59f9,Add sugar to RandomIUtils,RandomUtilsTest,True,0,0,0,maven_pass,,
gpt-5.5,56,/home/lpy/workspace/misc/course/Introduction-to-Software-Testing/artifacts/sample_runs/gpt-5.5/cand056_31d7eea1c620,31d7eea1c6205066b91c79f19219a436b26e9060,[LANG-1570] JavaVersion enum constants for Java 14 and 15. (#553),JavaVersionTest,True,0,0,0,maven_pass,,
gpt-5.5,57,/home/lpy/workspace/misc/course/Introduction-to-Software-Testing/artifacts/sample_runs/gpt-5.5/cand057_35fb9fca83af,35fb9fca83af4ffbaf6f1163a927d8751938fda3,LANG-1172: Support dash as a delimiter in locales (#766),LocaleUtilsTest,True,0,0,0,maven_pass,,
gpt-5.5,58,/home/lpy/workspace/misc/course/Introduction-to-Software-Testing/artifacts/sample_runs/gpt-5.5/cand058_36111ba5829b,36111ba5829bdd4249c7418c1aec17c149ef86a3,[LANG-1568] More failable functional interfaces to match JRE functional interfaces.,FunctionsTest,True,0,0,0,maven_pass,,
gpt-5.5,59,/home/lpy/workspace/misc/course/Introduction-to-Software-Testing/artifacts/sample_runs/gpt-5.5/cand059_3a35c53c6c9a,3a35c53c6c9a3b9a1feedaf39b72e405ecaf9df8,Add DurationUtils.zeroIfNull(Duration).,DurationUtilsTest,True,0,0,0,maven_pass,,
gpt-5.5,60,/home/lpy/workspace/misc/course/Introduction-to-Software-Testing/artifacts/sample_runs/gpt-5.5/cand060_3acffccf1502,3acffccf15027bcf87e25a432f085c45e103b0ec,"LANG-1139: Add null safe methods in StringUtils to replace by regular expression :   - StringUtils.replaceAll(String, String, String)   - StringUtils.replaceFirst(String, String, String)",StringUtilsTest,True,0,0,0,maven_pass,,
gpt-5.5,61,/home/lpy/workspace/misc/course/Introduction-to-Software-Testing/artifacts/sample_runs/gpt-5.5/cand061_3ce3b27dbd57,3ce3b27dbd579a918e97e1fb09e9b0153cc71a60,Fixing Checkstyle problems.,StreamsTest,True,0,0,0,maven_pass,,
gpt-5.5,62,/home/lpy/workspace/misc/course/Introduction-to-Software-Testing/artifacts/sample_runs/gpt-5.5/cand062_3d4ed4a8ac63,3d4ed4a8ac63db1e51601ffc31fed44dccbb276c,Fixing Checkstyle warnings. Closes #532.,LocksTest,True,0,0,0,maven_pass,,
gpt-5.5,63,/home/lpy/workspace/misc/course/Introduction-to-Software-Testing/artifacts/sample_runs/gpt-5.5/cand063_3df7f4440e74,3df7f4440e7447bc55e95400ec511323e708c652,[LANG-1823] LocaleUtils.toLocale cannot parse valid JDK Locale string containing '#'  (#1630),LocaleUtilsTest,True,0,0,0,maven_pass,,
gpt-5.5,64,/home/lpy/workspace/misc/course/Introduction-to-Software-Testing/artifacts/sample_runs/gpt-5.5/cand064_3fa5334ac08f,3fa5334ac08fc7ce1a86d5b34fbcd8cfea85ed23,"LANG-1027 don't fail if java version is unknown, lang is too much used to make apps and libs failling cause of an unknown java version.",JavaVersionTest,True,0,0,0,maven_pass,,
gpt-5.5,65,/home/lpy/workspace/misc/course/Introduction-to-Software-Testing/artifacts/sample_runs/gpt-5.5/cand065_408b66081333,408b6608133359f03fc8d5b2c7cf4abd3813ebdd,More precise internal type,DurationFormatUtilsTest,True,0,1,1,maven_fail,compile_incompatible_types,"matUtilsTest.java:[85,79] incompatible types: java.lang.Object cannot be converted to java.lang.CharSequence [ERROR] [ERROR] -> [Help 1] [ERROR] [ERROR] To see the full stack trace of the errors, re-run Maven with the -e switch. [ERROR] Re-run Maven using the -X switch to enable full debug logging. [ERROR] [ERROR] For more information about the errors and possible solutions, please read the following articles: [ERROR] [Help 1] http://cwiki.apache.org/confluence/display/MAVEN/MojoFailureException"
gpt-5.5,66,/home/lpy/workspace/misc/course/Introduction-to-Software-Testing/artifacts/sample_runs/gpt-5.5/cand066_421db380d060,421db380d060e9f037a8ecbc446c414efaa6923f,Switched capitalize back to using toTitleCase. Added a test for this using the 'Lj' letter. LANG-1142,StringUtilsTest,True,0,0,0,maven_pass,,
gpt-5.5,67,/home/lpy/workspace/misc/course/Introduction-to-Software-Testing/artifacts/sample_runs/gpt-5.5/cand067_4240de53b325,4240de53b3252e4cf0d45fe55feae4e009565d6b,"Applying Srihari Reddy's patch from LANG-405, based on Dave Meikle's original patch. This adds a truncateMiddle method to StringUtils.",StringUtilsTest,True,0,0,0,maven_pass,,
gpt-5.5,68,/home/lpy/workspace/misc/course/Introduction-to-Software-Testing/artifacts/sample_runs/gpt-5.5/cand068_434575ed0a71,434575ed0a71439b8abe8ef59948bf15847fd9c0,Adding toCalendar method per LANG-632,DateUtilsTest,True,0,0,0,maven_pass,,
gpt-5.5,69,/home/lpy/workspace/misc/course/Introduction-to-Software-Testing/artifacts/sample_runs/gpt-5.5/cand069_45acc1c97094,45acc1c97094cd68928f634ce4896e4b05ee92ac,LANG-1691: ClassUtils.getShortCanonicalName - using canonicalName rather than class name (#949),ClassUtilsTest,True,0,0,0,maven_pass,,
gpt-5.5,70,/home/lpy/workspace/misc/course/Introduction-to-Software-Testing/artifacts/sample_runs/gpt-5.5/cand070_46b15a2ecb05,46b15a2ecb05bdc281bc6109bb2db99b566d4a10,Rename method for next release.,StreamsTest,True,0,0,0,maven_pass,,
gpt-5.5,71,/home/lpy/workspace/misc/course/Introduction-to-Software-Testing/artifacts/sample_runs/gpt-5.5/cand071_49ef6b530c89,49ef6b530c89c5f7181aa3fbdb957155a6802b05,PMD: Implement equals(),HashCodeBuilderTest,True,0,0,0,maven_pass,,
gpt-5.5,72,/home/lpy/workspace/misc/course/Introduction-to-Software-Testing/artifacts/sample_runs/gpt-5.5/cand072_4a934610e7d9,4a934610e7d911df707a23ad338ab2e4aa14daa4,LANG-1495 Update EnumUtils.java (#475),EnumUtilsTest,True,0,0,0,maven_pass,,
gpt-5.5,73,/home/lpy/workspace/misc/course/Introduction-to-Software-Testing/artifacts/sample_runs/gpt-5.5/cand073_4c3f1dd00ee7,4c3f1dd00ee7b8800478edb2b50dd687103b5f2a,"StringUtils.repeat(String, [String,] int) now throws IllegalArgumentException (#1644)",StringUtilsTest,True,0,0,0,maven_pass,,
gpt-5.5,74,/home/lpy/workspace/misc/course/Introduction-to-Software-Testing/artifacts/sample_runs/gpt-5.5/cand074_4f31ae757ce3,4f31ae757ce3e2ebee99af485050e4aa3a23f4f4,"Applying Valentin Rocher's patch from LANG-559, adding isInstanceOf and isAssignableFrom methods.",ValidateTest,True,0,0,0,maven_pass,,
gpt-5.5,75,/home/lpy/workspace/misc/course/Introduction-to-Software-Testing/artifacts/sample_runs/gpt-5.5/cand075_4ff5e2b9f98e,4ff5e2b9f98e5ca9dd105a2d08477e0371ae8832,Extract a map method.,UncheckedFutureTest,True,0,0,0,maven_pass,,
gpt-5.5,76,/home/lpy/workspace/misc/course/Introduction-to-Software-Testing/artifacts/sample_runs/gpt-5.5/cand076_526a03a8701f,526a03a8701f85e422786f0a4d1fadd3f0c249c1,"DateUtils.parseDateWithLeniency(String, Locale, String[], boolean) doesn't reset its time zone (#1660)",DateUtilsTest,True,0,0,0,maven_pass,,
gpt-5.5,77,/home/lpy/workspace/misc/course/Introduction-to-Software-Testing/artifacts/sample_runs/gpt-5.5/cand077_52c06bea2f2b,52c06bea2f2b6c277c517dc9f5bb0d62d17e073c,fix LANG-1816 (#1589),ArrayUtilsTest,True,0,0,0,maven_pass,,
gpt-5.5,78,/home/lpy/workspace/misc/course/Introduction-to-Software-Testing/artifacts/sample_runs/gpt-5.5/cand078_54e63005446a,54e63005446a2b0a4255ba16838122c5808ef886,[LANG-1141] StrLookup for system properties now sees updated values.,StrLookupTest,True,0,0,0,maven_pass,,
gpt-5.5,79,/home/lpy/workspace/misc/course/Introduction-to-Software-Testing/artifacts/sample_runs/gpt-5.5/cand079_54ff33b2ad26,54ff33b2ad26e3969cc59d7f2723563dee3e37dc,LANG-1151: Performance improvements for NumberUtils.isParsable (closes #99),NumberUtilsTest,True,0,0,0,maven_pass,,
gpt-5.5,80,/home/lpy/workspace/misc/course/Introduction-to-Software-Testing/artifacts/sample_runs/gpt-5.5/cand080_55a2a03aa308,55a2a03aa30836c814b9c2d50d5081a52f01d83c,[LANG-1177] Added indexesOf methods and simplified removeAllOccurences (#471),ArrayUtilsTest,True,0,0,0,maven_pass,,
gpt-5.5,81,/home/lpy/workspace/misc/course/Introduction-to-Software-Testing/artifacts/sample_runs/gpt-5.5/cand081_5689c91cf2a3,5689c91cf2a3a27f0a3a8a362857f2cf0919d4f6,"Add DurationUtils.isPositive(Duration) and toDuration(long,TimeUnit).",DurationUtilsTest,True,0,0,0,maven_pass,,
gpt-5.5,82,/home/lpy/workspace/misc/course/Introduction-to-Software-Testing/artifacts/sample_runs/gpt-5.5/cand082_5713c6c42e43,5713c6c42e43977df17a7a6c0d39a8ff4f4540b6,Bugfix/class utils to canonical name length check (#1495),ClassUtilsTest,True,0,0,0,maven_pass,,
gpt-5.5,83,/home/lpy/workspace/misc/course/Introduction-to-Software-Testing/artifacts/sample_runs/gpt-5.5/cand083_571b8e301722,571b8e301722205c4fff30cdfd502020f2a56be8,"Adding concat(Object...) and concatWith(String, Object...) methods to provide vararg'd versions of the more prominent join methods. This ties into the String.concat method. LANG-396",StringUtilsTest,True,0,0,0,maven_pass,,
gpt-5.5,84,/home/lpy/workspace/misc/course/Introduction-to-Software-Testing/artifacts/sample_runs/gpt-5.5/cand084_5755cced016d,5755cced016dd176508a8f1a9c35bfc863bc8cf9,Use the scale in names.,EventCountCircuitBreakerTest,True,0,1,1,maven_fail,compile_cannot_find_symbol,"ymbol: variable currentTime [ERROR] location: class org.apache.commons.lang3.concurrent.EventCountCircuitBreakerTest [ERROR] -> [Help 1] [ERROR] [ERROR] To see the full stack trace of the errors, re-run Maven with the -e switch. [ERROR] Re-run Maven using the -X switch to enable full debug logging. [ERROR] [ERROR] For more information about the errors and possible solutions, please read the following articles: [ERROR] [Help 1] http://cwiki.apache.org/confluence/display/MAVEN/MojoFailureException"
gpt-5.5,85,/home/lpy/workspace/misc/course/Introduction-to-Software-Testing/artifacts/sample_runs/gpt-5.5/cand085_5904c573ffac,5904c573ffacaa5d8836ffc2b346f400c8901ed1,NumberUtils.createNumber(String): Float shortcut can bypass exact (#1635),NumberUtilsTest,True,0,0,0,maven_pass,,
gpt-5.5,86,/home/lpy/workspace/misc/course/Introduction-to-Software-Testing/artifacts/sample_runs/gpt-5.5/cand086_5914a8e80a54,5914a8e80a547301b76bf8ef691053e4dfc901a7,TimedSemaphore.shutdown() must wake threads blocked in acquire(). (#1639),TimedSemaphoreTest,True,0,0,0,maven_pass,,
gpt-5.5,87,/home/lpy/workspace/misc/course/Introduction-to-Software-Testing/artifacts/sample_runs/gpt-5.5/cand087_59d201f7be16,59d201f7be16f724e52023330258f44876e545a2,Add gets the current day of year. (#968),CalendarUtilsTest,True,0,0,0,maven_pass,,
gpt-5.5,88,/home/lpy/workspace/misc/course/Introduction-to-Software-Testing/artifacts/sample_runs/gpt-5.5/cand088_5aa87b52f1b3,5aa87b52f1b3f958e1c13ce3b811379ad6f71d9b,"Corrected Javadoc (mentioned in LANG-1058), added examples to unit test.",StringUtilsTest,True,0,0,0,maven_pass,,
gpt-5.5,89,/home/lpy/workspace/misc/course/Introduction-to-Software-Testing/artifacts/sample_runs/gpt-5.5/cand089_5b0d49b81393,5b0d49b81393c524727f9195eecbfe7610fc1f6a,LANG-1447: use isJavaVersionAtLeast in implementation,FieldUtilsTest,True,0,0,0,maven_pass,,
gpt-5.5,90,/home/lpy/workspace/misc/course/Introduction-to-Software-Testing/artifacts/sample_runs/gpt-5.5/cand090_5b6030595205,5b6030595205f5f843549f1f12a0e1037bf4a50f,Fix Javadoc @since tags,ExceptionUtilsTest,True,0,0,0,maven_pass,,
gpt-5.5,91,/home/lpy/workspace/misc/course/Introduction-to-Software-Testing/artifacts/sample_runs/gpt-5.5/cand091_5b7608d15499,5b7608d1549989d92dd159392c19d9ba8ce0e62e,consistent treatment for negative indices for swap method,ArrayUtilsTest,True,0,0,0,maven_pass,,
gpt-5.5,92,/home/lpy/workspace/misc/course/Introduction-to-Software-Testing/artifacts/sample_runs/gpt-5.5/cand092_5e9fd18a887e,5e9fd18a887eb071a42983a8c6df1ae3062f3a88,Fix cloning of array types.,ObjectUtilsTest,True,0,0,0,maven_pass,,
gpt-5.5,93,/home/lpy/workspace/misc/course/Introduction-to-Software-Testing/artifacts/sample_runs/gpt-5.5/cand093_5fef9575646f,5fef9575646f6583fd2d9ee01368b3deefe6ce82,LANG-1195: Enhance MethodUtils to allow invocation of private methods (closes #141),MethodUtilsTest,True,0,0,0,maven_pass,,
gpt-5.5,94,/home/lpy/workspace/misc/course/Introduction-to-Software-Testing/artifacts/sample_runs/gpt-5.5/cand094_61c2d8f84931,61c2d8f849315e249ddcd0cf8b868595974fc644,[LANG-1774] Improve handling of ClassUtils.getShortCanonicalName for invalid input data (#1437),ClassUtilsTest,True,0,0,0,maven_pass,,
gpt-5.5,95,/home/lpy/workspace/misc/course/Introduction-to-Software-Testing/artifacts/sample_runs/gpt-5.5/cand095_6240a05c1291,6240a05c12914083adbe8c7c53e7e40ef42931dd,LANG-1016: NumberUtils#isParsable method(s). Apply Juan PabloSantos Rodríguez patch for handling negative numbers.,NumberUtilsTest,True,0,0,0,maven_pass,,
gpt-5.5,96,/home/lpy/workspace/misc/course/Introduction-to-Software-Testing/artifacts/sample_runs/gpt-5.5/cand096_633ce6049680,633ce604968078151e03363d5c67042af74310e3,Always return false to contains a null word,WordUtilsTest,True,0,0,0,maven_pass,,
gpt-5.5,97,/home/lpy/workspace/misc/course/Introduction-to-Software-Testing/artifacts/sample_runs/gpt-5.5/cand097_6363fced4b38,6363fced4b3837afb8a36ed109264b016097d8d8,Better method names.,LocksTest,True,0,0,0,maven_pass,,
gpt-5.5,98,/home/lpy/workspace/misc/course/Introduction-to-Software-Testing/artifacts/sample_runs/gpt-5.5/cand098_63f1d6b83bc1,63f1d6b83bc10a2880f5ec17a172fab284d2eff5,LANG-1055: StrSubstitutor.replaceSystemProperties does not work consistently. This fixes #43 from github. Thanks to Jonathan Baker.,StrLookupTest,True,0,0,0,maven_pass,,
gpt-5.5,99,/home/lpy/workspace/misc/course/Introduction-to-Software-Testing/artifacts/sample_runs/gpt-5.5/cand099_63f644daa847,63f644daa847e193d9f70791ef2337816f6409a6,[LANG-1637] Fix 2 digit week year formatting (#688),FastDatePrinterTest,True,0,0,0,maven_pass,,
gpt-5.5,100,/home/lpy/workspace/misc/course/Introduction-to-Software-Testing/artifacts/sample_runs/gpt-5.5/cand100_643302af8c0e,643302af8c0e10ed7ee1d9ca3c60fa0f61eaaf08,"Applying Chandrashekar M's patch to LANG-583, adding isNotEmpty(array) methods to ArrayUtils.",ArrayUtilsTest,True,0,0,0,maven_pass,,
gpt-5.5,101,/home/lpy/workspace/misc/course/Introduction-to-Software-Testing/artifacts/sample_runs/gpt-5.5/cand101_65970408668e,65970408668e105fc880cb8e79e645085df7cd3b,[LANG-1754] Use getAllSuperclassesAndInterfaces() in getMatchingMethod(). (#1289),MethodUtilsTest,True,0,0,0,maven_pass,,
gpt-5.5,102,/home/lpy/workspace/misc/course/Introduction-to-Software-Testing/artifacts/sample_runs/gpt-5.5/cand102_695342cb1cef,695342cb1cef42f30fd1a8496f181c92b21ae82d,LANG-1287: RandomStringUtils#random can enter infinite loop if end parameter is to small (closes #211),RandomStringUtilsTest,True,0,0,0,maven_pass,,
gpt-5.5,103,/home/lpy/workspace/misc/course/Introduction-to-Software-Testing/artifacts/sample_runs/gpt-5.5/cand103_6996806101b6,6996806101b69a87ffcfc4fa9237c075105d722f,[LANG-1596] ArrayUtils.toPrimitive(Object) does not support boolean and other types (#607),ArrayUtilsTest,True,0,0,0,maven_pass,,
gpt-5.5,104,/home/lpy/workspace/misc/course/Introduction-to-Software-Testing/artifacts/sample_runs/gpt-5.5/cand104_6a65b76f2ab9,6a65b76f2ab90cad2c297ff0d9f747ebb982e515,"[LANG-1723]: Throw NumberFormatException instead of IndexOutOfBoundsException in NumberUtils.getMantissa(String, int) (#1145)",NumberUtilsTest,True,0,0,0,maven_pass,,
gpt-5.5,105,/home/lpy/workspace/misc/course/Introduction-to-Software-Testing/artifacts/sample_runs/gpt-5.5/cand105_6b3993188e2a,6b3993188e2a6396f94461c0e7fbd5738ecaa14c,Use less confusing method name,BooleanUtilsTest,True,0,0,0,maven_pass,,
gpt-5.5,106,/home/lpy/workspace/misc/course/Introduction-to-Software-Testing/artifacts/sample_runs/gpt-5.5/cand106_6b4cb166081e,6b4cb166081e019b87cd2b5a273a1567d3aff545,Adding nullToEmpty methods to ArrayUtils per LANG-534 and Levon Karayan's patch.,ArrayUtilsTest,True,0,0,0,maven_pass,,
gpt-5.5,107,/home/lpy/workspace/misc/course/Introduction-to-Software-Testing/artifacts/sample_runs/gpt-5.5/cand107_6e78b38f0555,6e78b38f055516bfef2b7b1e2b83e96a7a67f2ec,Avoid JDK-8015417 in Strings.equals(),StringsTest,True,0,0,0,maven_pass,,
gpt-5.5,108,/home/lpy/workspace/misc/course/Introduction-to-Software-Testing/artifacts/sample_runs/gpt-5.5/cand108_6f03c0ce11db,6f03c0ce11db4a270124b9bf93338d3db9fccf5c,[LANG-1360] Add methods to ClassUtils to get various forms of class names in a null-safe manner,ClassUtilsTest,True,0,1,1,maven_fail,test_failure,"lease refer to /tmp/sample_runs/run-ClassUtilsTest-bstjkx7u/target/surefire-reports for the individual test results. [ERROR] -> [Help 1] [ERROR] [ERROR] To see the full stack trace of the errors, re-run Maven with the -e switch. [ERROR] Re-run Maven using the -X switch to enable full debug logging. [ERROR] [ERROR] For more information about the errors and possible solutions, please read the following articles: [ERROR] [Help 1] http://cwiki.apache.org/confluence/display/MAVEN/MojoFailureException"
gpt-5.5,109,/home/lpy/workspace/misc/course/Introduction-to-Software-Testing/artifacts/sample_runs/gpt-5.5/cand109_6f2c93ceeecc,6f2c93ceeecc48f4eca2c52345a7bf33329211c1,LANG-1721: Fix wrong number check that cause StringIndexOutOfBoundsException (#1140),NumberUtilsTest,True,0,0,0,maven_pass,,
gpt-5.5,110,/home/lpy/workspace/misc/course/Introduction-to-Software-Testing/artifacts/sample_runs/gpt-5.5/cand110_717ac0c7b3bd,717ac0c7b3bdf7f0714de1d4fb1308d6b6eb53f7,Set svn:keywords,JavaVersionTest,False,,,,merge_incomplete,merge_incomplete,
gpt-5.5,111,/home/lpy/workspace/misc/course/Introduction-to-Software-Testing/artifacts/sample_runs/gpt-5.5/cand111_744a8c30c6e4,744a8c30c6e49962b5b0b9fc14a2cccbefdd1cd9,Add RegExUtils methods typed to CharSequence input and deprecate old versions typed to String,RegExUtilsTest,True,0,1,1,maven_fail,maven_other_failure,"hort[]> cannot be converted to java.lang.Object&java.io.Serializable&java.util.function.Supplier<java.lang.Short[]>) [ERROR] -> [Help 1] [ERROR] [ERROR] To see the full stack trace of the errors, re-run Maven with the -e switch. [ERROR] Re-run Maven using the -X switch to enable full debug logging. [ERROR] [ERROR] For more information about the errors and possible solutions, please read the following articles: [ERROR] [Help 1] http://cwiki.apache.org/confluence/display/MAVEN/MojoFailureException"
gpt-5.5,112,/home/lpy/workspace/misc/course/Introduction-to-Software-Testing/artifacts/sample_runs/gpt-5.5/cand112_75bb10331c02,75bb10331c02d979561b5804d41641bf82192d2d,Fixing and adding DateUtils exception javadocs with new tests when needed (#871),DateUtilsTest,True,0,0,0,maven_pass,,
gpt-5.5,113,/home/lpy/workspace/misc/course/Introduction-to-Software-Testing/artifacts/sample_runs/gpt-5.5/cand113_7721302ae5d7,7721302ae5d70d2986d74ae7e7df648bf849997d,LANG-1402: refactored to return default value on negative index,ArrayUtilsTest,True,0,0,0,maven_pass,,
gpt-5.5,114,/home/lpy/workspace/misc/course/Introduction-to-Software-Testing/artifacts/sample_runs/gpt-5.5/cand114_78ce2d79f2b1,78ce2d79f2b1341bfc366b1fde487d960493a08a,More precise exceptions,EventListenerSupportTest,True,0,0,0,maven_pass,,
gpt-5.5,115,/home/lpy/workspace/misc/course/Introduction-to-Software-Testing/artifacts/sample_runs/gpt-5.5/cand115_78e2f4c1223d,78e2f4c1223d45db3c5f7c20bf51586fbb566948,"LANG-1059 Capitalize javadoc is incorrect Add test to show that first character is upcased, not the first (alphabetic) letter that is found",StringUtilsTest,True,0,0,0,maven_pass,,
gpt-5.5,116,/home/lpy/workspace/misc/course/Introduction-to-Software-Testing/artifacts/sample_runs/gpt-5.5/cand116_7cc1ac1c30d9,7cc1ac1c30d9ad2b285d11ed26b121e1f794e57e,ClassUtils now throws `IllegalArgumentException` when array is greater than JVM spec limit (255) (#1494),ClassUtilsTest,True,0,0,0,maven_pass,,
gpt-5.5,117,/home/lpy/workspace/misc/course/Introduction-to-Software-Testing/artifacts/sample_runs/gpt-5.5/cand117_7d061e33e59e,7d061e33e59e23dc4b03378f35f50a7d70f033b3,LANG-1370 Fix EventCountCircuitBreaker increment batch,EventCountCircuitBreakerTest,True,0,0,0,maven_pass,,
gpt-5.5,118,/home/lpy/workspace/misc/course/Introduction-to-Software-Testing/artifacts/sample_runs/gpt-5.5/cand118_7d7e8af45032,7d7e8af45032f1f3a29a18888cd3b0ca6085a156,Better common primitives as getters,SystemPropertiesTest,True,0,0,0,maven_pass,,
gpt-5.5,119,/home/lpy/workspace/misc/course/Introduction-to-Software-Testing/artifacts/sample_runs/gpt-5.5/cand119_7db3e126dd48,7db3e126dd480698eb523e72e8dc4e5ed7e7a5c7,Add ArrayFill.clear(char[]|byte[]) (#1667),ArrayFillTest,True,0,0,0,maven_pass,,
gpt-5.5,120,/home/lpy/workspace/misc/course/Introduction-to-Software-Testing/artifacts/sample_runs/gpt-5.5/cand120_7e0d6dbd2a65,7e0d6dbd2a65d8b36a4c9042565d06af34d489a0,Improve container detection by mimicing systemd (#1323),RuntimeEnvironmentTest,True,0,0,0,maven_pass,,
gpt-5.5,121,/home/lpy/workspace/misc/course/Introduction-to-Software-Testing/artifacts/sample_runs/gpt-5.5/cand121_7f7d4b881d78,7f7d4b881d78dcb8d5a0149965f934df268919d7,Handle error messages with special characters.,ValidateTest,True,0,0,0,maven_pass,,
gpt-5.5,122,/home/lpy/workspace/misc/course/Introduction-to-Software-Testing/artifacts/sample_runs/gpt-5.5/cand122_7f90306f909e,7f90306f909e6dba46be275c0f492c8de353b492,[LANG-1568] More failable functional interfaces to match JRE functional interfaces.,FunctionsTest,True,0,0,0,maven_pass,,
gpt-5.5,123,/home/lpy/workspace/misc/course/Introduction-to-Software-Testing/artifacts/sample_runs/gpt-5.5/cand123_8089a0c2d320,8089a0c2d3207ed26531f877352336baf1c6c5bb,"[LANG-1806] NumberUtils.isParsable(""1.f"") should return true (#1560)",NumberUtilsTest,True,0,0,0,maven_pass,,
gpt-5.5,124,/home/lpy/workspace/misc/course/Introduction-to-Software-Testing/artifacts/sample_runs/gpt-5.5/cand124_809e2bed22f0,809e2bed22f02264e0ac58bba070f6d84386cfc5,[LANG-1275] Added a tryAcquire() method to TimedSemaphore.,TimedSemaphoreTest,True,0,0,0,maven_pass,,
gpt-5.5,125,/home/lpy/workspace/misc/course/Introduction-to-Software-Testing/artifacts/sample_runs/gpt-5.5/cand125_8252b04a4572,8252b04a45722648ce2225853de9882b3b0de034,[LANG-613] ConstructorUtils.getAccessibleConstructor() Does Not Check the Accessibility of Enclosing Classes,ConstructorUtilsTest,True,0,0,0,maven_pass,,
gpt-5.5,126,/home/lpy/workspace/misc/course/Introduction-to-Software-Testing/artifacts/sample_runs/gpt-5.5/cand126_83dd32b901de,83dd32b901dea25a571adcd6a976464c8a36601c,Adding Streams.toArray,StreamsTest,True,0,0,0,maven_pass,,
gpt-5.5,127,/home/lpy/workspace/misc/course/Introduction-to-Software-Testing/artifacts/sample_runs/gpt-5.5/cand127_85959a457076,85959a457076b740380c4d6f3d83098edd17a9e7,Syntax for optional tokens in DurationFormatUtils (#1062),DurationFormatUtilsTest,True,0,0,0,maven_pass,,
gpt-5.5,128,/home/lpy/workspace/misc/course/Introduction-to-Software-Testing/artifacts/sample_runs/gpt-5.5/cand128_87937b2e7192,87937b2e7192524306aa58d74c90537eec997cfa,[LANG-1290] StringUtils.join() with support for List<?> with configurable start/end indices.,StringUtilsTest,True,0,1,1,maven_fail,compile_cannot_find_symbol,"d symbol [ERROR] symbol: variable EMPTY_STRING_LIST [ERROR] location: class org.apache.commons.lang3.StringUtilsTest [ERROR] -> [Help 1] [ERROR] [ERROR] To see the full stack trace of the errors, re-run Maven with the -e switch. [ERROR] Re-run Maven using the -X switch to enable full debug logging. [ERROR] [ERROR] For more information about the errors and possible solutions, please read the following articles: [ERROR] [Help 1] http://cwiki.apache.org/confluence/display/MAVEN/MojoFailureException"
gpt-5.5,129,/home/lpy/workspace/misc/course/Introduction-to-Software-Testing/artifacts/sample_runs/gpt-5.5/cand129_8d6bc0ca625f,8d6bc0ca625f3a1a98b486541fa613b2fac4b41c,LANG-1018: Fix precision loss on NumberUtils.createNumber(String) (closes #156),NumberUtilsTest,True,0,0,0,maven_pass,,
gpt-5.5,130,/home/lpy/workspace/misc/course/Introduction-to-Software-Testing/artifacts/sample_runs/gpt-5.5/cand130_8d95ae41975a,8d95ae41975a2307501aa0f4a7eba296c59edce9,LANG-1258: Add ArrayUtils#toStringArray(Object[]) method,ArrayUtilsTest,True,0,0,0,maven_pass,,
gpt-5.5,131,/home/lpy/workspace/misc/course/Introduction-to-Software-Testing/artifacts/sample_runs/gpt-5.5/cand131_8dc37dc4a7b5,8dc37dc4a7b516a1c70002081df13f0ad781ff3a,LANG-1636 - Boolean Join Function (#686),StringUtilsTest,True,0,1,1,maven_fail,compile_cannot_find_symbol,"bol [ERROR] symbol: variable ARRAY_FALSE_TRUE_FALSE [ERROR] location: class org.apache.commons.lang3.StringUtilsTest [ERROR] -> [Help 1] [ERROR] [ERROR] To see the full stack trace of the errors, re-run Maven with the -e switch. [ERROR] Re-run Maven using the -X switch to enable full debug logging. [ERROR] [ERROR] For more information about the errors and possible solutions, please read the following articles: [ERROR] [Help 1] http://cwiki.apache.org/confluence/display/MAVEN/MojoFailureException"
gpt-5.5,132,/home/lpy/workspace/misc/course/Introduction-to-Software-Testing/artifacts/sample_runs/gpt-5.5/cand132_8f675dd3cbfb,8f675dd3cbfb8f552bdbbe1cfc646ba5b367983b,[LANG-587] avoid NPE in ClassUtils.toClass(Object[]),ClassUtilsTest,True,0,0,0,maven_pass,,
gpt-5.5,133,/home/lpy/workspace/misc/course/Introduction-to-Software-Testing/artifacts/sample_runs/gpt-5.5/cand133_8f8cc04e6550,8f8cc04e65506fbe79bbc5efa6f7d44d65f0dbf1,[LANG-1700] Improve handling of parameterized types and variable unrolling (#1549),TypeUtilsTest,True,0,0,0,maven_pass,,
gpt-5.5,134,/home/lpy/workspace/misc/course/Introduction-to-Software-Testing/artifacts/sample_runs/gpt-5.5/cand134_9143987fa02c,9143987fa02cb1d4be45b175fd7eb7b748fffb7b,LANG-405 rename method from truncateMiddle() to abbreviateMiddle(),StringUtilsTest,True,0,1,1,maven_fail,maven_other_failure,"25: error: cannot find symbol [ERROR] assertEquals(""ab.ef"", StringUtils.truncateMiddle(""abcdef"", ""."", 5)); [ERROR] ^ [ERROR] -> [Help 1] [ERROR] [ERROR] To see the full stack trace of the errors, re-run Maven with the -e switch. [ERROR] Re-run Maven using the -X switch to enable full debug logging. [ERROR] [ERROR] For more information about the errors and possible solutions, please read the following articles: [ERROR] [Help 1] http://cwiki.apache.org/confluence/display/MAVEN/MojoFailureException"
gpt-5.5,135,/home/lpy/workspace/misc/course/Introduction-to-Software-Testing/artifacts/sample_runs/gpt-5.5/cand135_929df5d5c00a,929df5d5c00a92ce540ff087ead4a6adc7bab366,Conversion.hexTo*() methods now throw IllegalArgumentException instead of StringIndexOutOfBoundsException,ConversionTest,True,0,0,0,maven_pass,,
gpt-5.5,136,/home/lpy/workspace/misc/course/Introduction-to-Software-Testing/artifacts/sample_runs/gpt-5.5/cand136_92d6be66ff13,92d6be66ff13ff452a06f8e2b7d4cc4b056e74dd,Whitespace and lambda clean ups.,LockingVisitorsTest,True,0,0,0,maven_pass,,
gpt-5.5,137,/home/lpy/workspace/misc/course/Introduction-to-Software-Testing/artifacts/sample_runs/gpt-5.5/cand137_9379d0d36acd,9379d0d36acdf78455e81518b3b1476c7691f056,LANG-1402: added get methods to ArrayUtils,ArrayUtilsTest,True,0,0,0,maven_pass,,
gpt-5.5,138,/home/lpy/workspace/misc/course/Introduction-to-Software-Testing/artifacts/sample_runs/gpt-5.5/cand138_96235eaae06c,96235eaae06c8b74ac24dc5814b4f4c6b6541ead,"Applying Alexander Muthmann's patch from LANG-848, adding isBlank/isEmpty CharSequence... variants",StringUtilsTest,True,0,0,0,maven_pass,,
gpt-5.5,139,/home/lpy/workspace/misc/course/Introduction-to-Software-Testing/artifacts/sample_runs/gpt-5.5/cand139_96a8969c1330,96a8969c13305dfe787847a84e362e66461428e7,Remove trailing white space.,ArrayUtilsTest,False,,,,merge_incomplete,merge_incomplete,
gpt-5.5,140,/home/lpy/workspace/misc/course/Introduction-to-Software-Testing/artifacts/sample_runs/gpt-5.5/cand140_972aa7b29a7c,972aa7b29a7cb7306b9e0737bac86fa42d6218ac,fix: default ttl in recursive replacement (#1297),StringUtilsTest,True,0,0,0,maven_pass,,
gpt-5.5,141,/home/lpy/workspace/misc/course/Introduction-to-Software-Testing/artifacts/sample_runs/gpt-5.5/cand141_9828dc73d4f2,9828dc73d4f2dbdd03a7a36f5264e5b265673e52,LANG-1695: Allow trailing decimal point in NumberUtils.isParsable (#1531),NumberUtilsTest,True,0,0,0,maven_pass,,
gpt-5.5,142,/home/lpy/workspace/misc/course/Introduction-to-Software-Testing/artifacts/sample_runs/gpt-5.5/cand142_9b3257e4d1a6,9b3257e4d1a63e0a4d971a331eaf7b9a08d98040,LANG-1307: Added getDigits method to StringUtils (closes #225),StringUtilsTest,True,0,0,0,maven_pass,,
gpt-5.5,143,/home/lpy/workspace/misc/course/Introduction-to-Software-Testing/artifacts/sample_runs/gpt-5.5/cand143_9c0379850b86,9c0379850b869e3a02320f9a5149eaad2c4cb76b,Convert defaultIfEmpty from String to CharSequence.,StringUtilsTest,True,0,0,0,maven_pass,,
gpt-5.5,144,/home/lpy/workspace/misc/course/Introduction-to-Software-Testing/artifacts/sample_runs/gpt-5.5/cand144_9c506279188a,9c506279188a90dbbe124386cc52016682d17b5c,LANG-1134: New methods for lang3.Validate (closes #190),ValidateTest,True,0,0,0,maven_pass,,
gpt-5.5,145,/home/lpy/workspace/misc/course/Introduction-to-Software-Testing/artifacts/sample_runs/gpt-5.5/cand145_9d5ad944277b,9d5ad944277b0e6f4003953fc33710cae9d95d0b,Add fill method for boolean arrays in ArrayFill utility class (#1386),ArrayFillTest,True,0,0,0,maven_pass,,
gpt-5.5,146,/home/lpy/workspace/misc/course/Introduction-to-Software-Testing/artifacts/sample_runs/gpt-5.5/cand146_9feaf9d7ffe3,9feaf9d7ffe3f4438ccdace378f49f1d4dadd418,LANG-1485 : Add getters for lhs and rhs objects in DiffResult (#451),DiffResultTest,True,0,0,0,maven_pass,,
gpt-5.5,147,/home/lpy/workspace/misc/course/Introduction-to-Software-Testing/artifacts/sample_runs/gpt-5.5/cand147_a32c188c32fd,a32c188c32fd0c4a8149bcda524d704dd609da6e,Code refactor to simplify Functions and new tests (#463),FunctionsTest,True,0,0,0,maven_pass,,
gpt-5.5,148,/home/lpy/workspace/misc/course/Introduction-to-Software-Testing/artifacts/sample_runs/gpt-5.5/cand148_a3995141bf1b,a3995141bf1b8a478e86fdbecc95f2b98f892647,swap and shift for arrays,ArrayUtilsTest,True,0,0,0,maven_pass,,
gpt-5.5,149,/home/lpy/workspace/misc/course/Introduction-to-Software-Testing/artifacts/sample_runs/gpt-5.5/cand149_a48071b0d489,a48071b0d489420bfdc0c2ed7254d1dba243f700,Added new addListener() method that takes a boolean for if duplicates are allowed. Added test method to make sure that duplicate listeners are not added.,EventListenerSupportTest,True,0,0,0,maven_pass,,
gpt-5.5,150,/home/lpy/workspace/misc/course/Introduction-to-Software-Testing/artifacts/sample_runs/gpt-5.5/cand150_a9a0dd8a72c5,a9a0dd8a72c51b14f0e5ea4bddfbf228685ff977,LANG-771 Fix DateUtils.ceiling increment on exact boundary (#1609),DateUtilsTest,True,0,0,0,maven_pass,,
gpt-5.5,151,/home/lpy/workspace/misc/course/Introduction-to-Software-Testing/artifacts/sample_runs/gpt-5.5/cand151_a9ae686ec85e,a9ae686ec85e4fc326f56a23de8cd0481f7d9c89,[LANG-920] Add ArrayUtils#nullToEmpty(Class<?>[]),ArrayUtilsTest,True,0,0,0,maven_pass,,
gpt-5.5,152,/home/lpy/workspace/misc/course/Introduction-to-Software-Testing/artifacts/sample_runs/gpt-5.5/cand152_aa47951bd022,aa47951bd0223d674d2b85d06ccc6f7f1749a682,fix: Make stopInstant be in sync with stopTimeNanos for split (#1610),StopWatchTest,True,0,0,0,maven_pass,,
gpt-5.5,153,/home/lpy/workspace/misc/course/Introduction-to-Software-Testing/artifacts/sample_runs/gpt-5.5/cand153_ad433ecc1684,ad433ecc1684683e3eba11dc198cc0d853299410,Make internal API null-safe and Javadoc.,CharSequenceUtilsTest,True,0,0,0,maven_pass,,
gpt-5.5,154,/home/lpy/workspace/misc/course/Introduction-to-Software-Testing/artifacts/sample_runs/gpt-5.5/cand154_ae6a24dd439a,ae6a24dd439a7b778e35b484a3a6eae1a8eb64d7,replaces primitive comparison with x.compare() where x is a wrapper class of the primitive,CompareToBuilderTest,True,0,1,1,maven_fail,compile_cannot_find_symbol,"find symbol [ERROR] symbol: variable a [ERROR] location: class org.apache.commons.lang3.builder.CompareToBuilderTest [ERROR] -> [Help 1] [ERROR] [ERROR] To see the full stack trace of the errors, re-run Maven with the -e switch. [ERROR] Re-run Maven using the -X switch to enable full debug logging. [ERROR] [ERROR] For more information about the errors and possible solutions, please read the following articles: [ERROR] [Help 1] http://cwiki.apache.org/confluence/display/MAVEN/MojoFailureException"
gpt-5.5,155,/home/lpy/workspace/misc/course/Introduction-to-Software-Testing/artifacts/sample_runs/gpt-5.5/cand155_b11591895eed,b11591895eed00e9f6e0bcb19178dedbaab4a971,FormattableUtils.append re-parses literal output as format string (#1661),FormattableUtilsTest,True,0,0,0,maven_pass,,
gpt-5.5,156,/home/lpy/workspace/misc/course/Introduction-to-Software-Testing/artifacts/sample_runs/gpt-5.5/cand156_b1762bd557c3,b1762bd557c3d7605490e026bdf31096d83b4dde,LANG-1183 Making replacePattern/removePattern methods null safe in StringUtils,StringUtilsTest,True,0,0,0,maven_pass,,
gpt-5.5,157,/home/lpy/workspace/misc/course/Introduction-to-Software-Testing/artifacts/sample_runs/gpt-5.5/cand157_b199af8d8290,b199af8d8290097e7535fef6f35146e2c783e143,LANG-1043 - isAllUpperCase should only check Alpha characters Document and test additional cases,StringUtilsTest,True,0,0,0,maven_pass,,
gpt-5.5,158,/home/lpy/workspace/misc/course/Introduction-to-Software-Testing/artifacts/sample_runs/gpt-5.5/cand158_b24ecd60fe95,b24ecd60fe9517bef1d6342e479e9bc3d85ef692,"- Fix (LANG-624) SystemUtils.getJavaVersionAsFloat throws StringIndexOutOfBoundsException on Android runtime/Dalvik VM - Refactor for unit testing. - Remove odd test code which is copy and pasted from SystemUtils, which therefore does not test anything.",SystemUtilsTest,True,0,1,1,maven_fail,compile_error,"/commons/lang3/SystemUtilsTest.java:[651,16] error: method testIS_JAVA() is already defined in class SystemUtilsTest [ERROR] -> [Help 1] [ERROR] [ERROR] To see the full stack trace of the errors, re-run Maven with the -e switch. [ERROR] Re-run Maven using the -X switch to enable full debug logging. [ERROR] [ERROR] For more information about the errors and possible solutions, please read the following articles: [ERROR] [Help 1] http://cwiki.apache.org/confluence/display/MAVEN/MojoFailureException"
gpt-5.5,159,/home/lpy/workspace/misc/course/Introduction-to-Software-Testing/artifacts/sample_runs/gpt-5.5/cand159_b3c31a379e9a,b3c31a379e9ad7cd22cb7f0669b82361ced84992,LANG-1252: replacing system call for java 1.6 to SystemUtils.IS_JAVA_1_6,NumberUtilsTest,True,0,0,0,maven_pass,,
gpt-5.5,160,/home/lpy/workspace/misc/course/Introduction-to-Software-Testing/artifacts/sample_runs/gpt-5.5/cand160_b4842f559f0d,b4842f559f0d8b8b5a98a19b1f3795a42c1a2614,"LANG-1185 Add remove by regular expression methods in StringUtils :   - String StringUtils.removeAll(String text, String regex);   - String StringUtils.removeFirst(String text, String regex);",StringUtilsTest,True,0,0,0,maven_pass,,
gpt-5.5,161,/home/lpy/workspace/misc/course/Introduction-to-Software-Testing/artifacts/sample_runs/gpt-5.5/cand161_b55d278cce19,b55d278cce19df99fd50f2ae800c5de2fc0991f7,Fix ThresholdCircuitBreaker (#1100),ThresholdCircuitBreakerTest,True,0,0,0,maven_pass,,
gpt-5.5,162,/home/lpy/workspace/misc/course/Introduction-to-Software-Testing/artifacts/sample_runs/gpt-5.5/cand162_b5f5449cf338,b5f5449cf338376d12404d0190054525987f4276,fixed CharSequenceUtils to check for supplementary chars,CharSequenceUtilsTest,True,0,0,0,maven_pass,,
gpt-5.5,163,/home/lpy/workspace/misc/course/Introduction-to-Software-Testing/artifacts/sample_runs/gpt-5.5/cand163_b62244517285,b6224451728562b0a4b33b63e8589753b1e2a57c,Fix ClassNotFoundException message variable (#1577),ClassUtilsTest,True,0,0,0,maven_pass,,
gpt-5.5,164,/home/lpy/workspace/misc/course/Introduction-to-Software-Testing/artifacts/sample_runs/gpt-5.5/cand164_b74c697bba6d,b74c697bba6d3e16941b669de6cca5e25ee1675f,LANG-1618 - Add GenericArrayType (#661),TypeUtilsTest,True,0,1,1,maven_fail,compile_cannot_find_symbol,"mbol [ERROR] symbol: class BBClass [ERROR] location: class org.apache.commons.lang3.reflect.TypeUtilsTest<B> [ERROR] [ERROR] -> [Help 1] [ERROR] [ERROR] To see the full stack trace of the errors, re-run Maven with the -e switch. [ERROR] Re-run Maven using the -X switch to enable full debug logging. [ERROR] [ERROR] For more information about the errors and possible solutions, please read the following articles: [ERROR] [Help 1] http://cwiki.apache.org/confluence/display/MAVEN/MojoFailureException"
gpt-5.5,165,/home/lpy/workspace/misc/course/Introduction-to-Software-Testing/artifacts/sample_runs/gpt-5.5/cand165_b8d382039a85,b8d382039a850dff10a90c9abfbbf62228fd8fd1,[LANG-1804] Fix CharSet#getInstance returns null instead of EMPTY when input setStrs is null (#1530),CharSetTest,True,0,0,0,maven_pass,,
gpt-5.5,166,/home/lpy/workspace/misc/course/Introduction-to-Software-Testing/artifacts/sample_runs/gpt-5.5/cand166_b9a702bb49cd,b9a702bb49cd02c1f8e33f52b33312fa0aa467e7,default autoboxing depending on RT Java version,ClassUtilsTest,True,0,0,0,maven_pass,,
gpt-5.5,167,/home/lpy/workspace/misc/course/Introduction-to-Software-Testing/artifacts/sample_runs/gpt-5.5/cand167_ba1c22ce8378,ba1c22ce8378d389a0ee267e2f75a17a4860c7ba,[LANG-1489] Add null-safe APIs as StringUtils.toRoot[Lower|Upper]Case(String) #456,StringUtilsTest,True,0,0,0,maven_pass,,
gpt-5.5,168,/home/lpy/workspace/misc/course/Introduction-to-Software-Testing/artifacts/sample_runs/gpt-5.5/cand168_bb675e1127ad,bb675e1127adb7f7c8d8687667bc11779d8e75eb,"Add ""ppc64le"" to ArchUtils (#1625)",ArchUtilsTest,True,0,0,0,maven_pass,,
gpt-5.5,169,/home/lpy/workspace/misc/course/Introduction-to-Software-Testing/artifacts/sample_runs/gpt-5.5/cand169_bc8a3b9d8428,bc8a3b9d8428bfcdfbce67e9010cf0aa27e6c8a6,sort fields in HashCodeBuilder for deterministic order (#480),HashCodeBuilderTest,True,0,0,0,maven_pass,,
gpt-5.5,170,/home/lpy/workspace/misc/course/Introduction-to-Software-Testing/artifacts/sample_runs/gpt-5.5/cand170_bcad40a502cd,bcad40a502cd45b49a5e025938b9711d95c7bde7,[LANG-1749] Add stricter type checks for  parameterized types in  method (#1548),TypeUtilsTest,True,0,0,0,maven_pass,,
gpt-5.5,171,/home/lpy/workspace/misc/course/Introduction-to-Software-Testing/artifacts/sample_runs/gpt-5.5/cand171_be8b654fc02d,be8b654fc02d5d1319734e39c6f1224b7cbbf212,Conversion.hexTo*() methods now throw IllegalArgumentException instead of StringIndexOutOfBoundsException,ConversionTest,True,0,0,0,maven_pass,,
gpt-5.5,172,/home/lpy/workspace/misc/course/Introduction-to-Software-Testing/artifacts/sample_runs/gpt-5.5/cand172_bedae6950d43,bedae6950d43008929d9cd109c9e8fb163793bd7,LANG-1480 getAbbreviatedName refactored to create appropriate length … (#446),ClassUtilsTest,True,0,0,0,maven_pass,,
gpt-5.5,173,/home/lpy/workspace/misc/course/Introduction-to-Software-Testing/artifacts/sample_runs/gpt-5.5/cand173_bf7aa89ca457,bf7aa89ca45706ad1f40cacdf7448626529dd6b0,Adding Javadocs for the Locks.Lock class. Improvements in the test suite.,LocksTest,True,0,1,1,maven_fail,compile_error,"va:[135,17] method testWriteLock() is already defined in class org.apache.commons.lang3.concurrent.LocksTest [ERROR] [ERROR] -> [Help 1] [ERROR] [ERROR] To see the full stack trace of the errors, re-run Maven with the -e switch. [ERROR] Re-run Maven using the -X switch to enable full debug logging. [ERROR] [ERROR] For more information about the errors and possible solutions, please read the following articles: [ERROR] [Help 1] http://cwiki.apache.org/confluence/display/MAVEN/MojoFailureException"
gpt-5.5,174,/home/lpy/workspace/misc/course/Introduction-to-Software-Testing/artifacts/sample_runs/gpt-5.5/cand174_c0041cafc2fd,c0041cafc2fda3fb437009d5417ba5ebeb32ad35,Escaping supplementary chars seems good for NumericEntityEscaper. LANG-617,NumericEntityEscaperTest,True,0,0,0,maven_pass,,
gpt-5.5,175,/home/lpy/workspace/misc/course/Introduction-to-Software-Testing/artifacts/sample_runs/gpt-5.5/cand175_c3b1fefbad0c,c3b1fefbad0c67c8556ba6b4573f135197f87598,"NumberUtils#isCreatable: remove java 6 only code, as commons-lang requires at java 7+ now",NumberUtilsTest,True,0,0,0,maven_pass,,
gpt-5.5,176,/home/lpy/workspace/misc/course/Introduction-to-Software-Testing/artifacts/sample_runs/gpt-5.5/cand176_c3f5f3204bcc,c3f5f3204bcc8d62a56ff214e904876b7e7a206f,LANG-1722: Rethrow NegativeArraySizeException as SerializationException in SerilizationUtils.deserialize(InputStream) (#1141),SerializationUtilsTest,True,0,0,0,maven_pass,,
gpt-5.5,177,/home/lpy/workspace/misc/course/Introduction-to-Software-Testing/artifacts/sample_runs/gpt-5.5/cand177_c56c77ed9502,c56c77ed9502d079b3e885a65bc4a4cf666ac8ee,Remove methods that will be new in 3.11 but which are now in the function package.,FunctionsTest,True,0,0,0,maven_pass,,
gpt-5.5,178,/home/lpy/workspace/misc/course/Introduction-to-Software-Testing/artifacts/sample_runs/gpt-5.5/cand178_c6f577555b2e,c6f577555b2e789791fbf3c0aec9e59a2666b2e8,LANG-1610: Fix StringUtils.unwrap throws StringIndexOutOfBoundsException (#636),StringUtilsTest,True,0,0,0,maven_pass,,
gpt-5.5,179,/home/lpy/workspace/misc/course/Introduction-to-Software-Testing/artifacts/sample_runs/gpt-5.5/cand179_c6fac966ab31,c6fac966ab314769d27e117bab05aee1a72df760,LANG-1013: Add StringUtils.truncate() (closes #137),StringUtilsTest,True,0,0,0,maven_pass,,
gpt-5.5,180,/home/lpy/workspace/misc/course/Introduction-to-Software-Testing/artifacts/sample_runs/gpt-5.5/cand180_c8e61afdb89c,c8e61afdb89c58ea8ffaf04593da41ff0888d30e,LANG-1060: NumberUtils.isNumber assumes number starting with Zero is octal (closes #313),NumberUtilsTest,True,0,0,0,maven_pass,,
gpt-5.5,181,/home/lpy/workspace/misc/course/Introduction-to-Software-Testing/artifacts/sample_runs/gpt-5.5/cand181_cb686673a70a,cb686673a70a6f14c35575550c48c37d19a1598b,LANG-1384: Fix NPE when version >= 11,JavaVersionTest,True,0,0,0,maven_pass,,
gpt-5.5,182,/home/lpy/workspace/misc/course/Introduction-to-Software-Testing/artifacts/sample_runs/gpt-5.5/cand182_cc6beb2d0534,cc6beb2d05347fba64d933906ae2b712b1a43302,LANG-1348 - StackOverflowError on TypeUtils.toString(...) for a generic return type of Enum.valueOf (closes #292),TypeUtilsTest,True,0,0,0,maven_pass,,
gpt-5.5,183,/home/lpy/workspace/misc/course/Introduction-to-Software-Testing/artifacts/sample_runs/gpt-5.5/cand183_cd10cfd51fdc,cd10cfd51fdc80606b296a0cd71e6e9daf946438,Make DurationUtils#getNanosOfMiili() null-safe.,DurationUtilsTest,True,0,0,0,maven_pass,,
gpt-5.5,184,/home/lpy/workspace/misc/course/Introduction-to-Software-Testing/artifacts/sample_runs/gpt-5.5/cand184_ce2ba7b28260,ce2ba7b282608da952d97eada2747ff00d13d14f,LANG-1504 - Adding labels to split StopWatch feature (#1473),StopWatchTest,True,0,0,0,maven_pass,,
gpt-5.5,185,/home/lpy/workspace/misc/course/Introduction-to-Software-Testing/artifacts/sample_runs/gpt-5.5/cand185_cf03e6173b70,cf03e6173b70ad64337704402bea51600cddd1ba,"LANG-992 Fix NumberUtils#isNumber() returns false for ""0.0"", ""0.4790"", et al",NumberUtilsTest,True,0,0,0,maven_pass,,
gpt-5.5,186,/home/lpy/workspace/misc/course/Introduction-to-Software-Testing/artifacts/sample_runs/gpt-5.5/cand186_cf7c9522aa99,cf7c9522aa99d0d180e54ac5abe849f19d153d25,Rewrite method to be the same as binaryToHexDigit but working from the end of the array backwards.,ConversionTest,True,0,0,0,maven_pass,,
gpt-5.5,187,/home/lpy/workspace/misc/course/Introduction-to-Software-Testing/artifacts/sample_runs/gpt-5.5/cand187_d0b95be28194,d0b95be2819469371c0276df80e54b088a9b7cad,Lang 1463: StringUtils abbreviate returns String of length greater than maxWidth (#477),StringUtilsTest,True,0,0,0,maven_pass,,
gpt-5.5,188,/home/lpy/workspace/misc/course/Introduction-to-Software-Testing/artifacts/sample_runs/gpt-5.5/cand188_d190655a97c3,d190655a97c33c886997b9570697f432e7d3a21a,LANG-781: Added methods to ObjectUtils class to check for null elements in the array (closes #108),ObjectUtilsTest,True,0,0,0,maven_pass,,
gpt-5.5,189,/home/lpy/workspace/misc/course/Introduction-to-Software-Testing/artifacts/sample_runs/gpt-5.5/cand189_d41660809d53,d41660809d53b1679a6dd697e07679da5e543f4f,Adding Javadocs for the Locks.Lock class. Improvements in the test suite.,LocksTest,True,0,1,1,maven_fail,compile_error,"va:[135,17] method testWriteLock() is already defined in class org.apache.commons.lang3.concurrent.LocksTest [ERROR] [ERROR] -> [Help 1] [ERROR] [ERROR] To see the full stack trace of the errors, re-run Maven with the -e switch. [ERROR] Re-run Maven using the -X switch to enable full debug logging. [ERROR] [ERROR] For more information about the errors and possible solutions, please read the following articles: [ERROR] [Help 1] http://cwiki.apache.org/confluence/display/MAVEN/MojoFailureException"
gpt-5.5,190,/home/lpy/workspace/misc/course/Introduction-to-Software-Testing/artifacts/sample_runs/gpt-5.5/cand190_d47dc7af7647,d47dc7af76471c3d0bc600361a62c65e0cb865b9,"[LANG-1694] MethodUtils.getMatchingMethod() fails with ""Found multiple candidates"" (#1033)",MethodUtilsTest,True,0,0,0,maven_pass,,
gpt-5.5,191,/home/lpy/workspace/misc/course/Introduction-to-Software-Testing/artifacts/sample_runs/gpt-5.5/cand191_d62d4e21ef20,d62d4e21ef20ee01e65cbf5257e04d6b572aa73b,[LANG-1528] replaceEachRepeatedly gives IllegalStateException (#505),StringUtilsTest,True,0,0,0,maven_pass,,
gpt-5.5,192,/home/lpy/workspace/misc/course/Introduction-to-Software-Testing/artifacts/sample_runs/gpt-5.5/cand192_d704c0dc70a2,d704c0dc70a2f861c043785822854b4a0605ac6b,Fix spelling in comment.,NumericEntityUnescaperTest,True,0,0,0,maven_pass,,
gpt-5.5,193,/home/lpy/workspace/misc/course/Introduction-to-Software-Testing/artifacts/sample_runs/gpt-5.5/cand193_d79e43216fab,d79e43216faba4b3e73536915bfddc550cc0f20f,"LANG-1155: Add StringUtils#unwrap (closes #107, closes #136)",StringUtilsTest,True,0,0,0,maven_pass,,
gpt-5.5,194,/home/lpy/workspace/misc/course/Introduction-to-Software-Testing/artifacts/sample_runs/gpt-5.5/cand194_d8ec011d770e,d8ec011d770e1e04ef4f87fba673f3748f363278,LANG-1371: Fix TypeUtils.parameterize to work correctly with narrower-typed varargs array (closes #307),TypeUtilsTest,True,0,0,0,maven_pass,,
gpt-5.5,195,/home/lpy/workspace/misc/course/Introduction-to-Software-Testing/artifacts/sample_runs/gpt-5.5/cand195_d9a2c69a9d1d,d9a2c69a9d1db6072e1d7b7ea4fcbd5c15d20b5d,Handle Benedikt Ritter's comments,DateUtilsTest,True,0,0,0,maven_pass,,
gpt-5.5,196,/home/lpy/workspace/misc/course/Introduction-to-Software-Testing/artifacts/sample_runs/gpt-5.5/cand196_d9de2fd5b8c6,d9de2fd5b8c65506b1ab14df631cc26ffcd647dc,[LANG-1810] Deprecate SOFT_MAX_ARRAY_LENGTH in favor of MAX_ARRAY_LENGTH (#1559),ArrayUtilsTest,True,0,0,0,maven_pass,,
gpt-5.5,197,/home/lpy/workspace/misc/course/Introduction-to-Software-Testing/artifacts/sample_runs/gpt-5.5/cand197_da036809e933,da036809e9339d5c0a6a04469a95f54ed4de0948,Remove dead comments.,RangeTest,False,,,,merge_incomplete,merge_incomplete,
gpt-5.5,198,/home/lpy/workspace/misc/course/Introduction-to-Software-Testing/artifacts/sample_runs/gpt-5.5/cand198_daa4193fb289,daa4193fb289e57bd15e10555378f97f90d79dcd,Add ArrayUtils.isSameLength() to compare more array types #430.,ArrayUtilsTest,True,0,0,0,maven_pass,,
gpt-5.5,199,/home/lpy/workspace/misc/course/Introduction-to-Software-Testing/artifacts/sample_runs/gpt-5.5/cand199_dee8f6fb849f,dee8f6fb849fd3b7d928f13e273f8160f0a45f5b,implement lastIndexOf,CharSequenceUtilsTest,True,0,1,1,maven_fail,maven_other_failure,"a.lang.StringBuilder,java.lang.StringBuilder) [ERROR] location: class org.apache.commons.lang3.CharSequenceUtilsTest [ERROR] -> [Help 1] [ERROR] [ERROR] To see the full stack trace of the errors, re-run Maven with the -e switch. [ERROR] Re-run Maven using the -X switch to enable full debug logging. [ERROR] [ERROR] For more information about the errors and possible solutions, please read the following articles: [ERROR] [Help 1] http://cwiki.apache.org/confluence/display/MAVEN/MojoFailureException"
gpt-5.5,200,/home/lpy/workspace/misc/course/Introduction-to-Software-Testing/artifacts/sample_runs/gpt-5.5/cand200_dfe80aaca3a6,dfe80aaca3a686047b832e321dafe141954a983f,Camel-case package-private methods,SystemUtilsTest,True,0,0,0,maven_pass,,
gpt-5.5,201,/home/lpy/workspace/misc/course/Introduction-to-Software-Testing/artifacts/sample_runs/gpt-5.5/cand201_e2c0ea4374c0,e2c0ea4374c02539ad9bc6c4328b74f25eb72405,"#LAN-1114 fixes bug in TypeUtils.equals(WildcardType, Type) where it was incorrectly returning true when the second argument was not a Wildcard type.",TypeUtilsTest,True,0,0,0,maven_pass,,
gpt-5.5,202,/home/lpy/workspace/misc/course/Introduction-to-Software-Testing/artifacts/sample_runs/gpt-5.5/cand202_e2dbe55d56bd,e2dbe55d56bd6c1209276050f527d36717e33e1d,"MethodUtils#invokeMethod(Object object, boolean forceAccess, String methodName, Object[] args, Class<?>[] parameterTypes): do not restore the accessibility of the method object, because Method#setAccessible only modifies the behavior of the AccessibleObject not of the actual method.",MethodUtilsTest,True,0,0,0,maven_pass,,
gpt-5.5,203,/home/lpy/workspace/misc/course/Introduction-to-Software-Testing/artifacts/sample_runs/gpt-5.5/cand203_e55aaa5706f0,e55aaa5706f031df2e8d68bdf088604c79944246,StrSubstitutor can preserve escapes,StrSubstitutorTest,True,0,0,0,maven_pass,,
gpt-5.5,204,/home/lpy/workspace/misc/course/Introduction-to-Software-Testing/artifacts/sample_runs/gpt-5.5/cand204_e79a590e0cda,e79a590e0cdabd93883aca964db2a862ff3f8490,new test case explanations about algorithm,ArrayUtilsTest,True,0,0,0,maven_pass,,
gpt-5.5,205,/home/lpy/workspace/misc/course/Introduction-to-Software-Testing/artifacts/sample_runs/gpt-5.5/cand205_e9d7afbe2bf6,e9d7afbe2bf667167614869c7ea10e91f96ffceb,[LANG-1523] Avoid unnecessary allocation in wrapIfMissing. (#496),StringUtilsTest,True,0,0,0,maven_pass,,
gpt-5.5,206,/home/lpy/workspace/misc/course/Introduction-to-Software-Testing/artifacts/sample_runs/gpt-5.5/cand206_eabd95a51c6b,eabd95a51c6b70b5503c7ade734fff5b34f80ff6,Additional samples,BooleanUtilsTest,True,0,0,0,maven_pass,,
gpt-5.5,207,/home/lpy/workspace/misc/course/Introduction-to-Software-Testing/artifacts/sample_runs/gpt-5.5/cand207_eb07b19f4a23,eb07b19f4a23d443a1fa1005c344d78f79c0f110,Lang 1689 add optional to objectutils isempty (#933),ObjectUtilsTest,True,0,0,0,maven_pass,,
gpt-5.5,208,/home/lpy/workspace/misc/course/Introduction-to-Software-Testing/artifacts/sample_runs/gpt-5.5/cand208_eb79f7c6f37d,eb79f7c6f37d0d9c4d9252b1020bc19a617a4d23,"(LANG-624) SystemUtils.getJavaVersionAsFloat throws StringIndexOutOfBoundsException on Android runtime/Dalvik VM. Oops, fix return type.",SystemUtilsTest,True,0,0,0,maven_pass,,
gpt-5.5,209,/home/lpy/workspace/misc/course/Introduction-to-Software-Testing/artifacts/sample_runs/gpt-5.5/cand209_eccf213204b7,eccf213204b776e40efcc031f4c0df560b9421e9,LANG-787: Add StringUtils#removeIgnoreCase,StringUtilsTest,True,0,0,0,maven_pass,,
gpt-5.5,210,/home/lpy/workspace/misc/course/Introduction-to-Software-Testing/artifacts/sample_runs/gpt-5.5/cand210_ee2041464e60,ee2041464e60082a601d72be329bac57bc67328f,Let existing catch clause handle the NPE edge case,NumberUtilsTest,True,0,0,0,maven_pass,,
gpt-5.5,211,/home/lpy/workspace/misc/course/Introduction-to-Software-Testing/artifacts/sample_runs/gpt-5.5/cand211_ee6c682ed5fa,ee6c682ed5fa8c1b33aa1d52a1e2f088b0191b6b,"Add allNull() and anyNull() methods to ObjectUtils, as well as their associated tests.",ObjectUtilsTest,True,0,0,0,maven_pass,,
gpt-5.5,212,/home/lpy/workspace/misc/course/Introduction-to-Software-Testing/artifacts/sample_runs/gpt-5.5/cand212_f51f015e3deb,f51f015e3deb2d205b2962fbaa253f6ef457f2a3,[LANG-1682] Javadoc and test: Use Strings.CI.startsWithAny method instead (#1299),StringsTest,True,0,0,0,maven_pass,,
gpt-5.5,213,/home/lpy/workspace/misc/course/Introduction-to-Software-Testing/artifacts/sample_runs/gpt-5.5/cand213_f5e9f5528378,f5e9f55283788fc15a38191baea2cf765a227f4e,[LANG-1568] Add more failable Consumers to match JRE stock Consumers.,FunctionsTest,True,0,0,0,maven_pass,,
gpt-5.5,214,/home/lpy/workspace/misc/course/Introduction-to-Software-Testing/artifacts/sample_runs/gpt-5.5/cand214_f68a643ef991,f68a643ef99189d10a6753167367dcc8f943d634,--corrected the isUnchecked method to check for null (#1079),ExceptionUtilsTest,True,0,0,0,maven_pass,,
gpt-5.5,215,/home/lpy/workspace/misc/course/Introduction-to-Software-Testing/artifacts/sample_runs/gpt-5.5/cand215_f698f9e64e43,f698f9e64e4305b3aa2f3ae75b747acab4de773d,Sort by method name.,ExceptionUtilsTest,False,,,,merge_incomplete,merge_incomplete,
gpt-5.5,216,/home/lpy/workspace/misc/course/Introduction-to-Software-Testing/artifacts/sample_runs/gpt-5.5/cand216_f8b1f6e7456a,f8b1f6e7456a92b8aeb3e0aa8ef88936873dae00,Add method to DiffBuilder to allow appending from a DiffResult.,DiffBuilderTest,True,0,0,0,maven_pass,,
gpt-5.5,217,/home/lpy/workspace/misc/course/Introduction-to-Software-Testing/artifacts/sample_runs/gpt-5.5/cand217_f91a7c97d35b,f91a7c97d35b6eda87b346c8b37418e10e728e31,"Per David M. Sledge's patch to LANG-599, added support to ClassUtils.getClass(String) to support inner classes being separated by '.' as well as the official '$'",ClassUtilsTest,True,0,0,0,maven_pass,,
gpt-5.5,218,/home/lpy/workspace/misc/course/Introduction-to-Software-Testing/artifacts/sample_runs/gpt-5.5/cand218_f962e7b65457,f962e7b65457640a15db9970487cc858176bd511,Allow EventListenerSupport to handle (and ignore) exception from (#1167),EventListenerSupportTest,True,0,0,0,maven_pass,,
gpt-5.5,219,/home/lpy/workspace/misc/course/Introduction-to-Software-Testing/artifacts/sample_runs/gpt-5.5/cand219_fa59a31596ce,fa59a31596ce37abe09c5f058c6f2e035f7c6677,[LANG-1821] NumberUtils.isCreatable fails for hexadecimal numbers with long type qualifier (#1629),NumberUtilsTest,True,0,0,0,maven_pass,,
gpt-5.5,220,/home/lpy/workspace/misc/course/Introduction-to-Software-Testing/artifacts/sample_runs/gpt-5.5/cand220_fb6a7e7788b9,fb6a7e7788b976dc53f6b2ff1e0bdb9f467d4987,[LANG-1544] MethodUtils.invokeMethod NullPointerException in case of null in args list (#680),MethodUtilsTest,True,0,0,0,maven_pass,,
gpt-5.5,221,/home/lpy/workspace/misc/course/Introduction-to-Software-Testing/artifacts/sample_runs/gpt-5.5/cand221_fbb5d31a581c,fbb5d31a581c24e925c442a7754358d2b62a669d,"LANG-1214: Handle ""void"" in ClassUtils.getClass() (closes #155)",ClassUtilsTest,True,0,0,0,maven_pass,,
gpt-5.5,222,/home/lpy/workspace/misc/course/Introduction-to-Software-Testing/artifacts/sample_runs/gpt-5.5/cand222_fc3638e0fc8d,fc3638e0fc8dc82136753c085f90ae4f773c01ba,Add tests,PairTest,True,0,0,0,maven_pass,,
gpt-5.5,223,/home/lpy/workspace/misc/course/Introduction-to-Software-Testing/artifacts/sample_runs/gpt-5.5/cand223_fd59e545f4f2,fd59e545f4f2d697ea7e197f002c5e8eeca27004,LANG-1223: Add StopWatch#getTime(TimeUnit) (closes #152),StopWatchTest,True,0,0,0,maven_pass,,
gpt-5.5,224,/home/lpy/workspace/misc/course/Introduction-to-Software-Testing/artifacts/sample_runs/gpt-5.5/cand224_fd866a9c2d6c,fd866a9c2d6c69f9f6462a5e498b58293597d611,Fix handling of non-ASCII letters & numbers in RandomStringUtils (#1273),RandomStringUtilsTest,True,0,0,0,maven_pass,,
gpt-5.5,225,/home/lpy/workspace/misc/course/Introduction-to-Software-Testing/artifacts/sample_runs/gpt-5.5/cand225_fdb6e394b8b0,fdb6e394b8b0bba1988c3262d90c232cb1a4b575,Use Java 8 API to manage thread local,EqualsBuilderTest,True,0,0,0,maven_pass,,
gpt-5.5,226,/home/lpy/workspace/misc/course/Introduction-to-Software-Testing/artifacts/sample_runs/gpt-5.5/cand226_fde46a232d82,fde46a232d82f2b746f62bc7546e2e3371f20dca,Added 1 and 0 in toBooleanObject(final String str)  (#502),BooleanUtilsTest,True,0,0,0,maven_pass,,
gpt-5.5,227,/home/lpy/workspace/misc/course/Introduction-to-Software-Testing/artifacts/sample_runs/gpt-5.5/cand227_ff4ef533a558,ff4ef533a558a7a176e4649ce5c6d54fb2383217,Redo this class after Rob Tompkins found a bug.,LockingVisitorsTest,True,0,1,1,maven_fail,compile_cannot_find_symbol,"ss AbstractLockVisitor [ERROR] location: class org.apache.commons.lang3.concurrent.locks.LockingVisitorsTest [ERROR] [ERROR] -> [Help 1] [ERROR] [ERROR] To see the full stack trace of the errors, re-run Maven with the -e switch. [ERROR] Re-run Maven using the -X switch to enable full debug logging. [ERROR] [ERROR] For more information about the errors and possible solutions, please read the following articles: [ERROR] [Help 1] http://cwiki.apache.org/confluence/display/MAVEN/MojoFailureException"
gpt-5.5,228,/home/lpy/workspace/misc/course/Introduction-to-Software-Testing/artifacts/sample_runs/gpt-5.5/cand228_010c5d26330c,010c5d26330c4e381e5a598fed700241667ad532,Add SystemUtils.IS_OS_MAC_OSX_SEQUOIA,SystemUtilsTest,True,0,0,0,maven_pass,,
gpt-5.5,229,/home/lpy/workspace/misc/course/Introduction-to-Software-Testing/artifacts/sample_runs/gpt-5.5/cand229_0162032aa4ea,0162032aa4ea1084e4bccbce6fbfc48ae4b0cc48,"LANG-1072 Duplicated ""0x"" check in createBigInteger in NumberUtils",NumberUtilsTest,True,0,0,0,maven_pass,,
gpt-5.5,230,/home/lpy/workspace/misc/course/Introduction-to-Software-Testing/artifacts/sample_runs/gpt-5.5/cand230_03e7c36d2daf,03e7c36d2dafca70e1f0e2c27a77ed4816cecf3f,`LocaleUtils.toLocale(String)` for a 2 letter country code now returns a value instead of throwing an `IllegalArgumentException`,LocaleUtilsTest,True,0,0,0,maven_pass,,
gpt-5.5,231,/home/lpy/workspace/misc/course/Introduction-to-Software-Testing/artifacts/sample_runs/gpt-5.5/cand231_03f74ba5a127,03f74ba5a127d40eb280b4866fc2c0c338915809,Add ClassPathUtils.packageToPath(String) and pathToPackage(String),ClassPathUtilsTest,True,0,0,0,maven_pass,,
gpt-5.5,232,/home/lpy/workspace/misc/course/Introduction-to-Software-Testing/artifacts/sample_runs/gpt-5.5/cand232_05803b0d5826,05803b0d5826891c03927b2b1a49de8a77799f72,Add JavaVersion enum constants for Java 16.,JavaVersionTest,True,0,0,0,maven_pass,,
gpt-5.5,233,/home/lpy/workspace/misc/course/Introduction-to-Software-Testing/artifacts/sample_runs/gpt-5.5/cand233_059fb3b8c10a,059fb3b8c10a7ce5e78a01a99659f62a5cf75c48,Add SystemProperties constants and methods for system properties as of Java 22,SystemPropertiesTest,True,0,0,0,maven_pass,,
gpt-5.5,234,/home/lpy/workspace/misc/course/Introduction-to-Software-Testing/artifacts/sample_runs/gpt-5.5/cand234_06b7cd3a31c4,06b7cd3a31c4565ceb0a127273ef800a3d084caf,LANG-1147 EnumUtils *BitVector issue with more than 32 values Enum This closes #97,EnumUtilsTest,True,0,1,1,maven_fail,compile_error,"mmons/lang3/EnumUtilsTest.java:[37,1] class Enum64 is public, should be declared in a file named Enum64.java [ERROR] [ERROR] -> [Help 1] [ERROR] [ERROR] To see the full stack trace of the errors, re-run Maven with the -e switch. [ERROR] Re-run Maven using the -X switch to enable full debug logging. [ERROR] [ERROR] For more information about the errors and possible solutions, please read the following articles: [ERROR] [Help 1] http://cwiki.apache.org/confluence/display/MAVEN/MojoFailureException"
gpt-5.5,235,/home/lpy/workspace/misc/course/Introduction-to-Software-Testing/artifacts/sample_runs/gpt-5.5/cand235_0769eb977b3a,0769eb977b3a56adf5ec8bd4e9f123b75bdf38ed,"[LANG-610] Introduced ConcurrentRuntimeException and extended the exception handling methods of ConcurrentUtils to support runtime exceptions, too.",ConcurrentUtilsTest,True,0,0,0,maven_pass,,
gpt-5.5,236,/home/lpy/workspace/misc/course/Introduction-to-Software-Testing/artifacts/sample_runs/gpt-5.5/cand236_09ef69c5b511,09ef69c5b51115300da6df43690cd455d83c8027,[LANG-1397] WordUtils.wrap throws StringIndexOutOfBoundsException when wrapLength is Integer.MAX_VALUE.,WordUtilsTest,True,0,0,0,maven_pass,,
gpt-5.5,237,/home/lpy/workspace/misc/course/Introduction-to-Software-Testing/artifacts/sample_runs/gpt-5.5/cand237_0bee92719352,0bee92719352c658886763618bf4eacc7dc2b7ec,Add Streams.of(Enumeration<E>),StreamsTest,True,0,0,0,maven_pass,,
gpt-5.5,238,/home/lpy/workspace/misc/course/Introduction-to-Software-Testing/artifacts/sample_runs/gpt-5.5/cand238_0c6a5c10a7a0,0c6a5c10a7a0f0073b6577e5c4898ceb42428b55,"Add org.apache.commons.lang3.time.DateUtils.toLocalDateTime(Date[, TimeZone]) #1385",DateUtilsTest,True,0,0,0,maven_pass,,
gpt-5.5,239,/home/lpy/workspace/misc/course/Introduction-to-Software-Testing/artifacts/sample_runs/gpt-5.5/cand239_0dffedc822ce,0dffedc822cefbec5151653170ee23faa18d7fac,Add SystemProperties.JAVA_SECURITY_KERBEROS_CONF,SystemPropertiesTest,True,0,0,0,maven_pass,,
gpt-5.5,240,/home/lpy/workspace/misc/course/Introduction-to-Software-Testing/artifacts/sample_runs/gpt-5.5/cand240_0f4dee8451df,0f4dee8451df2ec68a1f201a859f3955a7abd504,LocaleUtils.toLocale(String) cannot parse four segments,LocaleUtilsTest,True,0,0,0,maven_pass,,
gpt-5.5,241,/home/lpy/workspace/misc/course/Introduction-to-Software-Testing/artifacts/sample_runs/gpt-5.5/cand241_0f6a292a29fe,0f6a292a29fedd49741310cd517ac4ba907bf8d4,LANG-1034: Add support for recursive comparison to EqualsBuilder#reflectionEquals (closes #202),EqualsBuilderTest,True,0,0,0,maven_pass,,
gpt-5.5,242,/home/lpy/workspace/misc/course/Introduction-to-Software-Testing/artifacts/sample_runs/gpt-5.5/cand242_106b61a5be74,106b61a5be740b6e784c3aae4aa10d5b6df832b1,Add SystemProperties.JAVA_SECURITY_DEBUG,SystemPropertiesTest,True,0,0,0,maven_pass,,
gpt-5.5,243,/home/lpy/workspace/misc/course/Introduction-to-Software-Testing/artifacts/sample_runs/gpt-5.5/cand243_118652d768eb,118652d768eb3bb92717dc1520e2cd272f7e068e,"Add LangCollectors.collect(Collector, T...)",LangCollectorsTest,True,0,0,0,maven_pass,,
gpt-5.5,244,/home/lpy/workspace/misc/course/Introduction-to-Software-Testing/artifacts/sample_runs/gpt-5.5/cand244_11a15c639438,11a15c639438065e63ab0bb6f8bd87779855ea67,LANG-834: Validate: add inclusiveBetween and exclusiveBetween overloads for primitives types. Initial patch provided by Sebb.,ValidateTest,True,0,0,0,maven_pass,,
gpt-5.5,245,/home/lpy/workspace/misc/course/Introduction-to-Software-Testing/artifacts/sample_runs/gpt-5.5/cand245_11b1bc19ab36,11b1bc19ab360afce8a48167002bfcb747faeb68,Deprecate ThreadUtils code that defines custom function interfaces in favor of stock java.util.function.Predicate usage.,ThreadUtilsTest,True,0,0,0,maven_pass,,
gpt-5.5,246,/home/lpy/workspace/misc/course/Introduction-to-Software-Testing/artifacts/sample_runs/gpt-5.5/cand246_11c0df1d9ec5,11c0df1d9ec508e4ae502c1b951907640a5c4804,LANG-1102: Make logic for comparing OS versions in SystemUtils smarter,SystemUtilsTest,True,0,0,0,maven_pass,,
gpt-5.5,247,/home/lpy/workspace/misc/course/Introduction-to-Software-Testing/artifacts/sample_runs/gpt-5.5/cand247_13cd4e0ac3ab,13cd4e0ac3ab76a4dc091eda457f9a111727cba2,LANG-1190: TypeUtils.isAssignable throws NullPointerException when fromType has type variables and toType generic superclass specifies type variable (closes #158),TypeUtilsTest,True,0,0,0,maven_pass,,
gpt-5.5,248,/home/lpy/workspace/misc/course/Introduction-to-Software-Testing/artifacts/sample_runs/gpt-5.5/cand248_1661e5519c48,1661e5519c4836a5a940b13b7797263443156fc9,LANG-1311: TypeUtils.toString() doesn't handle primitive and Object arrays correctly,TypeUtilsTest,True,0,0,0,maven_pass,,
gpt-5.5,249,/home/lpy/workspace/misc/course/Introduction-to-Software-Testing/artifacts/sample_runs/gpt-5.5/cand249_16c34b222d6a,16c34b222d6a16849798e3345174ca9f0ebc430d,"Add support for Java 9's ""java.locale.providers"" in SystemProperties",SystemPropertiesTest,True,0,0,0,maven_pass,,
gpt-5.5,250,/home/lpy/workspace/misc/course/Introduction-to-Software-Testing/artifacts/sample_runs/gpt-5.5/cand250_16de452a3754,16de452a3754bfb2b36d8f6cd4a0b55432803455,Add DurationUtils.of(FailableConsumer|FailableRunnbale),DurationUtilsTest,True,0,0,0,maven_pass,,
gpt-5.5,251,/home/lpy/workspace/misc/course/Introduction-to-Software-Testing/artifacts/sample_runs/gpt-5.5/cand251_17ba8b9da6a8,17ba8b9da6a87791446917250b3d92b6925cbff0,Make LangCollectors.collect(...) null-safe,LangCollectorsTest,True,0,0,0,maven_pass,,
gpt-5.5,252,/home/lpy/workspace/misc/course/Introduction-to-Software-Testing/artifacts/sample_runs/gpt-5.5/cand252_18e772ca54dd,18e772ca54dda9eee10b15b235b5b4710d232777,Add SystemUtils.IS_JAVA_19,SystemUtilsTest,True,0,0,0,maven_pass,,
gpt-5.5,253,/home/lpy/workspace/misc/course/Introduction-to-Software-Testing/artifacts/sample_runs/gpt-5.5/cand253_1ec6c0ae9a28,1ec6c0ae9a28ef0d1a10adbded66d2b00ea840d4,"[LANG-1457] Add ExceptionUtils.throwableOfType(Throwable, Class) and friends.",ExceptionUtilsTest,True,0,0,0,maven_pass,,
gpt-5.5,254,/home/lpy/workspace/misc/course/Introduction-to-Software-Testing/artifacts/sample_runs/gpt-5.5/cand254_2275cca426e0,2275cca426e0ff13c40278ae428368615943ee2e,"Add LockingVisitors.create(O, ReadWriteLock)",LockingVisitorsTest,True,0,0,0,maven_pass,,
gpt-5.5,255,/home/lpy/workspace/misc/course/Introduction-to-Software-Testing/artifacts/sample_runs/gpt-5.5/cand255_24b6a468ae6b,24b6a468ae6ba138c4f4a1f4793fed4e73bf3c15,LANG-941: Test failure in LocaleUtilsTest when building with JDK 8,LocaleUtilsTest,True,0,0,0,maven_pass,,
gpt-5.5,256,/home/lpy/workspace/misc/course/Introduction-to-Software-Testing/artifacts/sample_runs/gpt-5.5/cand256_259ac721ce50,259ac721ce5097312d8bd93aefde26c2785f26e9,[LANG-1512] Add IS_JAVA_14 and IS_JAVA_15 to org.apache.commons.lang3.SystemUtils.,SystemUtilsTest,True,0,0,0,maven_pass,,
gpt-5.5,257,/home/lpy/workspace/misc/course/Introduction-to-Software-Testing/artifacts/sample_runs/gpt-5.5/cand257_263026823515,263026823515618b42f9549b491e57065cb69c58,Add StopWatch.getDuration() and deprecate getTime(),StopWatchTest,True,0,0,0,maven_pass,,
gpt-5.5,258,/home/lpy/workspace/misc/course/Introduction-to-Software-Testing/artifacts/sample_runs/gpt-5.5/cand258_2777d6784ef5,2777d6784ef5ccd1764e36a64575d2590b2d59d8,Add JavaVersion for Java 18 since a release candidate is available.,JavaVersionTest,True,0,0,0,maven_pass,,
gpt-5.5,259,/home/lpy/workspace/misc/course/Introduction-to-Software-Testing/artifacts/sample_runs/gpt-5.5/cand259_2875a65756da,2875a65756da4c72e8d188555b9639857e73684a,Add StopWatch.getSplitDuration() and deprecate getSplitTime(),StopWatchTest,True,0,0,0,maven_pass,,
gpt-5.5,260,/home/lpy/workspace/misc/course/Introduction-to-Software-Testing/artifacts/sample_runs/gpt-5.5/cand260_2e9f3a801462,2e9f3a80146262511ca7bcdd3411f095dff4951d,LANG-1356: Add bypass option for classes to recursive and reflective EqualsBuilder,EqualsBuilderTest,True,0,0,0,maven_pass,,
gpt-5.5,261,/home/lpy/workspace/misc/course/Introduction-to-Software-Testing/artifacts/sample_runs/gpt-5.5/cand261_2eecc96a53bb,2eecc96a53bb3b9da49bae03a18388d0f23853e7,[LANG-961] org.apache.commons.lang3.reflect.FieldUtils.removeFinalModifier(Field) does not clean up after itself.,FieldUtilsTest,True,0,0,0,maven_pass,,
gpt-5.5,262,/home/lpy/workspace/misc/course/Introduction-to-Software-Testing/artifacts/sample_runs/gpt-5.5/cand262_3225ba64ce9f,3225ba64ce9f196b828d7c2ea124c03bd0d62955,LANG-1103: Add SystemUtils.IS_JAVA_1_9,SystemUtilsTest,True,0,0,0,maven_pass,,
gpt-5.5,263,/home/lpy/workspace/misc/course/Introduction-to-Software-Testing/artifacts/sample_runs/gpt-5.5/cand263_328f2aedfb86,328f2aedfb8643c3e1e74b5aec9e3628c3cbf2e7,Add CalendarUtils.toLocalDateTime(Calendar),CalendarUtilsTest,True,0,1,1,maven_fail,compile_cannot_find_symbol,"variable TIME_ZONE_GET_AVAILABLE_IDS [ERROR] location: class org.apache.commons.lang3.time.CalendarUtilsTest [ERROR] [ERROR] -> [Help 1] [ERROR] [ERROR] To see the full stack trace of the errors, re-run Maven with the -e switch. [ERROR] Re-run Maven using the -X switch to enable full debug logging. [ERROR] [ERROR] For more information about the errors and possible solutions, please read the following articles: [ERROR] [Help 1] http://cwiki.apache.org/confluence/display/MAVEN/MojoFailureException"
gpt-5.5,264,/home/lpy/workspace/misc/course/Introduction-to-Software-Testing/artifacts/sample_runs/gpt-5.5/cand264_3328387a53e6,3328387a53e6abc26e171b97d8d3dc1c2b5d4971,LANG-990: Avoid String allocation in StrBuilder.append(CharSequence). This fixes #51 from github. Thanks to Mikhail Mazurskiy and Fabian Lange.,StrBuilderTest,True,0,0,0,maven_pass,,
gpt-5.5,265,/home/lpy/workspace/misc/course/Introduction-to-Software-Testing/artifacts/sample_runs/gpt-5.5/cand265_341aaa797d51,341aaa797d515a1fce5def6b41cdc481701ad389,Added ImmutablePair factory methods left() and right().,ImmutablePairTest,True,0,0,0,maven_pass,,
gpt-5.5,266,/home/lpy/workspace/misc/course/Introduction-to-Software-Testing/artifacts/sample_runs/gpt-5.5/cand266_35799d095886,35799d095886243ad32f46c81a77f85743d5fb05,[LANG-1420] TypeUtils.isAssignable returns wrong result for GenericArrayType and ParameterizedType.,TypeUtilsTest,True,0,1,1,maven_fail,compile_error,"tilsTest-90ohrfqf/src/test/java/org/apache/commons/lang3/reflect/TypeUtilsTest.java:[62,1] repeated modifier [ERROR] [ERROR] -> [Help 1] [ERROR] [ERROR] To see the full stack trace of the errors, re-run Maven with the -e switch. [ERROR] Re-run Maven using the -X switch to enable full debug logging. [ERROR] [ERROR] For more information about the errors and possible solutions, please read the following articles: [ERROR] [Help 1] http://cwiki.apache.org/confluence/display/MAVEN/MojoFailureException"
gpt-5.5,267,/home/lpy/workspace/misc/course/Introduction-to-Software-Testing/artifacts/sample_runs/gpt-5.5/cand267_35f35e9e1cee,35f35e9e1cee8b53fd4c562534de79c6213d7aaf,"Add DurationUtils.get(String, TemporalUnit, long)",DurationUtilsTest,True,0,0,0,maven_pass,,
gpt-5.5,268,/home/lpy/workspace/misc/course/Introduction-to-Software-Testing/artifacts/sample_runs/gpt-5.5/cand268_35fee6998b8d,35fee6998b8d92c047f6db82fde825810fc26f4a,Add BasicThreadFactory.builder() and deprecate BasicThreadFactory.Builder(),BasicThreadFactoryTest,True,0,0,0,maven_pass,,
gpt-5.5,269,/home/lpy/workspace/misc/course/Introduction-to-Software-Testing/artifacts/sample_runs/gpt-5.5/cand269_38ed1a072598,38ed1a07259862eceaad05c6581b7f34e85f6be7,LANG-1082: Add option to disable the objectsTriviallyEqual test in DiffBuilder. This fixes #44 from github. Thanks to Jonathan Baker.,DiffBuilderTest,True,0,0,0,maven_pass,,
gpt-5.5,270,/home/lpy/workspace/misc/course/Introduction-to-Software-Testing/artifacts/sample_runs/gpt-5.5/cand270_39f08ac62fc4,39f08ac62fc4e51b1c5bcc93ae2b12d4033bd05e,"StringUtils.join(Iterator, String) should only return null when the Iterator is null",StringUtilsTest,True,0,0,0,maven_pass,,
gpt-5.5,271,/home/lpy/workspace/misc/course/Introduction-to-Software-Testing/artifacts/sample_runs/gpt-5.5/cand271_3bd162585900,3bd1625859000571b99b4193df1360ab18a33910,[LANG-1729] NumberUtils.isParsable() returns true for full width Unicode digits for inputs with a decimal point,NumberUtilsTest,True,0,0,0,maven_pass,,
gpt-5.5,272,/home/lpy/workspace/misc/course/Introduction-to-Software-Testing/artifacts/sample_runs/gpt-5.5/cand272_3ebd20002ef3,3ebd20002ef35b690ee0314bac254013df3f85c5,Add StopWatch.getStopInstant() and deprecate getStopTime(),StopWatchTest,True,0,0,0,maven_pass,,
gpt-5.5,273,/home/lpy/workspace/misc/course/Introduction-to-Software-Testing/artifacts/sample_runs/gpt-5.5/cand273_421229b42f79,421229b42f79a41d1eb7f4e9d9f1dabef56270d3,Add SystemUtils.getUserDirPath(),SystemUtilsTest,True,0,0,0,maven_pass,,
gpt-5.5,274,/home/lpy/workspace/misc/course/Introduction-to-Software-Testing/artifacts/sample_runs/gpt-5.5/cand274_42f2058c83f2,42f2058c83f256d8654b349d5249d6f59920f88b,Add LANG-1261 to changes.xml,ArrayUtilsTest,True,0,0,0,maven_pass,,
gpt-5.5,275,/home/lpy/workspace/misc/course/Introduction-to-Software-Testing/artifacts/sample_runs/gpt-5.5/cand275_45a6467088a0,45a6467088a08e447d7f2983551021b91c70ab49,LANG-1087: NumberUtils#createNumber() returns positive BigDecimal when negative Float is expected. Thanks to Renat Zhilkibaev.,NumberUtilsTest,True,0,0,0,maven_pass,,
gpt-5.5,276,/home/lpy/workspace/misc/course/Introduction-to-Software-Testing/artifacts/sample_runs/gpt-5.5/cand276_471e8da5979a,471e8da5979aa853216eef8d8e1860b3e81852b3,"Add JavaVersion.JAVA_19, JavaVersion.JAVA_20 and JavaVersion.JAVA_21",JavaVersionTest,True,0,0,0,maven_pass,,
gpt-5.5,277,/home/lpy/workspace/misc/course/Introduction-to-Software-Testing/artifacts/sample_runs/gpt-5.5/cand277_4b718f6e5a90,4b718f6e5a90a0922373bd1d2452d418fe6bdf54,"<action issue=""LANG-970"" type=""add"" dev=""ggregory"">Add APIs MutableBoolean setTrue() and setFalse()</action>",MutableBooleanTest,True,0,0,0,maven_pass,,
gpt-5.5,278,/home/lpy/workspace/misc/course/Introduction-to-Software-Testing/artifacts/sample_runs/gpt-5.5/cand278_4bd982d1a1df,4bd982d1a1df87724682c17c39bf27b5cbe389be,LANG-1312: LocaleUtils#toLocale does not support language followed by UN M.49 numeric-3 area code (closes #239),LocaleUtilsTest,True,0,0,0,maven_pass,,
gpt-5.5,279,/home/lpy/workspace/misc/course/Introduction-to-Software-Testing/artifacts/sample_runs/gpt-5.5/cand279_4c39aa2ca612,4c39aa2ca612e6087f2a7edc90f88e5555b7cb27,Add org.apache.commons.lang3.SystemUtils.IS_OS_NETWARE,SystemUtilsTest,True,0,0,0,maven_pass,,
gpt-5.5,280,/home/lpy/workspace/misc/course/Introduction-to-Software-Testing/artifacts/sample_runs/gpt-5.5/cand280_4cf3dc8c8f4a,4cf3dc8c8f4ab9c353de64e79c4de113eec93473,[LANG-1613] - BigDecimal is created when you pass it the minimum values… #642.,NumberUtilsTest,True,0,0,0,maven_pass,,
gpt-5.5,281,/home/lpy/workspace/misc/course/Introduction-to-Software-Testing/artifacts/sample_runs/gpt-5.5/cand281_4e228a53509b,4e228a53509bd8cb01220939906a538dcd1baa40,"Fix StackOverflowError in TypeUtils.typeVariableToString(TypeVariable), TypeUtils.toString(Type)",TypeUtilsTest,True,0,0,0,maven_pass,,
gpt-5.5,282,/home/lpy/workspace/misc/course/Introduction-to-Software-Testing/artifacts/sample_runs/gpt-5.5/cand282_4fc5c6b35c1c,4fc5c6b35c1ca02fb0e876d54342c66196aac846,"Applying Sebb's patch from LANG-774 - adding isStarted, isSuspended and isStopped to StopWatch",StopWatchTest,True,0,0,0,maven_pass,,
gpt-5.5,283,/home/lpy/workspace/misc/course/Introduction-to-Software-Testing/artifacts/sample_runs/gpt-5.5/cand283_5035fdd788bc,5035fdd788bc8e77bd90b52d49f70903044e7e63,Add SystemUtils.getJavaHomePath(),SystemUtilsTest,True,0,0,0,maven_pass,,
gpt-5.5,284,/home/lpy/workspace/misc/course/Introduction-to-Software-Testing/artifacts/sample_runs/gpt-5.5/cand284_514f6751ab29,514f6751ab29dbdc6b44995555474fbec88dcd97,Avoid NPE in MutableObject#equals() for null content,MutableObjectTest,True,0,0,0,maven_pass,,
gpt-5.5,285,/home/lpy/workspace/misc/course/Introduction-to-Software-Testing/artifacts/sample_runs/gpt-5.5/cand285_585b1cb97b4b,585b1cb97b4b9e81b55d68e04b6c1e1195058a8f,[LANG-1332] ImmutableTriple.nullTriple(),ImmutableTripleTest,True,0,0,0,maven_pass,,
gpt-5.5,286,/home/lpy/workspace/misc/course/Introduction-to-Software-Testing/artifacts/sample_runs/gpt-5.5/cand286_59022fb870c2,59022fb870c2c45a27e00943003c5acdeddaeec3,LANG-1149 Ability to throw checked exceptions without declaring them,ExceptionUtilsTest,True,0,0,0,maven_pass,,
gpt-5.5,287,/home/lpy/workspace/misc/course/Introduction-to-Software-Testing/artifacts/sample_runs/gpt-5.5/cand287_5a509030a946,5a509030a946646780e963b9f492a4eaff734116,LANG-972 NumberUtils#isNumber does not allow for hex 0XABCD,NumberUtilsTest,True,0,0,0,maven_pass,,
gpt-5.5,288,/home/lpy/workspace/misc/course/Introduction-to-Software-Testing/artifacts/sample_runs/gpt-5.5/cand288_5ac643368dde,5ac643368ddeb928af0e7cf8705b52b9beb31053,[LANG-1506] Allow a StopWatch to carry an optional message.,StopWatchTest,True,0,0,0,maven_pass,,
gpt-5.5,289,/home/lpy/workspace/misc/course/Introduction-to-Software-Testing/artifacts/sample_runs/gpt-5.5/cand289_5b699d076518,5b699d076518cbf2dddc286f65cb06d0873dae16,"[LANG-1569] Add ArrayUtils.get(T[], index, T) to provide an out-of-bounds default value",ArrayUtilsTest,True,0,0,0,maven_pass,,
gpt-5.5,290,/home/lpy/workspace/misc/course/Introduction-to-Software-Testing/artifacts/sample_runs/gpt-5.5/cand290_5bcedccec3ed,5bcedccec3ed93586947a5df0d49775aee7a37c7,"Fix NullPointerException in ReflectionDiffBuilder.getExcludeFieldNames() when instance created with ReflectionDiffBuilder.ReflectionDiffBuilder(T, T, ToStringStyle)",ReflectionDiffBuilderTest,True,0,0,0,maven_pass,,
gpt-5.5,291,/home/lpy/workspace/misc/course/Introduction-to-Software-Testing/artifacts/sample_runs/gpt-5.5/cand291_5d46a39e450f,5d46a39e450f5dd69027329c9bc0542c113a04be,RandomStringUtils.random() methods may not return when asked to generate only letters or only numbers while provided with a range that contains neither,RandomStringUtilsTest,True,0,0,0,maven_pass,,
gpt-5.5,292,/home/lpy/workspace/misc/course/Introduction-to-Software-Testing/artifacts/sample_runs/gpt-5.5/cand292_5dd8e33cf68b,5dd8e33cf68b649b9af0bbbede58d6b5637b4c3e,MethodUtils cannot find or invoke vararg methods of interface types,MethodUtilsTest,True,0,0,0,maven_pass,,
gpt-5.5,293,/home/lpy/workspace/misc/course/Introduction-to-Software-Testing/artifacts/sample_runs/gpt-5.5/cand293_5def1c8d634f,5def1c8d634f12a265662f38188cd611aa1e574b,"Add ArrayUtils.containsAny(Object[], Object...).",ArrayUtilsTest,True,0,0,0,maven_pass,,
gpt-5.5,294,/home/lpy/workspace/misc/course/Introduction-to-Software-Testing/artifacts/sample_runs/gpt-5.5/cand294_5f7812ee1c2f,5f7812ee1c2f583e1a1902c96b5b519e86699250,LANG-1447: java 12 final modifier is no longer mutable,FieldUtilsTest,True,0,0,0,maven_pass,,
gpt-5.5,295,/home/lpy/workspace/misc/course/Introduction-to-Software-Testing/artifacts/sample_runs/gpt-5.5/cand295_6001ae8a0c9f,6001ae8a0c9f5815ee368ae1967d6de1b786a9e7,Add SystemUtils.IS_JAVA_17,SystemUtilsTest,True,0,0,0,maven_pass,,
gpt-5.5,296,/home/lpy/workspace/misc/course/Introduction-to-Software-Testing/artifacts/sample_runs/gpt-5.5/cand296_600eb9eb99dc,600eb9eb99dc5c03b047e3c81b49ee4769787c6a,LANG-1299 - Add method for converting string to an array of code points,StringUtilsTest,True,0,0,0,maven_pass,,
gpt-5.5,297,/home/lpy/workspace/misc/course/Introduction-to-Software-Testing/artifacts/sample_runs/gpt-5.5/cand297_60412131f367,60412131f3679b720bcaaaf3dea4be666cefea7a,LANG-1364: ExceptionUtils#getRootCause(Throwable t) should return t if no lower level cause exists,ExceptionUtilsTest,True,0,0,0,maven_pass,,
gpt-5.5,298,/home/lpy/workspace/misc/course/Introduction-to-Software-Testing/artifacts/sample_runs/gpt-5.5/cand298_612595106054,612595106054d0ff2320cc15f88cfef8959e1531,LANG-993: Add zero copy write method to StrBuilder; LANG-994: Add zero copy read method to StrBuilder. Thanks to Mikhail Mazursky.,StrBuilderTest,True,0,0,0,maven_pass,,
gpt-5.5,299,/home/lpy/workspace/misc/course/Introduction-to-Software-Testing/artifacts/sample_runs/gpt-5.5/cand299_623235ebca46,623235ebca46bea1a6e8cc02b7d7084c1698ab80,[LANG-1811] ArrayUtils.shuffle() throws NullPointerException for null array input.,ArrayUtilsTest,True,0,0,0,maven_pass,,
gpt-5.5,300,/home/lpy/workspace/misc/course/Introduction-to-Software-Testing/artifacts/sample_runs/gpt-5.5/cand300_64736630706a,64736630706adf9e2cbb482fbfcbdc81a9dc02f7,"Add Streams.nonNull(T), non-varargs variant",StreamsTest,True,0,0,0,maven_pass,,
gpt-5.5,301,/home/lpy/workspace/misc/course/Introduction-to-Software-Testing/artifacts/sample_runs/gpt-5.5/cand301_64ef8a802244,64ef8a80224443c81dfb198cbc567e1b2b9356a2,LANG-1003: DurationFormatUtils are not able to handle negative durations/periods. Reported by Michael Osipov.,DurationFormatUtilsTest,True,0,0,0,maven_pass,,
gpt-5.5,302,/home/lpy/workspace/misc/course/Introduction-to-Software-Testing/artifacts/sample_runs/gpt-5.5/cand302_6622a4685750,6622a46857509a8920a3f085dbca007286c703ac,Fix generics in org.apache.commons.lang3.stream.Streams.toArray(Class) signature,StreamsTest,True,0,0,0,maven_pass,,
gpt-5.5,303,/home/lpy/workspace/misc/course/Introduction-to-Software-Testing/artifacts/sample_runs/gpt-5.5/cand303_666ad13656c6,666ad13656c690b310fc2c6487dd60b6ed72a5ed,Add CalendarUtils.toZonedDateTime(Calendar),CalendarUtilsTest,True,0,0,0,maven_pass,,
gpt-5.5,304,/home/lpy/workspace/misc/course/Introduction-to-Software-Testing/artifacts/sample_runs/gpt-5.5/cand304_677e57f56bfa,677e57f56bfae93af520637d47a615013c930266,Fix NullPointerException in StopWatch.getStopTime(),StopWatchTest,True,0,0,0,maven_pass,,
gpt-5.5,305,/home/lpy/workspace/misc/course/Introduction-to-Software-Testing/artifacts/sample_runs/gpt-5.5/cand305_69c4dddbdecc,69c4dddbdecc3bf0bfb565e60d6a9a0f7f0eaea0,[LANG-1697] TypeUtils.getRawType() throws a NullPointerException on Wildcard GenericArrayType,TypeUtilsTest,True,0,0,0,maven_pass,,
gpt-5.5,306,/home/lpy/workspace/misc/course/Introduction-to-Software-Testing/artifacts/sample_runs/gpt-5.5/cand306_6b81f9e6cf42,6b81f9e6cf42eae235c7ab505d967f60a42d7d66,"Add RegExUtils.replacePattern(CharSequence, String, String) and deprecate RegExUtils.replacePattern(String, String, String)",RegExUtilsTest,True,0,0,0,maven_pass,,
gpt-5.5,307,/home/lpy/workspace/misc/course/Introduction-to-Software-Testing/artifacts/sample_runs/gpt-5.5/cand307_6e2741da4d1e,6e2741da4d1ef471c7c552b91409b2deecbfcec9,[LANG-1727] EventListenerSupport doesn't document ordering of events,EventListenerSupportTest,True,0,0,0,maven_pass,,
gpt-5.5,308,/home/lpy/workspace/misc/course/Introduction-to-Software-Testing/artifacts/sample_runs/gpt-5.5/cand308_6e3e6e2467ec,6e3e6e2467ecad07099c2908df543f191a6007e1,Add CalendarUtils.getInstance(),CalendarUtilsTest,True,0,0,0,maven_pass,,
gpt-5.5,309,/home/lpy/workspace/misc/course/Introduction-to-Software-Testing/artifacts/sample_runs/gpt-5.5/cand309_6ea2fc8d38e0,6ea2fc8d38e035bafaa92c7d3b007be38c2e9000,[LANG-1360] Add methods to ObjectUtils to get various forms of class names in a null-safe manner,ObjectUtilsTest,True,0,0,0,maven_pass,,
gpt-5.5,310,/home/lpy/workspace/misc/course/Introduction-to-Software-Testing/artifacts/sample_runs/gpt-5.5/cand310_6ea7f2f7afcd,6ea7f2f7afcd6d60d62a5cd1392feda3471fc666,"Applying github pull request https://github.com/apache/commons-lang/pull/5, linked as LANG-928, fixing a bug in OctalEscaper trying to parse octal numbers longer than 3 digits",OctalUnescaperTest,True,0,0,0,maven_pass,,
gpt-5.5,311,/home/lpy/workspace/misc/course/Introduction-to-Software-Testing/artifacts/sample_runs/gpt-5.5/cand311_6eb223bb8c68,6eb223bb8c68540e3f2bfa08c3d87b4cf7dfb544,Add DurationUtils.since(Temporal),DurationUtilsTest,True,0,0,0,maven_pass,,
gpt-5.5,312,/home/lpy/workspace/misc/course/Introduction-to-Software-Testing/artifacts/sample_runs/gpt-5.5/cand312_700be0d8c1ab,700be0d8c1abff745020bbe6ed44a2c4c855a7b3,EnumUtils.getEnumSystemProperty(...).,EnumUtilsTest,True,0,0,0,maven_pass,,
gpt-5.5,313,/home/lpy/workspace/misc/course/Introduction-to-Software-Testing/artifacts/sample_runs/gpt-5.5/cand313_7022c194e0a5,7022c194e0a5a3f5e92908068d95ddf2216ca70b,LANG-1016: NumberUtils#isParsable method(s). Thanks to Juan Pablo Santos Rodríguez.,NumberUtilsTest,True,0,0,0,maven_pass,,
gpt-5.5,314,/home/lpy/workspace/misc/course/Introduction-to-Software-Testing/artifacts/sample_runs/gpt-5.5/cand314_70b2250f80ac,70b2250f80ac098e3fbb136bcd765ad90e8d3c0e,"Add ExceptionUtils.forEach(Throwable, Consumer<Throwable>)",ExceptionUtilsTest,True,0,0,0,maven_pass,,
gpt-5.5,315,/home/lpy/workspace/misc/course/Introduction-to-Software-Testing/artifacts/sample_runs/gpt-5.5/cand315_70b3504b9fe0,70b3504b9fe03f267ce0f97c6ff21de5f5fbd2f3,"Applying Thomas Neidhart's patch for LANG-905; fixing a bug in which EqualsBuilder considers two arrays of the same type to be equal, without considering the contents",EqualsBuilderTest,True,0,0,0,maven_pass,,
gpt-5.5,316,/home/lpy/workspace/misc/course/Introduction-to-Software-Testing/artifacts/sample_runs/gpt-5.5/cand316_71340db86f09,71340db86f0984c415c78c5641d92e287b29d72b,Add SystemUtils.IS_JAVA_21,SystemUtilsTest,True,0,0,0,maven_pass,,
gpt-5.5,317,/home/lpy/workspace/misc/course/Introduction-to-Software-Testing/artifacts/sample_runs/gpt-5.5/cand317_71f6746f81bb,71f6746f81bb9650f6f228ea204d85ba2c5b7392,Update for LANG-1069: CharSet.getInstance documentation does not clearly explain how to include negation character in set. Javadoc expanded and unit tests added to match examples. Based on patch by Arno Noordover.,CharSetTest,True,0,0,0,maven_pass,,
gpt-5.5,318,/home/lpy/workspace/misc/course/Introduction-to-Software-Testing/artifacts/sample_runs/gpt-5.5/cand318_739d62630092,739d62630092ee517129c703cd9433bd7e1184d4,"[LANG-1657] DiffBuilder: Type constraint for method append(..., DiffResult) too strict #786",DiffBuilderTest,True,0,0,0,maven_pass,,
gpt-5.5,319,/home/lpy/workspace/misc/course/Introduction-to-Software-Testing/artifacts/sample_runs/gpt-5.5/cand319_7460a856f2be,7460a856f2be511bd88b2426fefab9585cf953e7,LANG-944: Add the Jaro-Winkler string distance algorithm to StringUtils - partially applying the patch by Rekha Joshi as submitted for further refinement,StringUtilsTest,True,0,0,0,maven_pass,,
gpt-5.5,320,/home/lpy/workspace/misc/course/Introduction-to-Software-Testing/artifacts/sample_runs/gpt-5.5/cand320_7489d6e21334,7489d6e21334673dc56399de7decaaa00f11ebcf,CharSet now maintains iteration order,CharSetTest,True,0,0,0,maven_pass,,
gpt-5.5,321,/home/lpy/workspace/misc/course/Introduction-to-Software-Testing/artifacts/sample_runs/gpt-5.5/cand321_758743198725,7587431987258e94748d5f2fda1e6ca049a21600,Avoid endless loop printing array with MultilineRecursiveToStringStyle,MultilineRecursiveToStringStyleTest,True,0,0,0,maven_pass,,
gpt-5.5,322,/home/lpy/workspace/misc/course/Introduction-to-Software-Testing/artifacts/sample_runs/gpt-5.5/cand322_7642423cfa70,7642423cfa70fc797601afd64ad28ed1609df9d2,[LANG-1146] z/OS identification in SystemUtils. Simplest implementation.,SystemUtilsTest,True,0,0,0,maven_pass,,
gpt-5.5,323,/home/lpy/workspace/misc/course/Introduction-to-Software-Testing/artifacts/sample_runs/gpt-5.5/cand323_76e14e483cc0,76e14e483cc0760f5c94d14e1606644c19101f8e,"Push down WordUtils to ""text"" sub-package",StringUtilsTest,True,0,0,0,maven_pass,,
gpt-5.5,324,/home/lpy/workspace/misc/course/Introduction-to-Software-Testing/artifacts/sample_runs/gpt-5.5/cand324_76ec155eea3b,76ec155eea3b1b10b5ddd46e31b38782afbff848,"Fix edge-case NullPointerException in org.apache.commons.lang3.EnumUtils.getEnum(Class, String, E)",EnumUtilsTest,True,0,0,0,maven_pass,,
gpt-5.5,325,/home/lpy/workspace/misc/course/Introduction-to-Software-Testing/artifacts/sample_runs/gpt-5.5/cand325_776b86e99a1c,776b86e99a1ce18a5093db457109807b766d49c1,[LANG-1331] ImmutablePair.nullPair(),ImmutablePairTest,True,0,0,0,maven_pass,,
gpt-5.5,326,/home/lpy/workspace/misc/course/Introduction-to-Software-Testing/artifacts/sample_runs/gpt-5.5/cand326_779828c9a2bb,779828c9a2bb5c38c2cd99c2596ff8ba6b755dd8,"Applying Valentin Rocher's patch to LANG-579, adding new regexp and in range methods to Validate",ValidateTest,True,0,0,0,maven_pass,,
gpt-5.5,327,/home/lpy/workspace/misc/course/Introduction-to-Software-Testing/artifacts/sample_runs/gpt-5.5/cand327_77d187eefc85,77d187eefc8596ef8203eb827486099cc8b27835,LANG-1134: New methods for lang3.Validate This closes #87 from github.,ValidateTest,True,0,0,0,maven_pass,,
gpt-5.5,328,/home/lpy/workspace/misc/course/Introduction-to-Software-Testing/artifacts/sample_runs/gpt-5.5/cand328_7833161882d5,7833161882d5c98cafda7b3a69ca4693cd155484,Conversion.hexTo*() methods now throw IllegalArgumentException instead of StringIndexOutOfBoundsException,ConversionTest,True,0,0,0,maven_pass,,
gpt-5.5,329,/home/lpy/workspace/misc/course/Introduction-to-Software-Testing/artifacts/sample_runs/gpt-5.5/cand329_7869bf058e10,7869bf058e10be7684d4ba6f58346527b692f63a,"[LANG-926] Add ArrayUtils.reverse(array, from, to) methods.",ArrayUtilsTest,True,0,0,0,maven_pass,,
gpt-5.5,330,/home/lpy/workspace/misc/course/Introduction-to-Software-Testing/artifacts/sample_runs/gpt-5.5/cand330_798caa4e5174,798caa4e51747dfbfceba0af8db7afa4fe629e36,Add LongRange.toLongStream(),LongRangeTest,True,0,0,0,maven_pass,,
gpt-5.5,331,/home/lpy/workspace/misc/course/Introduction-to-Software-Testing/artifacts/sample_runs/gpt-5.5/cand331_79eb89e351ef,79eb89e351ef350707d082f3713e4b9fd3a81aeb,"Add and use EnumUtils.getFirstEnumIgnoreCase(Class, String, Function, E).",EnumUtilsTest,True,0,1,1,maven_fail,compile_error,"s/lang3/EnumUtilsTest.java:[52,1] class Traffic2 is public, should be declared in a file named Traffic2.java [ERROR] [ERROR] -> [Help 1] [ERROR] [ERROR] To see the full stack trace of the errors, re-run Maven with the -e switch. [ERROR] Re-run Maven using the -X switch to enable full debug logging. [ERROR] [ERROR] For more information about the errors and possible solutions, please read the following articles: [ERROR] [Help 1] http://cwiki.apache.org/confluence/display/MAVEN/MojoFailureException"
gpt-5.5,332,/home/lpy/workspace/misc/course/Introduction-to-Software-Testing/artifacts/sample_runs/gpt-5.5/cand332_7b6ab58a018b,7b6ab58a018b5f6608ea07bc414d3f34a576c6a2,Add methods for Cloneables to ObjectUtils (LANG-576).,ObjectUtilsTest,True,0,0,0,maven_pass,,
gpt-5.5,333,/home/lpy/workspace/misc/course/Introduction-to-Software-Testing/artifacts/sample_runs/gpt-5.5/cand333_7c1788334a01,7c1788334a0166f8772295823829e79989c11282,Make SystemProperties.getLineSeparator(Supplier) null-safe,SystemPropertiesTest,True,0,0,0,maven_pass,,
gpt-5.5,334,/home/lpy/workspace/misc/course/Introduction-to-Software-Testing/artifacts/sample_runs/gpt-5.5/cand334_7c19a1ff4c21,7c19a1ff4c217f03c0be62baf1169d689f566825,Deprecate CharEncoding and direct users to Java 7 classes,CharEncodingTest,True,0,1,1,maven_fail,maven_other_failure,"gTest.java:[50,21] cannot find symbol [ERROR] symbol: variable CharEncoding [ERROR] location: class CharEncodingTest [ERROR] -> [Help 1] [ERROR] [ERROR] To see the full stack trace of the errors, re-run Maven with the -e switch. [ERROR] Re-run Maven using the -X switch to enable full debug logging. [ERROR] [ERROR] For more information about the errors and possible solutions, please read the following articles: [ERROR] [Help 1] http://cwiki.apache.org/confluence/display/MAVEN/MojoFailureException"
gpt-5.5,335,/home/lpy/workspace/misc/course/Introduction-to-Software-Testing/artifacts/sample_runs/gpt-5.5/cand335_7c8d26daac0c,7c8d26daac0c08e888249d506e5ef4e655898166,"Fail-fast for a null DiffBuilder in ReflectionDiffBuilder.ReflectionDiffBuilder(DiffBuilder, String[]) instead of getting a NullPointerException in ReflectionDiffBuilder instance methods",ReflectionDiffBuilderTest,True,0,0,0,maven_pass,,
gpt-5.5,336,/home/lpy/workspace/misc/course/Introduction-to-Software-Testing/artifacts/sample_runs/gpt-5.5/cand336_7d6e0beccb13,7d6e0beccb1345078b3051504e623f399c012fd4,LANG-1005: Extend DurationFormatUtils#formatDurationISO default pattern to match #formatDurationHMS. Thanks to Michael Osipov.,DurationFormatUtilsTest,True,0,0,0,maven_pass,,
gpt-5.5,337,/home/lpy/workspace/misc/course/Introduction-to-Software-Testing/artifacts/sample_runs/gpt-5.5/cand337_7d9d4d41a632,7d9d4d41a6327c813504e6da4df49fbff33dc02f,ClassUtils.comparator().,ClassUtilsTest,True,0,0,0,maven_pass,,
gpt-5.5,338,/home/lpy/workspace/misc/course/Introduction-to-Software-Testing/artifacts/sample_runs/gpt-5.5/cand338_7e85d1cf54b1,7e85d1cf54b1e467607a0019b56f91577ebe2e4f,LANG-1226: StringUtils#normalizeSpace does not trim the string anymore (closes #150),StringUtilsTest,True,0,0,0,maven_pass,,
gpt-5.5,339,/home/lpy/workspace/misc/course/Introduction-to-Software-Testing/artifacts/sample_runs/gpt-5.5/cand339_7ef106b23772,7ef106b23772995e4307f84afd1bee4e2337ce0c,Implements LANG-1050: Change nullToEmpty methods to generics. Thanks to James Sawle. This closes #33 in GitHub too.,ArrayUtilsTest,True,0,0,0,maven_pass,,
gpt-5.5,340,/home/lpy/workspace/misc/course/Introduction-to-Software-Testing/artifacts/sample_runs/gpt-5.5/cand340_80e6a67649ec,80e6a67649ec10d67f5a574c8e93248615c347ca,Add CalendarUtils.toLocalDate() #725,CalendarUtilsTest,True,0,0,0,maven_pass,,
gpt-5.5,341,/home/lpy/workspace/misc/course/Introduction-to-Software-Testing/artifacts/sample_runs/gpt-5.5/cand341_82cc24437f43,82cc24437f43d07880d8883229477735431e5d02,LANG-1272: Added shuffle methods to ArrayUtils,ArrayUtilsTest,True,0,0,0,maven_pass,,
gpt-5.5,342,/home/lpy/workspace/misc/course/Introduction-to-Software-Testing/artifacts/sample_runs/gpt-5.5/cand342_864721d54b8b,864721d54b8b372808b098e13120abe5c22fb9b1,[LANG-1228] Prefer Throwable.getCause() in ExceptionUtils.getCause() (closes #139),ExceptionUtilsTest,True,0,0,0,maven_pass,,
gpt-5.5,343,/home/lpy/workspace/misc/course/Introduction-to-Software-Testing/artifacts/sample_runs/gpt-5.5/cand343_876543f6ccfa,876543f6ccfaade38887908acf0bdb4a7c070473,Add JavaVersion.JAVA_17 now that Java 17-ea is out.,JavaVersionTest,True,0,0,0,maven_pass,,
gpt-5.5,344,/home/lpy/workspace/misc/course/Introduction-to-Software-Testing/artifacts/sample_runs/gpt-5.5/cand344_8a4d1b82f8d5,8a4d1b82f8d5556c866701b556d78fd3e2d4d88a,"Add EnumUtils.getEnumMap(Class, Function). #730.",EnumUtilsTest,True,0,1,1,maven_fail,compile_error,"commons/lang3/EnumUtilsTest.java:[48,1] class Month is public, should be declared in a file named Month.java [ERROR] [ERROR] -> [Help 1] [ERROR] [ERROR] To see the full stack trace of the errors, re-run Maven with the -e switch. [ERROR] Re-run Maven using the -X switch to enable full debug logging. [ERROR] [ERROR] For more information about the errors and possible solutions, please read the following articles: [ERROR] [Help 1] http://cwiki.apache.org/confluence/display/MAVEN/MojoFailureException"
gpt-5.5,345,/home/lpy/workspace/misc/course/Introduction-to-Software-Testing/artifacts/sample_runs/gpt-5.5/cand345_8a7b0da6fc78,8a7b0da6fc783127f8272d955d9f06f1966949ec,"org.apache.commons.lang3.reflect.MethodUtils.getMethodObject(Class<?>, String, Class<?>...) now returns null instead of throwing a NullPointerException, as it does for other exception types",MethodUtilsTest,True,0,0,0,maven_pass,,
gpt-5.5,346,/home/lpy/workspace/misc/course/Introduction-to-Software-Testing/artifacts/sample_runs/gpt-5.5/cand346_8aa1b44ada75,8aa1b44ada759e7948f87f55bb29ab87b5eb5469,LANG-1092: Wrong formating of time zones with daylight saving time in FastDatePrinter,FastDatePrinterTest,True,0,0,0,maven_pass,,
gpt-5.5,347,/home/lpy/workspace/misc/course/Introduction-to-Software-Testing/artifacts/sample_runs/gpt-5.5/cand347_8b62c114cfc5,8b62c114cfc5fd347bd8cb5a391fdfa8cb539435,[LANG-1385] NumberUtils.createNumber() throws StringIndexOutOfBoundsException instead of NumberFormatException.,NumberUtilsTest,True,0,0,0,maven_pass,,
gpt-5.5,348,/home/lpy/workspace/misc/course/Introduction-to-Software-Testing/artifacts/sample_runs/gpt-5.5/cand348_8cc6363673bb,8cc6363673bbcbff0777dc20343d207a443eed4a,Fix NullPointerExceptions in org.apache.commons.lang3.compare.ComparableUtils.ComparableCheckBuilder,ComparableUtilsTest,True,0,0,0,maven_pass,,
gpt-5.5,349,/home/lpy/workspace/misc/course/Introduction-to-Software-Testing/artifacts/sample_runs/gpt-5.5/cand349_8cd2339a9788,8cd2339a9788cf2c6e44b6761d3a19259fbe1df3,"Applying Eli Lindsey's patch to Yaniv Kunda's report in LANG-936 that StringUtils.getLevensteinDistance(String, String, int) gave the wrong answer when the int threshold is near Integer.MAX_VALUE",StringUtilsTest,True,0,0,0,maven_pass,,
gpt-5.5,350,/home/lpy/workspace/misc/course/Introduction-to-Software-Testing/artifacts/sample_runs/gpt-5.5/cand350_8d601ab71228,8d601ab71228f7c3dff950540e7ee6e4043e9053,"LANG-1258: Add ArrayUtils#toStringArray(Object[], String) method (and minimal clean-up of ArrayUtils#toStringArray(Object[]))",ArrayUtilsTest,True,0,0,0,maven_pass,,
gpt-5.5,351,/home/lpy/workspace/misc/course/Introduction-to-Software-Testing/artifacts/sample_runs/gpt-5.5/cand351_8e05b7141a8f,8e05b7141a8fc302b35f412834d660f234a10648,Make ArrayFill null-safe,ArrayFillTest,True,0,0,0,maven_pass,,
gpt-5.5,352,/home/lpy/workspace/misc/course/Introduction-to-Software-Testing/artifacts/sample_runs/gpt-5.5/cand352_8e1f5a9aca4a,8e1f5a9aca4afc662503474fae41434f75d5021b,Add EnumSet.stream(Class),EnumUtilsTest,True,0,0,0,maven_pass,,
gpt-5.5,353,/home/lpy/workspace/misc/course/Introduction-to-Software-Testing/artifacts/sample_runs/gpt-5.5/cand353_8ea0c0284810,8ea0c0284810bd6ec00f608be31abd20dbd4b72b,LANG-915: Wrong locale handling in LocaleUtils.toLocale(). Thanks to Sergio Fernández,LocaleUtilsTest,True,0,0,0,maven_pass,,
gpt-5.5,354,/home/lpy/workspace/misc/course/Introduction-to-Software-Testing/artifacts/sample_runs/gpt-5.5/cand354_8eef2fc92229,8eef2fc92229e47889e66774edd3df0a9f6d6281,Add Pair.accept(FailableBiConsumer),PairTest,True,0,0,0,maven_pass,,
gpt-5.5,355,/home/lpy/workspace/misc/course/Introduction-to-Software-Testing/artifacts/sample_runs/gpt-5.5/cand355_911fbb9352f0,911fbb9352f029dd02971eebdbf7d9cffc7f9175,Add ExceptionUtils.getRootCauseStackTraceList(Throwable),ExceptionUtilsTest,True,0,0,0,maven_pass,,
gpt-5.5,356,/home/lpy/workspace/misc/course/Introduction-to-Software-Testing/artifacts/sample_runs/gpt-5.5/cand356_9384d0fb583c,9384d0fb583c7a26f5eed8b6f586dc8e24f0dc49,Add org.apache.commons.lang3.SystemProperties.getLineSeparator(Supplier<String>),SystemPropertiesTest,True,0,0,0,maven_pass,,
gpt-5.5,357,/home/lpy/workspace/misc/course/Introduction-to-Software-Testing/artifacts/sample_runs/gpt-5.5/cand357_9397608dd35a,9397608dd35a335d5e14813c0923f9419782980a,LANG-971 NumberUtils#isNumber(String) fails to reject invalid Octal numbers,NumberUtilsTest,True,0,0,0,maven_pass,,
gpt-5.5,358,/home/lpy/workspace/misc/course/Introduction-to-Software-Testing/artifacts/sample_runs/gpt-5.5/cand358_944d6e10a47d,944d6e10a47d1f662b7bda5fd712dfb5440a36cf,Refactor and add RegExUtils.dotAll() and dotAllMatcher(),RegExUtilsTest,True,0,0,0,maven_pass,,
gpt-5.5,359,/home/lpy/workspace/misc/course/Introduction-to-Software-Testing/artifacts/sample_runs/gpt-5.5/cand359_94f612b31fd9,94f612b31fd934c17850b9a1c8f1eded2cbdc842,[LANG-1764] Several hash collisions in Fraction class,FractionTest,True,0,0,0,maven_pass,,
gpt-5.5,360,/home/lpy/workspace/misc/course/Introduction-to-Software-Testing/artifacts/sample_runs/gpt-5.5/cand360_97e572cb7e10,97e572cb7e104b09573bba1881a764d9bac81bc8,[LANG-1802] Fix collision in CharRange.hashCode(),CharRangeTest,True,0,0,0,maven_pass,,
gpt-5.5,361,/home/lpy/workspace/misc/course/Introduction-to-Software-Testing/artifacts/sample_runs/gpt-5.5/cand361_97fb6a23e02d,97fb6a23e02d67cc52506e819363d3781f33c1b3,Add SystemUtils.getJavaIoTmpDirPath(),SystemUtilsTest,True,0,0,0,maven_pass,,
gpt-5.5,362,/home/lpy/workspace/misc/course/Introduction-to-Software-Testing/artifacts/sample_runs/gpt-5.5/cand362_9a313ed46073,9a313ed4607336e025ce34575fdb2006c709524f,Add SystemProperties constants for system properties as of Java 22.,SystemPropertiesTest,True,0,0,0,maven_pass,,
gpt-5.5,363,/home/lpy/workspace/misc/course/Introduction-to-Software-Testing/artifacts/sample_runs/gpt-5.5/cand363_9bc57f7fed72,9bc57f7fed72c09468588f2f5ac5d5d503bc845c,"Add RegExUtils.dotAllMatcher(String, CharSequence) and deprecate RegExUtils.dotAllMatcher(String, String)",RegExUtilsTest,True,0,0,0,maven_pass,,
gpt-5.5,364,/home/lpy/workspace/misc/course/Introduction-to-Software-Testing/artifacts/sample_runs/gpt-5.5/cand364_9bd439b4e0aa,9bd439b4e0aa69050ef1baa537e552fa4620e5d4,LANG-1229: Performance regression due to cyclic hashCode guard,HashCodeBuilderTest,True,0,0,0,maven_pass,,
gpt-5.5,365,/home/lpy/workspace/misc/course/Introduction-to-Software-Testing/artifacts/sample_runs/gpt-5.5/cand365_9be39c4a7aa7,9be39c4a7aa7a9a0e3e9cbf29c85884623a9fa4f,Add Streams.of(Iterable<E>),StreamsTest,True,0,0,0,maven_pass,,
gpt-5.5,366,/home/lpy/workspace/misc/course/Introduction-to-Software-Testing/artifacts/sample_runs/gpt-5.5/cand366_9bf6b2fb4170,9bf6b2fb41704f3a3eadd4816bdff3c4ec24604e,Make Validate.isAssignableFrom() check null inputs.,ValidateTest,True,0,0,0,maven_pass,,
gpt-5.5,367,/home/lpy/workspace/misc/course/Introduction-to-Software-Testing/artifacts/sample_runs/gpt-5.5/cand367_9d6a4be2f1ff,9d6a4be2f1ff331e51daa807fb5b81473d645f73,LocaleUtils.availableLocaleSet() uses predictable iteration order,LocaleUtilsTest,True,0,0,0,maven_pass,,
gpt-5.5,368,/home/lpy/workspace/misc/course/Introduction-to-Software-Testing/artifacts/sample_runs/gpt-5.5/cand368_9e6383cb217b,9e6383cb217bb0d8e615eaea4b3d46446e8cc536,Add SystemUtils.IS_JAVA_16.,SystemUtilsTest,True,0,0,0,maven_pass,,
gpt-5.5,369,/home/lpy/workspace/misc/course/Introduction-to-Software-Testing/artifacts/sample_runs/gpt-5.5/cand369_9f7d3b5ec3aa,9f7d3b5ec3aab40ee404a652495848213a608f01,Fix `WordUtils.wrap` for `wrapOn` matches different from one character (#1655),WordUtilsTest,True,0,0,0,maven_pass,,
gpt-5.5,370,/home/lpy/workspace/misc/course/Introduction-to-Software-Testing/artifacts/sample_runs/gpt-5.5/cand370_a01471c196db,a01471c196dba90dc1c4cb83ad3aab9f5cf07698,[LANG-1759] SerializationUtils.clone(Object) throws ClassCastException when called with a Serializable lambda,SerializationUtilsTest,True,0,0,0,maven_pass,,
gpt-5.5,371,/home/lpy/workspace/misc/course/Introduction-to-Software-Testing/artifacts/sample_runs/gpt-5.5/cand371_a08ec31dbf21,a08ec31dbf212a033953dc6916a743dccbb93e37,Fixes LANG-1292: WordUtils.wrap throws StringIndexOutOfBoundsException,WordUtilsTest,True,0,0,0,maven_pass,,
gpt-5.5,372,/home/lpy/workspace/misc/course/Introduction-to-Software-Testing/artifacts/sample_runs/gpt-5.5/cand372_a11351107ed7,a11351107ed7ce1b3a903e52c422156b25fa2061,"[LANG-1044] Add method org.apache.commons.lang3.reflect.MethodUtils.invokeExactMethod(Object, String)</action> [LANG-1045] Add method org.apache.commons.lang3.reflect.MethodUtils.invokeMethod(Object, String)</action>",MethodUtilsTest,True,0,0,0,maven_pass,,
gpt-5.5,373,/home/lpy/workspace/misc/course/Introduction-to-Software-Testing/artifacts/sample_runs/gpt-5.5/cand373_a2b2b35ac3b9,a2b2b35ac3b969686c647e57f5ca3bacc63f2c56,[LANG-1646] NumberUtils to return requested floating point type for zero,NumberUtilsTest,True,0,0,0,maven_pass,,
gpt-5.5,374,/home/lpy/workspace/misc/course/Introduction-to-Software-Testing/artifacts/sample_runs/gpt-5.5/cand374_a3de60835eb2,a3de60835eb20ddc38f7635f1c0bd94b21801457,"<action issue=""LANG-962"" type=""add"" dev=""ggregory"">Add SerializationUtils.roundtrip(T extends Serializable) to serialize then deserialize</action>",SerializationUtilsTest,True,0,0,0,maven_pass,,
gpt-5.5,375,/home/lpy/workspace/misc/course/Introduction-to-Software-Testing/artifacts/sample_runs/gpt-5.5/cand375_a40b2a907a69,a40b2a907a69e51675d7d0502b2608833c4da343,LANG-1269: Wrong name or result of StringUtils#getJaroWinklerDistance (closes #198),StringUtilsTest,True,0,0,0,maven_pass,,
gpt-5.5,376,/home/lpy/workspace/misc/course/Introduction-to-Software-Testing/artifacts/sample_runs/gpt-5.5/cand376_a4ba12e80c1b,a4ba12e80c1b82b814b0165704934ef182ad069f,"org.apache.commons.lang3.EnumUtils.getFirstEnumIgnoreCase(Class<E>, String, Function<E, String>, E) now returns the given default enum on null enumClass input",EnumUtilsTest,True,0,0,0,maven_pass,,
gpt-5.5,377,/home/lpy/workspace/misc/course/Introduction-to-Software-Testing/artifacts/sample_runs/gpt-5.5/cand377_a5f9a0cc22e4,a5f9a0cc22e4626234a4d7b53bf357d61eb2478b,org.apache.commons.lang3.ClassUtils.getCanonicalName(String) now throws an IllegalArgumentException for array dimensions greater than 255,ClassUtilsTest,True,0,0,0,maven_pass,,
gpt-5.5,378,/home/lpy/workspace/misc/course/Introduction-to-Software-Testing/artifacts/sample_runs/gpt-5.5/cand378_a606a0328ba4,a606a0328ba4b3061c5bc810a31418fa4251ea16,[LANG-1513] ObjectUtils: Get first non-null supplier value.,ObjectUtilsTest,True,0,0,0,maven_pass,,
gpt-5.5,379,/home/lpy/workspace/misc/course/Introduction-to-Software-Testing/artifacts/sample_runs/gpt-5.5/cand379_a914a268ba9c,a914a268ba9c3ddc852bcfb0da680ae1103072dd,[LANG-1505] Add StopWatch convenience APIs to format times and create a simple instance.,StopWatchTest,True,0,0,0,maven_pass,,
gpt-5.5,380,/home/lpy/workspace/misc/course/Introduction-to-Software-Testing/artifacts/sample_runs/gpt-5.5/cand380_aadbea734d78,aadbea734d78e8d535d3a5837643336ca1384bd2,LANG-921 - BooleanUtils.xor(boolean...) produces wrong results,BooleanUtilsTest,True,0,0,0,maven_pass,,
gpt-5.5,381,/home/lpy/workspace/misc/course/Introduction-to-Software-Testing/artifacts/sample_runs/gpt-5.5/cand381_aadd8e172eb2,aadd8e172eb22fb593fbaa454075677656fad111,LANG-981 DurationFormatUtils#lexx does not detect unmatched quote char,DurationFormatUtilsTest,True,0,0,0,maven_pass,,
gpt-5.5,382,/home/lpy/workspace/misc/course/Introduction-to-Software-Testing/artifacts/sample_runs/gpt-5.5/cand382_ab8caff3a352,ab8caff3a352fcf10563db44b85f7e8fb154e3a1,"Add ArrayUtils.nullTo(T[], T[])",ArrayUtilsTest,True,0,0,0,maven_pass,,
gpt-5.5,383,/home/lpy/workspace/misc/course/Introduction-to-Software-Testing/artifacts/sample_runs/gpt-5.5/cand383_ae28edfbddde,ae28edfbddde9ed45fb0501ec6765a2af5c451f0,Add org.apache.commons.lang3.concurrent.locks.LockingVisitors.reentrantLockVisitor(Object),LockingVisitorsTest,True,0,0,0,maven_pass,,
gpt-5.5,384,/home/lpy/workspace/misc/course/Introduction-to-Software-Testing/artifacts/sample_runs/gpt-5.5/cand384_af1598229fca,af1598229fca5808042ed20f50c36a4fe923c915,"[LANG-1757] NullPointerException in MethodUtils.getMatchingAccessibleMethod(Class<?>, String, Class<?>...)",MethodUtilsTest,True,0,0,0,maven_pass,,
gpt-5.5,385,/home/lpy/workspace/misc/course/Introduction-to-Software-Testing/artifacts/sample_runs/gpt-5.5/cand385_b1d01fecee3b,b1d01fecee3b347b2488eb34bd33c90db0847399,[LANG-1479] Add Range.fit(T) to fit a value into a range.,RangeTest,True,0,0,0,maven_pass,,
gpt-5.5,386,/home/lpy/workspace/misc/course/Introduction-to-Software-Testing/artifacts/sample_runs/gpt-5.5/cand386_b2e66fe50ba8,b2e66fe50ba8af3986edc3d06a9dd3c8489cfd36,"Add EnumUtils.getFirstEnum(Class<E>, int, ToIntFunction<E>, E)",EnumUtilsTest,True,0,0,0,maven_pass,,
gpt-5.5,387,/home/lpy/workspace/misc/course/Introduction-to-Software-Testing/artifacts/sample_runs/gpt-5.5/cand387_b31877a46009,b31877a46009d5ee52af9b5f737dabe241689931,LANG-1408: Rounding utilities for converting to BigDecimal,NumberUtilsTest,True,0,0,0,maven_pass,,
gpt-5.5,388,/home/lpy/workspace/misc/course/Introduction-to-Software-Testing/artifacts/sample_runs/gpt-5.5/cand388_b46d417ef61b,b46d417ef61b69f2e4562e596d55466907d6933d,[LANG-1508] Add org.apache.commons.lang3.SystemUtils.getUserName().,SystemUtilsTest,True,0,0,0,maven_pass,,
gpt-5.5,389,/home/lpy/workspace/misc/course/Introduction-to-Software-Testing/artifacts/sample_runs/gpt-5.5/cand389_b5749b4f54b3,b5749b4f54b30c0c2050e456c12cfcf516434f13,LANG-456: HashCodeBuilder throws StackOverflowError in bidirectional navigable association. Thanks to Bob Fields who provides the inital patch. Thanks to Woosan Ko who wrote the final patch. Thanks to Bruno P. Kinoshita who updated the final patch so that it was easy to apply.,HashCodeBuilderTest,True,0,0,0,maven_pass,,
gpt-5.5,390,/home/lpy/workspace/misc/course/Introduction-to-Software-Testing/artifacts/sample_runs/gpt-5.5/cand390_b6f72e73ee96,b6f72e73ee96feb63e17096933fd5b7f313fb77b,Add builders for LockingVisitors implementations,LockingVisitorsTest,True,0,0,0,maven_pass,,
gpt-5.5,391,/home/lpy/workspace/misc/course/Introduction-to-Software-Testing/artifacts/sample_runs/gpt-5.5/cand391_b78295b4faca,b78295b4faca2fd26024a26ef4638b0dce5d40a3,LANG-999: Add fuzzy String matching logic to StringUtils. This also closes #20 from github. Thanks to Ben Ripkens.,StringUtilsTest,True,0,0,0,maven_pass,,
gpt-5.5,392,/home/lpy/workspace/misc/course/Introduction-to-Software-Testing/artifacts/sample_runs/gpt-5.5/cand392_b7b52fc506ca,b7b52fc506ca531ce97c936b4b6d70f72a1125d3,Internal refactoring,ObjectUtilsTest,True,0,0,0,maven_pass,,
gpt-5.5,393,/home/lpy/workspace/misc/course/Introduction-to-Software-Testing/artifacts/sample_runs/gpt-5.5/cand393_b877fb9abef4,b877fb9abef4a19eec9cc7329acbd433648b8f7b,LANG-1205: NumberUtils.createNumber() behaves inconsistently with NumberUtils.isNumber() This closes github #87 thanks to pbrose,NumberUtilsTest,True,0,0,0,maven_pass,,
gpt-5.5,394,/home/lpy/workspace/misc/course/Introduction-to-Software-Testing/artifacts/sample_runs/gpt-5.5/cand394_b9f15bc007be,b9f15bc007be2bb0ba9633559482396e0352785a,Make LockVisitor.acceptReadLocked(FailableConsumer) null-safe,LockingVisitorsTest,True,0,0,0,maven_pass,,
gpt-5.5,395,/home/lpy/workspace/misc/course/Introduction-to-Software-Testing/artifacts/sample_runs/gpt-5.5/cand395_ba7505d9a91b,ba7505d9a91be02088e1309f172f3dc55823c9c0,"LANG-1592: Correct implementation of RandomUtils.nextLong(long, long)",RandomUtilsTest,True,0,0,0,maven_pass,,
gpt-5.5,396,/home/lpy/workspace/misc/course/Introduction-to-Software-Testing/artifacts/sample_runs/gpt-5.5/cand396_be370cd0ef13,be370cd0ef134bb44fde733e4ee91661a012dae5,Applying Thomas' patch from LANG-917 - fixing Arne Burmeister's reported exception when combining custom and choice formats,ExtendedMessageFormatTest,True,0,0,0,maven_pass,,
gpt-5.5,397,/home/lpy/workspace/misc/course/Introduction-to-Software-Testing/artifacts/sample_runs/gpt-5.5/cand397_bf6ee5c56eb3,bf6ee5c56eb32bb572c240d765d542c048ec9565,LANG-948: Exception while using ExtendedMessageFormat and escaping braces. This fixes #19 from github. Thanks to Andrey Khobnya.,ExtendedMessageFormatTest,True,0,0,0,maven_pass,,
gpt-5.5,398,/home/lpy/workspace/misc/course/Introduction-to-Software-Testing/artifacts/sample_runs/gpt-5.5/cand398_bfa3c06361fa,bfa3c06361fa7bfcf35f8b3136f48a46c2b2c241,Add CalendarUtils.toOffsetDateTime(Calendar),CalendarUtilsTest,True,0,0,0,maven_pass,,
gpt-5.5,399,/home/lpy/workspace/misc/course/Introduction-to-Software-Testing/artifacts/sample_runs/gpt-5.5/cand399_c140fc8154e8,c140fc8154e8c680aad63239eaaaac14d85d5683,Add MutablePair.ofNonNull(Map.Entry),MutablePairTest,True,0,0,0,maven_pass,,
gpt-5.5,400,/home/lpy/workspace/misc/course/Introduction-to-Software-Testing/artifacts/sample_runs/gpt-5.5/cand400_c26c72f8a8ee,c26c72f8a8ee9996bff2bf139eb42fc2c56e62d8,"Add ObjectUtils.toString(Object, Supplier<String>).",ObjectUtilsTest,True,0,0,0,maven_pass,,
gpt-5.5,401,/home/lpy/workspace/misc/course/Introduction-to-Software-Testing/artifacts/sample_runs/gpt-5.5/cand401_c35a04102274,c35a04102274b330aa833030c15f722b00062812,LANG-1199: Fix implementation of StringUtils.getJaroWinklerDistance(),StringUtilsTest,True,0,0,0,maven_pass,,
gpt-5.5,402,/home/lpy/workspace/misc/course/Introduction-to-Software-Testing/artifacts/sample_runs/gpt-5.5/cand402_c37a911d3a15,c37a911d3a1541adc25c8d76f717015b2266d123,LANG-1160: StringUtils#abbreviate should support 'custom ellipses' parameter (closes #195),StringUtilsTest,False,,,,merge_incomplete,merge_incomplete,
gpt-5.5,403,/home/lpy/workspace/misc/course/Introduction-to-Software-Testing/artifacts/sample_runs/gpt-5.5/cand403_c3d65461a327,c3d65461a327b98ce5f582c45a48b6bb2b21d03d,LANG-1006: Add wrap (with String or char) to StringUtils. This closes PR #21 from github. Thanks to Thiago Andrade.,StringUtilsTest,True,0,0,0,maven_pass,,
gpt-5.5,404,/home/lpy/workspace/misc/course/Introduction-to-Software-Testing/artifacts/sample_runs/gpt-5.5/cand404_c4007c4a24ea,c4007c4a24eafbed53109e4b0376b4fd0ba01b56,[LANG-1524] TypeUtils.toString(Type) StackOverflowError for an inner class in the inner class parameterized enclosing class #657,TypeUtilsTest,True,0,1,1,maven_fail,compile_error,"tilsTest-zlw1_7nn/src/test/java/org/apache/commons/lang3/reflect/TypeUtilsTest.java:[59,1] repeated modifier [ERROR] [ERROR] -> [Help 1] [ERROR] [ERROR] To see the full stack trace of the errors, re-run Maven with the -e switch. [ERROR] Re-run Maven using the -X switch to enable full debug logging. [ERROR] [ERROR] For more information about the errors and possible solutions, please read the following articles: [ERROR] [Help 1] http://cwiki.apache.org/confluence/display/MAVEN/MojoFailureException"
gpt-5.5,405,/home/lpy/workspace/misc/course/Introduction-to-Software-Testing/artifacts/sample_runs/gpt-5.5/cand405_c47e5f95f685,c47e5f95f6853f127c291ef2293edd9a28aceec6,[LANG-1498] Add support of lambda value evaluation for defaulting methods #416.,ObjectUtilsTest,True,0,0,0,maven_pass,,
gpt-5.5,406,/home/lpy/workspace/misc/course/Introduction-to-Software-Testing/artifacts/sample_runs/gpt-5.5/cand406_c64cf945161e,c64cf945161ec9cad47d9b921387645c1a369053,Add IntegerRange.toIntStream(),IntegerRangeTest,True,0,0,0,maven_pass,,
gpt-5.5,407,/home/lpy/workspace/misc/course/Introduction-to-Software-Testing/artifacts/sample_runs/gpt-5.5/cand407_c82d9a4809a9,c82d9a4809a94280adb25cd46151bdf139518f1d,[LANG-1462] Use TimeZone from calendar in DateFormatUtils.,DateFormatUtilsTest,True,0,0,0,maven_pass,,
gpt-5.5,408,/home/lpy/workspace/misc/course/Introduction-to-Software-Testing/artifacts/sample_runs/gpt-5.5/cand408_c9722131d50d,c9722131d50de2a78aaf79a222fa5135431b9a73,Add StopWatch.getStopTime().,StopWatchTest,True,0,0,0,maven_pass,,
gpt-5.5,409,/home/lpy/workspace/misc/course/Introduction-to-Software-Testing/artifacts/sample_runs/gpt-5.5/cand409_c99a78775277,c99a787752770b8952297e24e07bd404cb2f4f74,LANG-1202: parseDateStrictly does't pass specified locale,DateUtilsTest,True,0,0,0,maven_pass,,
gpt-5.5,410,/home/lpy/workspace/misc/course/Introduction-to-Software-Testing/artifacts/sample_runs/gpt-5.5/cand410_cc6a92b1a5bb,cc6a92b1a5bb1a9a1d38d4bce67644dbb1b2b349,"Deprecating StringUtils.toString(byte[],String) in favour of a new CharSet based method, as reported by Aaron Digulla in LANG-795",StringUtilsTest,True,0,0,0,maven_pass,,
gpt-5.5,411,/home/lpy/workspace/misc/course/Introduction-to-Software-Testing/artifacts/sample_runs/gpt-5.5/cand411_cd87ec61b8d0,cd87ec61b8d0b3274d6b348397802b46cd1c0247,[LANG-1789] NullPointerException when generating NoSuchMethodException in MethodUtils,MethodUtilsTest,True,0,0,0,maven_pass,,
gpt-5.5,412,/home/lpy/workspace/misc/course/Introduction-to-Software-Testing/artifacts/sample_runs/gpt-5.5/cand412_cf4138d7bc1a,cf4138d7bc1a892295ccd58ea8b42f7c8737239a,LANG-984 DurationFormatUtils does not handle large durations correctly,DurationFormatUtilsTest,True,0,0,0,maven_pass,,
gpt-5.5,413,/home/lpy/workspace/misc/course/Introduction-to-Software-Testing/artifacts/sample_runs/gpt-5.5/cand413_d0bb31bc10ac,d0bb31bc10ac0e16f47840550860ca26f01c5595,Add SystemUtils.IS_OS_ANDROID,SystemUtilsTest,True,0,0,0,maven_pass,,
gpt-5.5,414,/home/lpy/workspace/misc/course/Introduction-to-Software-Testing/artifacts/sample_runs/gpt-5.5/cand414_d26170a97698,d26170a97698da141d616942f2673874e043a13c,Add LocaleUtils.isLanguageUndetermined(Locale),LocaleUtilsTest,True,0,0,0,maven_pass,,
gpt-5.5,415,/home/lpy/workspace/misc/course/Introduction-to-Software-Testing/artifacts/sample_runs/gpt-5.5/cand415_d38919fcbda8,d38919fcbda835f0ad82d65f25349bd7105b67cc,LANG-1093: Add ClassUtils.getAbbreviatedName(). This fixes #48 from github. Thanks to Fabian Lange.,ClassUtilsTest,True,0,0,0,maven_pass,,
gpt-5.5,416,/home/lpy/workspace/misc/course/Introduction-to-Software-Testing/artifacts/sample_runs/gpt-5.5/cand416_d68e2e912512,d68e2e9125126938399175f424f06301f497b920,[LANG-1406] StringIndexOutOfBoundsException in StringUtils.replaceIgnoreCase,StringUtilsTest,True,0,0,0,maven_pass,,
gpt-5.5,417,/home/lpy/workspace/misc/course/Introduction-to-Software-Testing/artifacts/sample_runs/gpt-5.5/cand417_d88f70e8ff3e,d88f70e8ff3e73981809ddc530c19288c1f092c5,"[LANG-1568] FailableBooleanSupplier, FailableIntSupplier, FailableLongSupplier, FailableDoubleSupplier.",FunctionsTest,True,0,0,0,maven_pass,,
gpt-5.5,418,/home/lpy/workspace/misc/course/Introduction-to-Software-Testing/artifacts/sample_runs/gpt-5.5/cand418_d8f7c3843231,d8f7c38432313089a198978638fc453ac592b743,Add DoubleRange.fit(double),DoubleRangeTest,True,0,0,0,maven_pass,,
gpt-5.5,419,/home/lpy/workspace/misc/course/Introduction-to-Software-Testing/artifacts/sample_runs/gpt-5.5/cand419_da0583008020,da0583008020c6a9cd02dca25e8d2fac5c2bbf14,"Add SystemProperties.getPath(String, Supplier<Path>)",SystemPropertiesTest,True,0,0,0,maven_pass,,
gpt-5.5,420,/home/lpy/workspace/misc/course/Introduction-to-Software-Testing/artifacts/sample_runs/gpt-5.5/cand420_dad064eebbde,dad064eebbde450cb500a0e0d72200c655ac47c6,Add ArrayUtils.oneHot().,BooleanUtilsTest,True,0,0,0,maven_pass,,
gpt-5.5,421,/home/lpy/workspace/misc/course/Introduction-to-Software-Testing/artifacts/sample_runs/gpt-5.5/cand421_dde6790a88d8,dde6790a88d8a2ec438568a4513d7d359d3602cc,[LANG-1645] NumberUtils to recognise hex integers prefixed with +,NumberUtilsTest,True,0,0,0,maven_pass,,
gpt-5.5,422,/home/lpy/workspace/misc/course/Introduction-to-Software-Testing/artifacts/sample_runs/gpt-5.5/cand422_df3e2715f412,df3e2715f41263d8998b7350301d106967748c0e,Add TimedSemaphore.builder() and Builder,TimedSemaphoreTest,True,0,0,0,maven_pass,,
gpt-5.5,423,/home/lpy/workspace/misc/course/Introduction-to-Software-Testing/artifacts/sample_runs/gpt-5.5/cand423_e1ffb6ea0b9e,e1ffb6ea0b9e21ea71c4540b0fca4db8e4c1dd93,ThreadUtils.sleepQuietly(Duration) now restores the current thread's interrupt flag when catching InterruptedException.,ThreadUtilsTest,True,0,0,0,maven_pass,,
gpt-5.5,424,/home/lpy/workspace/misc/course/Introduction-to-Software-Testing/artifacts/sample_runs/gpt-5.5/cand424_e3e29d585a45,e3e29d585a455693829deb9231440aeda38eacd4,"Add StringUtils.removeStart(String, char).",StringUtilsTest,True,0,0,0,maven_pass,,
gpt-5.5,425,/home/lpy/workspace/misc/course/Introduction-to-Software-Testing/artifacts/sample_runs/gpt-5.5/cand425_e5e8ba09066f,e5e8ba09066fadb13d6b84402d46287bbd1569b7,Add SystemUtils.IS_JAVA_18,SystemUtilsTest,True,0,0,0,maven_pass,,
gpt-5.5,426,/home/lpy/workspace/misc/course/Introduction-to-Software-Testing/artifacts/sample_runs/gpt-5.5/cand426_e6796a0ec610,e6796a0ec6105f8c87e5330b51c8c9ee75df353f,[LANG-1706] ThreadUtils find methods should not return null items #1098,ThreadUtilsTest,True,0,0,0,maven_pass,,
gpt-5.5,427,/home/lpy/workspace/misc/course/Introduction-to-Software-Testing/artifacts/sample_runs/gpt-5.5/cand427_e6ae7561a05b,e6ae7561a05b1356625563cd868dce8a0fa4ddae,"Add Streams.instancesOf(Class, Collection).",StreamsTest,True,0,0,0,maven_pass,,
gpt-5.5,428,/home/lpy/workspace/misc/course/Introduction-to-Software-Testing/artifacts/sample_runs/gpt-5.5/cand428_e6eba6e9acbd,e6eba6e9acbd646e9a28546b14ae1d663dc6751a,[LANG-1674] Make Range constructors more generic #810.,RangeTest,True,0,0,0,maven_pass,,
gpt-5.5,429,/home/lpy/workspace/misc/course/Introduction-to-Software-Testing/artifacts/sample_runs/gpt-5.5/cand429_e7d001f1b77c,e7d001f1b77c382f99ee7fe01d8563d8219697df,"Add RegExUtils.removePattern(CharSequence, String) and deprecate RegExUtils.removePattern(String, String)",RegExUtilsTest,True,0,0,0,maven_pass,,
gpt-5.5,430,/home/lpy/workspace/misc/course/Introduction-to-Software-Testing/artifacts/sample_runs/gpt-5.5/cand430_e81855a208c9,e81855a208c909f46e1bf346d7982bd77be13476,Add BooleanUtils.values() and forEach().,BooleanUtilsTest,True,0,0,0,maven_pass,,
gpt-5.5,431,/home/lpy/workspace/misc/course/Introduction-to-Software-Testing/artifacts/sample_runs/gpt-5.5/cand431_e863dcb2e7a6,e863dcb2e7a654af6b8eb5865d8d1d8eee0a6d28,[LANG-1367] ObjectUtils.identityToString(Object) and friends should allocate builders and buffers with a size,ObjectUtilsTest,False,,,,merge_incomplete,merge_incomplete,
gpt-5.5,432,/home/lpy/workspace/misc/course/Introduction-to-Software-Testing/artifacts/sample_runs/gpt-5.5/cand432_e8a2c29721d1,e8a2c29721d145c52c970049e5469cfb0dcefd87,LANG-1163 There are no tests for CharSequenceUtils.regionMatches,CharSequenceUtilsTest,True,0,0,0,maven_pass,,
gpt-5.5,433,/home/lpy/workspace/misc/course/Introduction-to-Software-Testing/artifacts/sample_runs/gpt-5.5/cand433_e9e041b791ae,e9e041b791ae88a894fbcaa0062b5e8c43f33934,Make Streams.stream(Collection) null-safe.,StreamsTest,True,0,0,0,maven_pass,,
gpt-5.5,434,/home/lpy/workspace/misc/course/Introduction-to-Software-Testing/artifacts/sample_runs/gpt-5.5/cand434_e9f3ece02285,e9f3ece022854a7c415b6ce8435ca803dc8aee8b,Add ClassLoaderUtils.getSystemURLs() and getThreadURLs().,ClassLoaderUtilsTest,True,0,0,0,maven_pass,,
gpt-5.5,435,/home/lpy/workspace/misc/course/Introduction-to-Software-Testing/artifacts/sample_runs/gpt-5.5/cand435_eaa9269ac80c,eaa9269ac80c2a957cabed0c46173149a4137c24,"[LANG-1257] StringUtils.wrapIfMissing(String, char|String)",StringUtilsTest,True,0,0,0,maven_pass,,
gpt-5.5,436,/home/lpy/workspace/misc/course/Introduction-to-Software-Testing/artifacts/sample_runs/gpt-5.5/cand436_ec2fa6bd5695,ec2fa6bd5695b36435cc66ca4cdd8183d077a0cf,"LANG-1224: Extend RandomStringUtils with methods that generate strings between a min and max length (closes #101, closes #157)",RandomStringUtilsTest,True,0,0,0,maven_pass,,
gpt-5.5,437,/home/lpy/workspace/misc/course/Introduction-to-Software-Testing/artifacts/sample_runs/gpt-5.5/cand437_ec93f3b7f59a,ec93f3b7f59a6f6bc489bc3ffda932a6ca9fe6ca,"StringUtils.join(Iterator, String) should only return null when the Iterator is null",StringUtilsTest,True,0,0,0,maven_pass,,
gpt-5.5,438,/home/lpy/workspace/misc/course/Introduction-to-Software-Testing/artifacts/sample_runs/gpt-5.5/cand438_ee09f69951c0,ee09f69951c0867c0ade41658effb6f48a49eec1,MethodUtils cannot find or invoke a vararg method without providing vararg types or values #1427,MethodUtilsTest,True,0,0,0,maven_pass,,
gpt-5.5,439,/home/lpy/workspace/misc/course/Introduction-to-Software-Testing/artifacts/sample_runs/gpt-5.5/cand439_ef3015cc99f7,ef3015cc99f7bd51862c1d95014e8332d24c2341,[LANG-1304] StringUtils method to check for mixed case in string (closes #223),StringUtilsTest,True,0,0,0,maven_pass,,
gpt-5.5,440,/home/lpy/workspace/misc/course/Introduction-to-Software-Testing/artifacts/sample_runs/gpt-5.5/cand440_ef3d5d93a30b,ef3d5d93a30ba3934b8f02b88c048451aad8e87a,Add ArrayUtils.startsWith(),ArrayUtilsTest,True,0,0,0,maven_pass,,
gpt-5.5,441,/home/lpy/workspace/misc/course/Introduction-to-Software-Testing/artifacts/sample_runs/gpt-5.5/cand441_efba54d35fa0,efba54d35fa094de5e580b200a8607bfc7bd5a7a,"[LANG-1393] Add API SystemUtils.String getEnvironmentVariable(final String name, final String defaultValue).",SystemUtilsTest,True,0,0,0,maven_pass,,
gpt-5.5,442,/home/lpy/workspace/misc/course/Introduction-to-Software-Testing/artifacts/sample_runs/gpt-5.5/cand442_f1aed3eacb50,f1aed3eacb500f581f0c10074bdb7faaacfa4a49,Add StopWatch.getStartInstant() and deprecate getStartTime(),StopWatchTest,True,0,0,0,maven_pass,,
gpt-5.5,443,/home/lpy/workspace/misc/course/Introduction-to-Software-Testing/artifacts/sample_runs/gpt-5.5/cand443_f2cacb4732f1,f2cacb4732f1d4aeae03faced4ee922d592f7e9d,Add org.apache.commons.lang3.SystemProperties.getUserName(Supplier<String>),SystemPropertiesTest,True,0,0,0,maven_pass,,
gpt-5.5,444,/home/lpy/workspace/misc/course/Introduction-to-Software-Testing/artifacts/sample_runs/gpt-5.5/cand444_f2d8493ac449,f2d8493ac44995170ff84bb895e3a73e0127cc68,LANG-1346: Remove deprecation from RandomStringUtils,RandomStringUtilsTest,False,,,,merge_incomplete,merge_incomplete,
gpt-5.5,445,/home/lpy/workspace/misc/course/Introduction-to-Software-Testing/artifacts/sample_runs/gpt-5.5/cand445_f431d2eeb71c,f431d2eeb71c1e0cf910cdd4d930153e656379c3,"Add ArrayFill.fill(boolean[], boolean) #1386",ArrayFillTest,False,,,,merge_incomplete,merge_incomplete,
gpt-5.5,446,/home/lpy/workspace/misc/course/Introduction-to-Software-Testing/artifacts/sample_runs/gpt-5.5/cand446_f43534ec04d4,f43534ec04d4c4bae666033e2041ecde21c19a56,Add RegExUtils methods typed to CharSequence input and deprecate old versions typed to String,RegExUtilsTest,True,0,1,1,maven_fail,maven_other_failure,"hort[]> cannot be converted to java.lang.Object&java.io.Serializable&java.util.function.Supplier<java.lang.Short[]>) [ERROR] -> [Help 1] [ERROR] [ERROR] To see the full stack trace of the errors, re-run Maven with the -e switch. [ERROR] Re-run Maven using the -X switch to enable full debug logging. [ERROR] [ERROR] For more information about the errors and possible solutions, please read the following articles: [ERROR] [Help 1] http://cwiki.apache.org/confluence/display/MAVEN/MojoFailureException"
gpt-5.5,447,/home/lpy/workspace/misc/course/Introduction-to-Software-Testing/artifacts/sample_runs/gpt-5.5/cand447_f51299ced4fd,f51299ced4fd40b44a3f6eca9ae528e818558205,LANG-1677 : Add ReflectionDiffBuilder.setExcludeFieldNames(...) and DiffExclude a… (#838),ReflectionDiffBuilderTest,True,0,1,1,maven_fail,rat_license_check,"y files with unapproved license: 1 See RAT report in: /tmp/sample_runs/run-ReflectionDiffBuilderTest-vx86upvs/target/rat.txt -> [Help 1] [ERROR] [ERROR] To see the full stack trace of the errors, re-run Maven with the -e switch. [ERROR] Re-run Maven using the -X switch to enable full debug logging. [ERROR] [ERROR] For more information about the errors and possible solutions, please read the following articles: [ERROR] [Help 1] http://cwiki.apache.org/confluence/display/MAVEN/MojoFailureException"
gpt-5.5,448,/home/lpy/workspace/misc/course/Introduction-to-Software-Testing/artifacts/sample_runs/gpt-5.5/cand448_f56931c176fe,f56931c176fef5e164b681c740746aebdccccec3,LANG-1380: FastDateParser too strict on abbreviated short month symbols,FastDateParserTest,True,0,0,0,maven_pass,,
gpt-5.5,449,/home/lpy/workspace/misc/course/Introduction-to-Software-Testing/artifacts/sample_runs/gpt-5.5/cand449_f643b4fa939e,f643b4fa939e89348618ddffae20a804f4461363,Fix for LANG-1286: RandomStringUtils random method can overflow...,RandomStringUtilsTest,True,0,0,0,maven_pass,,
gpt-5.5,450,/home/lpy/workspace/misc/course/Introduction-to-Software-Testing/artifacts/sample_runs/gpt-5.5/cand450_f9b486a17171,f9b486a17171359e880bfa91a14602fe95a5dbf8,Adding 00A0 to the list of whitespace characters per LANG-910,StringUtilsTest,True,0,1,1,maven_fail,compile_error,"/commons/lang3/StringUtilsTest.java:[2330,25] variable HARD_SPACE not initialized in the default constructor [ERROR] [ERROR] -> [Help 1] [ERROR] [ERROR] To see the full stack trace of the errors, re-run Maven with the -e switch. [ERROR] Re-run Maven using the -X switch to enable full debug logging. [ERROR] [ERROR] For more information about the errors and possible solutions, please read the following articles: [ERROR] [Help 1] http://cwiki.apache.org/confluence/display/MAVEN/MojoFailureException"
gpt-5.5,451,/home/lpy/workspace/misc/course/Introduction-to-Software-Testing/artifacts/sample_runs/gpt-5.5/cand451_fb42e80e9293,fb42e80e929334aa393de029dfc47cd309826a19,Add SystemUtils.getUserHomePath(),SystemUtilsTest,True,0,0,0,maven_pass,,
gpt-5.5,452,/home/lpy/workspace/misc/course/Introduction-to-Software-Testing/artifacts/sample_runs/gpt-5.5/cand452_fb4803623b8f,fb4803623b8f089a8dfd265a68461f4283e7ffad,LANG-1312: LocaleUtils#toLocale does not support language followed by UN M.49 numeric-3 area code followed by variant,LocaleUtilsTest,True,0,0,0,maven_pass,,
gpt-5.5,453,/home/lpy/workspace/misc/course/Introduction-to-Software-Testing/artifacts/sample_runs/gpt-5.5/cand453_fbb0f7f88c84,fbb0f7f88c84001e0a92dae6a71b7e43bda65a56,LANG-995: Fix bug with stripping spaces on last line in WordUtils.wrap(). This fixes #18 from github. Thanks to Andrey Khobnya,WordUtilsTest,True,0,0,0,maven_pass,,
gpt-5.5,454,/home/lpy/workspace/misc/course/Introduction-to-Software-Testing/artifacts/sample_runs/gpt-5.5/cand454_fc73151cfca3,fc73151cfca36ea2641f340700dbe339b9e1f103,LANG-1131: StrBuilder.equals(StrBuilder) doesn't check for null inputs,StrBuilderTest,True,0,0,0,maven_pass,,
gpt-5.5,455,/home/lpy/workspace/misc/course/Introduction-to-Software-Testing/artifacts/sample_runs/gpt-5.5/cand455_fd6fbe280d90,fd6fbe280d90338f640c5acc92bec12e36f6d6c3,"Return ""null"""" instead of NPE in ClassLoaderUtils.toString(URLClassLoader)",ClassLoaderUtilsTest,True,0,0,0,maven_pass,,
gpt-5.5,456,/home/lpy/workspace/misc/course/Introduction-to-Software-Testing/artifacts/sample_runs/gpt-5.5/cand456_fe43aa478db7,fe43aa478db7008b0c8e76b62e75b111678a8200,Add LongRange.fit(long),LongRangeTest,True,0,0,0,maven_pass,,
gpt-5.5,457,/home/lpy/workspace/misc/course/Introduction-to-Software-Testing/artifacts/sample_runs/gpt-5.5/cand457_fee35ddc141a,fee35ddc141a65a4956290864598e825214c4cff,Add SystemUtils.IS_JAVA_20,SystemUtilsTest,True,0,0,0,maven_pass,,
gpt-5.5,458,/home/lpy/workspace/misc/course/Introduction-to-Software-Testing/artifacts/sample_runs/gpt-5.5/cand458_ff415c8f8f21,ff415c8f8f213d40a19f8dc9ac037050ef497bf8,Add Streams.nullSafeStream(Collection). Add Streams.toStream(Collection).,StreamsTest,True,0,0,0,maven_pass,,
gpt-5.5,459,/home/lpy/workspace/misc/course/Introduction-to-Software-Testing/artifacts/sample_runs/gpt-5.5/cand459_ff4497aff8cc,ff4497aff8cc9de4e0b2c6e5e23e5b6550f76f29,LANG-1155: Add StringUtils#unwrap,StringUtilsTest,True,0,0,0,maven_pass,,
gpt-5.5,460,/home/lpy/workspace/misc/course/Introduction-to-Software-Testing/artifacts/sample_runs/gpt-5.5/cand460_ff66cce0ca10,ff66cce0ca10046727e594e0beeed7924dfc7a41,Add SystemUtils.IS_OS_MAC_OSX_SONOMA,SystemUtilsTest,True,0,0,0,maven_pass,,
gpt-5.5,461,/home/lpy/workspace/misc/course/Introduction-to-Software-Testing/artifacts/sample_runs/gpt-5.5/cand461_ffc38b1f3b35,ffc38b1f3b35ddfadb942240b9d2f933ec83d1be,"LANG-1081: DiffBuilder.append(String, Object left, Object right) does not do a left.equals(right) check. This fixes #41 from github. Thanks to Jonathan Baker.",DiffBuilderTest,True,0,0,0,maven_pass,,
gpt-5.5,462,/home/lpy/workspace/misc/course/Introduction-to-Software-Testing/artifacts/sample_runs/gpt-5.5/cand462_364d5912b285,364d5912b2853210d078238e62e4989c7c4b57fa,LANG-341: Please add number to byte[] methods. Suggested by Lilianne E. Blaze. Final patch from Vincent Ricard (with thanks to Henri Yandell).,NumberUtilsTest,True,0,0,0,maven_pass,,
gpt-5.5,463,/home/lpy/workspace/misc/course/Introduction-to-Software-Testing/artifacts/sample_runs/gpt-5.5/cand463_71c905200de7,71c905200de7d1d260a2a40a29d96c7e8a976a6e,Optimize ObjectToStringComparator.compare() method,ObjectToStringComparatorTest,True,0,0,0,maven_pass,,
gpt-5.5,464,/home/lpy/workspace/misc/course/Introduction-to-Software-Testing/artifacts/sample_runs/gpt-5.5/cand464_954280893c34,954280893c34f560b35c3eb1c106852110d8ca27,Reverts changes introduced in r1563259. Discussion to be had over correct place for this functionality (likely org.apache.commons.lang3.Conversion).,NumberUtilsTest,True,0,0,0,maven_pass,,
gpt-5.5,465,/home/lpy/workspace/misc/course/Introduction-to-Software-Testing/artifacts/sample_runs/gpt-5.5/cand465_b2e7374bfb91,b2e7374bfb91b54d49dfb4d327de639ff1f4b127,Add BooleanUtils.booleanValues(). Add BooleanUtils.primitiveValues().,BooleanUtilsTest,True,0,0,0,maven_pass,,
gpt-5.5,466,/home/lpy/workspace/misc/course/Introduction-to-Software-Testing/artifacts/sample_runs/gpt-5.5/cand466_bc16e0109a30,bc16e0109a30b819c50895e157830fe9b3f8e93f,PR: LANG-1447,FunctionsTest,True,0,0,0,maven_pass,,
gpt-5.5,467,/home/lpy/workspace/misc/course/Introduction-to-Software-Testing/artifacts/sample_runs/gpt-5.5/cand467_c288d296018a,c288d296018a48eb88526b05b62419170cc63a6b,LANG-934 - Add removeFinalModifier to FieldUtils,FieldUtilsTest,True,0,0,0,maven_pass,,
gpt-5.5,468,/home/lpy/workspace/misc/course/Introduction-to-Software-Testing/artifacts/sample_runs/gpt-5.5/cand468_da246244aebf,da246244aebf91571b0689e3dee97fce0ad52b23,Add StopWatch.run([Failable]Runnable) and get([Failable]Supplier),StopWatchTest,True,0,0,0,maven_pass,,
gpt-5.5,469,/home/lpy/workspace/misc/course/Introduction-to-Software-Testing/artifacts/sample_runs/gpt-5.5/cand469_f4c2ed4995d1,f4c2ed4995d19c595ec0bf5c49d210df9046fda9,LANG-1518 - fix searchSupers for generic classes (#494),MethodUtilsTest,True,0,0,0,maven_pass,,
gpt-5.5,470,/home/lpy/workspace/misc/course/Introduction-to-Software-Testing/artifacts/sample_runs/gpt-5.5/cand470_1d5ba7a1109b,1d5ba7a1109ba6bf5b7948ece6add47d57f9d6c2,MethodUtils cannot find or invoke a public method on a public class implemented in its package-private superclass,MethodUtilsTest,True,0,0,0,maven_pass,,
gpt-5.5,471,/home/lpy/workspace/misc/course/Introduction-to-Software-Testing/artifacts/sample_runs/gpt-5.5/cand471_46007c151e4c,46007c151e4cd79891eed4d289ff372ba39d5b8c,"LANG-1317: Adds MethodUtils#findAnnotation and extend MethodUtils#getMethodsWithAnnotation for non-public, super-class and interface methods (closes #261)",MethodUtilsTest,True,0,0,0,maven_pass,,
gpt-5.5,472,/home/lpy/workspace/misc/course/Introduction-to-Software-Testing/artifacts/sample_runs/gpt-5.5/cand472_e5e1339e444a,e5e1339e444a2e0c0835b318a20b38c170de15d5,[LANG-1461] Add null-safe StringUtils APIs to wrap String#getBytes([Charset|String]).</action>,StringUtilsTest,True,0,0,0,maven_pass,,
gpt-5.5,473,/home/lpy/workspace/misc/course/Introduction-to-Software-Testing/artifacts/sample_runs/gpt-5.5/cand473_f2bdb0cb74a0,f2bdb0cb74a08b15439abf18df6ac2b52549394a,Add long support to `BitField` (#1561),BitFieldTest,True,0,0,0,maven_pass,,
gpt-5.5,474,/home/lpy/workspace/misc/course/Introduction-to-Software-Testing/artifacts/sample_runs/gpt-5.5/cand474_7cfa8a932869,7cfa8a932869b98c3737f4ed41312d92eb50d636,Change StringUtils arguments from String to CharSequence.,StringUtilsTest,True,0,0,0,maven_pass,,
gpt-5.5,475,/home/lpy/workspace/misc/course/Introduction-to-Software-Testing/artifacts/sample_runs/gpt-5.5/cand475_f382d61a0377,f382d61a03778ccf838c6c051bd8692e4834dec2,Reimplement RandomStringUtils on top of SecureRandom#getInstanceStrong() (#1235),RandomStringUtilsTest,True,0,0,0,maven_pass,,
gpt-5.5,476,/home/lpy/workspace/misc/course/Introduction-to-Software-Testing/artifacts/sample_runs/gpt-5.5/cand476_344df3015897,344df301589744f0a4dc0f4eea91e078b2f97443,"TimeZones.GMT is a mutable public static final field, setRawOffset() and setID() (#1666)",TimeZonesTest,True,0,0,0,maven_pass,,
gpt-5.5,477,/home/lpy/workspace/misc/course/Introduction-to-Software-Testing/artifacts/sample_runs/gpt-5.5/cand477_7129c43b08da,7129c43b08da58e1c907dd2b90bb58e7a09bf85c,[LANG-1238] Add RegexUtils class instead of overloadinh methods in StringUtils that take a regex to take precompiled Pattern.,StringUtilsTest,True,0,0,0,maven_pass,,
gpt-5.5,478,/home/lpy/workspace/misc/course/Introduction-to-Software-Testing/artifacts/sample_runs/gpt-5.5/cand478_74fa00c3c503,74fa00c3c503813da2413b9d5a862bb125ef50e7,LANG-955: Add methods for removing all invalid characters according to XML 1.0 and XML 1.1 in an input string to StringEscapeUtils. Thanks to Adam Hooper,StringEscapeUtilsTest,True,0,0,0,maven_pass,,
gpt-5.5,479,/home/lpy/workspace/misc/course/Introduction-to-Software-Testing/artifacts/sample_runs/gpt-5.5/cand479_b046e22faf9c,b046e22faf9cd0a7190bd29cf648c154bab1f42f,Add Predicates,ThreadUtilsTest,True,0,0,0,maven_pass,,
gpt-5.5,480,/home/lpy/workspace/misc/course/Introduction-to-Software-Testing/artifacts/sample_runs/gpt-5.5/cand480_0f87dceb80b4,0f87dceb80b432b434dbd81ed4f1ab97c740efc1,Add final modifier to method parameters.,EqualsBuilderTest,True,0,1,1,maven_fail,compile_error,"va/org/apache/commons/lang3/builder/EqualsBuilderTest.java:[1346,8] invalid method declaration; return type required [ERROR] -> [Help 1] [ERROR] [ERROR] To see the full stack trace of the errors, re-run Maven with the -e switch. [ERROR] Re-run Maven using the -X switch to enable full debug logging. [ERROR] [ERROR] For more information about the errors and possible solutions, please read the following articles: [ERROR] [Help 1] http://cwiki.apache.org/confluence/display/MAVEN/MojoFailureException"
gpt-5.5,481,/home/lpy/workspace/misc/course/Introduction-to-Software-Testing/artifacts/sample_runs/gpt-5.5/cand481_10fee7abaf6c,10fee7abaf6c5efd335ccab56876b90baffbec13,LANG-940: Fix deprecation warnings; found some more usages,ObjectUtilsTest,True,0,0,0,maven_pass,,
gpt-5.5,482,/home/lpy/workspace/misc/course/Introduction-to-Software-Testing/artifacts/sample_runs/gpt-5.5/cand482_2c0b8483606e,2c0b8483606efbfbaccf600e3bc31fe10533e004,FastTimeZone.getGmtTimeZone() Javadoc promises null on no-match; regex always matches. (#1674),FastTimeZoneTest,True,0,0,0,maven_pass,,
gpt-5.5,483,/home/lpy/workspace/misc/course/Introduction-to-Software-Testing/artifacts/sample_runs/gpt-5.5/cand483_3a0d3b93a81f,3a0d3b93a81fd8c795be4da3bc34f693f7ee9ed3,LANG-1647 (#1069),ExceptionUtilsTest,True,0,0,0,maven_pass,,
gpt-5.5,484,/home/lpy/workspace/misc/course/Introduction-to-Software-Testing/artifacts/sample_runs/gpt-5.5/cand484_4cff6633e930,4cff6633e9301647c8815119f99da8932502dc88,LANG-1717: support RISC-V in ArchUtils (#1128),ArchUtilsTest,True,0,0,0,maven_pass,,
gpt-5.5,485,/home/lpy/workspace/misc/course/Introduction-to-Software-Testing/artifacts/sample_runs/gpt-5.5/cand485_54facb4fd93c,54facb4fd93c2ff59b3096c6e64b9be1b3c9cd88,DOC: StringUtils.containsAny. ADD: containsAllWords to WordUtils,WordUtilsTest,True,0,0,0,maven_pass,,
gpt-5.5,486,/home/lpy/workspace/misc/course/Introduction-to-Software-Testing/artifacts/sample_runs/gpt-5.5/cand486_553a0474ea11,553a0474ea11a9b61a8de618a3512f29f5a17368,LANG-1433: MethodUtils will throw a NPE if invokeMethod() is called for a var-args method (#407),MethodUtilsTest,True,0,0,0,maven_pass,,
gpt-5.5,487,/home/lpy/workspace/misc/course/Introduction-to-Software-Testing/artifacts/sample_runs/gpt-5.5/cand487_5b7817cc3f52,5b7817cc3f5260b9c40d4da118cbed5f579dcdc0,Fix defaultIsEmpty typing.,StringUtilsTest,True,0,1,1,maven_fail,compile_error,"UtilsTest.java:[1847,16] error: method testDefaultIfEmpty_StringString() is already defined in class StringUtilsTest [ERROR] -> [Help 1] [ERROR] [ERROR] To see the full stack trace of the errors, re-run Maven with the -e switch. [ERROR] Re-run Maven using the -X switch to enable full debug logging. [ERROR] [ERROR] For more information about the errors and possible solutions, please read the following articles: [ERROR] [Help 1] http://cwiki.apache.org/confluence/display/MAVEN/MojoFailureException"
gpt-5.5,488,/home/lpy/workspace/misc/course/Introduction-to-Software-Testing/artifacts/sample_runs/gpt-5.5/cand488_717f163a6df9,717f163a6df989499dc5df2f1de2e1b6a23ba1e8,Add Streams.of(Iterator),StreamsTest,True,0,0,0,maven_pass,,
gpt-5.5,489,/home/lpy/workspace/misc/course/Introduction-to-Software-Testing/artifacts/sample_runs/gpt-5.5/cand489_75fa90e96c3e,75fa90e96c3ea16f92e1a178b257534990ac1616,Use final.,CharSequenceUtilsTest,True,0,0,0,maven_pass,,
gpt-5.5,490,/home/lpy/workspace/misc/course/Introduction-to-Software-Testing/artifacts/sample_runs/gpt-5.5/cand490_79380dba9197,79380dba919716065f5e16465671782119449a36,DurationUtils.toMillisInt() throws ArithmeticException on long overflows before clamping (#1657),DurationUtilsTest,True,0,0,0,maven_pass,,
gpt-5.5,491,/home/lpy/workspace/misc/course/Introduction-to-Software-Testing/artifacts/sample_runs/gpt-5.5/cand491_b1b409ae4096,b1b409ae4096664a33787bf52be32d9d2eb0cb31,[LANG-1724] Customise text pattern in DiffResult#toString(),DiffResultTest,True,0,0,0,maven_pass,,
gpt-5.5,492,/home/lpy/workspace/misc/course/Introduction-to-Software-Testing/artifacts/sample_runs/gpt-5.5/cand492_c1ffdbab5871,c1ffdbab58712cca8463b3edc88f9d5a09b0ca9c,fix checkstyle violations,ClassUtilsTest,False,1,,,merge_incomplete,merge_incomplete,"raw.md exists, but generated.java is missing"
gpt-5.5,493,/home/lpy/workspace/misc/course/Introduction-to-Software-Testing/artifacts/sample_runs/gpt-5.5/cand493_c503d742f094,c503d742f094dc2048b72c3f78f5e2e6070a44e1,LANG-1252: better naming and java 6 specifics around handling a leading +,NumberUtilsTest,True,0,0,0,maven_pass,,
gpt-5.5,494,/home/lpy/workspace/misc/course/Introduction-to-Software-Testing/artifacts/sample_runs/gpt-5.5/cand494_c9a5e54a7c0b,c9a5e54a7c0b4c0be46940d136677a2c9f052ed7,Add final modifier to local variables.,MemoizerTest,True,0,0,0,maven_pass,,
gpt-5.5,495,/home/lpy/workspace/misc/course/Introduction-to-Software-Testing/artifacts/sample_runs/gpt-5.5/cand495_f048e90a3cd1,f048e90a3cd1a9c516ae2b177985affdd4b1b990,Remove whitespace so that svn recognizes Id keyword,FastDatePrinterTest,False,1,,,merge_incomplete,merge_incomplete,"raw.md exists, but generated.java is missing"
gpt-5.5,496,/home/lpy/workspace/misc/course/Introduction-to-Software-Testing/artifacts/sample_runs/gpt-5.5/cand496_faa1a1eea544,faa1a1eea544dbdf5c2fa88c622e6e3eedd09837,Internal refactoring,DiffBuilderTest,True,0,0,0,maven_pass,,
gpt-5.5,497,/home/lpy/workspace/misc/course/Introduction-to-Software-Testing/artifacts/sample_runs/gpt-5.5/cand497_00e530042f48,00e530042f481d1000be27584cf05be939a42bb0,[LANG-1745] RandomStringUtils.random() with a negative character index should throw IllegalArgumentException (#1247),RandomStringUtilsTest,True,0,0,0,maven_pass,,
gpt-5.5,498,/home/lpy/workspace/misc/course/Introduction-to-Software-Testing/artifacts/sample_runs/gpt-5.5/cand498_055c20ab9820,055c20ab982090d48cf216e3a37055d2e668c538,[LANG-1529] Deprecate org.apache.commons.lang3.ArrayUtils.removeAllOccurences(*) for org.apache.commons.lang3.ArrayUtils.removeAllOccurrences(*).,ArrayUtilsTest,True,0,0,0,maven_pass,,
gpt-5.5,499,/home/lpy/workspace/misc/course/Introduction-to-Software-Testing/artifacts/sample_runs/gpt-5.5/cand499_09c662429ba4,09c662429ba43ccadb1f16cfae82b23458ec5c1d,Add fluent-style ArrayUtils.sort(Object[]).,ArrayUtilsTest,True,0,0,0,maven_pass,,
gpt-5.5,500,/home/lpy/workspace/misc/course/Introduction-to-Software-Testing/artifacts/sample_runs/gpt-5.5/cand500_0e2ebd347c4a,0e2ebd347c4a4afd6c4cf539678d2a23d3df9570,[LANG-1541] ArrayUtils.contains() and indexOf() fails to handle Double.NaN #647.,ArrayUtilsTest,True,0,0,0,maven_pass,,
gpt-5.5,501,/home/lpy/workspace/misc/course/Introduction-to-Software-Testing/artifacts/sample_runs/gpt-5.5/cand501_0f211efaf122,0f211efaf1228c3371b2a81de095661a94907f5e,org.apache.commons.lang3.concurrent.AtomicSafeInitializer.get() can spin internally if the FailableSupplier given to org.apache.commons.lang3.concurrent.AbstractConcurrentInitializer.AbstractBuilder.setInitializer(FailableSupplier) throws a RuntimeException,AtomicSafeInitializerTest,True,0,0,0,maven_pass,,
gpt-5.5,502,/home/lpy/workspace/misc/course/Introduction-to-Software-Testing/artifacts/sample_runs/gpt-5.5/cand502_16d587d73c51,16d587d73c51c772495d95f9aa3aa14782eff355,Add support for detection of Aarch64.,ArchUtilsTest,True,0,0,0,maven_pass,,
gpt-5.5,503,/home/lpy/workspace/misc/course/Introduction-to-Software-Testing/artifacts/sample_runs/gpt-5.5/cand503_1903d88e0b21,1903d88e0b214fa369fe0c49c71e4c3b480f2f7d,Add Processor.Type.getLabel() and Processor.toString(),ArchUtilsTest,True,0,0,0,maven_pass,,
gpt-5.5,504,/home/lpy/workspace/misc/course/Introduction-to-Software-Testing/artifacts/sample_runs/gpt-5.5/cand504_2188eb0e2e15,2188eb0e2e15431b7c4a65f7168392c888f0ecd1,"Add Validate.isTrue(boolean, Supplier<String>)",ValidateTest,True,0,0,0,maven_pass,,
gpt-5.5,505,/home/lpy/workspace/misc/course/Introduction-to-Software-Testing/artifacts/sample_runs/gpt-5.5/cand505_3935fa2f193a,3935fa2f193a0cc652300677beeb61b535eedf4c,"Add ExceptionUtils.asRuntimeException(T), and deprecate rethrow(T)",ExceptionUtilsTest,True,0,0,0,maven_pass,,
gpt-5.5,506,/home/lpy/workspace/misc/course/Introduction-to-Software-Testing/artifacts/sample_runs/gpt-5.5/cand506_3bda8be03638,3bda8be03638b5248df2252832388775601692ff,"Add fluent-style ArrayUtils.sort(Object[], Comparable).",ArrayUtilsTest,True,0,0,0,maven_pass,,
gpt-5.5,507,/home/lpy/workspace/misc/course/Introduction-to-Software-Testing/artifacts/sample_runs/gpt-5.5/cand507_3d7e9d964d26,3d7e9d964d26053b94370e95afc8453923e3c672,"Add ObjectUtils.toString(Supplier<Object>, Supplier<String>)",ObjectUtilsTest,True,0,0,0,maven_pass,,
gpt-5.5,508,/home/lpy/workspace/misc/course/Introduction-to-Software-Testing/artifacts/sample_runs/gpt-5.5/cand508_4949adec480d,4949adec480ddccdee4f7d09231e85e84fec00a1,Add ReflectionDiffBuilder.Builder,ReflectionDiffBuilderTest,True,0,0,0,maven_pass,,
gpt-5.5,509,/home/lpy/workspace/misc/course/Introduction-to-Software-Testing/artifacts/sample_runs/gpt-5.5/cand509_5c6de5a7a022,5c6de5a7a0226b96e839381cc4ff96eb66fd5295,Add and use null-safe Streams.of(T[]).,StreamsTest,True,0,0,0,maven_pass,,
gpt-5.5,510,/home/lpy/workspace/misc/course/Introduction-to-Software-Testing/artifacts/sample_runs/gpt-5.5/cand510_64d6a28a12d9,64d6a28a12d99a02e41cdd746ec0df221c93bcea,Comment: Remove unnecessary Latin acronym,NumberUtilsTest,True,0,0,0,maven_pass,,
gpt-5.5,511,/home/lpy/workspace/misc/course/Introduction-to-Software-Testing/artifacts/sample_runs/gpt-5.5/cand511_7e3571e7e2c6,7e3571e7e2c6d96f8c491b75b876162687d800c9,Add JavaVersion.JAVA_27,SystemUtilsTest,True,0,0,0,maven_pass,,
gpt-5.5,512,/home/lpy/workspace/misc/course/Introduction-to-Software-Testing/artifacts/sample_runs/gpt-5.5/cand512_7f7c3d63c895,7f7c3d63c895d52fafd602459e269b92a6c93791,Add ObjectUtils.identityHashCodeHex(Object).,ObjectUtilsTest,True,0,0,0,maven_pass,,
gpt-5.5,513,/home/lpy/workspace/misc/course/Introduction-to-Software-Testing/artifacts/sample_runs/gpt-5.5/cand513_86c76dd5ea04,86c76dd5ea04d1881a52d79113d6dbb1d57c38a6,LANG-1107 Fix parsing edge cases in FastDateParser,FastDateParserTest,True,0,0,0,maven_pass,,
gpt-5.5,514,/home/lpy/workspace/misc/course/Introduction-to-Software-Testing/artifacts/sample_runs/gpt-5.5/cand514_8b27dec0340e,8b27dec0340e501fee098278d358d7ddd62ad2ad,"Add SystemProperties.getBoolean(Class, String, BooleanSupplier)",SystemPropertiesTest,True,0,1,1,maven_fail,compile_cannot_find_symbol,"nd symbol [ERROR] symbol: variable SIMPLE_NAME [ERROR] location: class org.apache.commons.lang3.SystemPropertiesTest [ERROR] -> [Help 1] [ERROR] [ERROR] To see the full stack trace of the errors, re-run Maven with the -e switch. [ERROR] Re-run Maven using the -X switch to enable full debug logging. [ERROR] [ERROR] For more information about the errors and possible solutions, please read the following articles: [ERROR] [Help 1] http://cwiki.apache.org/confluence/display/MAVEN/MojoFailureException"
gpt-5.5,515,/home/lpy/workspace/misc/course/Introduction-to-Software-Testing/artifacts/sample_runs/gpt-5.5/cand515_8e1df6b9bf6a,8e1df6b9bf6afc0e3f3a99d4d99bb9d78d148c81,"Add ComparableUtils.max(A, A) and ComparableUtils.min(A, A).",ComparableUtilsTest,True,0,0,0,maven_pass,,
gpt-5.5,516,/home/lpy/workspace/misc/course/Introduction-to-Software-Testing/artifacts/sample_runs/gpt-5.5/cand516_9b383f3fadcc,9b383f3fadccab020874aa5c69704790e03c4f4f,Add org.apache.commons.lang3.SystemProperties.isPropertySet(String),SystemPropertiesTest,True,0,0,0,maven_pass,,
gpt-5.5,517,/home/lpy/workspace/misc/course/Introduction-to-Software-Testing/artifacts/sample_runs/gpt-5.5/cand517_9f89fd4626bb,9f89fd4626bbb4e34a905835e397bcffbad59307,LANG-740: Implementation of a Memomizer (closes #203),MemoizerTest,True,0,0,0,maven_pass,,
gpt-5.5,518,/home/lpy/workspace/misc/course/Introduction-to-Software-Testing/artifacts/sample_runs/gpt-5.5/cand518_a410aab65159,a410aab6515931489dc2594d4e0f0ecac2c66071,[LANG-1427] Add API org.apache.commons.lang3.SystemUtils.isJavaVersionAtMost(JavaVersion),SystemUtilsTest,True,0,0,0,maven_pass,,
gpt-5.5,519,/home/lpy/workspace/misc/course/Introduction-to-Software-Testing/artifacts/sample_runs/gpt-5.5/cand519_a752091be667,a752091be667ed09ddd4d5ca28339067f713e902,Add and use org.apache.commons.lang3.SystemProperties.getJavaSpecificationVersion(Supplier<String>),SystemPropertiesTest,True,0,0,0,maven_pass,,
gpt-5.5,520,/home/lpy/workspace/misc/course/Introduction-to-Software-Testing/artifacts/sample_runs/gpt-5.5/cand520_ab1424015085,ab1424015085472b2d3865668e370aec8a102331,LANG-977: NumericEntityEscaper incorrectly encodes supplementary characters. Thanks to Chris Karcher.,StringEscapeUtilsTest,True,0,0,0,maven_pass,,
gpt-5.5,521,/home/lpy/workspace/misc/course/Introduction-to-Software-Testing/artifacts/sample_runs/gpt-5.5/cand521_c2260f094d78,c2260f094d78c236bb8a2e3e153d422c7d7ad6bf,[LANG-1772] Restrict size of cache to prevent overflow errors (#1379),RandomStringUtilsTest,True,0,0,0,maven_pass,,
gpt-5.5,522,/home/lpy/workspace/misc/course/Introduction-to-Software-Testing/artifacts/sample_runs/gpt-5.5/cand522_c290aebffa83,c290aebffa83b382a24d74117755904017f82b7c,"Add and use MethodUtils.getMethodObject(Class<?>, String, Class<?>...)",MethodUtilsTest,True,0,0,0,maven_pass,,
gpt-5.5,523,/home/lpy/workspace/misc/course/Introduction-to-Software-Testing/artifacts/sample_runs/gpt-5.5/cand523_dc6ff345793c,dc6ff345793c9c2d2d26919722c3eb79ffbab689,"Add ArrayFill.fill(T[], FailableIntFunction))",ArrayFillTest,True,0,0,0,maven_pass,,
gpt-5.5,524,/home/lpy/workspace/misc/course/Introduction-to-Software-Testing/artifacts/sample_runs/gpt-5.5/cand524_ebca9c9ee89c,ebca9c9ee89c5654f2e748ef12e755abdc286d34,Add support for RISC-V in ArchUtils #1128,ArchUtilsTest,True,0,0,0,maven_pass,,
gpt-5.5,525,/home/lpy/workspace/misc/course/Introduction-to-Software-Testing/artifacts/sample_runs/gpt-5.5/cand525_ede98ffdb928,ede98ffdb928586528a8b2876b049cb8bf362926,Return ToStringStyle.nullText instead of NPE for ReflectionToStringBuilder.toString(Object) and friends.,ReflectionToStringBuilderTest,True,0,0,0,maven_pass,,
gpt-5.5,526,/home/lpy/workspace/misc/course/Introduction-to-Software-Testing/artifacts/sample_runs/gpt-5.5/cand526_eff43864b34a,eff43864b34ab2be2eae4e9ac0e780d34fab57b3,[LANG-1680] FastDateFormat does not support the 'L'-Pattern from SimpleDateFormat.,DateUtilsTest,True,0,0,0,maven_pass,,
gpt-5.5,527,/home/lpy/workspace/misc/course/Introduction-to-Software-Testing/artifacts/sample_runs/gpt-5.5/cand527_f24c027ff83b,f24c027ff83b90beab2ec28696721200abb4f9e9,Add JavaVersion.JAVA_26,SystemUtilsTest,True,0,0,0,maven_pass,,
gpt-5.5,528,/home/lpy/workspace/misc/course/Introduction-to-Software-Testing/artifacts/sample_runs/gpt-5.5/cand528_fd54d42f78ae,fd54d42f78ae17a96fc005d2fcd080807343aad7,LANG-1004: DurationFormatUtils#formatDurationHMS implementation does not correspond to Javadoc and vice versa. Thanks to Michael Osipov,DurationFormatUtilsTest,True,0,0,0,maven_pass,,
gpt-5.5,529,/home/lpy/workspace/misc/course/Introduction-to-Software-Testing/artifacts/sample_runs/gpt-5.5/cand529_2ccc58e34472,2ccc58e34472cbc0c4b9163bbd7f6b22dfda0089,[LANG-1615] - ArrayUtils contains && indexOf fails to handle Float.NaN (#651),ArrayUtilsTest,True,0,0,0,maven_pass,,
gpt-5.5,530,/home/lpy/workspace/misc/course/Introduction-to-Software-Testing/artifacts/sample_runs/gpt-5.5/cand530_5f72c77386d0,5f72c77386d0ee148b0d05239c0160e0af93fe33,Default values in new SystemProperties APIs are now Strings instead of Suppliers,SystemPropertiesTest,True,0,0,0,maven_pass,,
gpt-5.5,531,/home/lpy/workspace/misc/course/Introduction-to-Software-Testing/artifacts/sample_runs/gpt-5.5/cand531_8a82d7b79b9d,8a82d7b79b9de7edf2a7a22a7a32026d2b961662,Renamed DiffList to DiffResult as per discussion in LANG-637.,DiffBuilderTest,True,0,1,1,maven_fail,maven_other_failure," find symbol [ERROR] symbol: variable style [ERROR] location: class org.apache.commons.lang3.builder.DiffBuilderTest [ERROR] -> [Help 1] [ERROR] [ERROR] To see the full stack trace of the errors, re-run Maven with the -e switch. [ERROR] Re-run Maven using the -X switch to enable full debug logging. [ERROR] [ERROR] For more information about the errors and possible solutions, please read the following articles: [ERROR] [Help 1] http://cwiki.apache.org/confluence/display/MAVEN/MojoFailureException"
gpt-5.5,532,/home/lpy/workspace/misc/course/Introduction-to-Software-Testing/artifacts/sample_runs/gpt-5.5/cand532_8e2d1bed8623,8e2d1bed8623e0f5b281504d151476689f21690a,CompareToBuilder lacks cycle guard on Object[] recursion. (#1669),CompareToBuilderTest,True,0,0,0,maven_pass,,
gpt-5.5,533,/home/lpy/workspace/misc/course/Introduction-to-Software-Testing/artifacts/sample_runs/gpt-5.5/cand533_8f7eb6ce207f,8f7eb6ce207f354c83157b95bdf9848d59944650,Simplify lambads. Fix Javadoc.,FunctionsTest,True,0,0,0,maven_pass,,
gpt-5.5,534,/home/lpy/workspace/misc/course/Introduction-to-Software-Testing/artifacts/sample_runs/gpt-5.5/cand534_929c5f6e6825,929c5f6e682598ca14cadd07a791c0ce578632ee,Simplify expressions.,StreamsTest,True,0,0,0,maven_pass,,
gpt-5.5,535,/home/lpy/workspace/misc/course/Introduction-to-Software-Testing/artifacts/sample_runs/gpt-5.5/cand535_96c8ea2fb371,96c8ea2fb3719e2f6e3d7a4d7b46718f26515a86,"add @SafeVarargs to some methods with vararg parameters to suppress ""Type safety: Potential heap pollution via varargs parameter array"" warnings",ArrayUtilsTest,True,0,0,0,maven_pass,,
gpt-5.5,536,/home/lpy/workspace/misc/course/Introduction-to-Software-Testing/artifacts/sample_runs/gpt-5.5/cand536_e3e020fe2f20,e3e020fe2f20430b40673ebb951bc8141014e46b,"Unnecessary @SuppressWarnings(""unchecked"")",ImmutableTripleTest,True,0,0,0,maven_pass,,
gpt-5.5,537,/home/lpy/workspace/misc/course/Introduction-to-Software-Testing/artifacts/sample_runs/gpt-5.5/cand537_ef5de64ed438,ef5de64ed438be8074ccb017c74c122d47b7195a,Clean caches between tests,FastDateParserTest,True,0,0,0,maven_pass,,
gpt-5.5,538,/home/lpy/workspace/misc/course/Introduction-to-Software-Testing/artifacts/sample_runs/gpt-5.5/cand538_14d34506c993,14d34506c993dcefa0860e4a98fa30062d851997,MethodUtils cannot find or invoke vararg methods when widening primitive types following the JLS 5.1.2. Widening Primitive Conversion.,MethodUtilsTest,True,0,0,0,maven_pass,,
gpt-5.5,539,/home/lpy/workspace/misc/course/Introduction-to-Software-Testing/artifacts/sample_runs/gpt-5.5/cand539_1f75a8f7cc28,1f75a8f7cc28fef663eaca75e831c9da11ea2b0e,LANG-877: Performance improvements for StringEscapeUtils. This fixes #49 from github. Thanks to Fabian Lange.,CharUtilsTest,True,0,0,0,maven_pass,,
gpt-5.5,540,/home/lpy/workspace/misc/course/Introduction-to-Software-Testing/artifacts/sample_runs/gpt-5.5/cand540_76cc69c3f08c,76cc69c3f08cbf31efd56f631504496307ab7a5c,LANG-1109 - Number percentage formatting with fractional digits,FastDateParserTest,True,0,0,0,maven_pass,,
gpt-5.5,541,/home/lpy/workspace/misc/course/Introduction-to-Software-Testing/artifacts/sample_runs/gpt-5.5/cand541_ad648cf8a8a9,ad648cf8a8a90bdee129266ca7b686a5b9a87561,LANG-1336: Add NUL Byte To CharUtils. Thanks to Beluga Behr.,StringUtilsTest,True,0,0,0,maven_pass,,
gpt-5.5,542,/home/lpy/workspace/misc/course/Introduction-to-Software-Testing/artifacts/sample_runs/gpt-5.5/cand542_0abfa791934a,0abfa791934a846a563ee6d4e89eb5e3f92f63de,"[LANG-1486] Generify builder classes Diffable, DiffBuilder, and DiffResult",DiffBuilderTest,True,0,1,1,maven_fail,maven_other_failure," find symbol [ERROR] symbol: variable style [ERROR] location: class org.apache.commons.lang3.builder.DiffBuilderTest [ERROR] -> [Help 1] [ERROR] [ERROR] To see the full stack trace of the errors, re-run Maven with the -e switch. [ERROR] Re-run Maven using the -X switch to enable full debug logging. [ERROR] [ERROR] For more information about the errors and possible solutions, please read the following articles: [ERROR] [Help 1] http://cwiki.apache.org/confluence/display/MAVEN/MojoFailureException"
gpt-5.5,543,/home/lpy/workspace/misc/course/Introduction-to-Software-Testing/artifacts/sample_runs/gpt-5.5/cand543_61836183b1d8,61836183b1d84a18dbcc084d1f41bcecf752f9fd,Reverting changes from r1661762 (LANG-1086) for now until we have consensus about this change.,AtomicSafeInitializerTest,True,0,1,1,maven_fail,maven_other_failure,".lang.Object,java.lang.Object) [ERROR] location: class org.apache.commons.lang3.concurrent.AtomicSafeInitializerTest [ERROR] -> [Help 1] [ERROR] [ERROR] To see the full stack trace of the errors, re-run Maven with the -e switch. [ERROR] Re-run Maven using the -X switch to enable full debug logging. [ERROR] [ERROR] For more information about the errors and possible solutions, please read the following articles: [ERROR] [Help 1] http://cwiki.apache.org/confluence/display/MAVEN/MojoFailureException"
gpt-5.5,544,/home/lpy/workspace/misc/course/Introduction-to-Software-Testing/artifacts/sample_runs/gpt-5.5/cand544_b62fc004d1a6,b62fc004d1a60757090ba9a177202eed0db57cc0,Add some tests that use reflection,ReflectionDiffBuilderTest,True,0,1,1,maven_fail,compile_cannot_find_symbol,"cannot find symbol [ERROR] symbol: class TestClassBuilder [ERROR] location: package org.apache.commons.lang3 [ERROR] [ERROR] -> [Help 1] [ERROR] [ERROR] To see the full stack trace of the errors, re-run Maven with the -e switch. [ERROR] Re-run Maven using the -X switch to enable full debug logging. [ERROR] [ERROR] For more information about the errors and possible solutions, please read the following articles: [ERROR] [Help 1] http://cwiki.apache.org/confluence/display/MAVEN/MojoFailureException"
gpt-5.5,545,/home/lpy/workspace/misc/course/Introduction-to-Software-Testing/artifacts/sample_runs/gpt-5.5/cand545_bdb5d9723056,bdb5d9723056941a0a29aabc2eaf81b2c96956b5,LANG-1086: Remove busy wait from AtomicSafeInitializer.get(). This also fixes #46 from github. Thanks to github user artnaseef.,AtomicSafeInitializerTest,True,0,1,1,maven_fail,compile_error,"riable initializer is already defined in class org.apache.commons.lang3.concurrent.AtomicSafeInitializerTest [ERROR] [ERROR] -> [Help 1] [ERROR] [ERROR] To see the full stack trace of the errors, re-run Maven with the -e switch. [ERROR] Re-run Maven using the -X switch to enable full debug logging. [ERROR] [ERROR] For more information about the errors and possible solutions, please read the following articles: [ERROR] [Help 1] http://cwiki.apache.org/confluence/display/MAVEN/MojoFailureException"
gpt-5.5,546,/home/lpy/workspace/misc/course/Introduction-to-Software-Testing/artifacts/sample_runs/gpt-5.5/cand546_62d7aacb4f3e,62d7aacb4f3eb318045496f115a7171f0bc2c6c1,LANG-1659 - Method to check if an object it's an array. (#754),ObjectUtilsTest,True,0,0,0,maven_pass,,
gpt-5.5,547,/home/lpy/workspace/misc/course/Introduction-to-Software-Testing/artifacts/sample_runs/gpt-5.5/cand547_b4b51a8fc9ee,b4b51a8fc9eed7274a045b2f3192d77782b0e4fa,"<action issue=""LANG-1001"" type=""fix"" dev=""ggregory"" due-to=""Michael Osipov"">ISO 8601 misspelled throughout the Javadocs</action>",DurationFormatUtilsTest,True,0,0,0,maven_pass,,
gpt-5.5,548,/home/lpy/workspace/misc/course/Introduction-to-Software-Testing/artifacts/sample_runs/gpt-5.5/cand548_177911e47146,177911e47146db0df2e35839d6bd03ad1315916c,"Add ObjectUtils.getIfNull(Object, Object) and deprecate defaultIfNull(Object, Object)",ObjectUtilsTest,True,0,0,0,maven_pass,,
gpt-5.5,549,/home/lpy/workspace/misc/course/Introduction-to-Software-Testing/artifacts/sample_runs/gpt-5.5/cand549_c9e825e823e3,c9e825e823e30c5b1e3ddc9de5e8fd0094d52ee5,Add and use LocaleUtils.toLocale(Locale) to avoid NPEs and use the default locale when an input locale is null.,LocaleUtilsTest,True,0,0,0,maven_pass,,
gpt-5.5,550,/home/lpy/workspace/misc/course/Introduction-to-Software-Testing/artifacts/sample_runs/gpt-5.5/cand550_d048a3750291,d048a375029149f4fabeae6050583a4521d6e2fd,LANG-940: Fix deprecation warnings,ObjectUtilsTest,True,0,0,0,maven_pass,,
gpt-5.5,551,/home/lpy/workspace/misc/course/Introduction-to-Software-Testing/artifacts/sample_runs/gpt-5.5/cand551_2288b0ff2cce,2288b0ff2cce401f510ae9e208fcf1698f4bce79,Use HTTPS to access Apache resources.,DateUtilsTest,True,0,0,0,maven_pass,,
gpt-5.5,552,/home/lpy/workspace/misc/course/Introduction-to-Software-Testing/artifacts/sample_runs/gpt-5.5/cand552_3700641b4e74,3700641b4e745a1804b4409c58dee15b459dad16,Correct Javadocs of methods that use Validate.notNull() and replace some uses of Validate.isTrue() with Validate.notNull(). (#525),MethodUtilsTest,True,0,0,0,maven_pass,,
gpt-5.5,553,/home/lpy/workspace/misc/course/Introduction-to-Software-Testing/artifacts/sample_runs/gpt-5.5/cand553_57ddce119516,57ddce119516f451168f4489f55f399fd9309b53,"Add NumberRange, DoubleRange, IntegerRange, LongRange.",RangeTest,True,0,0,0,maven_pass,,
gpt-5.5,554,/home/lpy/workspace/misc/course/Introduction-to-Software-Testing/artifacts/sample_runs/gpt-5.5/cand554_a511a163b579,a511a163b579fdaafa81fb6ca908034d32291871,Normalize parameter names,StreamsTest,True,0,1,1,maven_fail,compile_error,"st.java:[187,65] method <T>asIntConsumer(T) is already defined in class org.apache.commons.lang3.StreamsTest [ERROR] [ERROR] -> [Help 1] [ERROR] [ERROR] To see the full stack trace of the errors, re-run Maven with the -e switch. [ERROR] Re-run Maven using the -X switch to enable full debug logging. [ERROR] [ERROR] For more information about the errors and possible solutions, please read the following articles: [ERROR] [Help 1] http://cwiki.apache.org/confluence/display/MAVEN/MojoFailureException"
gpt-5.5,555,/home/lpy/workspace/misc/course/Introduction-to-Software-Testing/artifacts/sample_runs/gpt-5.5/cand555_234c6a9b84cb,234c6a9b84cb4bfb03e54c717df3ccd940b9884a,LANG-1733: Add null handling features working with Java 8 specs (#1215),ConsumersTest,True,0,0,0,maven_pass,,
gpt-5.5,556,/home/lpy/workspace/misc/course/Introduction-to-Software-Testing/artifacts/sample_runs/gpt-5.5/cand556_24e64686834e,24e64686834ecd4a0dda80c91b53b15e227fc898,[LANG-1498] Add support of lambda value evaluation for defaulting methods #416.,ObjectUtilsTest,True,0,0,0,maven_pass,,
gpt-5.5,557,/home/lpy/workspace/misc/course/Introduction-to-Software-Testing/artifacts/sample_runs/gpt-5.5/cand557_2ebf9a21d2dc,2ebf9a21d2dc99ab2f434111cac9dcd6da99d574,"LANG-1192 partial: implement format 'u' for FastDateFormat, day number of week",FastDateParserTest,True,0,0,0,maven_pass,,
gpt-5.5,558,/home/lpy/workspace/misc/course/Introduction-to-Software-Testing/artifacts/sample_runs/gpt-5.5/cand558_311dc94070b4,311dc94070b4a6fd6060d24f1b26842a225821ba,Tab police (and trailing spaces),CharSequenceUtilsTest,False,,,,merge_incomplete,merge_incomplete,
gpt-5.5,559,/home/lpy/workspace/misc/course/Introduction-to-Software-Testing/artifacts/sample_runs/gpt-5.5/cand559_4c1cbdbb8002,4c1cbdbb8002074959f3291371b34f4b0ce1f359,Flip args on new API,ConsumersTest,True,0,0,0,maven_pass,,
gpt-5.5,560,/home/lpy/workspace/misc/course/Introduction-to-Software-Testing/artifacts/sample_runs/gpt-5.5/cand560_50ce8c44e160,50ce8c44e1601acffa39f5568f0fc140aade0564,"LANG-1384: Version ""11"" is available.",JavaVersionTest,True,0,0,0,maven_pass,,
gpt-5.5,561,/home/lpy/workspace/misc/course/Introduction-to-Software-Testing/artifacts/sample_runs/gpt-5.5/cand561_8e8e78d84982,8e8e78d849825696237b9f540f3e082a44b1e838,[LANG-1360] Add methods to ClassUtils to get various forms of class names in a null-safe manner,ClassUtilsTest,True,0,1,1,maven_fail,test_failure,"lease refer to /tmp/sample_runs/run-ClassUtilsTest-5mv0v419/target/surefire-reports for the individual test results. [ERROR] -> [Help 1] [ERROR] [ERROR] To see the full stack trace of the errors, re-run Maven with the -e switch. [ERROR] Re-run Maven using the -X switch to enable full debug logging. [ERROR] [ERROR] For more information about the errors and possible solutions, please read the following articles: [ERROR] [Help 1] http://cwiki.apache.org/confluence/display/MAVEN/MojoFailureException"
gpt-5.5,562,/home/lpy/workspace/misc/course/Introduction-to-Software-Testing/artifacts/sample_runs/gpt-5.5/cand562_b9f04d9be3e7,b9f04d9be3e7ff300520da194fe29ed5c1861787,LANG-1197: Prepare Java 9 detection,JavaVersionTest,True,0,0,0,maven_pass,,
gpt-5.5,563,/home/lpy/workspace/misc/course/Introduction-to-Software-Testing/artifacts/sample_runs/gpt-5.5/cand563_c49ed131f71d,c49ed131f71dae68c1856d58918b322aa4ba6017,[LANG-1784] Add Functions|Failable methods for null-safe mapping and chaining #1435,FailableTest,True,0,0,0,maven_pass,,
gpt-5.5,564,/home/lpy/workspace/misc/course/Introduction-to-Software-Testing/artifacts/sample_runs/gpt-5.5/cand564_c95ee37dffd4,c95ee37dffd44b01d2b816e0d943013bc7bd866c,Feature/randomutils secure() and insecure() (#1250),RandomStringUtilsTest,True,0,0,0,maven_pass,,
gpt-5.5,565,/home/lpy/workspace/misc/course/Introduction-to-Software-Testing/artifacts/sample_runs/gpt-5.5/cand565_ebe7bb58a541,ebe7bb58a541bf397333f466d412e617266ee5aa,LANG-1316: Deprecate classes/methods moved to commons-text,RandomStringUtilsTest,False,,,,merge_incomplete,merge_incomplete,
gpt-5.5,566,/home/lpy/workspace/misc/course/Introduction-to-Software-Testing/artifacts/sample_runs/gpt-5.5/cand566_f161ff66698b,f161ff66698bea44784926fc6aa9073d96a00cec,Simplify exception handling,ObjectUtilsTest,True,0,0,0,maven_pass,,
gpt-5.5,567,/home/lpy/workspace/misc/course/Introduction-to-Software-Testing/artifacts/sample_runs/gpt-5.5/cand567_f3e64b3b0e67,f3e64b3b0e67d7faa0f10b698e08207f972a15b1,StrBuilder.setLength(int) shrink-branch leaves residual chars in buffer tail (#1671),ArrayFillTest,True,0,0,0,maven_pass,,
gpt-5.5,568,/home/lpy/workspace/misc/course/Introduction-to-Software-Testing/artifacts/sample_runs/gpt-5.5/cand568_22b6781a0b96,22b6781a0b96418198dc9146e5191e51d381102f,"Added missing support for ISO 8601 parsing and printing using ""ZZ"" pattern (code now matches Javadoc). Addresses LANG-1000.",FastDatePrinterTest,True,0,0,0,maven_pass,,
gpt-5.5,569,/home/lpy/workspace/misc/course/Introduction-to-Software-Testing/artifacts/sample_runs/gpt-5.5/cand569_4369537d8b13,4369537d8b1387b94a1126a36a4fc400a35d35cc,"ArrayUtils.toPrimitive(Boolean...) null array elements map to false, like Boolean.parseBoolean(null) and its callers return false.",ArrayUtilsTest,True,0,0,0,maven_pass,,
gpt-5.5,570,/home/lpy/workspace/misc/course/Introduction-to-Software-Testing/artifacts/sample_runs/gpt-5.5/cand570_6e797a40a7fb,6e797a40a7fb7d0e5abf555c0d179dd3937bdecb,LANG-1443: Add more SystemUtils.IS_JAVA_XX variants (#415),JavaVersionTest,True,0,0,0,maven_pass,,
gpt-5.5,571,/home/lpy/workspace/misc/course/Introduction-to-Software-Testing/artifacts/sample_runs/gpt-5.5/cand571_70fa706916dc,70fa706916dc59209281699477575e4d5292b936,Add JavaVersion.JAVA_25,JavaVersionTest,True,0,0,0,maven_pass,,
gpt-5.5,572,/home/lpy/workspace/misc/course/Introduction-to-Software-Testing/artifacts/sample_runs/gpt-5.5/cand572_85f91f420890,85f91f4208903bb7ca608d51c941214b667d3c06,"Add ArrayUtils.containsAny(int[], int...)",ArrayUtilsTest,True,0,0,0,maven_pass,,
gpt-5.5,573,/home/lpy/workspace/misc/course/Introduction-to-Software-Testing/artifacts/sample_runs/gpt-5.5/cand573_892826578a7c,892826578a7cefb901b8fe2e304aa1ce7470267a,Add SystemUtils.IS_JAVA_22,JavaVersionTest,True,0,0,0,maven_pass,,
gpt-5.5,574,/home/lpy/workspace/misc/course/Introduction-to-Software-Testing/artifacts/sample_runs/gpt-5.5/cand574_a618b844c5a2,a618b844c5a261ced37385ab3947de6e215d46f7,"[LANG-1365] Fix NullPointerException in isJavaVersionAtLeast on Java 10, add SystemUtils.IS_JAVA_10, add JavaVersion.JAVA_10.",JavaVersionTest,True,0,0,0,maven_pass,,
gpt-5.5,575,/home/lpy/workspace/misc/course/Introduction-to-Software-Testing/artifacts/sample_runs/gpt-5.5/cand575_aeca68f2a5e5,aeca68f2a5e5b87ab5bb94e1139ca42e547f0bd4,Make ArraySorter null-safe,ArraySorterTest,True,0,0,0,maven_pass,,
gpt-5.5,576,/home/lpy/workspace/misc/course/Introduction-to-Software-Testing/artifacts/sample_runs/gpt-5.5/cand576_e7437aa445b3,e7437aa445b31dc17eab30ece032d736e33f3761,Add SystemUtils.IS_JAVA_23,JavaVersionTest,True,0,0,0,maven_pass,,
gpt-5.5,577,/home/lpy/workspace/misc/course/Introduction-to-Software-Testing/artifacts/sample_runs/gpt-5.5/cand577_ea344865514a,ea344865514a8b75eb4e9d1a159fc8434e5bb7fa,Add and use ObjectUtils.requireNonEmpty().,BooleanUtilsTest,True,0,0,0,maven_pass,,
gpt-5.5,578,/home/lpy/workspace/misc/course/Introduction-to-Software-Testing/artifacts/sample_runs/gpt-5.5/cand578_f664abb5e255,f664abb5e255e734860ab11778d982491f317f14,Add JavaVersion.JAVA_24,JavaVersionTest,True,0,0,0,maven_pass,,
gpt-5.5,579,/home/lpy/workspace/misc/course/Introduction-to-Software-Testing/artifacts/sample_runs/gpt-5.5/cand579_aa4eef85cfd8,aa4eef85cfd88e55677df238b44c6cc463d0af91,[LANG-1724] Customize text pattern in DiffResult#toString(),DiffBuilderTest,True,0,0,0,maven_pass,,
gpt-5.5,580,/home/lpy/workspace/misc/course/Introduction-to-Software-Testing/artifacts/sample_runs/gpt-5.5/cand580_de67dec07741,de67dec0774115848a9f37feda05b522a716d1fb,LANG-1021: Provide methods to retrieve all fields/methods annotated with a specific type. Thanks to Alexander Müller.,FieldUtilsTest,True,0,1,1,maven_fail,compile_error,"Test.java:[1355,25] variable publicChild is already defined in class org.apache.commons.lang3.reflect.FieldUtilsTest [ERROR] -> [Help 1] [ERROR] [ERROR] To see the full stack trace of the errors, re-run Maven with the -e switch. [ERROR] Re-run Maven using the -X switch to enable full debug logging. [ERROR] [ERROR] For more information about the errors and possible solutions, please read the following articles: [ERROR] [Help 1] http://cwiki.apache.org/confluence/display/MAVEN/MojoFailureException"
gpt-5.5,581,/home/lpy/workspace/misc/course/Introduction-to-Software-Testing/artifacts/sample_runs/gpt-5.5/cand581_95a0e2b09bc4,95a0e2b09bc4a3a363e5ab1c853d002fb74ad7af,Refactor system property access into a new SystemProperties class,StrLookupTest,True,0,0,0,maven_pass,,
gpt-5.5,582,/home/lpy/workspace/misc/course/Introduction-to-Software-Testing/artifacts/sample_runs/gpt-5.5/cand582_b4456352bcbe,b4456352bcbe3672afba526ea143fca7a53f7843,Move new sort methods to a new class and add primitive versions.,ArrayUtilsTest,False,1,,,merge_incomplete,merge_incomplete,"raw.md exists, but generated.java is missing"
gpt-5.5,583,/home/lpy/workspace/misc/course/Introduction-to-Software-Testing/artifacts/sample_runs/gpt-5.5/cand583_8fcefb4f9885,8fcefb4f98856998d857e90f73bb88af043ef3b8,Centralize stream code in our own 'stream' package as a parallel to the JRE's java.util.stream package.,StreamsTest,True,0,0,0,maven_pass,,
gpt-5.5,584,/home/lpy/workspace/misc/course/Introduction-to-Software-Testing/artifacts/sample_runs/gpt-5.5/cand584_25e91c424228,25e91c4242283d118ba978d4f38cd18e10c890dc,Move new internal Calendar APIs to CalendarUtils and refactor.,CalendarUtilsTest,True,0,0,0,maven_pass,,
gpt-5.5,585,/home/lpy/workspace/misc/course/Introduction-to-Software-Testing/artifacts/sample_runs/gpt-5.5/cand585_fa380309554c,fa380309554ce4e0c1efdbec1e3b489444ecbf72,Use Objects#requireNonNull(),StrSubstitutorTest,True,0,0,0,maven_pass,,
gpt-5.5,586,/home/lpy/workspace/misc/course/Introduction-to-Software-Testing/artifacts/sample_runs/gpt-5.5/cand586_127869e88f24,127869e88f248da9bea3ba20beb620c7f2479abb,LANG-1680 Add support for standalone month formats (#892),DateUtilsTest,True,0,0,0,maven_pass,,
gpt-5.5,587,/home/lpy/workspace/misc/course/Introduction-to-Software-Testing/artifacts/sample_runs/gpt-5.5/cand587_36c4cc67a17b,36c4cc67a17b51256096f0a33427071b3cc1194e,Lambdas.,StreamsTest,True,0,0,0,maven_pass,,
gpt-5.5,588,/home/lpy/workspace/misc/course/Introduction-to-Software-Testing/artifacts/sample_runs/gpt-5.5/cand588_6c61b0916ef7,6c61b0916ef77600d09c3e299498ce60058035a0,Add Suppliers.nul(),SuppliersTest,True,0,0,0,maven_pass,,
gpt-5.5,589,/home/lpy/workspace/misc/course/Introduction-to-Software-Testing/artifacts/sample_runs/gpt-5.5/cand589_aae5a3522fd5,aae5a3522fd585513693d6c550044247eae28a51,Use Objects#requireNonNull(),ArrayUtilsTest,True,0,0,0,maven_pass,,
gpt-5.5,590,/home/lpy/workspace/misc/course/Introduction-to-Software-Testing/artifacts/sample_runs/gpt-5.5/cand590_022d08cfd314,022d08cfd31475073c664da109ad50bfe9539d82,Fix DefaultExceptionContext.addValue that overwrites information in a recursive situation (LANG-605). Allow explicit replacement of a label with the new replaceValue methods.,ContextedExceptionTest,True,0,0,0,maven_pass,,
gpt-5.5,591,/home/lpy/workspace/misc/course/Introduction-to-Software-Testing/artifacts/sample_runs/gpt-5.5/cand591_61579335bcb3,61579335bcb3da854fc8be82b5e61dc52b5018d3,LANG-1154 FastDateFormat APIs that use a StringBuilder,FastDateFormatTest,True,0,0,0,maven_pass,,
gpt-5.5,592,/home/lpy/workspace/misc/course/Introduction-to-Software-Testing/artifacts/sample_runs/gpt-5.5/cand592_670a832d4d78,670a832d4d78c0206180ec2106a5e09592f65cc0,[LANG-1503] Add factory methods to Pair classes with Map.Entry input. #454.,ImmutablePairTest,True,0,0,0,maven_pass,,
gpt-5.5,593,/home/lpy/workspace/misc/course/Introduction-to-Software-Testing/artifacts/sample_runs/gpt-5.5/cand593_680f9d5492e2,680f9d5492e2c9c27e5c1178744a9edf36a0272b,Add missing javadoc/tests for some null arguments (#869),ToStringBuilderTest,True,0,0,0,maven_pass,,
gpt-5.5,594,/home/lpy/workspace/misc/course/Introduction-to-Software-Testing/artifacts/sample_runs/gpt-5.5/cand594_cae8364d9e44,cae8364d9e44065272eea22f5a64e78443b8f641,Use final.,StringUtilsTest,True,0,0,0,maven_pass,,
gpt-5.5,595,/home/lpy/workspace/misc/course/Introduction-to-Software-Testing/artifacts/sample_runs/gpt-5.5/cand595_13354cd13269,13354cd13269bdf9d1cbe7356f770f8ed8eb2f09,[LANG-1458] Add EMPTY_ARRAY constants to classes in org.apache.commons.lang3.tuple,PairTest,True,0,0,0,maven_pass,,
gpt-5.5,596,/home/lpy/workspace/misc/course/Introduction-to-Software-Testing/artifacts/sample_runs/gpt-5.5/cand596_27101b4739dd,27101b4739dd443c35b8ffb287a5b004188d1703,Add and use APIs to avoid compiler warnings and use of @SuppressWarnings.,ArrayUtilsTest,True,0,0,0,maven_pass,,
gpt-5.5,597,/home/lpy/workspace/misc/course/Introduction-to-Software-Testing/artifacts/sample_runs/gpt-5.5/cand597_5e62bf80f345,5e62bf80f345ff28d494c2b407a9e8691a9fb684,"LANG-1115: Add support for varargs in ConstructorUtils, MemberUtils, and MethodUtils This closes #89 from github.",ArrayUtilsTest,True,0,0,0,maven_pass,,
gpt-5.5,598,/home/lpy/workspace/misc/course/Introduction-to-Software-Testing/artifacts/sample_runs/gpt-5.5/cand598_764b9bba5284,764b9bba528487fb575b84766998086c24bb1f48,Use final.,ArrayUtilsTest,True,0,0,0,maven_pass,,
gpt-5.5,599,/home/lpy/workspace/misc/course/Introduction-to-Software-Testing/artifacts/sample_runs/gpt-5.5/cand599_90c736c3a052,90c736c3a052abad03f8b95233f1b0a6227722c5,Remove trailing spaces.,ImmutablePairTest,True,0,0,0,maven_pass,,
gpt-5.5,600,/home/lpy/workspace/misc/course/Introduction-to-Software-Testing/artifacts/sample_runs/gpt-5.5/cand600_2238145f563e,2238145f563e911c02d6179afb27e883c0ec6b37,array_style (#537),StrTokenizerTest,True,0,0,0,maven_pass,,
gpt-5.5,601,/home/lpy/workspace/misc/course/Introduction-to-Software-Testing/artifacts/sample_runs/gpt-5.5/cand601_86cf126f1373,86cf126f1373c783766cd2957f536d721b68f297,[LANG-1458] Add EMPTY_ARRAY constants to classes in org.apache.commons.lang3.tuple,ImmutablePairTest,True,0,0,0,maven_pass,,
gpt-5.5,602,/home/lpy/workspace/misc/course/Introduction-to-Software-Testing/artifacts/sample_runs/gpt-5.5/cand602_a98a6a99d941,a98a6a99d9415c116087b07f1d777dbe20b889da,Add and use Duration in APIs.,ObjectUtilsTest,True,0,0,0,maven_pass,,
gpt-5.5,603,/home/lpy/workspace/misc/course/Introduction-to-Software-Testing/artifacts/sample_runs/gpt-5.5/cand603_bc22af91e7e8,bc22af91e7e8fd7a530de48cd164056ef05829e0,"Adding Builder interface, and refactoring the builder classes and BasicThreadFactory to implement this interface. Patch from Michael Wooten in LANG-601",CompareToBuilderTest,True,0,0,0,maven_pass,,
gpt-5.5,604,/home/lpy/workspace/misc/course/Introduction-to-Software-Testing/artifacts/sample_runs/gpt-5.5/cand604_e299a185d42c,e299a185d42cd1b33ab21123f85de117a68c3d49,Make final var when is possible. (#816),TypeUtilsTest,True,0,0,0,maven_pass,,
gpt-5.5,605,/home/lpy/workspace/misc/course/Introduction-to-Software-Testing/artifacts/sample_runs/gpt-5.5/cand605_ef26a6676332,ef26a667633275fa656b74b841f9e74a3a6879ab,LANG-536 - Add isSorted() to ArrayUtils. Patch supplied by James Sawle. Closes #32 in GitHub.,ArrayUtilsTest,True,0,0,0,maven_pass,,
gpt-5.5,606,/home/lpy/workspace/misc/course/Introduction-to-Software-Testing/artifacts/sample_runs/gpt-5.5/cand606_33bd83496412,33bd8349641240def753858ea7809f38650cc662,Convert JavaDoc license headers to block comments,ConversionTest,False,,,,merge_incomplete,merge_incomplete,
gpt-5.5,607,/home/lpy/workspace/misc/course/Introduction-to-Software-Testing/artifacts/sample_runs/gpt-5.5/cand607_d0e2bfc46659,d0e2bfc46659025e6262b2e5de984a8359c9dada,deprecate SystemUtils#LINE_SEPARATOR in favor of java.lang.System#lineSeparator,MultilineRecursiveToStringStyleTest,True,0,1,1,maven_fail,compile_cannot_find_symbol,"l: variable SystemUtils [ERROR] location: class org.apache.commons.lang3.builder.MultilineRecursiveToStringStyleTest [ERROR] -> [Help 1] [ERROR] [ERROR] To see the full stack trace of the errors, re-run Maven with the -e switch. [ERROR] Re-run Maven using the -X switch to enable full debug logging. [ERROR] [ERROR] For more information about the errors and possible solutions, please read the following articles: [ERROR] [Help 1] http://cwiki.apache.org/confluence/display/MAVEN/MojoFailureException"
gpt-5.5,608,/home/lpy/workspace/misc/course/Introduction-to-Software-Testing/artifacts/sample_runs/gpt-5.5/cand608_02132ee97bf0,02132ee97bf0d57c85aa45bb64d6eb8dfbe0cf5e,Add method ConcurrentInitializer#isInitialized() (#1120),AbstractConcurrentInitializerTest,True,0,0,0,maven_pass,,
gpt-5.5,609,/home/lpy/workspace/misc/course/Introduction-to-Software-Testing/artifacts/sample_runs/gpt-5.5/cand609_2da006dbbede,2da006dbbede3f18d0898819edae9a5c71eac947,Fix camel case and comment typos.,StringEscapeUtilsTest,True,0,0,0,maven_pass,,
gpt-5.5,610,/home/lpy/workspace/misc/course/Introduction-to-Software-Testing/artifacts/sample_runs/gpt-5.5/cand610_f013141f60df,f013141f60df0bbbd57388c7bdd01a764ddfc1fd,Explicit type parameters can be removed,MethodUtilsTest,True,0,0,0,maven_pass,,
gpt-5.5,611,/home/lpy/workspace/misc/course/Introduction-to-Software-Testing/artifacts/sample_runs/gpt-5.5/cand611_94faa31bcf5c,94faa31bcf5c4fcb20818a3a0d23ae789932d2df,refactor FastDateParser,FastDateParserTest,True,0,0,0,maven_pass,,
gpt-5.5,612,/home/lpy/workspace/misc/course/Introduction-to-Software-Testing/artifacts/sample_runs/gpt-5.5/cand612_40134ecdb327,40134ecdb327d1b82936f7ee3fa925b7b181c726,LANG-1153 Implement ParsePosition api for FastDateParser,FastDateParserTest,True,0,0,0,maven_pass,,
gpt-5.5,613,/home/lpy/workspace/misc/course/Introduction-to-Software-Testing/artifacts/sample_runs/gpt-5.5/cand613_aeb6f86bcdec,aeb6f86bcdec061ee9c6be96066fa19c56523490,"EqualsExlcude notation, HashCodeExclude notation and ToStringExludeNotation",EqualsBuilderTest,True,0,0,0,maven_pass,,
gpt-5.5,614,/home/lpy/workspace/misc/course/Introduction-to-Software-Testing/artifacts/sample_runs/gpt-5.5/cand614_f96d4df26e3b,f96d4df26e3b16ce6407b854e6c89e882c51e435,LANG-609: Added AtomicInitializer class. Introduced new ConcurrentInitializer interface which is now implemented by all all initializer classes.,ConcurrentUtilsTest,True,0,0,0,maven_pass,,
