model,cand_id,status,sample_dir,b,subject,test_path,test_method_count_llm,test_method_count_human,test_method_name_overlap,test_method_name_jaccard,added_test_count_llm,added_test_count_human,added_test_overlap,added_test_name_jaccard,deleted_test_count_llm,deleted_test_count_human,deleted_test_overlap,deleted_test_name_jaccard,modified_test_count_llm,modified_test_count_human,modified_test_overlap,modified_test_name_jaccard,assert_count_llm,assert_count_human,assert_count_ratio,assert_type_distribution_llm,assert_type_distribution_human,assert_type_jaccard,exception_assert_count_llm,exception_assert_count_human,added_tests_llm,added_tests_human,deleted_tests_llm,deleted_tests_human,modified_tests_llm,modified_tests_human,error
deepseek-v4-pro,1,ok,/home/lpy/workspace/misc/course/Introduction-to-Software-Testing/artifacts/sample_runs/deepseek-v4-pro/cand001_0095d8adf26b,0095d8adf26b9469115b1be0358cb09d1fcb5fd4,LANG-1034: Recursive and reflective EqualsBuilder (closes #202),src/test/java/org/apache/commons/lang3/builder/EqualsBuilderTest.java,52,52,52,1.0000,3,3,3,1.0000,0,0,0,1.0000,0,0,0,1.0000,269,269,1.0000,"{""assertEquals"": 7, ""assertFalse"": 17, ""assertNull"": 3, ""assertTrue"": 242}","{""assertEquals"": 7, ""assertFalse"": 17, ""assertNull"": 3, ""assertTrue"": 242}",1.0000,0,0,"[""testObjectRecursive"", ""testObjectRecursiveCycle"", ""testObjectRecursiveCycleSelfreference""]","[""testObjectRecursive"", ""testObjectRecursiveCycle"", ""testObjectRecursiveCycleSelfreference""]",[],[],[],[],
deepseek-v4-pro,2,ok,/home/lpy/workspace/misc/course/Introduction-to-Software-Testing/artifacts/sample_runs/deepseek-v4-pro/cand002_01d67b1bda06,01d67b1bda06b33752fe3232594988561ff0c324,"Removing isExactlyOneTrue, since there is no consensus about this method. See also LANG-922.",src/test/java/org/apache/commons/lang3/BooleanUtilsTest.java,71,71,71,1.0000,0,0,0,1.0000,9,9,9,1.0000,0,0,0,1.0000,249,249,1.0000,"{""assertEquals"": 107, ""assertFalse"": 32, ""assertNotNull"": 1, ""assertSame"": 9, ""assertTrue"": 100}","{""assertEquals"": 107, ""assertFalse"": 32, ""assertNotNull"": 1, ""assertSame"": 9, ""assertTrue"": 100}",1.0000,25,25,[],[],"[""testIsExactlyOneTrue_object_emptyInput"", ""testIsExactlyOneTrue_object_nullElementInput"", ""testIsExactlyOneTrue_object_nullInput"", ""testIsExactlyOneTrue_object_validInput_2items"", ""testIsExactlyOneTrue_object_validInput_3items"", ""testIsExactlyOneTrue_primitive_emptyInput"", ""testIsExactlyOneTrue_primitive_nullInput"", ""testIsExactlyOneTrue_primitive_validInput_2items"", ""testIsExactlyOneTrue_primitive_validInput_3items""]","[""testIsExactlyOneTrue_object_emptyInput"", ""testIsExactlyOneTrue_object_nullElementInput"", ""testIsExactlyOneTrue_object_nullInput"", ""testIsExactlyOneTrue_object_validInput_2items"", ""testIsExactlyOneTrue_object_validInput_3items"", ""testIsExactlyOneTrue_primitive_emptyInput"", ""testIsExactlyOneTrue_primitive_nullInput"", ""testIsExactlyOneTrue_primitive_validInput_2items"", ""testIsExactlyOneTrue_primitive_validInput_3items""]",[],[],
deepseek-v4-pro,3,ok,/home/lpy/workspace/misc/course/Introduction-to-Software-Testing/artifacts/sample_runs/deepseek-v4-pro/cand003_02a98515a337,02a98515a337991f0ce05271ac90121fa204d9db,"LANG-1119: Add StringUtils.rotate(String, int)",src/test/java/org/apache/commons/lang3/StringUtilsTest.java,126,126,126,1.0000,1,1,1,1.0000,0,0,0,1.0000,0,0,0,1.0000,1172,1172,1.0000,"{""assertAbbreviateWithOffset"": 21, ""assertArrayEquals"": 5, ""assertEquals"": 923, ""assertFalse"": 46, ""assertNotNull"": 2, ""assertNull"": 117, ""assertSame"": 2, ""assertTrue"": 50, ""fail"": 6}","{""assertAbbreviateWithOffset"": 21, ""assertArrayEquals"": 5, ""assertEquals"": 923, ""assertFalse"": 46, ""assertNotNull"": 2, ""assertNull"": 117, ""assertSame"": 2, ""assertTrue"": 50, ""fail"": 6}",1.0000,12,12,"[""testRotate_StringInt""]","[""testRotate_StringInt""]",[],[],[],[],
deepseek-v4-pro,4,ok,/home/lpy/workspace/misc/course/Introduction-to-Software-Testing/artifacts/sample_runs/deepseek-v4-pro/cand004_03fe88ab71cf,03fe88ab71cf2eadaa39654786c3fba713742768,LANG-1149 Added alternative checked exception wrapping/unwrapping methods,src/test/java/org/apache/commons/lang3/exception/ExceptionUtilsTest.java,34,34,34,1.0000,4,4,4,1.0000,0,0,0,1.0000,0,0,0,1.0000,168,168,1.0000,"{""assertEquals"": 98, ""assertFalse"": 2, ""assertNotNull"": 1, ""assertSame"": 46, ""assertTrue"": 12, ""fail"": 9}","{""assertEquals"": 98, ""assertFalse"": 2, ""assertNotNull"": 1, ""assertSame"": 46, ""assertTrue"": 12, ""fail"": 9}",1.0000,1,1,"[""testWrapAndUnwrapCheckedException"", ""testWrapAndUnwrapError"", ""testWrapAndUnwrapRuntimeException"", ""testWrapAndUnwrapThrowable""]","[""testWrapAndUnwrapCheckedException"", ""testWrapAndUnwrapError"", ""testWrapAndUnwrapRuntimeException"", ""testWrapAndUnwrapThrowable""]",[],[],[],[],
deepseek-v4-pro,5,ok,/home/lpy/workspace/misc/course/Introduction-to-Software-Testing/artifacts/sample_runs/deepseek-v4-pro/cand005_05763470e5a0,05763470e5a067eb153533d47baa73174ad9bd46,clarify behavior of #isNumber() with blanks,src/test/java/org/apache/commons/lang3/math/NumberUtilsTest.java,90,90,90,1.0000,0,0,0,1.0000,0,0,0,1.0000,1,1,1,1.0000,509,509,1.0000,"{""assertEquals"": 198, ""assertFalse"": 16, ""assertNotNull"": 2, ""assertTrue"": 284, ""fail"": 9}","{""assertEquals"": 198, ""assertFalse"": 16, ""assertNotNull"": 2, ""assertTrue"": 284, ""fail"": 9}",1.0000,28,28,[],[],[],[],"[""testIsNumber""]","[""testIsNumber""]",
deepseek-v4-pro,6,ok,/home/lpy/workspace/misc/course/Introduction-to-Software-Testing/artifacts/sample_runs/deepseek-v4-pro/cand006_061450a927ba,061450a927ba1cc65f7b984f4ff41866ec2eceac,"incorporated feedback from Fabian, formatting adjusted, count >> 1 replaced with count / 2",src/test/java/org/apache/commons/lang3/ThreadUtilsTest.java,27,27,27,1.0000,0,0,0,1.0000,0,0,0,1.0000,1,1,1,1.0000,40,40,1.0000,"{""assertEquals"": 24, ""assertFalse"": 1, ""assertNotNull"": 3, ""assertNull"": 4, ""assertSame"": 1, ""assertTrue"": 7}","{""assertEquals"": 24, ""assertFalse"": 1, ""assertNotNull"": 3, ""assertNull"": 4, ""assertSame"": 1, ""assertTrue"": 7}",1.0000,13,13,[],[],[],[],"[""testComplexThreadGroups""]","[""testComplexThreadGroups""]",
deepseek-v4-pro,7,ok,/home/lpy/workspace/misc/course/Introduction-to-Software-Testing/artifacts/sample_runs/deepseek-v4-pro/cand007_06506aecf9e4,06506aecf9e46441d08edab311e19e599d273fab,tabs replaced by spaces new tests added,src/test/java/org/apache/commons/lang3/ArrayUtilsTest.java,266,266,266,1.0000,1,1,1,1.0000,0,0,0,1.0000,1,1,1,1.0000,1552,1552,1.0000,"{""assertArrayEquals"": 46, ""assertEquals"": 929, ""assertFalse"": 171, ""assertIsEquals"": 9, ""assertNotNull"": 1, ""assertNotSame"": 20, ""assertNull"": 9, ""assertSame"": 71, ""assertTrue"": 280, ""fail"": 16}","{""assertArrayEquals"": 46, ""assertEquals"": 929, ""assertFalse"": 171, ""assertIsEquals"": 9, ""assertNotNull"": 1, ""assertNotSame"": 20, ""assertNull"": 9, ""assertSame"": 71, ""assertTrue"": 280, ""fail"": 16}",1.0000,15,15,"[""testSwapCharOutOfBounds""]","[""testSwapCharOutOfBounds""]",[],[],"[""testSwapChar""]","[""testSwapChar""]",
deepseek-v4-pro,8,ok,/home/lpy/workspace/misc/course/Introduction-to-Software-Testing/artifacts/sample_runs/deepseek-v4-pro/cand008_06aea7e74cfe,06aea7e74cfe4a1578cb76672f1562132090c205,LANG-1475 Fix unwrap StringIndexOutOfBoundsException,src/test/java/org/apache/commons/lang3/StringUtilsTest.java,147,147,147,1.0000,0,0,0,1.0000,0,0,0,1.0000,2,2,2,1.0000,1543,1543,1.0000,"{""assertAbbreviateWithAbbrevMarkerAndOffset"": 21, ""assertAbbreviateWithOffset"": 21, ""assertArrayEquals"": 12, ""assertEquals"": 1190, ""assertFalse"": 30, ""assertNotNull"": 2, ""assertNull"": 184, ""assertSame"": 3, ""assertThrows"": 47, ""assertTrue"": 33}","{""assertAbbreviateWithAbbrevMarkerAndOffset"": 21, ""assertAbbreviateWithOffset"": 21, ""assertArrayEquals"": 12, ""assertEquals"": 1190, ""assertFalse"": 30, ""assertNotNull"": 2, ""assertNull"": 184, ""assertSame"": 3, ""assertThrows"": 47, ""assertTrue"": 33}",1.0000,47,47,[],[],[],[],"[""testUnwrap_StringChar"", ""testUnwrap_StringString""]","[""testUnwrap_StringChar"", ""testUnwrap_StringString""]",
deepseek-v4-pro,9,ok,/home/lpy/workspace/misc/course/Introduction-to-Software-Testing/artifacts/sample_runs/deepseek-v4-pro/cand009_07914b39281e,07914b39281e4be500d430b2c25e85499748788f,[LANG-1784] Add Failable methods for null-safe mapping and chaining #1435,src/test/java/org/apache/commons/lang3/function/FailableTest.java,174,177,174,0.9831,0,3,0,0.0000,0,0,0,1.0000,2,2,2,1.0000,524,575,0.9113,"{""assertEquals"": 42, ""assertFalse"": 41, ""assertInstanceOf"": 8, ""assertNotNull"": 36, ""assertNull"": 31, ""assertNullPointerException"": 39, ""assertSame"": 90, ""assertThrows"": 192, ""assertTrue"": 45}","{""assertEquals"": 67, ""assertFalse"": 41, ""assertInstanceOf"": 8, ""assertNotNull"": 36, ""assertNull"": 40, ""assertNullPointerException"": 39, ""assertSame"": 90, ""assertThrows"": 209, ""assertTrue"": 45}",1.0000,192,209,[],"[""testApplyNotNull"", ""testApplyNotNull2"", ""testApplyNotNull3""]",[],[],"[""testBiPredicate"", ""testPredicate""]","[""testBiPredicate"", ""testPredicate""]",
deepseek-v4-pro,10,ok,/home/lpy/workspace/misc/course/Introduction-to-Software-Testing/artifacts/sample_runs/deepseek-v4-pro/cand010_089b43a0a6de,089b43a0a6de2d6ae49840aec3805aee2c309001,[LANG-1426] Corrected usage examples in Javadocs (#458),src/test/java/org/apache/commons/lang3/StringUtilsTest.java,149,149,149,1.0000,0,0,0,1.0000,0,0,0,1.0000,1,1,1,1.0000,1558,1558,1.0000,"{""assertAbbreviateWithAbbrevMarkerAndOffset"": 21, ""assertAbbreviateWithOffset"": 21, ""assertArrayEquals"": 12, ""assertEquals"": 1203, ""assertFalse"": 30, ""assertNotEquals"": 2, ""assertNotNull"": 2, ""assertNull"": 184, ""assertSame"": 3, ""assertThrows"": 47, ""assertTrue"": 33}","{""assertAbbreviateWithAbbrevMarkerAndOffset"": 21, ""assertAbbreviateWithOffset"": 21, ""assertArrayEquals"": 12, ""assertEquals"": 1203, ""assertFalse"": 30, ""assertNotEquals"": 2, ""assertNotNull"": 2, ""assertNull"": 184, ""assertSame"": 3, ""assertThrows"": 47, ""assertTrue"": 33}",1.0000,47,47,[],[],[],[],"[""testTruncate_StringIntInt""]","[""testTruncate_StringIntInt""]",
deepseek-v4-pro,11,ok,/home/lpy/workspace/misc/course/Introduction-to-Software-Testing/artifacts/sample_runs/deepseek-v4-pro/cand011_08aa21f9217d,08aa21f9217df0a28d48be5be5db03ddf4867140,"LANG-1408: add toDouble(BigDecimal), toDouble(BigDecimal, double)",src/test/java/org/apache/commons/lang3/math/NumberUtilsTest.java,104,104,104,1.0000,2,2,2,1.0000,0,0,0,1.0000,1,1,1,1.0000,563,563,1.0000,"{""assertEquals"": 221, ""assertFalse"": 18, ""assertNotNull"": 2, ""assertTrue"": 312, ""fail"": 10}","{""assertEquals"": 221, ""assertFalse"": 18, ""assertNotNull"": 2, ""assertTrue"": 312, ""fail"": 10}",1.0000,32,32,"[""testBigIntegerToDoubleBigInteger"", ""testBigIntegerToDoubleBigIntegerD""]","[""testBigIntegerToDoubleBigInteger"", ""testBigIntegerToDoubleBigIntegerD""]",[],[],"[""testStringToDoubleString""]","[""testStringToDoubleString""]",
deepseek-v4-pro,12,ok,/home/lpy/workspace/misc/course/Introduction-to-Software-Testing/artifacts/sample_runs/deepseek-v4-pro/cand012_0abcf0d32b22,0abcf0d32b22401e2c8e358317694d2ff044faed,Modify the error comment,src/test/java/org/apache/commons/lang3/RandomUtilsTest.java,29,29,29,1.0000,0,0,0,1.0000,0,0,0,1.0000,0,0,0,1.0000,37,37,1.0000,"{""assertArrayEquals"": 1, ""assertEquals"": 6, ""assertFalse"": 1, ""assertNotNull"": 1, ""assertThrows"": 9, ""assertTrue"": 19}","{""assertArrayEquals"": 1, ""assertEquals"": 6, ""assertFalse"": 1, ""assertNotNull"": 1, ""assertThrows"": 9, ""assertTrue"": 19}",1.0000,9,9,[],[],[],[],[],[],
deepseek-v4-pro,13,ok,/home/lpy/workspace/misc/course/Introduction-to-Software-Testing/artifacts/sample_runs/deepseek-v4-pro/cand013_0b4a9d95df61,0b4a9d95df610bfcc83c375110ac100d08662ba1,LocaleUtils.parseLocale(String) operator precedence bug allows invalid language with numeric country (#1658),src/test/java/org/apache/commons/lang3/LocaleUtilsTest.java,26,26,26,1.0000,2,2,2,1.0000,0,0,0,1.0000,0,0,0,1.0000,162,162,1.0000,"{""assertCountriesByLanguage"": 5, ""assertEquals"": 45, ""assertFalse"": 1, ""assertIllegalArgumentException"": 21, ""assertLanguageByCountry"": 5, ""assertLocaleLookupList"": 17, ""assertNotEquals"": 4, ""assertNotNull"": 9, ""assertNull"": 2, ""assertSame"": 4, ""assertThrows"": 1, ""assertTrue"": 11, ""assertUnmodifiableCollection"": 6, ""assertValidToLocale"": 31}","{""assertCountriesByLanguage"": 5, ""assertEquals"": 45, ""assertFalse"": 1, ""assertIllegalArgumentException"": 21, ""assertLanguageByCountry"": 5, ""assertLocaleLookupList"": 17, ""assertNotEquals"": 4, ""assertNotNull"": 9, ""assertNull"": 2, ""assertSame"": 4, ""assertThrows"": 1, ""assertTrue"": 11, ""assertUnmodifiableCollection"": 6, ""assertValidToLocale"": 31}",1.0000,1,1,"[""testIllegalLanguageWithNumericCountry"", ""testIllegalSingleCharLanguageWithNumericCountry""]","[""testIllegalLanguageWithNumericCountry"", ""testIllegalSingleCharLanguageWithNumericCountry""]",[],[],[],[],
deepseek-v4-pro,14,ok,/home/lpy/workspace/misc/course/Introduction-to-Software-Testing/artifacts/sample_runs/deepseek-v4-pro/cand014_0b70b01a9f1d,0b70b01a9f1d9664bb5eac737175f58f06979b60,LANG-1352: EnumUtils.getEnumIgnoreCase and isValidEnumIgnoreCase methods added (closes #286),src/test/java/org/apache/commons/lang3/EnumUtilsTest.java,32,40,32,0.8000,0,8,0,0.0000,2,2,2,1.0000,0,0,0,1.0000,149,166,0.8976,"{""assertArrayEquals"": 31, ""assertEquals"": 112, ""assertFalse"": 1, ""assertNull"": 2, ""assertTrue"": 3}","{""assertArrayEquals"": 31, ""assertEquals"": 115, ""assertFalse"": 5, ""assertNull"": 6, ""assertTrue"": 9}",1.0000,22,25,[],"[""test_getEnumIgnoreCase"", ""test_getEnumIgnoreCase_nonEnumClass"", ""test_getEnumIgnoreCase_nullClass"", ""test_getEnum_nonEnumClass"", ""test_isValidEnum"", ""test_isValidEnumIgnoreCase"", ""test_isValidEnumIgnoreCase_nullClass"", ""test_isValidEnum_nullClass""]","[""test_isEnum"", ""test_isEnum_nullClass""]","[""test_isEnum"", ""test_isEnum_nullClass""]",[],[],
deepseek-v4-pro,15,ok,/home/lpy/workspace/misc/course/Introduction-to-Software-Testing/artifacts/sample_runs/deepseek-v4-pro/cand015_0de9354f505f,0de9354f505f415c7ad35fe735cebab4900a698a,"LANG-922 - Add isOneTrue(booleans...) to BooleanUtils to preserve old behavior of BooleanUtils.xor(booleans...). Added isOneTrue for primitives and wrappers, isOneFalse still missing.",src/test/java/org/apache/commons/lang3/BooleanUtilsTest.java,80,80,80,1.0000,9,9,9,1.0000,0,0,0,1.0000,0,0,0,1.0000,273,273,1.0000,"{""assertEquals"": 107, ""assertFalse"": 46, ""assertNotNull"": 1, ""assertSame"": 9, ""assertTrue"": 110}","{""assertEquals"": 107, ""assertFalse"": 46, ""assertNotNull"": 1, ""assertSame"": 9, ""assertTrue"": 110}",1.0000,30,30,"[""testIsOneTrue_object_emptyInput"", ""testIsOneTrue_object_nullElementInput"", ""testIsOneTrue_object_nullInput"", ""testIsOneTrue_object_validInput_2items"", ""testIsOneTrue_object_validInput_3items"", ""testIsOneTrue_primitive_emptyInput"", ""testIsOneTrue_primitive_nullInput"", ""testIsOneTrue_primitive_validInput_2items"", ""testIsOneTrue_primitive_validInput_3items""]","[""testIsOneTrue_object_emptyInput"", ""testIsOneTrue_object_nullElementInput"", ""testIsOneTrue_object_nullInput"", ""testIsOneTrue_object_validInput_2items"", ""testIsOneTrue_object_validInput_3items"", ""testIsOneTrue_primitive_emptyInput"", ""testIsOneTrue_primitive_nullInput"", ""testIsOneTrue_primitive_validInput_2items"", ""testIsOneTrue_primitive_validInput_3items""]",[],[],[],[],
deepseek-v4-pro,16,ok,/home/lpy/workspace/misc/course/Introduction-to-Software-Testing/artifacts/sample_runs/deepseek-v4-pro/cand016_0fe9685c8a78,0fe9685c8a78ba2d780a3ec1e1a323990dc6d218,LANG-1023 WordUtils.wrap: Customizable breakable characters (not just space/whitespace),src/test/java/org/apache/commons/lang3/text/WordUtilsTest.java,14,14,14,1.0000,1,1,1,1.0000,0,0,0,1.0000,0,0,0,1.0000,212,212,1.0000,"{""assertEquals"": 194, ""assertFalse"": 14, ""assertNotNull"": 1, ""assertTrue"": 3}","{""assertEquals"": 194, ""assertFalse"": 14, ""assertNotNull"": 1, ""assertTrue"": 3}",1.0000,0,0,"[""testWrap_StringIntStringBooleanString""]","[""testWrap_StringIntStringBooleanString""]",[],[],[],[],
deepseek-v4-pro,17,ok,/home/lpy/workspace/misc/course/Introduction-to-Software-Testing/artifacts/sample_runs/deepseek-v4-pro/cand017_10325422e5a4,10325422e5a4735aa87a4d47bdb377e09fe963d2,LANG-1276: StrBuilder#replaceAll ArrayIndexOutOfBoundsException (closes #200),src/test/java/org/apache/commons/lang3/text/StrBuilderTest.java,91,91,91,1.0000,0,0,0,1.0000,0,0,0,1.0000,1,1,1,1.0000,665,665,1.0000,"{""assertEquals"": 512, ""assertFalse"": 27, ""assertNotNull"": 2, ""assertNotSame"": 2, ""assertSame"": 12, ""assertTrue"": 72, ""fail"": 38}","{""assertEquals"": 512, ""assertFalse"": 27, ""assertNotNull"": 2, ""assertNotSame"": 2, ""assertSame"": 12, ""assertTrue"": 72, ""fail"": 38}",1.0000,0,0,[],[],[],[],"[""testReplaceAll_StrMatcher_String""]","[""testReplaceAll_StrMatcher_String""]",
deepseek-v4-pro,18,ok,/home/lpy/workspace/misc/course/Introduction-to-Software-Testing/artifacts/sample_runs/deepseek-v4-pro/cand018_10641f9ae7d1,10641f9ae7d1d2f30aec5bc146a8d5b49c22d0a0,Using Validate where possible in builder package.,src/test/java/org/apache/commons/lang3/builder/HashCodeBuilderTest.java,44,44,44,1.0000,2,2,2,1.0000,1,1,1,1.0000,0,0,0,1.0000,108,108,1.0000,"{""assertEquals"": 106, ""assertNull"": 2}","{""assertEquals"": 106, ""assertNull"": 2}",1.0000,9,9,"[""testConstructorExEvenFirst"", ""testConstructorExEvenSecond""]","[""testConstructorExEvenFirst"", ""testConstructorExEvenSecond""]","[""testConstructorExEven""]","[""testConstructorExEven""]",[],[],
deepseek-v4-pro,19,ok,/home/lpy/workspace/misc/course/Introduction-to-Software-Testing/artifacts/sample_runs/deepseek-v4-pro/cand019_10e18ae9b47d,10e18ae9b47dfe04573884739823d64825105694,LANG-1100: Avoid memory allocation when using date formating to StringBuffer,src/test/java/org/apache/commons/lang3/time/FastDatePrinterTest.java,17,17,17,1.0000,1,1,1,1.0000,0,0,0,1.0000,0,0,0,1.0000,53,53,1.0000,"{""assertEquals"": 51, ""assertFalse"": 1, ""assertTrue"": 1}","{""assertEquals"": 51, ""assertFalse"": 1, ""assertTrue"": 1}",1.0000,1,1,"[""testLang1103""]","[""testLang1103""]",[],[],[],[],
deepseek-v4-pro,20,ok,/home/lpy/workspace/misc/course/Introduction-to-Software-Testing/artifacts/sample_runs/deepseek-v4-pro/cand020_110ab39cb236,110ab39cb236fd7e6f517c8dc3b389fa215c0020,Use final.,src/test/java/org/apache/commons/lang3/function/ObjectsTest.java,4,4,4,1.0000,0,0,0,1.0000,0,0,0,1.0000,4,4,4,1.0000,23,23,1.0000,"{""assertEquals"": 5, ""assertFalse"": 2, ""assertSame"": 6, ""assertTrue"": 4, ""fail"": 6}","{""assertEquals"": 5, ""assertFalse"": 2, ""assertSame"": 6, ""assertTrue"": 4, ""fail"": 6}",1.0000,0,0,[],[],[],[],"[""testRequireNonNullObject"", ""testRequireNonNullObjectFailableSupplierString"", ""testRequireNonNullObjectString"", ""testRequireNonNullObjectSupplierString""]","[""testRequireNonNullObject"", ""testRequireNonNullObjectFailableSupplierString"", ""testRequireNonNullObjectString"", ""testRequireNonNullObjectSupplierString""]",
deepseek-v4-pro,21,ok,/home/lpy/workspace/misc/course/Introduction-to-Software-Testing/artifacts/sample_runs/deepseek-v4-pro/cand021_127050d2b54b,127050d2b54bd6224bc53573228e8774dc7be28b,"NumberUtils.isCreatable(String) should match NumberUtils.createNumber(String), exactly (#1626)",src/test/java/org/apache/commons/lang3/math/NumberUtilsTest.java,125,125,125,1.0000,0,0,0,1.0000,0,0,0,1.0000,1,1,1,1.0000,735,735,1.0000,"{""assertCreateNumberZero"": 7, ""assertEquals"": 551, ""assertFalse"": 25, ""assertIllegalArgumentException"": 12, ""assertInstanceOf"": 41, ""assertNotNull"": 5, ""assertNull"": 7, ""assertNullPointerException"": 12, ""assertThrows"": 18, ""assertTrue"": 57}","{""assertCreateNumberZero"": 7, ""assertEquals"": 551, ""assertFalse"": 25, ""assertIllegalArgumentException"": 12, ""assertInstanceOf"": 41, ""assertNotNull"": 5, ""assertNull"": 7, ""assertNullPointerException"": 12, ""assertThrows"": 18, ""assertTrue"": 57}",1.0000,18,18,[],[],[],[],"[""testIsCreatable""]","[""testIsCreatable""]",
deepseek-v4-pro,22,ok,/home/lpy/workspace/misc/course/Introduction-to-Software-Testing/artifacts/sample_runs/deepseek-v4-pro/cand022_1418a770ba43,1418a770ba436d15693c3bb29a67e501c2008274,[LANG-1452] RecursiveToStringStyle and MultilineRecursiveToStringStyle shouldn't recurse into a java.math.BigDecimal (#1584),src/test/java/org/apache/commons/lang3/builder/RecursiveToStringStyleTest.java,13,13,13,1.0000,4,4,4,1.0000,0,0,0,1.0000,0,0,0,1.0000,55,55,1.0000,"{""assertEquals"": 55}","{""assertEquals"": 55}",1.0000,0,0,"[""testAtomicsArray"", ""testBigDecimal"", ""testBigInteger"", ""testMutableWrapperArray""]","[""testAtomicsArray"", ""testBigDecimal"", ""testBigInteger"", ""testMutableWrapperArray""]",[],[],[],[],
deepseek-v4-pro,23,ok,/home/lpy/workspace/misc/course/Introduction-to-Software-Testing/artifacts/sample_runs/deepseek-v4-pro/cand023_1521bf3e9f3e,1521bf3e9f3e2f944fc2331b0ac19c9f5f0fde6d,"Instead of throwing a NullPointerException, ArrayUtils.toStringArray(Object[]) should return ""null"" for null elements like ArrayUtils.toStringArray(Object[], String) returns its valueForNullElements.",src/test/java/org/apache/commons/lang3/ArrayUtilsTest.java,344,344,344,1.0000,0,0,0,1.0000,0,0,0,1.0000,1,1,1,1.0000,3327,3327,1.0000,"{""assertArrayEquals"": 114, ""assertEquals"": 1199, ""assertFalse"": 1020, ""assertInstanceOf"": 1, ""assertIsEquals"": 9, ""assertNotEquals"": 1, ""assertNotNull"": 2, ""assertNotSame"": 30, ""assertNull"": 98, ""assertSame"": 71, ""assertThrows"": 23, ""assertTrue"": 759}","{""assertArrayEquals"": 114, ""assertEquals"": 1199, ""assertFalse"": 1020, ""assertInstanceOf"": 1, ""assertIsEquals"": 9, ""assertNotEquals"": 1, ""assertNotNull"": 2, ""assertNotSame"": 30, ""assertNull"": 98, ""assertSame"": 71, ""assertThrows"": 23, ""assertTrue"": 759}",1.0000,23,23,[],[],[],[],"[""testToStringArray_array""]","[""testToStringArray_array""]",
deepseek-v4-pro,24,ok,/home/lpy/workspace/misc/course/Introduction-to-Software-Testing/artifacts/sample_runs/deepseek-v4-pro/cand024_152b1777fddc,152b1777fddc5127e77f9b14637d6abae18eaf05,Rename new method,src/test/java/org/apache/commons/lang3/stream/StreamsTest.java,16,16,16,1.0000,2,2,2,1.0000,2,2,2,1.0000,0,0,0,1.0000,53,53,1.0000,"{""assertAll"": 2, ""assertEquals"": 30, ""assertEvenNumbers"": 3, ""assertNotNull"": 1, ""assertThat"": 8, ""assertThrows"": 7, ""assertTrue"": 2}","{""assertAll"": 2, ""assertEquals"": 30, ""assertEvenNumbers"": 3, ""assertNotNull"": 1, ""assertThat"": 8, ""assertThrows"": 7, ""assertTrue"": 2}",1.0000,7,7,"[""testOfCollectionNotNull"", ""testOfCollectionNull""]","[""testOfCollectionNotNull"", ""testOfCollectionNull""]","[""testToStreamNotNull"", ""testToStreamNull""]","[""testToStreamNotNull"", ""testToStreamNull""]",[],[],
deepseek-v4-pro,25,ok,/home/lpy/workspace/misc/course/Introduction-to-Software-Testing/artifacts/sample_runs/deepseek-v4-pro/cand025_155abe805b80,155abe805b80bbb8276b75a8c4faffd2578bb68a,Use Java 8 API to manage thread local,src/test/java/org/apache/commons/lang3/builder/HashCodeBuilderTest.java,46,46,46,1.0000,0,0,0,1.0000,0,0,0,1.0000,1,1,1,1.0000,124,124,1.0000,"{""assertEquals"": 111, ""assertNotEquals"": 2, ""assertThrows"": 9, ""assertTrue"": 2}","{""assertEquals"": 111, ""assertNotEquals"": 2, ""assertThrows"": 9, ""assertTrue"": 2}",1.0000,9,9,[],[],[],[],"[""testReflectionObjectCycle""]","[""testReflectionObjectCycle""]",
deepseek-v4-pro,26,ok,/home/lpy/workspace/misc/course/Introduction-to-Software-Testing/artifacts/sample_runs/deepseek-v4-pro/cand026_155cec1085f9,155cec1085f9bd5383241e4c93fb40117081aaba,LANG-701 - Added new joinWith method to support varargs,src/test/java/org/apache/commons/lang3/StringUtilsTest.java,128,128,128,1.0000,2,2,2,1.0000,0,0,0,1.0000,0,0,0,1.0000,1178,1178,1.0000,"{""assertAbbreviateWithOffset"": 21, ""assertArrayEquals"": 5, ""assertEquals"": 929, ""assertFalse"": 46, ""assertNotNull"": 2, ""assertNull"": 117, ""assertSame"": 2, ""assertTrue"": 50, ""fail"": 6}","{""assertAbbreviateWithOffset"": 21, ""assertArrayEquals"": 5, ""assertEquals"": 929, ""assertFalse"": 46, ""assertNotNull"": 2, ""assertNull"": 117, ""assertSame"": 2, ""assertTrue"": 50, ""fail"": 6}",1.0000,13,13,"[""testJoinWith"", ""testJoinWithThrowsException""]","[""testJoinWith"", ""testJoinWithThrowsException""]",[],[],[],[],
deepseek-v4-pro,27,ok,/home/lpy/workspace/misc/course/Introduction-to-Software-Testing/artifacts/sample_runs/deepseek-v4-pro/cand027_17a6d163c62d,17a6d163c62d7bbfc9e19c11e0d52ae06b5160b1,Adding a createStarted() method per request in LANG-1138,src/test/java/org/apache/commons/lang3/time/StopWatchTest.java,9,9,9,1.0000,1,1,1,1.0000,0,0,0,1.0000,0,0,0,1.0000,45,45,1.0000,"{""assertEquals"": 5, ""assertFalse"": 7, ""assertTrue"": 19, ""fail"": 14}","{""assertEquals"": 5, ""assertFalse"": 7, ""assertTrue"": 19, ""fail"": 14}",1.0000,0,0,"[""testStopWatchStatic""]","[""testStopWatchStatic""]",[],[],[],[],
deepseek-v4-pro,28,ok,/home/lpy/workspace/misc/course/Introduction-to-Software-Testing/artifacts/sample_runs/deepseek-v4-pro/cand028_184c9e83211a,184c9e83211a0552698a934d45d3ebca2c789881,WordUtils.wrap() zero-width wrapOn regex match causes infinite loop. (#1649),src/test/java/org/apache/commons/lang3/text/WordUtilsTest.java,17,17,17,1.0000,1,1,1,1.0000,0,0,0,1.0000,0,0,0,1.0000,214,214,1.0000,"{""assertEquals"": 172, ""assertFalse"": 14, ""assertNotNull"": 2, ""assertNull"": 22, ""assertTimeout"": 1, ""assertTrue"": 3}","{""assertEquals"": 172, ""assertFalse"": 14, ""assertNotNull"": 2, ""assertNull"": 22, ""assertTimeout"": 1, ""assertTrue"": 3}",1.0000,0,0,"[""testZeroWidthWrapOnRegex""]","[""testZeroWidthWrapOnRegex""]",[],[],[],[],
deepseek-v4-pro,29,ok,/home/lpy/workspace/misc/course/Introduction-to-Software-Testing/artifacts/sample_runs/deepseek-v4-pro/cand029_1974c83561d0,1974c83561d09cf73a575f992fbd8416e3354d20,incorporated feedback from Peter,src/test/java/org/apache/commons/lang3/ThreadUtilsTest.java,27,27,27,1.0000,0,0,0,1.0000,0,0,0,1.0000,1,1,1,1.0000,40,40,1.0000,"{""assertEquals"": 24, ""assertFalse"": 1, ""assertNotNull"": 3, ""assertNull"": 4, ""assertSame"": 1, ""assertTrue"": 7}","{""assertEquals"": 24, ""assertFalse"": 1, ""assertNotNull"": 3, ""assertNull"": 4, ""assertSame"": 1, ""assertTrue"": 7}",1.0000,13,13,[],[],[],[],"[""testComplexThreadGroups""]","[""testComplexThreadGroups""]",
deepseek-v4-pro,30,ok,/home/lpy/workspace/misc/course/Introduction-to-Software-Testing/artifacts/sample_runs/deepseek-v4-pro/cand030_1a002c67f2d3,1a002c67f2d3c198411a62165e53b31d6b414aa3,LANG-1225: Add RandomStringUtils#randomGraph and #randomPrint which match corresponding regular expression class,src/test/java/org/apache/commons/lang3/RandomStringUtilsTest.java,11,11,11,1.0000,0,0,0,1.0000,0,0,0,1.0000,1,1,1,1.0000,62,62,1.0000,"{""assertEquals"": 21, ""assertFalse"": 1, ""assertNotNull"": 1, ""assertTrue"": 24, ""fail"": 15}","{""assertEquals"": 21, ""assertFalse"": 1, ""assertNotNull"": 1, ""assertTrue"": 24, ""fail"": 15}",1.0000,0,0,[],[],[],[],"[""testRandomStringUtils""]","[""testRandomStringUtils""]",
deepseek-v4-pro,31,ok,/home/lpy/workspace/misc/course/Introduction-to-Software-Testing/artifacts/sample_runs/deepseek-v4-pro/cand031_1a20867d01ef,1a20867d01ef8ee5b32b0620125b7c38a10b80c5,LANG-1310: MethodUtils.invokeMethod throws ArrayStoreException if using varargs arguments and smaller types than the method defines (closes #256),src/test/java/org/apache/commons/lang3/reflect/MethodUtilsTest.java,29,29,29,1.0000,0,0,0,1.0000,0,0,0,1.0000,3,3,3,1.0000,132,132,1.0000,"{""assertArrayEquals"": 3, ""assertEquals"": 101, ""assertFalse"": 2, ""assertNotNull"": 3, ""assertNotSame"": 1, ""assertNull"": 2, ""assertSame"": 4, ""assertThat"": 3, ""assertTrue"": 5, ""fail"": 8}","{""assertArrayEquals"": 3, ""assertEquals"": 101, ""assertFalse"": 2, ""assertNotNull"": 3, ""assertNotSame"": 1, ""assertNull"": 2, ""assertSame"": 4, ""assertThat"": 3, ""assertTrue"": 5, ""fail"": 8}",1.0000,6,6,[],[],[],[],"[""testGetMatchingAccessibleMethod"", ""testInvokeMethod"", ""testInvokeStaticMethod""]","[""testGetMatchingAccessibleMethod"", ""testInvokeMethod"", ""testInvokeStaticMethod""]",
deepseek-v4-pro,32,ok,/home/lpy/workspace/misc/course/Introduction-to-Software-Testing/artifacts/sample_runs/deepseek-v4-pro/cand032_1a3a12dc7388,1a3a12dc7388a177c4ae64f5e3c96a7d462c003d,[LANG-1784] Add Functions methods for null-safe mapping and chaining #1435,src/test/java/org/apache/commons/lang3/function/FunctionsTest.java,5,5,5,1.0000,3,3,3,1.0000,0,0,0,1.0000,0,0,0,1.0000,23,23,1.0000,"{""assertEquals"": 4, ""assertFalse"": 1, ""assertNull"": 11, ""assertThrows"": 6, ""assertTrue"": 1}","{""assertEquals"": 4, ""assertFalse"": 1, ""assertNull"": 11, ""assertThrows"": 6, ""assertTrue"": 1}",1.0000,6,6,"[""testApplyNotNull"", ""testApplyNotNull2"", ""testApplyNotNull3""]","[""testApplyNotNull"", ""testApplyNotNull2"", ""testApplyNotNull3""]",[],[],[],[],
deepseek-v4-pro,33,ok,/home/lpy/workspace/misc/course/Introduction-to-Software-Testing/artifacts/sample_runs/deepseek-v4-pro/cand033_1a60c21395fe,1a60c21395fe7648188d1c91f62ac7baefa12742,Applying the copy of the HashCodeBuilder code to stop cyclic references over to EqualsBuilder per LANG-606 and Oliver Sauder's patch,src/test/java/org/apache/commons/lang3/builder/EqualsBuilderTest.java,0,0,0,1.0000,0,0,0,1.0000,0,0,0,1.0000,0,0,0,1.0000,241,241,1.0000,"{""assertEquals"": 4, ""assertFalse"": 8, ""assertNull"": 3, ""assertTrue"": 226}","{""assertEquals"": 4, ""assertFalse"": 8, ""assertNull"": 3, ""assertTrue"": 226}",1.0000,0,0,[],[],[],[],[],[],
deepseek-v4-pro,34,ok,/home/lpy/workspace/misc/course/Introduction-to-Software-Testing/artifacts/sample_runs/deepseek-v4-pro/cand034_1a77a547dd72,1a77a547dd72e82a8967e462406436a1c2e341a2,"Add allNull() and anyNull() methods to ObjectUtils, as well as their associated tests. (#522)",src/test/java/org/apache/commons/lang3/ObjectUtilsTest.java,50,50,50,1.0000,2,2,2,1.0000,0,0,0,1.0000,0,0,0,1.0000,223,223,1.0000,"{""assertArrayEquals"": 1, ""assertEquals"": 76, ""assertFalse"": 31, ""assertNotNull"": 2, ""assertNotSame"": 2, ""assertNull"": 20, ""assertSame"": 30, ""assertThrows"": 19, ""assertTrue"": 41, ""fail"": 1}","{""assertArrayEquals"": 1, ""assertEquals"": 76, ""assertFalse"": 31, ""assertNotNull"": 2, ""assertNotSame"": 2, ""assertNull"": 20, ""assertSame"": 30, ""assertThrows"": 19, ""assertTrue"": 41, ""fail"": 1}",1.0000,19,19,"[""testAllNull"", ""testAnyNull""]","[""testAllNull"", ""testAnyNull""]",[],[],[],[],
deepseek-v4-pro,35,ok,/home/lpy/workspace/misc/course/Introduction-to-Software-Testing/artifacts/sample_runs/deepseek-v4-pro/cand035_1b9d938d66a1,1b9d938d66a172b200fd90d4a61707852bdb4b8f,"LANG-1118 Fix StringUtils.repeat(char, int) dealing with negative repeat value",src/test/java/org/apache/commons/lang3/StringUtilsTest.java,125,125,125,1.0000,1,1,1,1.0000,0,0,0,1.0000,0,0,0,1.0000,1160,1160,1.0000,"{""assertAbbreviateWithOffset"": 21, ""assertArrayEquals"": 5, ""assertEquals"": 911, ""assertFalse"": 46, ""assertNotNull"": 2, ""assertNull"": 117, ""assertSame"": 2, ""assertTrue"": 50, ""fail"": 6}","{""assertAbbreviateWithOffset"": 21, ""assertArrayEquals"": 5, ""assertEquals"": 911, ""assertFalse"": 46, ""assertNotNull"": 2, ""assertNull"": 117, ""assertSame"": 2, ""assertTrue"": 50, ""fail"": 6}",1.0000,12,12,"[""testRepeat_CharInt""]","[""testRepeat_CharInt""]",[],[],[],[],
deepseek-v4-pro,36,ok,/home/lpy/workspace/misc/course/Introduction-to-Software-Testing/artifacts/sample_runs/deepseek-v4-pro/cand036_1e455838963a,1e455838963a99f7e76e334850c00293262f9573,LANG-1778 fix by reversing order (#1414),src/test/java/org/apache/commons/lang3/reflect/MethodUtilsTest.java,44,44,44,1.0000,0,0,0,1.0000,0,0,0,1.0000,1,1,1,1.0000,222,222,1.0000,"{""assertArrayEquals"": 8, ""assertEquals"": 131, ""assertFalse"": 2, ""assertNotNull"": 17, ""assertNotSame"": 1, ""assertNull"": 19, ""assertNullPointerException"": 14, ""assertSame"": 4, ""assertThrows"": 14, ""assertTrue"": 12}","{""assertArrayEquals"": 8, ""assertEquals"": 131, ""assertFalse"": 2, ""assertNotNull"": 17, ""assertNotSame"": 1, ""assertNull"": 19, ""assertNullPointerException"": 14, ""assertSame"": 4, ""assertThrows"": 14, ""assertTrue"": 12}",1.0000,14,14,[],[],[],[],"[""testGetMatchingMethod""]","[""testGetMatchingMethod""]",
deepseek-v4-pro,37,ok,/home/lpy/workspace/misc/course/Introduction-to-Software-Testing/artifacts/sample_runs/deepseek-v4-pro/cand037_1f35e7c99b66,1f35e7c99b66b8d46c4ad96558e694a10aa38062,[LANG-586] Clear ThreadLocal for HashCodeBuilder as well,src/test/java/org/apache/commons/lang3/builder/HashCodeBuilderTest.java,0,0,0,1.0000,0,0,0,1.0000,0,0,0,1.0000,0,0,0,1.0000,113,113,1.0000,"{""assertEquals"": 104, ""assertNull"": 2, ""fail"": 7}","{""assertEquals"": 104, ""assertNull"": 2, ""fail"": 7}",1.0000,0,0,[],[],[],[],[],[],
deepseek-v4-pro,38,ok,/home/lpy/workspace/misc/course/Introduction-to-Software-Testing/artifacts/sample_runs/deepseek-v4-pro/cand038_1f56bd103d53,1f56bd103d53c8c6ba7502c6586c26be01bfdb80,LANG-1261: ArrayUtils#contains and ArrayUtils#indexOf should compare objects with different types,src/test/java/org/apache/commons/lang3/ArrayUtilsTest.java,256,256,256,1.0000,1,1,1,1.0000,0,0,0,1.0000,0,0,0,1.0000,1605,1605,1.0000,"{""assertArrayEquals"": 53, ""assertEquals"": 973, ""assertFalse"": 171, ""assertIsEquals"": 9, ""assertNotNull"": 1, ""assertNotSame"": 20, ""assertNull"": 10, ""assertSame"": 71, ""assertTrue"": 281, ""fail"": 16}","{""assertArrayEquals"": 53, ""assertEquals"": 973, ""assertFalse"": 171, ""assertIsEquals"": 9, ""assertNotNull"": 1, ""assertNotSame"": 20, ""assertNull"": 10, ""assertSame"": 71, ""assertTrue"": 281, ""fail"": 16}",1.0000,2,2,"[""testContains_LANG_1261""]","[""testContains_LANG_1261""]",[],[],[],[],
deepseek-v4-pro,39,ok,/home/lpy/workspace/misc/course/Introduction-to-Software-Testing/artifacts/sample_runs/deepseek-v4-pro/cand039_217da1e6aa2b,217da1e6aa2b2c9f626ed2efa42e3e3996175571,implement lastIndexOf,src/test/java/org/apache/commons/lang3/CharSequenceUtilsTest.java,7,7,7,1.0000,0,0,0,1.0000,0,0,0,1.0000,0,0,0,1.0000,20,20,1.0000,"{""assertArrayEquals"": 2, ""assertEquals"": 8, ""assertFalse"": 1, ""assertNotNull"": 1, ""assertNull"": 3, ""assertThrows"": 3, ""assertTrue"": 2}","{""assertArrayEquals"": 2, ""assertEquals"": 8, ""assertFalse"": 1, ""assertNotNull"": 1, ""assertNull"": 3, ""assertThrows"": 3, ""assertTrue"": 2}",1.0000,3,3,[],[],[],[],[],[],
deepseek-v4-pro,40,ok,/home/lpy/workspace/misc/course/Introduction-to-Software-Testing/artifacts/sample_runs/deepseek-v4-pro/cand040_23f18044d1cc,23f18044d1cc750ce07a59662f636468e616d4d5,Update documentation related to the issue LANG-696 (#449),src/test/java/org/apache/commons/lang3/ClassUtilsTest.java,62,62,62,1.0000,0,0,0,1.0000,0,0,0,1.0000,3,3,3,1.0000,763,763,1.0000,"{""assertArrayEquals"": 10, ""assertEquals"": 342, ""assertFalse"": 171, ""assertGetClassReturnsClass"": 19, ""assertGetClassThrowsClassNotFound"": 10, ""assertGetClassThrowsException"": 3, ""assertGetClassThrowsNullPointerException"": 2, ""assertNotNull"": 1, ""assertNotSame"": 1, ""assertNull"": 17, ""assertSame"": 1, ""assertThrows"": 6, ""assertTrue"": 180}","{""assertArrayEquals"": 10, ""assertEquals"": 342, ""assertFalse"": 171, ""assertGetClassReturnsClass"": 19, ""assertGetClassThrowsClassNotFound"": 10, ""assertGetClassThrowsException"": 3, ""assertGetClassThrowsNullPointerException"": 2, ""assertNotNull"": 1, ""assertNotSame"": 1, ""assertNull"": 17, ""assertSame"": 1, ""assertThrows"": 6, ""assertTrue"": 180}",1.0000,6,6,[],[],[],[],"[""test_getShortCanonicalName_String"", ""test_getShortClassName_Class"", ""test_getShortClassName_Object""]","[""test_getShortCanonicalName_String"", ""test_getShortClassName_Class"", ""test_getShortClassName_Object""]",
deepseek-v4-pro,41,ok,/home/lpy/workspace/misc/course/Introduction-to-Software-Testing/artifacts/sample_runs/deepseek-v4-pro/cand041_23f508095004,23f508095004cc7215cdd6fc4b15e8d6192f8d1d,Adding Vincent Ricard's patch to CharRange.java providing an iterator that lets you walk the chars in the range. LANG-454,src/test/java/org/apache/commons/lang3/CharRangeTest.java,0,0,0,1.0000,0,0,0,1.0000,0,0,0,1.0000,0,0,0,1.0000,180,180,1.0000,"{""assertEquals"": 157, ""assertFalse"": 6, ""assertNotNull"": 6, ""assertTrue"": 8, ""fail"": 3}","{""assertEquals"": 157, ""assertFalse"": 6, ""assertNotNull"": 6, ""assertTrue"": 8, ""fail"": 3}",1.0000,0,0,[],[],[],[],[],[],
deepseek-v4-pro,43,ok,/home/lpy/workspace/misc/course/Introduction-to-Software-Testing/artifacts/sample_runs/deepseek-v4-pro/cand043_242b815437b9,242b815437b9a988c2ce9e980295ca8a9e302e7a,LANG-1185 Add some tests for StringUtils replaceAll and replaceFirst methods,src/test/java/org/apache/commons/lang3/StringUtilsTest.java,136,136,136,1.0000,2,2,2,1.0000,2,2,2,1.0000,0,0,0,1.0000,1254,1254,1.0000,"{""assertAbbreviateWithOffset"": 21, ""assertArrayEquals"": 5, ""assertEquals"": 994, ""assertFalse"": 46, ""assertNotNull"": 2, ""assertNull"": 124, ""assertSame"": 2, ""assertTrue"": 50, ""fail"": 10}","{""assertAbbreviateWithOffset"": 21, ""assertArrayEquals"": 5, ""assertEquals"": 994, ""assertFalse"": 46, ""assertNotNull"": 2, ""assertNull"": 124, ""assertSame"": 2, ""assertTrue"": 50, ""fail"": 10}",1.0000,13,13,"[""testReplaceAll"", ""testReplaceFirst""]","[""testReplaceAll"", ""testReplaceFirst""]","[""testReplaceAll_StringStringString"", ""testReplaceFirst_StringStringString""]","[""testReplaceAll_StringStringString"", ""testReplaceFirst_StringStringString""]",[],[],
deepseek-v4-pro,44,ok,/home/lpy/workspace/misc/course/Introduction-to-Software-Testing/artifacts/sample_runs/deepseek-v4-pro/cand044_24957f9934ce,24957f9934cee310debd2005bdbd78e21e857e7e,Use final.,src/test/java/org/apache/commons/lang3/math/NumberUtilsTest.java,113,113,113,1.0000,0,0,0,1.0000,0,0,0,1.0000,0,0,0,1.0000,676,676,1.0000,"{""assertCreateNumberZero"": 7, ""assertEquals"": 530, ""assertFalse"": 18, ""assertNotNull"": 2, ""assertNull"": 7, ""assertThrows"": 40, ""assertTrue"": 72}","{""assertCreateNumberZero"": 7, ""assertEquals"": 530, ""assertFalse"": 18, ""assertNotNull"": 2, ""assertNull"": 7, ""assertThrows"": 40, ""assertTrue"": 72}",1.0000,40,40,[],[],[],[],[],[],
deepseek-v4-pro,45,ok,/home/lpy/workspace/misc/course/Introduction-to-Software-Testing/artifacts/sample_runs/deepseek-v4-pro/cand045_2521d9619fe1,2521d9619fe1f052ced8ea1107851ac98a1b7488,refactored to Generics and added isArrayIndexValid,src/test/java/org/apache/commons/lang3/ArrayUtilsTest.java,309,309,309,1.0000,1,1,1,1.0000,0,0,0,1.0000,0,0,0,1.0000,1806,1806,1.0000,"{""assertArrayEquals"": 57, ""assertEquals"": 1037, ""assertFalse"": 201, ""assertIsEquals"": 9, ""assertNotNull"": 2, ""assertNotSame"": 20, ""assertNull"": 82, ""assertSame"": 71, ""assertTrue"": 310, ""fail"": 17}","{""assertArrayEquals"": 57, ""assertEquals"": 1037, ""assertFalse"": 201, ""assertIsEquals"": 9, ""assertNotNull"": 2, ""assertNotSame"": 20, ""assertNull"": 82, ""assertSame"": 71, ""assertTrue"": 310, ""fail"": 17}",1.0000,2,2,"[""testIsArrayIndexValid""]","[""testIsArrayIndexValid""]",[],[],[],[],
deepseek-v4-pro,46,ok,/home/lpy/workspace/misc/course/Introduction-to-Software-Testing/artifacts/sample_runs/deepseek-v4-pro/cand046_2550d4cfa283,2550d4cfa283603a23283c5495bfab75deff02dc,"Rewriting OctalUnescaper as a hand rolled parser (all of 4 characters), instead of trying to handle the conversion via repeated attempts to convert the numbers. This fixes bugs, see LANG-929, and also changes the behaviour for 'illegal' octals such as \999. Instead of throwing NumberFormatException, it will now ignore them. This seems the better behaviour.",src/test/java/org/apache/commons/lang3/text/translate/OctalUnescaperTest.java,1,1,1,1.0000,0,0,0,1.0000,1,1,1,1.0000,1,1,1,1.0000,12,12,1.0000,"{""assertEquals"": 12}","{""assertEquals"": 12}",1.0000,0,0,[],[],"[""testOutOfRange""]","[""testOutOfRange""]","[""testBetween""]","[""testBetween""]",
deepseek-v4-pro,47,ok,/home/lpy/workspace/misc/course/Introduction-to-Software-Testing/artifacts/sample_runs/deepseek-v4-pro/cand047_26bc45fdeeed,26bc45fdeeeda2bee38cc2a08ce99e41fd48e0d6,"Fix checkstyle violations (tabs, missing spaces after commas, missing javadocs)",src/test/java/org/apache/commons/lang3/FunctionsTest.java,15,15,15,1.0000,0,0,0,1.0000,0,0,0,1.0000,4,4,4,1.0000,100,100,1.0000,"{""assertEquals"": 10, ""assertNotNull"": 20, ""assertSame"": 27, ""assertThrows"": 33, ""assertTrue"": 10}","{""assertEquals"": 10, ""assertNotNull"": 20, ""assertSame"": 27, ""assertThrows"": 33, ""assertTrue"": 10}",1.0000,33,33,[],[],[],[],"[""testAsBiFunction"", ""testAsCallable"", ""testAsFunction"", ""testAsSupplier""]","[""testAsBiFunction"", ""testAsCallable"", ""testAsFunction"", ""testAsSupplier""]",
deepseek-v4-pro,49,ok,/home/lpy/workspace/misc/course/Introduction-to-Software-Testing/artifacts/sample_runs/deepseek-v4-pro/cand049_28f46460d63b,28f46460d63b4c7806a2b9cce382b2b79ba6fd50,ClassUtils.toCleanName(String) resolves malformed array suffixes instead (#1670),src/test/java/org/apache/commons/lang3/ClassUtilsTest.java,73,73,73,1.0000,3,3,3,1.0000,0,0,0,1.0000,0,0,0,1.0000,850,850,1.0000,"{""assertArrayEquals"": 10, ""assertEquals"": 398, ""assertFalse"": 171, ""assertGetClassReturnsClass"": 19, ""assertGetClassThrowsClassNotFound"": 11, ""assertGetClassThrowsException"": 3, ""assertGetClassThrowsNullPointerException"": 2, ""assertIllegalArgumentException"": 3, ""assertNotNull"": 4, ""assertNotSame"": 1, ""assertNull"": 18, ""assertSame"": 3, ""assertThrows"": 26, ""assertTrue"": 180, ""fail"": 1}","{""assertArrayEquals"": 10, ""assertEquals"": 398, ""assertFalse"": 171, ""assertGetClassReturnsClass"": 19, ""assertGetClassThrowsClassNotFound"": 11, ""assertGetClassThrowsException"": 3, ""assertGetClassThrowsNullPointerException"": 2, ""assertIllegalArgumentException"": 3, ""assertNotNull"": 4, ""assertNotSame"": 1, ""assertNull"": 18, ""assertSame"": 3, ""assertThrows"": 26, ""assertTrue"": 180, ""fail"": 1}",1.0000,26,26,"[""testGetClassStringMalformedMiddleJunkRejected"", ""testGetClassStringMalformedUnpairedBracketsRejected"", ""testGetClassStringWellFormedArrayStillResolves""]","[""testGetClassStringMalformedMiddleJunkRejected"", ""testGetClassStringMalformedUnpairedBracketsRejected"", ""testGetClassStringWellFormedArrayStillResolves""]",[],[],[],[],
deepseek-v4-pro,51,ok,/home/lpy/workspace/misc/course/Introduction-to-Software-Testing/artifacts/sample_runs/deepseek-v4-pro/cand051_2cad60b6c25c,2cad60b6c25c87a6a59d3d315ec7d72c552fbc58,removed ArrayUtils.get,src/test/java/org/apache/commons/lang3/ArrayUtilsTest.java,308,308,308,1.0000,0,0,0,1.0000,1,1,1,1.0000,0,0,0,1.0000,1801,1801,1.0000,"{""assertArrayEquals"": 57, ""assertEquals"": 1035, ""assertFalse"": 201, ""assertIsEquals"": 9, ""assertNotNull"": 1, ""assertNotSame"": 20, ""assertNull"": 80, ""assertSame"": 71, ""assertTrue"": 310, ""fail"": 17}","{""assertArrayEquals"": 57, ""assertEquals"": 1035, ""assertFalse"": 201, ""assertIsEquals"": 9, ""assertNotNull"": 1, ""assertNotSame"": 20, ""assertNull"": 80, ""assertSame"": 71, ""assertTrue"": 310, ""fail"": 17}",1.0000,2,2,[],[],"[""testGet""]","[""testGet""]",[],[],
deepseek-v4-pro,52,ok,/home/lpy/workspace/misc/course/Introduction-to-Software-Testing/artifacts/sample_runs/deepseek-v4-pro/cand052_2ebc17ba3f24,2ebc17ba3f244ae44aae46273aeef7e321f9542a,Added Functions.tryWithResources.,src/test/java/org/apache/commons/lang3/FunctionsTest.java,7,7,7,1.0000,1,1,1,1.0000,0,0,0,1.0000,0,0,0,1.0000,51,51,1.0000,"{""assertEquals"": 4, ""assertNotNull"": 9, ""assertSame"": 15, ""assertTrue"": 10, ""fail"": 13}","{""assertEquals"": 4, ""assertNotNull"": 9, ""assertSame"": 15, ""assertTrue"": 10, ""fail"": 13}",1.0000,0,0,"[""testTryWithResources""]","[""testTryWithResources""]",[],[],[],[],
deepseek-v4-pro,53,ok,/home/lpy/workspace/misc/course/Introduction-to-Software-Testing/artifacts/sample_runs/deepseek-v4-pro/cand053_2f153733c7df,2f153733c7dfe33f38438be3fd3269e0c3ab7005,Rename method and fix typo. (#940),src/test/java/org/apache/commons/lang3/time/DurationUtilsTest.java,11,11,11,1.0000,1,1,1,1.0000,0,0,0,1.0000,1,1,1,1.0000,63,63,1.0000,"{""assertEquals"": 53, ""assertFalse"": 2, ""assertThrows"": 1, ""assertTrue"": 7}","{""assertEquals"": 53, ""assertFalse"": 2, ""assertThrows"": 1, ""assertTrue"": 7}",1.0000,1,1,"[""testGetNanosOfMiili""]","[""testGetNanosOfMiili""]",[],[],"[""testGetNanosOfMilli""]","[""testGetNanosOfMilli""]",
deepseek-v4-pro,54,ok,/home/lpy/workspace/misc/course/Introduction-to-Software-Testing/artifacts/sample_runs/deepseek-v4-pro/cand054_313d877d57ab,313d877d57abefdbb1ad0c42781bf719b83d5a35,"Two fixes in RandomStringUtils.random(int, int, int, boolean, boolean, (#1638)",src/test/java/org/apache/commons/lang3/RandomStringUtilsTest.java,32,32,32,1.0000,2,2,2,1.0000,0,0,0,1.0000,0,0,0,1.0000,151,151,1.0000,"{""assertDoesNotThrow"": 1, ""assertEquals"": 50, ""assertIllegalArgumentException"": 34, ""assertNotEquals"": 14, ""assertNotNull"": 1, ""assertThrows"": 3, ""assertTimeout"": 1, ""assertTrue"": 46, ""fail"": 1}","{""assertDoesNotThrow"": 1, ""assertEquals"": 50, ""assertIllegalArgumentException"": 34, ""assertNotEquals"": 14, ""assertNotNull"": 1, ""assertThrows"": 3, ""assertTimeout"": 1, ""assertTrue"": 46, ""fail"": 1}",1.0000,3,3,"[""testCustomLetterCharsArrayDoesNotThrowIAE"", ""testOnlyRejectedCodePoints""]","[""testCustomLetterCharsArrayDoesNotThrowIAE"", ""testOnlyRejectedCodePoints""]",[],[],[],[],
deepseek-v4-pro,55,ok,/home/lpy/workspace/misc/course/Introduction-to-Software-Testing/artifacts/sample_runs/deepseek-v4-pro/cand055_31466db6ecd1,31466db6ecd115aa74616e14a75721b45c0f59f9,Add sugar to RandomIUtils,src/test/java/org/apache/commons/lang3/RandomUtilsTest.java,27,27,27,1.0000,4,4,4,1.0000,0,0,0,1.0000,0,0,0,1.0000,22,22,1.0000,"{""assertArrayEquals"": 1, ""assertEquals"": 5, ""assertTrue"": 16}","{""assertArrayEquals"": 1, ""assertEquals"": 5, ""assertTrue"": 16}",1.0000,9,9,"[""testNextDoubleRandomResult"", ""testNextFloatRandomResult"", ""testNextIntRandomResult"", ""testNextLongRandomResult""]","[""testNextDoubleRandomResult"", ""testNextFloatRandomResult"", ""testNextIntRandomResult"", ""testNextLongRandomResult""]",[],[],[],[],
deepseek-v4-pro,56,ok,/home/lpy/workspace/misc/course/Introduction-to-Software-Testing/artifacts/sample_runs/deepseek-v4-pro/cand056_31d7eea1c620,31d7eea1c6205066b91c79f19219a436b26e9060,[LANG-1570] JavaVersion enum constants for Java 14 and 15. (#553),src/test/java/org/apache/commons/lang3/JavaVersionTest.java,3,3,3,1.0000,0,0,0,1.0000,0,0,0,1.0000,1,1,1,1.0000,26,26,1.0000,"{""assertEquals"": 20, ""assertFalse"": 3, ""assertNull"": 1, ""assertTrue"": 2}","{""assertEquals"": 20, ""assertFalse"": 3, ""assertNull"": 1, ""assertTrue"": 2}",1.0000,0,0,[],[],[],[],"[""testGetJavaVersion""]","[""testGetJavaVersion""]",
deepseek-v4-pro,57,ok,/home/lpy/workspace/misc/course/Introduction-to-Software-Testing/artifacts/sample_runs/deepseek-v4-pro/cand057_35fb9fca83af,35fb9fca83af4ffbaf6f1163a927d8751938fda3,LANG-1172: Support dash as a delimiter in locales (#766),src/test/java/org/apache/commons/lang3/LocaleUtilsTest.java,18,18,18,1.0000,0,0,0,1.0000,0,0,0,1.0000,2,2,2,1.0000,134,134,1.0000,"{""assertCountriesByLanguage"": 5, ""assertEquals"": 26, ""assertFalse"": 1, ""assertLanguageByCountry"": 5, ""assertLocaleLookupList"": 17, ""assertNotNull"": 9, ""assertNull"": 2, ""assertSame"": 4, ""assertThrows"": 21, ""assertTrue"": 10, ""assertUnmodifiableCollection"": 6, ""assertValidToLocale"": 28}","{""assertCountriesByLanguage"": 5, ""assertEquals"": 26, ""assertFalse"": 1, ""assertLanguageByCountry"": 5, ""assertLocaleLookupList"": 17, ""assertNotNull"": 9, ""assertNull"": 2, ""assertSame"": 4, ""assertThrows"": 21, ""assertTrue"": 10, ""assertUnmodifiableCollection"": 6, ""assertValidToLocale"": 28}",1.0000,21,21,[],[],[],[],"[""testToLocale_2Part"", ""testToLocale_3Part""]","[""testToLocale_2Part"", ""testToLocale_3Part""]",
deepseek-v4-pro,58,ok,/home/lpy/workspace/misc/course/Introduction-to-Software-Testing/artifacts/sample_runs/deepseek-v4-pro/cand058_36111ba5829b,36111ba5829bdd4249c7418c1aec17c149ef86a3,[LANG-1568] More failable functional interfaces to match JRE functional interfaces.,src/test/java/org/apache/commons/lang3/FunctionsTest.java,104,107,104,0.9720,0,3,0,0.0000,0,0,0,1.0000,0,0,0,1.0000,232,235,0.9872,"{""assertEquals"": 26, ""assertFalse"": 1, ""assertNotNull"": 36, ""assertNull"": 27, ""assertSame"": 61, ""assertThrows"": 69, ""assertTrue"": 12}","{""assertEquals"": 26, ""assertFalse"": 1, ""assertNotNull"": 36, ""assertNull"": 27, ""assertSame"": 61, ""assertThrows"": 72, ""assertTrue"": 12}",1.0000,69,72,[],"[""testDoublePredicate"", ""testIntPredicate"", ""testLongPredicate""]",[],[],[],[],
deepseek-v4-pro,59,ok,/home/lpy/workspace/misc/course/Introduction-to-Software-Testing/artifacts/sample_runs/deepseek-v4-pro/cand059_3a35c53c6c9a,3a35c53c6c9a3b9a1feedaf39b72e405ecaf9df8,Add DurationUtils.zeroIfNull(Duration).,src/test/java/org/apache/commons/lang3/time/DurationUtilsTest.java,5,5,5,1.0000,1,1,1,1.0000,0,0,0,1.0000,0,0,0,1.0000,36,36,1.0000,"{""assertEquals"": 33, ""assertFalse"": 2, ""assertTrue"": 1}","{""assertEquals"": 33, ""assertFalse"": 2, ""assertTrue"": 1}",1.0000,0,0,"[""testZeroIfNull""]","[""testZeroIfNull""]",[],[],[],[],
deepseek-v4-pro,60,ok,/home/lpy/workspace/misc/course/Introduction-to-Software-Testing/artifacts/sample_runs/deepseek-v4-pro/cand060_3acffccf1502,3acffccf15027bcf87e25a432f085c45e103b0ec,"LANG-1139: Add null safe methods in StringUtils to replace by regular expression :   - StringUtils.replaceAll(String, String, String)   - StringUtils.replaceFirst(String, String, String)",src/test/java/org/apache/commons/lang3/StringUtilsTest.java,130,130,130,1.0000,2,2,2,1.0000,0,0,0,1.0000,0,0,0,1.0000,1204,1204,1.0000,"{""assertAbbreviateWithOffset"": 21, ""assertArrayEquals"": 5, ""assertEquals"": 951, ""assertFalse"": 46, ""assertNotNull"": 2, ""assertNull"": 119, ""assertSame"": 2, ""assertTrue"": 50, ""fail"": 8}","{""assertAbbreviateWithOffset"": 21, ""assertArrayEquals"": 5, ""assertEquals"": 951, ""assertFalse"": 46, ""assertNotNull"": 2, ""assertNull"": 119, ""assertSame"": 2, ""assertTrue"": 50, ""fail"": 8}",1.0000,13,13,"[""testReplaceAll_StringStringString"", ""testReplaceFirst_StringStringString""]","[""testReplaceAll_StringStringString"", ""testReplaceFirst_StringStringString""]",[],[],[],[],
deepseek-v4-pro,61,ok,/home/lpy/workspace/misc/course/Introduction-to-Software-Testing/artifacts/sample_runs/deepseek-v4-pro/cand061_3ce3b27dbd57,3ce3b27dbd579a918e97e1fb09e9b0153cc71a60,Fixing Checkstyle problems.,src/test/java/org/apache/commons/lang3/StreamsTest.java,6,6,6,1.0000,0,0,0,1.0000,0,0,0,1.0000,1,1,1,1.0000,23,23,1.0000,"{""assertEquals"": 7, ""assertEvenNumbers"": 3, ""assertSame"": 6, ""fail"": 7}","{""assertEquals"": 7, ""assertEvenNumbers"": 3, ""assertSame"": 6, ""fail"": 7}",1.0000,0,0,[],[],[],[],"[""testSimpleStreamFilter""]","[""testSimpleStreamFilter""]",
deepseek-v4-pro,62,ok,/home/lpy/workspace/misc/course/Introduction-to-Software-Testing/artifacts/sample_runs/deepseek-v4-pro/cand062_3d4ed4a8ac63,3d4ed4a8ac63db1e51601ffc31fed44dccbb276c,Fixing Checkstyle warnings. Closes #532.,src/test/java/org/apache/commons/lang3/LocksTest.java,1,1,1,1.0000,0,0,0,1.0000,0,0,0,1.0000,1,1,1,1.0000,3,3,1.0000,"{""assertTrue"": 3}","{""assertTrue"": 3}",1.0000,0,0,[],[],[],[],"[""testReadLock""]","[""testReadLock""]",
deepseek-v4-pro,63,ok,/home/lpy/workspace/misc/course/Introduction-to-Software-Testing/artifacts/sample_runs/deepseek-v4-pro/cand063_3df7f4440e74,3df7f4440e7447bc55e95400ec511323e708c652,[LANG-1823] LocaleUtils.toLocale cannot parse valid JDK Locale string containing '#'  (#1630),src/test/java/org/apache/commons/lang3/LocaleUtilsTest.java,24,24,24,1.0000,2,2,2,1.0000,0,0,0,1.0000,1,1,1,1.0000,160,160,1.0000,"{""assertCountriesByLanguage"": 5, ""assertEquals"": 45, ""assertFalse"": 1, ""assertIllegalArgumentException"": 19, ""assertLanguageByCountry"": 5, ""assertLocaleLookupList"": 17, ""assertNotEquals"": 4, ""assertNotNull"": 9, ""assertNull"": 2, ""assertSame"": 4, ""assertThrows"": 1, ""assertTrue"": 11, ""assertUnmodifiableCollection"": 6, ""assertValidToLocale"": 31}","{""assertCountriesByLanguage"": 5, ""assertEquals"": 45, ""assertFalse"": 1, ""assertIllegalArgumentException"": 19, ""assertLanguageByCountry"": 5, ""assertLocaleLookupList"": 17, ""assertNotEquals"": 4, ""assertNotNull"": 9, ""assertNull"": 2, ""assertSame"": 4, ""assertThrows"": 1, ""assertTrue"": 11, ""assertUnmodifiableCollection"": 6, ""assertValidToLocale"": 31}",1.0000,1,1,"[""testLang1823"", ""testSpecialCases""]","[""testLang1823"", ""testSpecialCases""]",[],[],"[""testParseAllLocales""]","[""testParseAllLocales""]",
deepseek-v4-pro,64,ok,/home/lpy/workspace/misc/course/Introduction-to-Software-Testing/artifacts/sample_runs/deepseek-v4-pro/cand064_3fa5334ac08f,3fa5334ac08fc7ce1a86d5b34fbcd8cfea85ed23,"LANG-1027 don't fail if java version is unknown, lang is too much used to make apps and libs failling cause of an unknown java version.",src/test/java/org/apache/commons/lang3/JavaVersionTest.java,3,3,3,1.0000,0,0,0,1.0000,0,0,0,1.0000,1,1,1,1.0000,19,19,1.0000,"{""assertEquals"": 13, ""assertFalse"": 3, ""assertNull"": 1, ""assertTrue"": 2}","{""assertEquals"": 13, ""assertFalse"": 3, ""assertNull"": 1, ""assertTrue"": 2}",1.0000,0,0,[],[],[],[],"[""testGetJavaVersion""]","[""testGetJavaVersion""]",
deepseek-v4-pro,66,ok,/home/lpy/workspace/misc/course/Introduction-to-Software-Testing/artifacts/sample_runs/deepseek-v4-pro/cand066_421db380d060,421db380d060e9f037a8ecbc446c414efaa6923f,Switched capitalize back to using toTitleCase. Added a test for this using the 'Lj' letter. LANG-1142,src/test/java/org/apache/commons/lang3/StringUtilsTest.java,132,132,132,1.0000,0,0,0,1.0000,0,0,0,1.0000,1,1,1,1.0000,1184,1184,1.0000,"{""assertAbbreviateWithOffset"": 21, ""assertArrayEquals"": 5, ""assertEquals"": 934, ""assertFalse"": 46, ""assertNotNull"": 2, ""assertNull"": 118, ""assertSame"": 2, ""assertTrue"": 50, ""fail"": 6}","{""assertAbbreviateWithOffset"": 21, ""assertArrayEquals"": 5, ""assertEquals"": 934, ""assertFalse"": 46, ""assertNotNull"": 2, ""assertNull"": 118, ""assertSame"": 2, ""assertTrue"": 50, ""fail"": 6}",1.0000,13,13,[],[],[],[],"[""testCapitalize""]","[""testCapitalize""]",
deepseek-v4-pro,67,ok,/home/lpy/workspace/misc/course/Introduction-to-Software-Testing/artifacts/sample_runs/deepseek-v4-pro/cand067_4240de53b325,4240de53b3252e4cf0d45fe55feae4e009565d6b,"Applying Srihari Reddy's patch from LANG-405, based on Dave Meikle's original patch. This adds a truncateMiddle method to StringUtils.",src/test/java/org/apache/commons/lang3/StringUtilsTest.java,0,0,0,1.0000,0,0,0,1.0000,0,0,0,1.0000,0,0,0,1.0000,828,828,1.0000,"{""assertAbbreviateWithOffset"": 21, ""assertEquals"": 746, ""assertFalse"": 13, ""assertNotNull"": 2, ""assertNull"": 18, ""assertSame"": 2, ""assertTrue"": 20, ""fail"": 6}","{""assertAbbreviateWithOffset"": 21, ""assertEquals"": 746, ""assertFalse"": 13, ""assertNotNull"": 2, ""assertNull"": 18, ""assertSame"": 2, ""assertTrue"": 20, ""fail"": 6}",1.0000,0,0,[],[],[],[],[],[],
deepseek-v4-pro,68,ok,/home/lpy/workspace/misc/course/Introduction-to-Software-Testing/artifacts/sample_runs/deepseek-v4-pro/cand068_434575ed0a71,434575ed0a71439b8abe8ef59948bf15847fd9c0,Adding toCalendar method per LANG-632,src/test/java/org/apache/commons/lang3/time/DateUtilsTest.java,0,0,0,1.0000,0,0,0,1.0000,0,0,0,1.0000,0,0,0,1.0000,404,404,1.0000,"{""assertDate"": 79, ""assertEquals"": 229, ""assertNotNull"": 1, ""assertNotSame"": 39, ""assertWeekIterator"": 15, ""fail"": 41}","{""assertDate"": 79, ""assertEquals"": 229, ""assertNotNull"": 1, ""assertNotSame"": 39, ""assertWeekIterator"": 15, ""fail"": 41}",1.0000,0,0,[],[],[],[],[],[],
deepseek-v4-pro,69,ok,/home/lpy/workspace/misc/course/Introduction-to-Software-Testing/artifacts/sample_runs/deepseek-v4-pro/cand069_45acc1c97094,45acc1c97094cd68928f634ce4896e4b05ee92ac,LANG-1691: ClassUtils.getShortCanonicalName - using canonicalName rather than class name (#949),src/test/java/org/apache/commons/lang3/ClassUtilsTest.java,66,66,66,1.0000,0,0,0,1.0000,0,0,0,1.0000,2,2,2,1.0000,802,802,1.0000,"{""assertArrayEquals"": 10, ""assertEquals"": 378, ""assertFalse"": 171, ""assertGetClassReturnsClass"": 19, ""assertGetClassThrowsClassNotFound"": 10, ""assertGetClassThrowsException"": 3, ""assertGetClassThrowsNullPointerException"": 2, ""assertNotNull"": 1, ""assertNotSame"": 1, ""assertNull"": 18, ""assertSame"": 3, ""assertThrows"": 6, ""assertTrue"": 180}","{""assertArrayEquals"": 10, ""assertEquals"": 378, ""assertFalse"": 171, ""assertGetClassReturnsClass"": 19, ""assertGetClassThrowsClassNotFound"": 10, ""assertGetClassThrowsException"": 3, ""assertGetClassThrowsNullPointerException"": 2, ""assertNotNull"": 1, ""assertNotSame"": 1, ""assertNull"": 18, ""assertSame"": 3, ""assertThrows"": 6, ""assertTrue"": 180}",1.0000,6,6,[],[],[],[],"[""test_getShortCanonicalName_Class"", ""test_getShortCanonicalName_Object""]","[""test_getShortCanonicalName_Class"", ""test_getShortCanonicalName_Object""]",
deepseek-v4-pro,70,ok,/home/lpy/workspace/misc/course/Introduction-to-Software-Testing/artifacts/sample_runs/deepseek-v4-pro/cand070_46b15a2ecb05,46b15a2ecb05bdc281bc6109bb2db99b566d4a10,Rename method for next release.,src/test/java/org/apache/commons/lang3/stream/StreamsTest.java,15,15,15,1.0000,0,0,0,1.0000,0,0,0,1.0000,2,2,2,1.0000,47,47,1.0000,"{""assertAll"": 2, ""assertEquals"": 26, ""assertEvenNumbers"": 3, ""assertNotNull"": 1, ""assertThat"": 8, ""assertThrows"": 7}","{""assertAll"": 2, ""assertEquals"": 26, ""assertEvenNumbers"": 3, ""assertNotNull"": 1, ""assertThat"": 8, ""assertThrows"": 7}",1.0000,7,7,[],[],[],[],"[""testNullSafeStreamNotNull"", ""testNullSafeStreamNull""]","[""testNullSafeStreamNotNull"", ""testNullSafeStreamNull""]",
deepseek-v4-pro,71,ok,/home/lpy/workspace/misc/course/Introduction-to-Software-Testing/artifacts/sample_runs/deepseek-v4-pro/cand071_49ef6b530c89,49ef6b530c89c5f7181aa3fbdb957155a6802b05,PMD: Implement equals(),src/test/java/org/apache/commons/lang3/builder/HashCodeBuilderTest.java,46,46,46,1.0000,1,1,1,1.0000,0,0,0,1.0000,0,0,0,1.0000,124,124,1.0000,"{""assertEquals"": 111, ""assertNotEquals"": 2, ""assertNull"": 2, ""assertThrows"": 9}","{""assertEquals"": 111, ""assertNotEquals"": 2, ""assertNull"": 2, ""assertThrows"": 9}",1.0000,9,9,"[""testEquals""]","[""testEquals""]",[],[],[],[],
deepseek-v4-pro,72,ok,/home/lpy/workspace/misc/course/Introduction-to-Software-Testing/artifacts/sample_runs/deepseek-v4-pro/cand072_4a934610e7d9,4a934610e7d911df707a23ad338ab2e4aa14daa4,LANG-1495 Update EnumUtils.java (#475),src/test/java/org/apache/commons/lang3/EnumUtilsTest.java,41,43,41,0.9535,0,2,0,0.0000,0,0,0,1.0000,0,0,0,1.0000,191,211,0.9052,"{""assertArrayEquals"": 31, ""assertEquals"": 115, ""assertFalse"": 5, ""assertNull"": 6, ""assertThrows"": 25, ""assertTrue"": 9}","{""assertArrayEquals"": 31, ""assertEquals"": 133, ""assertFalse"": 5, ""assertNull"": 8, ""assertThrows"": 25, ""assertTrue"": 9}",1.0000,25,25,[],"[""test_getEnumIgnoreCase_defaultEnum"", ""test_getEnum_defaultEnum""]",[],[],[],[],
deepseek-v4-pro,73,ok,/home/lpy/workspace/misc/course/Introduction-to-Software-Testing/artifacts/sample_runs/deepseek-v4-pro/cand073_4c3f1dd00ee7,4c3f1dd00ee7b8800478edb2b50dd687103b5f2a,"StringUtils.repeat(String, [String,] int) now throws IllegalArgumentException (#1644)",src/test/java/org/apache/commons/lang3/StringUtilsTest.java,156,156,156,1.0000,0,0,0,1.0000,0,0,0,1.0000,2,2,2,1.0000,1511,1511,1.0000,"{""assertArrayEquals"": 17, ""assertEquals"": 1195, ""assertFalse"": 31, ""assertIllegalArgumentException"": 36, ""assertNotEquals"": 2, ""assertNotNull"": 2, ""assertNull"": 183, ""assertSame"": 7, ""assertThrows"": 10, ""assertTrue"": 28}","{""assertArrayEquals"": 17, ""assertEquals"": 1195, ""assertFalse"": 31, ""assertIllegalArgumentException"": 36, ""assertNotEquals"": 2, ""assertNotNull"": 2, ""assertNull"": 183, ""assertSame"": 7, ""assertThrows"": 10, ""assertTrue"": 28}",1.0000,10,10,[],[],[],[],"[""testRepeat_StringInt"", ""testRepeat_StringStringInt""]","[""testRepeat_StringInt"", ""testRepeat_StringStringInt""]",
deepseek-v4-pro,74,ok,/home/lpy/workspace/misc/course/Introduction-to-Software-Testing/artifacts/sample_runs/deepseek-v4-pro/cand074_4f31ae757ce3,4f31ae757ce3e2ebee99af485050e4aa3a23f4f4,"Applying Valentin Rocher's patch from LANG-559, adding isInstanceOf and isAssignableFrom methods.",src/test/java/org/apache/commons/lang3/ValidateTest.java,0,0,0,1.0000,0,0,0,1.0000,0,0,0,1.0000,0,0,0,1.0000,153,153,1.0000,"{""assertEquals"": 67, ""assertNotNull"": 1, ""assertSame"": 22, ""fail"": 63}","{""assertEquals"": 67, ""assertNotNull"": 1, ""assertSame"": 22, ""fail"": 63}",1.0000,0,0,[],[],[],[],[],[],
deepseek-v4-pro,75,ok,/home/lpy/workspace/misc/course/Introduction-to-Software-Testing/artifacts/sample_runs/deepseek-v4-pro/cand075_4ff5e2b9f98e,4ff5e2b9f98e5ca9dd105a2d08477e0371ae8832,Extract a map method.,src/test/java/org/apache/commons/lang3/concurrent/UncheckedFutureTest.java,8,8,8,1.0000,1,1,1,1.0000,0,0,0,1.0000,0,0,0,1.0000,8,8,1.0000,"{""assertEquals"": 3, ""assertThrows"": 5}","{""assertEquals"": 3, ""assertThrows"": 5}",1.0000,5,5,"[""testMap""]","[""testMap""]",[],[],[],[],
deepseek-v4-pro,76,ok,/home/lpy/workspace/misc/course/Introduction-to-Software-Testing/artifacts/sample_runs/deepseek-v4-pro/cand076_526a03a8701f,526a03a8701f85e422786f0a4d1fadd3f0c249c1,"DateUtils.parseDateWithLeniency(String, Locale, String[], boolean) doesn't reset its time zone (#1660)",src/test/java/org/apache/commons/lang3/time/DateUtilsTest.java,75,75,75,1.0000,1,1,1,1.0000,0,0,0,1.0000,0,0,0,1.0000,473,473,1.0000,"{""assertCalendarsEquals"": 5, ""assertDate"": 81, ""assertEquals"": 222, ""assertFalse"": 12, ""assertIllegalArgumentException"": 15, ""assertNotNull"": 3, ""assertNotSame"": 40, ""assertNullPointerException"": 48, ""assertThrows"": 18, ""assertTrue"": 14, ""assertWeekIterator"": 15}","{""assertCalendarsEquals"": 5, ""assertDate"": 81, ""assertEquals"": 222, ""assertFalse"": 12, ""assertIllegalArgumentException"": 15, ""assertNotNull"": 3, ""assertNotSame"": 40, ""assertNullPointerException"": 48, ""assertThrows"": 18, ""assertTrue"": 14, ""assertWeekIterator"": 15}",1.0000,18,18,"[""testFailedTimeZonePatternDoesNotPoisonNextPatternInstant""]","[""testFailedTimeZonePatternDoesNotPoisonNextPatternInstant""]",[],[],[],[],
deepseek-v4-pro,77,ok,/home/lpy/workspace/misc/course/Introduction-to-Software-Testing/artifacts/sample_runs/deepseek-v4-pro/cand077_52c06bea2f2b,52c06bea2f2b6c277c517dc9f5bb0d62d17e073c,fix LANG-1816 (#1589),src/test/java/org/apache/commons/lang3/ArrayUtilsTest.java,356,356,356,1.0000,0,0,0,1.0000,0,0,0,1.0000,3,3,3,1.0000,3443,3443,1.0000,"{""assertArrayEquals"": 153, ""assertEquals"": 1231, ""assertFalse"": 1034, ""assertIllegalArgumentException"": 8, ""assertInstanceOf"": 1, ""assertIsEquals"": 9, ""assertNotEquals"": 1, ""assertNotNull"": 2, ""assertNotSame"": 30, ""assertNull"": 98, ""assertNullPointerException"": 14, ""assertSame"": 79, ""assertThrows"": 1, ""assertTrue"": 782}","{""assertArrayEquals"": 153, ""assertEquals"": 1231, ""assertFalse"": 1034, ""assertIllegalArgumentException"": 8, ""assertInstanceOf"": 1, ""assertIsEquals"": 9, ""assertNotEquals"": 1, ""assertNotNull"": 2, ""assertNotSame"": 30, ""assertNull"": 98, ""assertNullPointerException"": 14, ""assertSame"": 79, ""assertThrows"": 1, ""assertTrue"": 782}",1.0000,1,1,[],[],[],[],"[""testContainsDoubleNaN"", ""testIndexOfDoubleNaN"", ""testIndexOfDoubleTolerance""]","[""testContainsDoubleNaN"", ""testIndexOfDoubleNaN"", ""testIndexOfDoubleTolerance""]",
deepseek-v4-pro,78,ok,/home/lpy/workspace/misc/course/Introduction-to-Software-Testing/artifacts/sample_runs/deepseek-v4-pro/cand078_54e63005446a,54e63005446a2b0a4255ba16838122c5808ef886,[LANG-1141] StrLookup for system properties now sees updated values.,src/test/java/org/apache/commons/lang3/text/StrLookupTest.java,6,6,6,1.0000,2,2,2,1.0000,1,1,1,1.0000,0,0,0,1.0000,17,17,1.0000,"{""assertEquals"": 16, ""fail"": 1}","{""assertEquals"": 16, ""fail"": 1}",1.0000,0,0,"[""testSystemPropertiesLookupReplacedProperties"", ""testSystemPropertiesLookupUpdatedProperty""]","[""testSystemPropertiesLookupReplacedProperties"", ""testSystemPropertiesLookupUpdatedProperty""]","[""testSystemPropertiesLookupNotSingleton""]","[""testSystemPropertiesLookupNotSingleton""]",[],[],
deepseek-v4-pro,79,ok,/home/lpy/workspace/misc/course/Introduction-to-Software-Testing/artifacts/sample_runs/deepseek-v4-pro/cand079_54ff33b2ad26,54ff33b2ad26e3969cc59d7f2723563dee3e37dc,LANG-1151: Performance improvements for NumberUtils.isParsable (closes #99),src/test/java/org/apache/commons/lang3/math/NumberUtilsTest.java,95,95,95,1.0000,0,0,0,1.0000,0,0,0,1.0000,1,1,1,1.0000,517,517,1.0000,"{""assertEquals"": 204, ""assertFalse"": 18, ""assertNotNull"": 2, ""assertTrue"": 284, ""fail"": 9}","{""assertEquals"": 204, ""assertFalse"": 18, ""assertNotNull"": 2, ""assertTrue"": 284, ""fail"": 9}",1.0000,32,32,[],[],[],[],"[""testIsParsable""]","[""testIsParsable""]",
deepseek-v4-pro,80,ok,/home/lpy/workspace/misc/course/Introduction-to-Software-Testing/artifacts/sample_runs/deepseek-v4-pro/cand080_55a2a03aa308,55a2a03aa30836c814b9c2d50d5081a52f01d83c,[LANG-1177] Added indexesOf methods and simplified removeAllOccurences (#471),src/test/java/org/apache/commons/lang3/ArrayUtilsTest.java,328,328,328,1.0000,20,20,20,1.0000,0,0,0,1.0000,0,0,0,1.0000,1950,1950,1.0000,"{""assertArrayEquals"": 100, ""assertEquals"": 1187, ""assertFalse"": 200, ""assertIsEquals"": 9, ""assertNotEquals"": 1, ""assertNotNull"": 2, ""assertNotSame"": 30, ""assertNull"": 80, ""assertSame"": 71, ""assertThrows"": 19, ""assertTrue"": 251}","{""assertArrayEquals"": 100, ""assertEquals"": 1187, ""assertFalse"": 200, ""assertIsEquals"": 9, ""assertNotEquals"": 1, ""assertNotNull"": 2, ""assertNotSame"": 30, ""assertNull"": 80, ""assertSame"": 71, ""assertThrows"": 19, ""assertTrue"": 251}",1.0000,19,19,"[""testIndexesOf"", ""testIndexesOfBoolean"", ""testIndexesOfBooleanWithStartIndex"", ""testIndexesOfByte"", ""testIndexesOfByteWithStartIndex"", ""testIndexesOfChar"", ""testIndexesOfCharWithStartIndex"", ""testIndexesOfDouble"", ""testIndexesOfDoubleTolerance"", ""testIndexesOfDoubleWithStartIndex"", ""testIndexesOfDoubleWithStartIndexTolerance"", ""testIndexesOfFloat"", ""testIndexesOfFloatWithStartIndex"", ""testIndexesOfIntWithStartIndex"", ""testIndexesOfLong"", ""testIndexesOfLongWithStartIndex"", ""testIndexesOfShort"", ""testIndexesOfShortWithStartIndex"", ""testIndexesOfWithStartIndex"", ""textIndexesOfInt""]","[""testIndexesOf"", ""testIndexesOfBoolean"", ""testIndexesOfBooleanWithStartIndex"", ""testIndexesOfByte"", ""testIndexesOfByteWithStartIndex"", ""testIndexesOfChar"", ""testIndexesOfCharWithStartIndex"", ""testIndexesOfDouble"", ""testIndexesOfDoubleTolerance"", ""testIndexesOfDoubleWithStartIndex"", ""testIndexesOfDoubleWithStartIndexTolerance"", ""testIndexesOfFloat"", ""testIndexesOfFloatWithStartIndex"", ""testIndexesOfIntWithStartIndex"", ""testIndexesOfLong"", ""testIndexesOfLongWithStartIndex"", ""testIndexesOfShort"", ""testIndexesOfShortWithStartIndex"", ""testIndexesOfWithStartIndex"", ""textIndexesOfInt""]",[],[],[],[],
deepseek-v4-pro,81,ok,/home/lpy/workspace/misc/course/Introduction-to-Software-Testing/artifacts/sample_runs/deepseek-v4-pro/cand081_5689c91cf2a3,5689c91cf2a3a27f0a3a8a362857f2cf0919d4f6,"Add DurationUtils.isPositive(Duration) and toDuration(long,TimeUnit).",src/test/java/org/apache/commons/lang3/time/DurationUtilsTest.java,4,4,4,1.0000,2,2,2,1.0000,0,0,0,1.0000,0,0,0,1.0000,34,34,1.0000,"{""assertEquals"": 31, ""assertFalse"": 2, ""assertTrue"": 1}","{""assertEquals"": 31, ""assertFalse"": 2, ""assertTrue"": 1}",1.0000,0,0,"[""testIsPositive"", ""testToDuration""]","[""testIsPositive"", ""testToDuration""]",[],[],[],[],
deepseek-v4-pro,82,ok,/home/lpy/workspace/misc/course/Introduction-to-Software-Testing/artifacts/sample_runs/deepseek-v4-pro/cand082_5713c6c42e43,5713c6c42e43977df17a7a6c0d39a8ff4f4540b6,Bugfix/class utils to canonical name length check (#1495),src/test/java/org/apache/commons/lang3/ClassUtilsTest.java,70,70,70,1.0000,2,2,2,1.0000,0,0,0,1.0000,1,1,1,1.0000,844,844,1.0000,"{""assertArrayEquals"": 10, ""assertEquals"": 397, ""assertFalse"": 171, ""assertGetClassReturnsClass"": 19, ""assertGetClassThrowsClassNotFound"": 10, ""assertGetClassThrowsException"": 3, ""assertGetClassThrowsNullPointerException"": 2, ""assertIllegalArgumentException"": 3, ""assertNotNull"": 2, ""assertNotSame"": 1, ""assertNull"": 18, ""assertSame"": 3, ""assertThrows"": 24, ""assertTrue"": 180, ""fail"": 1}","{""assertArrayEquals"": 10, ""assertEquals"": 397, ""assertFalse"": 171, ""assertGetClassReturnsClass"": 19, ""assertGetClassThrowsClassNotFound"": 10, ""assertGetClassThrowsException"": 3, ""assertGetClassThrowsNullPointerException"": 2, ""assertIllegalArgumentException"": 3, ""assertNotNull"": 2, ""assertNotSame"": 1, ""assertNull"": 18, ""assertSame"": 3, ""assertThrows"": 24, ""assertTrue"": 180, ""fail"": 1}",1.0000,24,24,"[""testGetClassLengthIllegal"", ""testGetClassLongestCheck""]","[""testGetClassLengthIllegal"", ""testGetClassLongestCheck""]",[],[],"[""testGetClassByNormalNameArrays""]","[""testGetClassByNormalNameArrays""]",
deepseek-v4-pro,85,ok,/home/lpy/workspace/misc/course/Introduction-to-Software-Testing/artifacts/sample_runs/deepseek-v4-pro/cand085_5904c573ffac,5904c573ffacaa5d8836ffc2b346f400c8901ed1,NumberUtils.createNumber(String): Float shortcut can bypass exact (#1635),src/test/java/org/apache/commons/lang3/math/NumberUtilsTest.java,126,126,126,1.0000,0,0,0,1.0000,0,0,0,1.0000,4,4,4,1.0000,761,761,1.0000,"{""assertCreateNumberZero"": 7, ""assertEquals"": 554, ""assertFalse"": 25, ""assertIllegalArgumentException"": 12, ""assertInstanceOf"": 64, ""assertNotNull"": 5, ""assertNull"": 7, ""assertNullPointerException"": 12, ""assertThrows"": 18, ""assertTrue"": 57}","{""assertCreateNumberZero"": 7, ""assertEquals"": 554, ""assertFalse"": 25, ""assertIllegalArgumentException"": 12, ""assertInstanceOf"": 64, ""assertNotNull"": 5, ""assertNull"": 7, ""assertNullPointerException"": 12, ""assertThrows"": 18, ""assertTrue"": 57}",1.0000,18,18,[],[],[],[],"[""testCreateBigDecimal"", ""testCreateDouble"", ""testCreateNumber"", ""testIsCreatable""]","[""testCreateBigDecimal"", ""testCreateDouble"", ""testCreateNumber"", ""testIsCreatable""]",
deepseek-v4-pro,86,ok,/home/lpy/workspace/misc/course/Introduction-to-Software-Testing/artifacts/sample_runs/deepseek-v4-pro/cand086_5914a8e80a54,5914a8e80a547301b76bf8ef691053e4dfc901a7,TimedSemaphore.shutdown() must wake threads blocked in acquire(). (#1639),src/test/java/org/apache/commons/lang3/concurrent/TimedSemaphoreTest.java,18,18,18,1.0000,1,1,1,1.0000,0,0,0,1.0000,0,0,0,1.0000,33,33,1.0000,"{""assertEquals"": 16, ""assertFalse"": 6, ""assertIllegalArgumentException"": 1, ""assertNotNull"": 1, ""assertThrows"": 2, ""assertTimeout"": 1, ""assertTimeoutPreemptively"": 1, ""assertTrue"": 5}","{""assertEquals"": 16, ""assertFalse"": 6, ""assertIllegalArgumentException"": 1, ""assertNotNull"": 1, ""assertThrows"": 2, ""assertTimeout"": 1, ""assertTimeoutPreemptively"": 1, ""assertTrue"": 5}",1.0000,2,2,"[""testShutdownWakesBlockedAcquireThreads""]","[""testShutdownWakesBlockedAcquireThreads""]",[],[],[],[],
deepseek-v4-pro,87,ok,/home/lpy/workspace/misc/course/Introduction-to-Software-Testing/artifacts/sample_runs/deepseek-v4-pro/cand087_59d201f7be16,59d201f7be16f724e52023330258f44876e545a2,Add gets the current day of year. (#968),src/test/java/org/apache/commons/lang3/time/CalendarUtilsTest.java,6,6,6,1.0000,1,1,1,1.0000,0,0,0,1.0000,0,0,0,1.0000,30,30,1.0000,"{""assertEquals"": 30}","{""assertEquals"": 30}",1.0000,0,0,"[""testGetDayOfYear""]","[""testGetDayOfYear""]",[],[],[],[],
deepseek-v4-pro,88,ok,/home/lpy/workspace/misc/course/Introduction-to-Software-Testing/artifacts/sample_runs/deepseek-v4-pro/cand088_5aa87b52f1b3,5aa87b52f1b3f958e1c13ce3b811379ad6f71d9b,"Corrected Javadoc (mentioned in LANG-1058), added examples to unit test.",src/test/java/org/apache/commons/lang3/StringUtilsTest.java,124,124,124,1.0000,0,0,0,1.0000,0,0,0,1.0000,1,1,1,1.0000,1157,1157,1.0000,"{""assertAbbreviateWithOffset"": 21, ""assertArrayEquals"": 5, ""assertEquals"": 908, ""assertFalse"": 46, ""assertNotNull"": 2, ""assertNull"": 117, ""assertSame"": 2, ""assertTrue"": 50, ""fail"": 6}","{""assertAbbreviateWithOffset"": 21, ""assertArrayEquals"": 5, ""assertEquals"": 908, ""assertFalse"": 46, ""assertNotNull"": 2, ""assertNull"": 117, ""assertSame"": 2, ""assertTrue"": 50, ""fail"": 6}",1.0000,12,12,[],[],[],[],"[""testCaseFunctions""]","[""testCaseFunctions""]",
deepseek-v4-pro,89,ok,/home/lpy/workspace/misc/course/Introduction-to-Software-Testing/artifacts/sample_runs/deepseek-v4-pro/cand089_5b0d49b81393,5b0d49b81393c524727f9195eecbfe7610fc1f6a,LANG-1447: use isJavaVersionAtLeast in implementation,src/test/java/org/apache/commons/lang3/reflect/FieldUtilsTest.java,64,64,64,1.0000,0,0,0,1.0000,0,0,0,1.0000,4,4,4,1.0000,350,350,1.0000,"{""assertArrayEquals"": 5, ""assertEquals"": 164, ""assertFalse"": 11, ""assertNotNull"": 1, ""assertNull"": 23, ""assertThrows"": 134, ""assertTrue"": 11, ""fail"": 1}","{""assertArrayEquals"": 5, ""assertEquals"": 164, ""assertFalse"": 11, ""assertNotNull"": 1, ""assertNull"": 23, ""assertThrows"": 134, ""assertTrue"": 11, ""fail"": 1}",1.0000,134,134,[],[],[],[],"[""testRemoveFinalModifier"", ""testRemoveFinalModifierAccessNotNeeded"", ""testRemoveFinalModifierWithAccess"", ""testRemoveFinalModifierWithoutAccess""]","[""testRemoveFinalModifier"", ""testRemoveFinalModifierAccessNotNeeded"", ""testRemoveFinalModifierWithAccess"", ""testRemoveFinalModifierWithoutAccess""]",
deepseek-v4-pro,90,ok,/home/lpy/workspace/misc/course/Introduction-to-Software-Testing/artifacts/sample_runs/deepseek-v4-pro/cand090_5b6030595205,5b6030595205f5f843549f1f12a0e1037bf4a50f,Fix Javadoc @since tags,src/test/java/org/apache/commons/lang3/exception/ExceptionUtilsTest.java,60,60,60,1.0000,0,0,0,1.0000,0,0,0,1.0000,0,0,0,1.0000,289,289,1.0000,"{""assertArrayEquals"": 1, ""assertEquals"": 148, ""assertFalse"": 9, ""assertNotNull"": 1, ""assertNull"": 40, ""assertSame"": 67, ""assertThrows"": 10, ""assertTrue"": 13}","{""assertArrayEquals"": 1, ""assertEquals"": 148, ""assertFalse"": 9, ""assertNotNull"": 1, ""assertNull"": 40, ""assertSame"": 67, ""assertThrows"": 10, ""assertTrue"": 13}",1.0000,10,10,[],[],[],[],[],[],
deepseek-v4-pro,91,ok,/home/lpy/workspace/misc/course/Introduction-to-Software-Testing/artifacts/sample_runs/deepseek-v4-pro/cand091_5b7608d15499,5b7608d1549989d92dd159392c19d9ba8ce0e62e,consistent treatment for negative indices for swap method,src/test/java/org/apache/commons/lang3/ArrayUtilsTest.java,254,254,254,1.0000,0,0,0,1.0000,12,12,12,1.0000,6,6,6,1.0000,1593,1593,1.0000,"{""assertArrayEquals"": 48, ""assertEquals"": 968, ""assertFalse"": 171, ""assertIsEquals"": 9, ""assertNotNull"": 1, ""assertNotSame"": 20, ""assertNull"": 9, ""assertSame"": 71, ""assertTrue"": 280, ""fail"": 16}","{""assertArrayEquals"": 48, ""assertEquals"": 968, ""assertFalse"": 171, ""assertIsEquals"": 9, ""assertNotNull"": 1, ""assertNotSame"": 20, ""assertNull"": 9, ""assertSame"": 71, ""assertTrue"": 280, ""fail"": 16}",1.0000,2,2,[],[],"[""testSwapCharOutOfRange"", ""testSwapCharOutOfRangeLen"", ""testSwapDoubleOutOfRange"", ""testSwapDoubleOutOfRangeLen"", ""testSwapFloatOutOfRange"", ""testSwapFloatOutOfRangeLen"", ""testSwapIntOutOfRange"", ""testSwapIntOutOfRangeLen"", ""testSwapLongOutOfRange"", ""testSwapLongOutOfRangeLen"", ""testSwapObjectOutOfRange"", ""testSwapObjectOutOfRangeLen""]","[""testSwapCharOutOfRange"", ""testSwapCharOutOfRangeLen"", ""testSwapDoubleOutOfRange"", ""testSwapDoubleOutOfRangeLen"", ""testSwapFloatOutOfRange"", ""testSwapFloatOutOfRangeLen"", ""testSwapIntOutOfRange"", ""testSwapIntOutOfRangeLen"", ""testSwapLongOutOfRange"", ""testSwapLongOutOfRangeLen"", ""testSwapObjectOutOfRange"", ""testSwapObjectOutOfRangeLen""]","[""testSwapCharRange"", ""testSwapDoubleRange"", ""testSwapFloatRange"", ""testSwapIntRange"", ""testSwapLongRange"", ""testSwapObjectRange""]","[""testSwapCharRange"", ""testSwapDoubleRange"", ""testSwapFloatRange"", ""testSwapIntRange"", ""testSwapLongRange"", ""testSwapObjectRange""]",
deepseek-v4-pro,92,ok,/home/lpy/workspace/misc/course/Introduction-to-Software-Testing/artifacts/sample_runs/deepseek-v4-pro/cand092_5e9fd18a887e,5e9fd18a887eb071a42983a8c6df1ae3062f3a88,Fix cloning of array types.,src/test/java/org/apache/commons/lang3/ObjectUtilsTest.java,0,0,0,1.0000,0,0,0,1.0000,0,0,0,1.0000,0,0,0,1.0000,81,81,1.0000,"{""assertEquals"": 34, ""assertFalse"": 4, ""assertNotNull"": 2, ""assertNotSame"": 2, ""assertNull"": 8, ""assertSame"": 19, ""assertTrue"": 8, ""fail"": 4}","{""assertEquals"": 34, ""assertFalse"": 4, ""assertNotNull"": 2, ""assertNotSame"": 2, ""assertNull"": 8, ""assertSame"": 19, ""assertTrue"": 8, ""fail"": 4}",1.0000,0,0,[],[],[],[],[],[],
deepseek-v4-pro,93,ok,/home/lpy/workspace/misc/course/Introduction-to-Software-Testing/artifacts/sample_runs/deepseek-v4-pro/cand093_5fef9575646f,5fef9575646f6583fd2d9ee01368b3deefe6ce82,LANG-1195: Enhance MethodUtils to allow invocation of private methods (closes #141),src/test/java/org/apache/commons/lang3/reflect/MethodUtilsTest.java,29,29,29,1.0000,3,3,3,1.0000,0,0,0,1.0000,0,0,0,1.0000,132,132,1.0000,"{""assertArrayEquals"": 3, ""assertEquals"": 100, ""assertFalse"": 4, ""assertNotNull"": 3, ""assertNotSame"": 1, ""assertNull"": 2, ""assertSame"": 4, ""assertThat"": 3, ""assertTrue"": 5, ""fail"": 7}","{""assertArrayEquals"": 3, ""assertEquals"": 100, ""assertFalse"": 4, ""assertNotNull"": 3, ""assertNotSame"": 1, ""assertNull"": 2, ""assertSame"": 4, ""assertThat"": 3, ""assertTrue"": 5, ""fail"": 7}",1.0000,6,6,"[""testDistance"", ""testInvokeMethodForceAccessNoArgs"", ""testInvokeMethodForceAccessWithArgs""]","[""testDistance"", ""testInvokeMethodForceAccessNoArgs"", ""testInvokeMethodForceAccessWithArgs""]",[],[],[],[],
deepseek-v4-pro,94,ok,/home/lpy/workspace/misc/course/Introduction-to-Software-Testing/artifacts/sample_runs/deepseek-v4-pro/cand094_61c2d8f84931,61c2d8f849315e249ddcd0cf8b868595974fc644,[LANG-1774] Improve handling of ClassUtils.getShortCanonicalName for invalid input data (#1437),src/test/java/org/apache/commons/lang3/ClassUtilsTest.java,66,66,66,1.0000,0,0,0,1.0000,0,0,0,1.0000,1,1,1,1.0000,827,827,1.0000,"{""assertArrayEquals"": 10, ""assertEquals"": 390, ""assertFalse"": 171, ""assertGetClassReturnsClass"": 19, ""assertGetClassThrowsClassNotFound"": 10, ""assertGetClassThrowsException"": 3, ""assertGetClassThrowsNullPointerException"": 2, ""assertIllegalArgumentException"": 3, ""assertNotNull"": 1, ""assertNotSame"": 1, ""assertNull"": 18, ""assertSame"": 3, ""assertThrows"": 16, ""assertTrue"": 180}","{""assertArrayEquals"": 10, ""assertEquals"": 390, ""assertFalse"": 171, ""assertGetClassReturnsClass"": 19, ""assertGetClassThrowsClassNotFound"": 10, ""assertGetClassThrowsException"": 3, ""assertGetClassThrowsNullPointerException"": 2, ""assertIllegalArgumentException"": 3, ""assertNotNull"": 1, ""assertNotSame"": 1, ""assertNull"": 18, ""assertSame"": 3, ""assertThrows"": 16, ""assertTrue"": 180}",1.0000,16,16,[],[],[],[],"[""test_getShortCanonicalName_String""]","[""test_getShortCanonicalName_String""]",
deepseek-v4-pro,95,ok,/home/lpy/workspace/misc/course/Introduction-to-Software-Testing/artifacts/sample_runs/deepseek-v4-pro/cand095_6240a05c1291,6240a05c12914083adbe8c7c53e7e40ef42931dd,LANG-1016: NumberUtils#isParsable method(s). Apply Juan PabloSantos Rodríguez patch for handling negative numbers.,src/test/java/org/apache/commons/lang3/math/NumberUtilsTest.java,86,86,86,1.0000,0,0,0,1.0000,0,0,0,1.0000,1,1,1,1.0000,496,496,1.0000,"{""assertEquals"": 197, ""assertFalse"": 16, ""assertNotNull"": 2, ""assertTrue"": 272, ""fail"": 9}","{""assertEquals"": 197, ""assertFalse"": 16, ""assertNotNull"": 2, ""assertTrue"": 272, ""fail"": 9}",1.0000,28,28,[],[],[],[],"[""testIsParsable""]","[""testIsParsable""]",
deepseek-v4-pro,96,ok,/home/lpy/workspace/misc/course/Introduction-to-Software-Testing/artifacts/sample_runs/deepseek-v4-pro/cand096_633ce6049680,633ce604968078151e03363d5c67042af74310e3,Always return false to contains a null word,src/test/java/org/apache/commons/lang3/text/WordUtilsTest.java,13,13,13,1.0000,0,0,0,1.0000,0,0,0,1.0000,1,1,1,1.0000,203,203,1.0000,"{""assertEquals"": 185, ""assertFalse"": 14, ""assertNotNull"": 1, ""assertTrue"": 3}","{""assertEquals"": 185, ""assertFalse"": 14, ""assertNotNull"": 1, ""assertTrue"": 3}",1.0000,0,0,[],[],[],[],"[""testContainsAllWords_StringString""]","[""testContainsAllWords_StringString""]",
deepseek-v4-pro,97,ok,/home/lpy/workspace/misc/course/Introduction-to-Software-Testing/artifacts/sample_runs/deepseek-v4-pro/cand097_6363fced4b38,6363fced4b3837afb8a36ed109264b016097d8d8,Better method names.,src/test/java/org/apache/commons/lang3/concurrent/LocksTest.java,1,1,1,1.0000,0,0,0,1.0000,0,0,0,1.0000,0,0,0,1.0000,3,3,1.0000,"{""assertTrue"": 3}","{""assertTrue"": 3}",1.0000,0,0,[],[],[],[],[],[],
deepseek-v4-pro,98,ok,/home/lpy/workspace/misc/course/Introduction-to-Software-Testing/artifacts/sample_runs/deepseek-v4-pro/cand098_63f1d6b83bc1,63f1d6b83bc10a2880f5ec17a172fab284d2eff5,LANG-1055: StrSubstitutor.replaceSystemProperties does not work consistently. This fixes #43 from github. Thanks to Jonathan Baker.,src/test/java/org/apache/commons/lang3/text/StrLookupTest.java,5,5,5,1.0000,1,1,1,1.0000,0,0,0,1.0000,0,0,0,1.0000,18,18,1.0000,"{""assertEquals"": 17, ""fail"": 1}","{""assertEquals"": 17, ""fail"": 1}",1.0000,0,0,"[""testSystemPropertiesLookupNotSingleton""]","[""testSystemPropertiesLookupNotSingleton""]",[],[],[],[],
deepseek-v4-pro,99,ok,/home/lpy/workspace/misc/course/Introduction-to-Software-Testing/artifacts/sample_runs/deepseek-v4-pro/cand099_63f644daa847,63f644daa847e193d9f70791ef2337816f6409a6,[LANG-1637] Fix 2 digit week year formatting (#688),src/test/java/org/apache/commons/lang3/time/FastDatePrinterTest.java,23,23,23,1.0000,1,1,1,1.0000,0,0,0,1.0000,0,0,0,1.0000,74,74,1.0000,"{""assertEquals"": 71, ""assertNotEquals"": 1, ""assertThrows"": 1, ""assertTrue"": 1}","{""assertEquals"": 71, ""assertNotEquals"": 1, ""assertThrows"": 1, ""assertTrue"": 1}",1.0000,1,1,"[""testWeekYear""]","[""testWeekYear""]",[],[],[],[],
deepseek-v4-pro,100,ok,/home/lpy/workspace/misc/course/Introduction-to-Software-Testing/artifacts/sample_runs/deepseek-v4-pro/cand100_643302af8c0e,643302af8c0e10ed7ee1d9ca3c60fa0f61eaaf08,"Applying Chandrashekar M's patch to LANG-583, adding isNotEmpty(array) methods to ArrayUtils.",src/test/java/org/apache/commons/lang3/ArrayUtilsTest.java,0,0,0,1.0000,0,0,0,1.0000,0,0,0,1.0000,0,0,0,1.0000,964,964,1.0000,"{""assertEquals"": 722, ""assertFalse"": 18, ""assertIsEquals"": 9, ""assertNotNull"": 1, ""assertNotSame"": 1, ""assertNull"": 9, ""assertSame"": 69, ""assertTrue"": 119, ""fail"": 16}","{""assertEquals"": 722, ""assertFalse"": 18, ""assertIsEquals"": 9, ""assertNotNull"": 1, ""assertNotSame"": 1, ""assertNull"": 9, ""assertSame"": 69, ""assertTrue"": 119, ""fail"": 16}",1.0000,0,0,[],[],[],[],[],[],
deepseek-v4-pro,101,ok,/home/lpy/workspace/misc/course/Introduction-to-Software-Testing/artifacts/sample_runs/deepseek-v4-pro/cand101_65970408668e,65970408668e105fc880cb8e79e645085df7cd3b,[LANG-1754] Use getAllSuperclassesAndInterfaces() in getMatchingMethod(). (#1289),src/test/java/org/apache/commons/lang3/reflect/MethodUtilsTest.java,44,44,44,1.0000,0,0,0,1.0000,0,0,0,1.0000,1,1,1,1.0000,217,217,1.0000,"{""assertArrayEquals"": 8, ""assertEquals"": 129, ""assertFalse"": 2, ""assertNotNull"": 15, ""assertNotSame"": 1, ""assertNull"": 19, ""assertSame"": 4, ""assertThat"": 3, ""assertThrows"": 28, ""assertTrue"": 8}","{""assertArrayEquals"": 8, ""assertEquals"": 129, ""assertFalse"": 2, ""assertNotNull"": 15, ""assertNotSame"": 1, ""assertNull"": 19, ""assertSame"": 4, ""assertThat"": 3, ""assertThrows"": 28, ""assertTrue"": 8}",1.0000,28,28,[],[],[],[],"[""testGetMatchingMethod""]","[""testGetMatchingMethod""]",
deepseek-v4-pro,102,ok,/home/lpy/workspace/misc/course/Introduction-to-Software-Testing/artifacts/sample_runs/deepseek-v4-pro/cand102_695342cb1cef,695342cb1cef42f30fd1a8496f181c92b21ae82d,LANG-1287: RandomStringUtils#random can enter infinite loop if end parameter is to small (closes #211),src/test/java/org/apache/commons/lang3/RandomStringUtilsTest.java,17,17,17,1.0000,0,0,0,1.0000,0,0,0,1.0000,1,1,1,1.0000,88,88,1.0000,"{""assertEquals"": 21, ""assertFalse"": 1, ""assertNotNull"": 1, ""assertThat"": 18, ""assertTrue"": 30, ""fail"": 17}","{""assertEquals"": 21, ""assertFalse"": 1, ""assertNotNull"": 1, ""assertThat"": 18, ""assertTrue"": 30, ""fail"": 17}",1.0000,0,0,[],[],[],[],"[""testExceptions""]","[""testExceptions""]",
deepseek-v4-pro,103,ok,/home/lpy/workspace/misc/course/Introduction-to-Software-Testing/artifacts/sample_runs/deepseek-v4-pro/cand103_6996806101b6,6996806101b69a87ffcfc4fa9237c075105d722f,[LANG-1596] ArrayUtils.toPrimitive(Object) does not support boolean and other types (#607),src/test/java/org/apache/commons/lang3/ArrayUtilsTest.java,332,332,332,1.0000,1,1,1,1.0000,0,0,0,1.0000,1,1,1,1.0000,3279,3279,1.0000,"{""assertArrayEquals"": 111, ""assertEquals"": 1196, ""assertFalse"": 1010, ""assertIsEquals"": 9, ""assertNotEquals"": 1, ""assertNotNull"": 2, ""assertNotSame"": 30, ""assertNull"": 93, ""assertSame"": 71, ""assertThrows"": 19, ""assertTrue"": 737}","{""assertArrayEquals"": 111, ""assertEquals"": 1196, ""assertFalse"": 1010, ""assertIsEquals"": 9, ""assertNotEquals"": 1, ""assertNotNull"": 2, ""assertNotSame"": 30, ""assertNull"": 93, ""assertSame"": 71, ""assertThrows"": 19, ""assertTrue"": 737}",1.0000,19,19,"[""testCreatePrimitiveArrayViaObjectArray""]","[""testCreatePrimitiveArrayViaObjectArray""]",[],[],"[""testCreatePrimitiveArray""]","[""testCreatePrimitiveArray""]",
deepseek-v4-pro,104,ok,/home/lpy/workspace/misc/course/Introduction-to-Software-Testing/artifacts/sample_runs/deepseek-v4-pro/cand104_6a65b76f2ab9,6a65b76f2ab90cad2c297ff0d9f747ebb982e515,"[LANG-1723]: Throw NumberFormatException instead of IndexOutOfBoundsException in NumberUtils.getMantissa(String, int) (#1145)",src/test/java/org/apache/commons/lang3/math/NumberUtilsTest.java,114,114,114,1.0000,0,0,0,1.0000,0,0,0,1.0000,1,1,1,1.0000,681,681,1.0000,"{""assertCreateNumberZero"": 7, ""assertEquals"": 533, ""assertFalse"": 18, ""assertNotNull"": 2, ""assertNull"": 7, ""assertThrows"": 42, ""assertTrue"": 72}","{""assertCreateNumberZero"": 7, ""assertEquals"": 533, ""assertFalse"": 18, ""assertNotNull"": 2, ""assertNull"": 7, ""assertThrows"": 42, ""assertTrue"": 72}",1.0000,42,42,[],[],[],[],"[""testInvalidNumber""]","[""testInvalidNumber""]",
deepseek-v4-pro,105,ok,/home/lpy/workspace/misc/course/Introduction-to-Software-Testing/artifacts/sample_runs/deepseek-v4-pro/cand105_6b3993188e2a,6b3993188e2a6396f94461c0e7fbd5738ecaa14c,Use less confusing method name,src/test/java/org/apache/commons/lang3/BooleanUtilsTest.java,80,80,80,1.0000,9,9,9,1.0000,9,9,9,1.0000,0,0,0,1.0000,273,273,1.0000,"{""assertEquals"": 107, ""assertFalse"": 46, ""assertNotNull"": 1, ""assertSame"": 9, ""assertTrue"": 110}","{""assertEquals"": 107, ""assertFalse"": 46, ""assertNotNull"": 1, ""assertSame"": 9, ""assertTrue"": 110}",1.0000,30,30,"[""testIsExactlyOneTrue_object_emptyInput"", ""testIsExactlyOneTrue_object_nullElementInput"", ""testIsExactlyOneTrue_object_nullInput"", ""testIsExactlyOneTrue_object_validInput_2items"", ""testIsExactlyOneTrue_object_validInput_3items"", ""testIsExactlyOneTrue_primitive_emptyInput"", ""testIsExactlyOneTrue_primitive_nullInput"", ""testIsExactlyOneTrue_primitive_validInput_2items"", ""testIsExactlyOneTrue_primitive_validInput_3items""]","[""testIsExactlyOneTrue_object_emptyInput"", ""testIsExactlyOneTrue_object_nullElementInput"", ""testIsExactlyOneTrue_object_nullInput"", ""testIsExactlyOneTrue_object_validInput_2items"", ""testIsExactlyOneTrue_object_validInput_3items"", ""testIsExactlyOneTrue_primitive_emptyInput"", ""testIsExactlyOneTrue_primitive_nullInput"", ""testIsExactlyOneTrue_primitive_validInput_2items"", ""testIsExactlyOneTrue_primitive_validInput_3items""]","[""testIsOneTrue_object_emptyInput"", ""testIsOneTrue_object_nullElementInput"", ""testIsOneTrue_object_nullInput"", ""testIsOneTrue_object_validInput_2items"", ""testIsOneTrue_object_validInput_3items"", ""testIsOneTrue_primitive_emptyInput"", ""testIsOneTrue_primitive_nullInput"", ""testIsOneTrue_primitive_validInput_2items"", ""testIsOneTrue_primitive_validInput_3items""]","[""testIsOneTrue_object_emptyInput"", ""testIsOneTrue_object_nullElementInput"", ""testIsOneTrue_object_nullInput"", ""testIsOneTrue_object_validInput_2items"", ""testIsOneTrue_object_validInput_3items"", ""testIsOneTrue_primitive_emptyInput"", ""testIsOneTrue_primitive_nullInput"", ""testIsOneTrue_primitive_validInput_2items"", ""testIsOneTrue_primitive_validInput_3items""]",[],[],
deepseek-v4-pro,106,ok,/home/lpy/workspace/misc/course/Introduction-to-Software-Testing/artifacts/sample_runs/deepseek-v4-pro/cand106_6b4cb166081e,6b4cb166081e019b87cd2b5a273a1567d3aff545,Adding nullToEmpty methods to ArrayUtils per LANG-534 and Levon Karayan's patch.,src/test/java/org/apache/commons/lang3/ArrayUtilsTest.java,0,0,0,1.0000,0,0,0,1.0000,0,0,0,1.0000,0,0,0,1.0000,1036,1036,1.0000,"{""assertEquals"": 776, ""assertFalse"": 18, ""assertIsEquals"": 9, ""assertNotNull"": 1, ""assertNotSame"": 1, ""assertNull"": 9, ""assertSame"": 69, ""assertTrue"": 137, ""fail"": 16}","{""assertEquals"": 776, ""assertFalse"": 18, ""assertIsEquals"": 9, ""assertNotNull"": 1, ""assertNotSame"": 1, ""assertNull"": 9, ""assertSame"": 69, ""assertTrue"": 137, ""fail"": 16}",1.0000,0,0,[],[],[],[],[],[],
deepseek-v4-pro,107,ok,/home/lpy/workspace/misc/course/Introduction-to-Software-Testing/artifacts/sample_runs/deepseek-v4-pro/cand107_6e78b38f0555,6e78b38f055516bfef2b7b1e2b83e96a7a67f2ec,Avoid JDK-8015417 in Strings.equals(),src/test/java/org/apache/commons/lang3/StringsTest.java,6,6,6,1.0000,2,2,2,1.0000,0,0,0,1.0000,0,0,0,1.0000,15,15,1.0000,"{""assertFalse"": 6, ""assertNotNull"": 2, ""assertTrue"": 7}","{""assertFalse"": 6, ""assertNotNull"": 2, ""assertTrue"": 7}",1.0000,0,0,"[""testEqualsCharSequence"", ""testEqualsStrings""]","[""testEqualsCharSequence"", ""testEqualsStrings""]",[],[],[],[],
deepseek-v4-pro,109,ok,/home/lpy/workspace/misc/course/Introduction-to-Software-Testing/artifacts/sample_runs/deepseek-v4-pro/cand109_6f2c93ceeecc,6f2c93ceeecc48f4eca2c52345a7bf33329211c1,LANG-1721: Fix wrong number check that cause StringIndexOutOfBoundsException (#1140),src/test/java/org/apache/commons/lang3/math/NumberUtilsTest.java,114,114,114,1.0000,1,1,1,1.0000,0,0,0,1.0000,0,0,0,1.0000,680,680,1.0000,"{""assertCreateNumberZero"": 7, ""assertEquals"": 533, ""assertFalse"": 18, ""assertNotNull"": 2, ""assertNull"": 7, ""assertThrows"": 41, ""assertTrue"": 72}","{""assertCreateNumberZero"": 7, ""assertEquals"": 533, ""assertFalse"": 18, ""assertNotNull"": 2, ""assertNull"": 7, ""assertThrows"": 41, ""assertTrue"": 72}",1.0000,41,41,"[""testInvalidNumber""]","[""testInvalidNumber""]",[],[],[],[],
deepseek-v4-pro,110,ok,/home/lpy/workspace/misc/course/Introduction-to-Software-Testing/artifacts/sample_runs/deepseek-v4-pro/cand110_717ac0c7b3bd,717ac0c7b3bdf7f0714de1d4fb1308d6b6eb53f7,Set svn:keywords,src/test/java/org/apache/commons/lang3/JavaVersionTest.java,3,3,3,1.0000,0,0,0,1.0000,0,0,0,1.0000,0,0,0,1.0000,17,17,1.0000,"{""assertEquals"": 11, ""assertFalse"": 3, ""assertNull"": 1, ""assertTrue"": 2}","{""assertEquals"": 11, ""assertFalse"": 3, ""assertNull"": 1, ""assertTrue"": 2}",1.0000,0,0,[],[],[],[],[],[],
deepseek-v4-pro,112,ok,/home/lpy/workspace/misc/course/Introduction-to-Software-Testing/artifacts/sample_runs/deepseek-v4-pro/cand112_75bb10331c02,75bb10331c02d979561b5804d41641bf82192d2d,Fixing and adding DateUtils exception javadocs with new tests when needed (#871),src/test/java/org/apache/commons/lang3/time/DateUtilsTest.java,63,63,63,1.0000,0,0,0,1.0000,0,0,0,1.0000,15,15,15,1.0000,452,452,1.0000,"{""assertCalendarsEquals"": 5, ""assertDate"": 81, ""assertEquals"": 209, ""assertFalse"": 12, ""assertNotNull"": 1, ""assertNotSame"": 40, ""assertThrows"": 79, ""assertTrue"": 10, ""assertWeekIterator"": 15}","{""assertCalendarsEquals"": 5, ""assertDate"": 81, ""assertEquals"": 209, ""assertFalse"": 12, ""assertNotNull"": 1, ""assertNotSame"": 40, ""assertThrows"": 79, ""assertTrue"": 10, ""assertWeekIterator"": 15}",1.0000,79,79,[],[],[],[],"[""testAddDays"", ""testAddHours"", ""testAddMilliseconds"", ""testAddMinutes"", ""testAddMonths"", ""testAddSeconds"", ""testAddWeeks"", ""testAddYears"", ""testSetDays"", ""testSetHours"", ""testSetMilliseconds"", ""testSetMinutes"", ""testSetMonths"", ""testSetSeconds"", ""testSetYears""]","[""testAddDays"", ""testAddHours"", ""testAddMilliseconds"", ""testAddMinutes"", ""testAddMonths"", ""testAddSeconds"", ""testAddWeeks"", ""testAddYears"", ""testSetDays"", ""testSetHours"", ""testSetMilliseconds"", ""testSetMinutes"", ""testSetMonths"", ""testSetSeconds"", ""testSetYears""]",
deepseek-v4-pro,113,ok,/home/lpy/workspace/misc/course/Introduction-to-Software-Testing/artifacts/sample_runs/deepseek-v4-pro/cand113_7721302ae5d7,7721302ae5d70d2986d74ae7e7df648bf849997d,LANG-1402: refactored to return default value on negative index,src/test/java/org/apache/commons/lang3/ArrayUtilsTest.java,309,309,309,1.0000,0,0,0,1.0000,0,0,0,1.0000,1,1,1,1.0000,1806,1806,1.0000,"{""assertArrayEquals"": 57, ""assertEquals"": 1037, ""assertFalse"": 201, ""assertIsEquals"": 9, ""assertNotNull"": 2, ""assertNotSame"": 20, ""assertNull"": 82, ""assertSame"": 71, ""assertTrue"": 310, ""fail"": 17}","{""assertArrayEquals"": 57, ""assertEquals"": 1037, ""assertFalse"": 201, ""assertIsEquals"": 9, ""assertNotNull"": 2, ""assertNotSame"": 20, ""assertNull"": 82, ""assertSame"": 71, ""assertTrue"": 310, ""fail"": 17}",1.0000,2,2,[],[],[],[],"[""testGet""]","[""testGet""]",
deepseek-v4-pro,114,ok,/home/lpy/workspace/misc/course/Introduction-to-Software-Testing/artifacts/sample_runs/deepseek-v4-pro/cand114_78ce2d79f2b1,78ce2d79f2b1341bfc366b1fde487d960493a08a,More precise exceptions,src/test/java/org/apache/commons/lang3/event/EventListenerSupportTest.java,10,10,10,1.0000,0,0,0,1.0000,0,0,0,1.0000,1,1,1,1.0000,25,25,1.0000,"{""assertEquals"": 15, ""assertSame"": 6, ""assertThrows"": 4}","{""assertEquals"": 15, ""assertSame"": 6, ""assertThrows"": 4}",1.0000,4,4,[],[],[],[],"[""testSubclassInvocationHandling""]","[""testSubclassInvocationHandling""]",
deepseek-v4-pro,115,ok,/home/lpy/workspace/misc/course/Introduction-to-Software-Testing/artifacts/sample_runs/deepseek-v4-pro/cand115_78e2f4c1223d,78e2f4c1223d45db3c5f7c20bf51586fbb566948,"LANG-1059 Capitalize javadoc is incorrect Add test to show that first character is upcased, not the first (alphabetic) letter that is found",src/test/java/org/apache/commons/lang3/StringUtilsTest.java,132,132,132,1.0000,0,0,0,1.0000,0,0,0,1.0000,1,1,1,1.0000,1183,1183,1.0000,"{""assertAbbreviateWithOffset"": 21, ""assertArrayEquals"": 5, ""assertEquals"": 933, ""assertFalse"": 46, ""assertNotNull"": 2, ""assertNull"": 118, ""assertSame"": 2, ""assertTrue"": 50, ""fail"": 6}","{""assertAbbreviateWithOffset"": 21, ""assertArrayEquals"": 5, ""assertEquals"": 933, ""assertFalse"": 46, ""assertNotNull"": 2, ""assertNull"": 118, ""assertSame"": 2, ""assertTrue"": 50, ""fail"": 6}",1.0000,13,13,[],[],[],[],"[""testCapitalize""]","[""testCapitalize""]",
deepseek-v4-pro,116,ok,/home/lpy/workspace/misc/course/Introduction-to-Software-Testing/artifacts/sample_runs/deepseek-v4-pro/cand116_7cc1ac1c30d9,7cc1ac1c30d9ad2b285d11ed26b121e1f794e57e,ClassUtils now throws `IllegalArgumentException` when array is greater than JVM spec limit (255) (#1494),src/test/java/org/apache/commons/lang3/ClassUtilsTest.java,68,68,68,1.0000,3,3,3,1.0000,1,1,1,1.0000,0,0,0,1.0000,835,835,1.0000,"{""assertArrayEquals"": 10, ""assertEquals"": 395, ""assertFalse"": 171, ""assertGetClassReturnsClass"": 19, ""assertGetClassThrowsClassNotFound"": 10, ""assertGetClassThrowsException"": 3, ""assertGetClassThrowsNullPointerException"": 2, ""assertIllegalArgumentException"": 3, ""assertNotNull"": 1, ""assertNotSame"": 1, ""assertNull"": 18, ""assertSame"": 3, ""assertThrows"": 18, ""assertTrue"": 180, ""fail"": 1}","{""assertArrayEquals"": 10, ""assertEquals"": 395, ""assertFalse"": 171, ""assertGetClassReturnsClass"": 19, ""assertGetClassThrowsClassNotFound"": 10, ""assertGetClassThrowsException"": 3, ""assertGetClassThrowsNullPointerException"": 2, ""assertIllegalArgumentException"": 3, ""assertNotNull"": 1, ""assertNotSame"": 1, ""assertNull"": 18, ""assertSame"": 3, ""assertThrows"": 18, ""assertTrue"": 180, ""fail"": 1}",1.0000,18,18,"[""testGetClassArray"", ""testGetClassArrayIllegal"", ""testGetClassInner""]","[""testGetClassArray"", ""testGetClassArrayIllegal"", ""testGetClassInner""]","[""testGetInnerClass""]","[""testGetInnerClass""]",[],[],
deepseek-v4-pro,117,ok,/home/lpy/workspace/misc/course/Introduction-to-Software-Testing/artifacts/sample_runs/deepseek-v4-pro/cand117_7d061e33e59e,7d061e33e59e23dc4b03378f35f50a7d70f033b3,LANG-1370 Fix EventCountCircuitBreaker increment batch,src/test/java/org/apache/commons/lang3/concurrent/EventCountCircuitBreakerTest.java,18,18,18,1.0000,1,1,1,1.0000,0,0,0,1.0000,0,0,0,1.0000,35,35,1.0000,"{""assertArrayEquals"": 1, ""assertEquals"": 7, ""assertFalse"": 9, ""assertNotEquals"": 1, ""assertTrue"": 17}","{""assertArrayEquals"": 1, ""assertEquals"": 7, ""assertFalse"": 9, ""assertNotEquals"": 1, ""assertTrue"": 17}",1.0000,0,0,"[""testOpeningWhenThresholdReachedThroughBatch""]","[""testOpeningWhenThresholdReachedThroughBatch""]",[],[],[],[],
deepseek-v4-pro,118,ok,/home/lpy/workspace/misc/course/Introduction-to-Software-Testing/artifacts/sample_runs/deepseek-v4-pro/cand118_7d7e8af45032,7d7e8af45032f1f3a29a18888cd3b0ca6085a156,Better common primitives as getters,src/test/java/org/apache/commons/lang3/SystemPropertiesTest.java,46,46,46,1.0000,0,0,0,1.0000,0,0,0,1.0000,3,3,3,1.0000,60,60,1.0000,"{""assertDoesNotThrow"": 5, ""assertEquals"": 12, ""assertNotNull"": 34, ""assertNull"": 9}","{""assertDoesNotThrow"": 5, ""assertEquals"": 12, ""assertNotNull"": 34, ""assertNull"": 9}",1.0000,0,0,[],[],[],[],"[""testGetBoolean"", ""testGetInt"", ""testGetLong""]","[""testGetBoolean"", ""testGetInt"", ""testGetLong""]",
deepseek-v4-pro,119,ok,/home/lpy/workspace/misc/course/Introduction-to-Software-Testing/artifacts/sample_runs/deepseek-v4-pro/cand119_7db3e126dd48,7db3e126dd480698eb523e72e8dc4e5ed7e7a5c7,Add ArrayFill.clear(char[]|byte[]) (#1667),src/test/java/org/apache/commons/lang3/ArrayFillTest.java,23,23,23,1.0000,4,4,4,1.0000,0,0,0,1.0000,0,0,0,1.0000,39,39,1.0000,"{""assertArrayEquals"": 3, ""assertEquals"": 12, ""assertNull"": 1, ""assertSame"": 23}","{""assertArrayEquals"": 3, ""assertEquals"": 12, ""assertNull"": 1, ""assertSame"": 23}",1.0000,0,0,"[""testClearByteArray"", ""testClearByteArrayNull"", ""testClearCharArray"", ""testClearCharArrayNull""]","[""testClearByteArray"", ""testClearByteArrayNull"", ""testClearCharArray"", ""testClearCharArrayNull""]",[],[],[],[],
deepseek-v4-pro,120,ok,/home/lpy/workspace/misc/course/Introduction-to-Software-Testing/artifacts/sample_runs/deepseek-v4-pro/cand120_7e0d6dbd2a65,7e0d6dbd2a65d8b36a4c9042565d06af34d489a0,Improve container detection by mimicing systemd (#1323),src/test/java/org/apache/commons/lang3/RuntimeEnvironmentTest.java,1,1,1,1.0000,0,0,0,1.0000,0,0,0,1.0000,1,1,1,1.0000,1,1,1.0000,"{""assertEquals"": 1}","{""assertEquals"": 1}",1.0000,0,0,[],[],[],[],"[""testIsContainer""]","[""testIsContainer""]",
deepseek-v4-pro,121,ok,/home/lpy/workspace/misc/course/Introduction-to-Software-Testing/artifacts/sample_runs/deepseek-v4-pro/cand121_7f7d4b881d78,7f7d4b881d78dcb8d5a0149965f934df268919d7,Handle error messages with special characters.,src/test/java/org/apache/commons/lang3/ValidateTest.java,93,93,93,1.0000,1,1,1,1.0000,0,0,0,1.0000,0,0,0,1.0000,254,252,1.0079,"{""assertEquals"": 114, ""assertFalse"": 1, ""assertNotNull"": 1, ""assertSame"": 22, ""assertThrows"": 115, ""assertTrue"": 1}","{""assertEquals"": 113, ""assertFalse"": 1, ""assertNotNull"": 1, ""assertSame"": 22, ""assertThrows"": 114, ""assertTrue"": 1}",1.0000,115,114,"[""shouldThrowExceptionWithGivenMessageContainingSpecialCharacterForFalseExpression""]","[""shouldThrowExceptionWithGivenMessageContainingSpecialCharacterForFalseExpression""]",[],[],[],[],
deepseek-v4-pro,123,ok,/home/lpy/workspace/misc/course/Introduction-to-Software-Testing/artifacts/sample_runs/deepseek-v4-pro/cand123_8089a0c2d320,8089a0c2d3207ed26531f877352336baf1c6c5bb,"[LANG-1806] NumberUtils.isParsable(""1.f"") should return true (#1560)",src/test/java/org/apache/commons/lang3/math/NumberUtilsTest.java,125,125,125,1.0000,5,5,5,1.0000,1,1,1,1.0000,2,2,2,1.0000,735,735,1.0000,"{""assertCreateNumberZero"": 7, ""assertEquals"": 551, ""assertFalse"": 25, ""assertIllegalArgumentException"": 12, ""assertInstanceOf"": 41, ""assertNotNull"": 5, ""assertNull"": 7, ""assertNullPointerException"": 12, ""assertThrows"": 18, ""assertTrue"": 57}","{""assertCreateNumberZero"": 7, ""assertEquals"": 551, ""assertFalse"": 25, ""assertIllegalArgumentException"": 12, ""assertInstanceOf"": 41, ""assertNotNull"": 5, ""assertNull"": 7, ""assertNullPointerException"": 12, ""assertThrows"": 18, ""assertTrue"": 57}",1.0000,18,18,"[""testIsParsableDoubleTrue"", ""testIsParsableFalse"", ""testIsParsableFloatTrue"", ""testIsParsableNull"", ""testIsParsableTrue""]","[""testIsParsableDoubleTrue"", ""testIsParsableFalse"", ""testIsParsableFloatTrue"", ""testIsParsableNull"", ""testIsParsableTrue""]","[""testIsParsable""]","[""testIsParsable""]","[""testLang1729IsParsableDouble"", ""testLang1729IsParsableFloat""]","[""testLang1729IsParsableDouble"", ""testLang1729IsParsableFloat""]",
deepseek-v4-pro,124,ok,/home/lpy/workspace/misc/course/Introduction-to-Software-Testing/artifacts/sample_runs/deepseek-v4-pro/cand124_809e2bed22f0,809e2bed22f02264e0ac58bba070f6d84386cfc5,[LANG-1275] Added a tryAcquire() method to TimedSemaphore.,src/test/java/org/apache/commons/lang3/concurrent/TimedSemaphoreTest.java,17,17,17,1.0000,2,2,2,1.0000,0,0,0,1.0000,0,0,0,1.0000,27,27,1.0000,"{""assertEquals"": 16, ""assertFalse"": 4, ""assertNotNull"": 1, ""assertTrue"": 5, ""fail"": 1}","{""assertEquals"": 16, ""assertFalse"": 4, ""assertNotNull"": 1, ""assertTrue"": 5, ""fail"": 1}",1.0000,3,3,"[""testTryAcquire"", ""testTryAcquireAfterShutdown""]","[""testTryAcquire"", ""testTryAcquireAfterShutdown""]",[],[],[],[],
deepseek-v4-pro,125,ok,/home/lpy/workspace/misc/course/Introduction-to-Software-Testing/artifacts/sample_runs/deepseek-v4-pro/cand125_8252b04a4572,8252b04a45722648ce2225853de9882b3b0de034,[LANG-613] ConstructorUtils.getAccessibleConstructor() Does Not Check the Accessibility of Enclosing Classes,src/test/java/org/apache/commons/lang3/reflect/ConstructorUtilsTest.java,7,7,7,1.0000,0,0,0,1.0000,0,0,0,1.0000,1,1,1,1.0000,26,26,1.0000,"{""assertEquals"": 16, ""assertNotNull"": 3, ""assertNull"": 3, ""assertTrue"": 1, ""fail"": 3}","{""assertEquals"": 16, ""assertNotNull"": 3, ""assertNull"": 3, ""assertTrue"": 1, ""fail"": 3}",1.0000,0,0,[],[],[],[],"[""testGetAccessibleConstructor""]","[""testGetAccessibleConstructor""]",
deepseek-v4-pro,126,ok,/home/lpy/workspace/misc/course/Introduction-to-Software-Testing/artifacts/sample_runs/deepseek-v4-pro/cand126_83dd32b901de,83dd32b901dea25a571adcd6a976464c8a36601c,Adding Streams.toArray,src/test/java/org/apache/commons/lang3/StreamsTest.java,7,7,7,1.0000,1,1,1,1.0000,0,0,0,1.0000,0,0,0,1.0000,28,28,1.0000,"{""assertEquals"": 11, ""assertEvenNumbers"": 3, ""assertNotNull"": 1, ""assertSame"": 6, ""fail"": 7}","{""assertEquals"": 11, ""assertEvenNumbers"": 3, ""assertNotNull"": 1, ""assertSame"": 6, ""fail"": 7}",1.0000,0,0,"[""testToArray""]","[""testToArray""]",[],[],[],[],
deepseek-v4-pro,127,ok,/home/lpy/workspace/misc/course/Introduction-to-Software-Testing/artifacts/sample_runs/deepseek-v4-pro/cand127_85959a457076,85959a457076b740380c4d6f3d83098edd17a9e7,Syntax for optional tokens in DurationFormatUtils (#1062),src/test/java/org/apache/commons/lang3/time/DurationFormatUtilsTest.java,25,32,25,0.7812,0,7,0,0.0000,0,0,0,1.0000,1,1,1,1.0000,183,217,0.8433,"{""assertArrayEquals"": 3, ""assertEqualDuration"": 38, ""assertEquals"": 128, ""assertFalse"": 1, ""assertNotEquals"": 3, ""assertNotNull"": 1, ""assertThrows"": 7, ""assertTrue"": 2}","{""assertArrayEquals"": 3, ""assertEqualDuration"": 38, ""assertEquals"": 159, ""assertFalse"": 1, ""assertNotEquals"": 3, ""assertNotNull"": 1, ""assertThrows"": 10, ""assertTrue"": 2}",1.0000,7,10,[],"[""testAlternatingLiteralOptionals"", ""testEmptyOptionals"", ""testLiteralPrefixOptionalToken"", ""testMultipleOptionalBlocks"", ""testOptionalLiteralSpecialCharacters"", ""testOptionalToken"", ""testUnmatchedOptionalTokens""]",[],[],"[""testLexx""]","[""testLexx""]",
deepseek-v4-pro,128,ok,/home/lpy/workspace/misc/course/Introduction-to-Software-Testing/artifacts/sample_runs/deepseek-v4-pro/cand128_87937b2e7192,87937b2e7192524306aa58d74c90537eec997cfa,[LANG-1290] StringUtils.join() with support for List<?> with configurable start/end indices.,src/test/java/org/apache/commons/lang3/StringUtilsTest.java,145,145,145,1.0000,1,1,1,1.0000,0,0,0,1.0000,0,0,0,1.0000,1542,1542,1.0000,"{""assertAbbreviateWithAbbrevMarkerAndOffset"": 21, ""assertAbbreviateWithOffset"": 21, ""assertArrayEquals"": 8, ""assertEquals"": 1195, ""assertFalse"": 30, ""assertNotNull"": 2, ""assertNull"": 173, ""assertSame"": 3, ""assertTrue"": 53, ""fail"": 36}","{""assertAbbreviateWithAbbrevMarkerAndOffset"": 21, ""assertAbbreviateWithOffset"": 21, ""assertArrayEquals"": 8, ""assertEquals"": 1195, ""assertFalse"": 30, ""assertNotNull"": 2, ""assertNull"": 173, ""assertSame"": 3, ""assertTrue"": 53, ""fail"": 36}",1.0000,13,13,"[""testJoin_List""]","[""testJoin_List""]",[],[],[],[],
deepseek-v4-pro,129,ok,/home/lpy/workspace/misc/course/Introduction-to-Software-Testing/artifacts/sample_runs/deepseek-v4-pro/cand129_8d6bc0ca625f,8d6bc0ca625f3a1a98b486541fa613b2fac4b41c,LANG-1018: Fix precision loss on NumberUtils.createNumber(String) (closes #156),src/test/java/org/apache/commons/lang3/math/NumberUtilsTest.java,95,95,95,1.0000,0,0,0,1.0000,0,0,0,1.0000,1,1,1,1.0000,518,518,1.0000,"{""assertEquals"": 205, ""assertFalse"": 18, ""assertNotNull"": 2, ""assertTrue"": 284, ""fail"": 9}","{""assertEquals"": 205, ""assertFalse"": 18, ""assertNotNull"": 2, ""assertTrue"": 284, ""fail"": 9}",1.0000,32,32,[],[],[],[],"[""testCreateNumber""]","[""testCreateNumber""]",
deepseek-v4-pro,130,ok,/home/lpy/workspace/misc/course/Introduction-to-Software-Testing/artifacts/sample_runs/deepseek-v4-pro/cand130_8d95ae41975a,8d95ae41975a2307501aa0f4a7eba296c59edce9,LANG-1258: Add ArrayUtils#toStringArray(Object[]) method,src/test/java/org/apache/commons/lang3/ArrayUtilsTest.java,257,257,257,1.0000,1,1,1,1.0000,0,0,0,1.0000,0,0,0,1.0000,1607,1607,1.0000,"{""assertArrayEquals"": 54, ""assertEquals"": 973, ""assertFalse"": 171, ""assertIsEquals"": 9, ""assertNotNull"": 1, ""assertNotSame"": 20, ""assertNull"": 11, ""assertSame"": 71, ""assertTrue"": 281, ""fail"": 16}","{""assertArrayEquals"": 54, ""assertEquals"": 973, ""assertFalse"": 171, ""assertIsEquals"": 9, ""assertNotNull"": 1, ""assertNotSame"": 20, ""assertNull"": 11, ""assertSame"": 71, ""assertTrue"": 281, ""fail"": 16}",1.0000,2,2,"[""testToStringArray""]","[""testToStringArray""]",[],[],[],[],
deepseek-v4-pro,132,ok,/home/lpy/workspace/misc/course/Introduction-to-Software-Testing/artifacts/sample_runs/deepseek-v4-pro/cand132_8f675dd3cbfb,8f675dd3cbfb8f552bdbbe1cfc646ba5b367983b,[LANG-587] avoid NPE in ClassUtils.toClass(Object[]),src/test/java/org/apache/commons/lang3/ClassUtilsTest.java,0,0,0,1.0000,0,0,0,1.0000,0,0,0,1.0000,0,0,0,1.0000,525,525,1.0000,"{""assertEquals"": 215, ""assertFalse"": 148, ""assertGetClassReturnsClass"": 19, ""assertGetClassThrowsClassNotFound"": 10, ""assertGetClassThrowsException"": 3, ""assertGetClassThrowsNullPointerException"": 2, ""assertNotNull"": 1, ""assertNotSame"": 1, ""assertNull"": 6, ""assertSame"": 1, ""assertTrue"": 114, ""fail"": 5}","{""assertEquals"": 215, ""assertFalse"": 148, ""assertGetClassReturnsClass"": 19, ""assertGetClassThrowsClassNotFound"": 10, ""assertGetClassThrowsException"": 3, ""assertGetClassThrowsNullPointerException"": 2, ""assertNotNull"": 1, ""assertNotSame"": 1, ""assertNull"": 6, ""assertSame"": 1, ""assertTrue"": 114, ""fail"": 5}",1.0000,0,0,[],[],[],[],[],[],
deepseek-v4-pro,133,ok,/home/lpy/workspace/misc/course/Introduction-to-Software-Testing/artifacts/sample_runs/deepseek-v4-pro/cand133_8f8cc04e6550,8f8cc04e65506fbe79bbc5efa6f7d44d65f0dbf1,[LANG-1700] Improve handling of parameterized types and variable unrolling (#1549),src/test/java/org/apache/commons/lang3/reflect/TypeUtilsTest.java,53,53,53,1.0000,1,1,1,1.0000,0,0,0,1.0000,0,0,0,1.0000,383,383,1.0000,"{""assertArrayEquals"": 4, ""assertEquals"": 81, ""assertFalse"": 111, ""assertIllegalArgumentException"": 1, ""assertNotEquals"": 5, ""assertNotNull"": 2, ""assertNull"": 20, ""assertNullPointerException"": 13, ""assertTrue"": 146}","{""assertArrayEquals"": 4, ""assertEquals"": 81, ""assertFalse"": 111, ""assertIllegalArgumentException"": 1, ""assertNotEquals"": 5, ""assertNotNull"": 2, ""assertNull"": 20, ""assertNullPointerException"": 13, ""assertTrue"": 146}",1.0000,0,0,"[""test_LANG_1700""]","[""test_LANG_1700""]",[],[],[],[],
deepseek-v4-pro,135,ok,/home/lpy/workspace/misc/course/Introduction-to-Software-Testing/artifacts/sample_runs/deepseek-v4-pro/cand135_929df5d5c00a,929df5d5c00a92ce540ff087ead4a6adc7bab366,Conversion.hexTo*() methods now throw IllegalArgumentException instead of StringIndexOutOfBoundsException,src/test/java/org/apache/commons/lang3/ConversionTest.java,44,44,44,1.0000,0,0,0,1.0000,0,0,0,1.0000,4,4,4,1.0000,577,577,1.0000,"{""assertArrayEquals"": 209, ""assertEquals"": 350, ""assertIllegalArgumentException"": 9, ""assertIndexOutOfBoundsException"": 1, ""assertThrows"": 8}","{""assertArrayEquals"": 209, ""assertEquals"": 350, ""assertIllegalArgumentException"": 9, ""assertIndexOutOfBoundsException"": 1, ""assertThrows"": 8}",1.0000,8,8,[],[],[],[],"[""testHexToByte"", ""testHexToInt"", ""testHexToLong"", ""testHexToShort""]","[""testHexToByte"", ""testHexToInt"", ""testHexToLong"", ""testHexToShort""]",
deepseek-v4-pro,136,ok,/home/lpy/workspace/misc/course/Introduction-to-Software-Testing/artifacts/sample_runs/deepseek-v4-pro/cand136_92d6be66ff13,92d6be66ff13ff452a06f8e2b7d4cc4b056e74dd,Whitespace and lambda clean ups.,src/test/java/org/apache/commons/lang3/concurrent/locks/LockingVisitorsTest.java,5,5,5,1.0000,0,0,0,1.0000,0,0,0,1.0000,1,1,1,1.0000,9,9,1.0000,"{""assertNotNull"": 2, ""assertNotSame"": 2, ""assertTrue"": 5}","{""assertNotNull"": 2, ""assertNotSame"": 2, ""assertTrue"": 5}",1.0000,0,0,[],[],[],[],"[""testResultValidation""]","[""testResultValidation""]",
deepseek-v4-pro,137,ok,/home/lpy/workspace/misc/course/Introduction-to-Software-Testing/artifacts/sample_runs/deepseek-v4-pro/cand137_9379d0d36acd,9379d0d36acdf78455e81518b3b1476c7691f056,LANG-1402: added get methods to ArrayUtils,src/test/java/org/apache/commons/lang3/ArrayUtilsTest.java,308,308,308,1.0000,1,1,1,1.0000,0,0,0,1.0000,0,0,0,1.0000,1802,1802,1.0000,"{""assertArrayEquals"": 57, ""assertEquals"": 1037, ""assertFalse"": 198, ""assertIsEquals"": 9, ""assertNotNull"": 2, ""assertNotSame"": 20, ""assertNull"": 82, ""assertSame"": 71, ""assertTrue"": 309, ""fail"": 17}","{""assertArrayEquals"": 57, ""assertEquals"": 1037, ""assertFalse"": 198, ""assertIsEquals"": 9, ""assertNotNull"": 2, ""assertNotSame"": 20, ""assertNull"": 82, ""assertSame"": 71, ""assertTrue"": 309, ""fail"": 17}",1.0000,2,2,"[""testGet""]","[""testGet""]",[],[],[],[],
deepseek-v4-pro,138,ok,/home/lpy/workspace/misc/course/Introduction-to-Software-Testing/artifacts/sample_runs/deepseek-v4-pro/cand138_96235eaae06c,96235eaae06c8b74ac24dc5814b4f4c6b6541ead,"Applying Alexander Muthmann's patch from LANG-848, adding isBlank/isEmpty CharSequence... variants",src/test/java/org/apache/commons/lang3/StringUtilsTest.java,108,108,108,1.0000,8,8,8,1.0000,0,0,0,1.0000,0,0,0,1.0000,1098,1098,1.0000,"{""assertAbbreviateWithOffset"": 21, ""assertArrayEquals"": 13, ""assertEquals"": 942, ""assertFalse"": 34, ""assertNotNull"": 2, ""assertNull"": 25, ""assertSame"": 2, ""assertTrue"": 48, ""fail"": 11}","{""assertAbbreviateWithOffset"": 21, ""assertArrayEquals"": 13, ""assertEquals"": 942, ""assertFalse"": 34, ""assertNotNull"": 2, ""assertNull"": 25, ""assertSame"": 2, ""assertTrue"": 48, ""fail"": 11}",1.0000,0,0,"[""testisAnyBlank"", ""testisAnyEmpty"", ""testisBlank"", ""testisEmpty"", ""testisNoneBlank"", ""testisNoneEmpty"", ""testisNotBlank"", ""testisNotEmpty""]","[""testisAnyBlank"", ""testisAnyEmpty"", ""testisBlank"", ""testisEmpty"", ""testisNoneBlank"", ""testisNoneEmpty"", ""testisNotBlank"", ""testisNotEmpty""]",[],[],[],[],
deepseek-v4-pro,139,ok,/home/lpy/workspace/misc/course/Introduction-to-Software-Testing/artifacts/sample_runs/deepseek-v4-pro/cand139_96a8969c1330,96a8969c13305dfe787847a84e362e66461428e7,Remove trailing white space.,src/test/java/org/apache/commons/lang3/ArrayUtilsTest.java,331,331,331,1.0000,0,0,0,1.0000,0,0,0,1.0000,0,0,0,1.0000,3267,3267,1.0000,"{""assertArrayEquals"": 100, ""assertEquals"": 1196, ""assertFalse"": 1010, ""assertIsEquals"": 9, ""assertNotEquals"": 1, ""assertNotNull"": 2, ""assertNotSame"": 30, ""assertNull"": 92, ""assertSame"": 71, ""assertThrows"": 19, ""assertTrue"": 737}","{""assertArrayEquals"": 100, ""assertEquals"": 1196, ""assertFalse"": 1010, ""assertIsEquals"": 9, ""assertNotEquals"": 1, ""assertNotNull"": 2, ""assertNotSame"": 30, ""assertNull"": 92, ""assertSame"": 71, ""assertThrows"": 19, ""assertTrue"": 737}",1.0000,19,19,[],[],[],[],[],[],
deepseek-v4-pro,140,ok,/home/lpy/workspace/misc/course/Introduction-to-Software-Testing/artifacts/sample_runs/deepseek-v4-pro/cand140_972aa7b29a7c,972aa7b29a7cb7306b9e0737bac86fa42d6218ac,fix: default ttl in recursive replacement (#1297),src/test/java/org/apache/commons/lang3/StringUtilsTest.java,159,159,159,1.0000,0,0,0,1.0000,0,0,0,1.0000,1,1,1,1.0000,1608,1608,1.0000,"{""assertAbbreviateWithAbbrevMarkerAndOffset"": 21, ""assertAbbreviateWithOffset"": 20, ""assertArrayEquals"": 12, ""assertEquals"": 1239, ""assertFalse"": 31, ""assertNotEquals"": 2, ""assertNotNull"": 2, ""assertNull"": 192, ""assertSame"": 7, ""assertThat"": 2, ""assertThrows"": 50, ""assertTrue"": 30}","{""assertAbbreviateWithAbbrevMarkerAndOffset"": 21, ""assertAbbreviateWithOffset"": 20, ""assertArrayEquals"": 12, ""assertEquals"": 1239, ""assertFalse"": 31, ""assertNotEquals"": 2, ""assertNotNull"": 2, ""assertNull"": 192, ""assertSame"": 7, ""assertThat"": 2, ""assertThrows"": 50, ""assertTrue"": 30}",1.0000,50,50,[],[],[],[],"[""testReplace_StringStringArrayStringArrayBoolean""]","[""testReplace_StringStringArrayStringArrayBoolean""]",
deepseek-v4-pro,141,ok,/home/lpy/workspace/misc/course/Introduction-to-Software-Testing/artifacts/sample_runs/deepseek-v4-pro/cand141_9828dc73d4f2,9828dc73d4f2dbdd03a7a36f5264e5b265673e52,LANG-1695: Allow trailing decimal point in NumberUtils.isParsable (#1531),src/test/java/org/apache/commons/lang3/math/NumberUtilsTest.java,121,121,121,1.0000,0,0,0,1.0000,0,0,0,1.0000,1,1,1,1.0000,744,744,1.0000,"{""assertCreateNumberZero"": 7, ""assertEquals"": 551, ""assertFalse"": 33, ""assertIllegalArgumentException"": 12, ""assertInstanceOf"": 41, ""assertNotNull"": 5, ""assertNull"": 7, ""assertNullPointerException"": 12, ""assertThrows"": 18, ""assertTrue"": 58}","{""assertCreateNumberZero"": 7, ""assertEquals"": 551, ""assertFalse"": 33, ""assertIllegalArgumentException"": 12, ""assertInstanceOf"": 41, ""assertNotNull"": 5, ""assertNull"": 7, ""assertNullPointerException"": 12, ""assertThrows"": 18, ""assertTrue"": 58}",1.0000,18,18,[],[],[],[],"[""testIsParsable""]","[""testIsParsable""]",
deepseek-v4-pro,142,ok,/home/lpy/workspace/misc/course/Introduction-to-Software-Testing/artifacts/sample_runs/deepseek-v4-pro/cand142_9b3257e4d1a6,9b3257e4d1a63e0a4d971a331eaf7b9a08d98040,LANG-1307: Added getDigits method to StringUtils (closes #225),src/test/java/org/apache/commons/lang3/StringUtilsTest.java,143,143,143,1.0000,1,1,1,1.0000,0,0,0,1.0000,0,0,0,1.0000,1503,1503,1.0000,"{""assertAbbreviateWithAbbrevMarkerAndOffset"": 21, ""assertAbbreviateWithOffset"": 21, ""assertArrayEquals"": 8, ""assertEquals"": 1195, ""assertFalse"": 20, ""assertNotNull"": 2, ""assertNull"": 150, ""assertSame"": 3, ""assertTrue"": 47, ""fail"": 36}","{""assertAbbreviateWithAbbrevMarkerAndOffset"": 21, ""assertAbbreviateWithOffset"": 21, ""assertArrayEquals"": 8, ""assertEquals"": 1195, ""assertFalse"": 20, ""assertNotNull"": 2, ""assertNull"": 150, ""assertSame"": 3, ""assertTrue"": 47, ""fail"": 36}",1.0000,13,13,"[""testGetDigits""]","[""testGetDigits""]",[],[],[],[],
deepseek-v4-pro,143,ok,/home/lpy/workspace/misc/course/Introduction-to-Software-Testing/artifacts/sample_runs/deepseek-v4-pro/cand143_9c0379850b86,9c0379850b869e3a02320f9a5149eaad2c4cb76b,Convert defaultIfEmpty from String to CharSequence.,src/test/java/org/apache/commons/lang3/StringUtilsTest.java,0,0,0,1.0000,0,0,0,1.0000,0,0,0,1.0000,0,0,0,1.0000,847,847,1.0000,"{""assertAbbreviateWithOffset"": 21, ""assertEquals"": 762, ""assertFalse"": 13, ""assertNotNull"": 2, ""assertNull"": 21, ""assertSame"": 2, ""assertTrue"": 20, ""fail"": 6}","{""assertAbbreviateWithOffset"": 21, ""assertEquals"": 762, ""assertFalse"": 13, ""assertNotNull"": 2, ""assertNull"": 21, ""assertSame"": 2, ""assertTrue"": 20, ""fail"": 6}",1.0000,0,0,[],[],[],[],[],[],
deepseek-v4-pro,144,ok,/home/lpy/workspace/misc/course/Introduction-to-Software-Testing/artifacts/sample_runs/deepseek-v4-pro/cand144_9c506279188a,9c506279188a90dbbe124386cc52016682d17b5c,LANG-1134: New methods for lang3.Validate (closes #190),src/test/java/org/apache/commons/lang3/ValidateTest.java,97,97,97,1.0000,0,0,0,1.0000,0,0,0,1.0000,10,10,10,1.0000,339,339,1.0000,"{""assertEquals"": 157, ""assertFalse"": 1, ""assertNotNull"": 1, ""assertSame"": 22, ""assertTrue"": 2, ""fail"": 156}","{""assertEquals"": 157, ""assertFalse"": 1, ""assertNotNull"": 1, ""assertSame"": 22, ""assertTrue"": 2, ""fail"": 156}",1.0000,0,0,[],[],[],[],"[""testDifferentObject1"", ""testDifferentObject2"", ""testGreaterObject1"", ""testGreaterObject2"", ""testGreaterOrEqualObject1"", ""testGreaterOrEqualObject2"", ""testSmallerObject1"", ""testSmallerObject2"", ""testSmallerOrEqualObject1"", ""testSmallerOrEqualObject2""]","[""testDifferentObject1"", ""testDifferentObject2"", ""testGreaterObject1"", ""testGreaterObject2"", ""testGreaterOrEqualObject1"", ""testGreaterOrEqualObject2"", ""testSmallerObject1"", ""testSmallerObject2"", ""testSmallerOrEqualObject1"", ""testSmallerOrEqualObject2""]",
deepseek-v4-pro,145,ok,/home/lpy/workspace/misc/course/Introduction-to-Software-Testing/artifacts/sample_runs/deepseek-v4-pro/cand145_9d5ad944277b,9d5ad944277b0e6f4003953fc33710cae9d95d0b,Add fill method for boolean arrays in ArrayFill utility class (#1386),src/test/java/org/apache/commons/lang3/ArrayFillTest.java,19,19,19,1.0000,2,2,2,1.0000,0,0,0,1.0000,0,0,0,1.0000,33,33,1.0000,"{""assertArrayEquals"": 3, ""assertEquals"": 10, ""assertNull"": 1, ""assertSame"": 19}","{""assertArrayEquals"": 3, ""assertEquals"": 10, ""assertNull"": 1, ""assertSame"": 19}",1.0000,0,0,"[""testFillBooleanArray"", ""testFillBooleanArrayNull""]","[""testFillBooleanArray"", ""testFillBooleanArrayNull""]",[],[],[],[],
deepseek-v4-pro,146,ok,/home/lpy/workspace/misc/course/Introduction-to-Software-Testing/artifacts/sample_runs/deepseek-v4-pro/cand146_9feaf9d7ffe3,9feaf9d7ffe3f4438ccdace378f49f1d4dadd418,LANG-1485 : Add getters for lhs and rhs objects in DiffResult (#451),src/test/java/org/apache/commons/lang3/builder/DiffResultTest.java,10,10,10,1.0000,1,1,1,1.0000,0,0,0,1.0000,0,0,0,1.0000,15,15,1.0000,"{""assertEquals"": 10, ""assertThrows"": 4, ""assertTrue"": 1}","{""assertEquals"": 10, ""assertThrows"": 4, ""assertTrue"": 1}",1.0000,4,4,"[""testLeftAndRightGetters""]","[""testLeftAndRightGetters""]",[],[],[],[],
deepseek-v4-pro,147,ok,/home/lpy/workspace/misc/course/Introduction-to-Software-Testing/artifacts/sample_runs/deepseek-v4-pro/cand147_a32c188c32fd,a32c188c32fd0c4a8149bcda524d704dd609da6e,Code refactor to simplify Functions and new tests (#463),src/test/java/org/apache/commons/lang3/FunctionsTest.java,15,17,15,0.8824,0,2,0,0.0000,0,0,0,1.0000,1,1,1,1.0000,100,110,0.9091,"{""assertEquals"": 10, ""assertNotNull"": 20, ""assertSame"": 27, ""assertThrows"": 33, ""assertTrue"": 10}","{""assertEquals"": 12, ""assertNotNull"": 24, ""assertSame"": 27, ""assertThrows"": 35, ""assertTrue"": 12}",1.0000,33,35,[],"[""testAsBiPredicate"", ""testAsPredicate""]",[],[],"[""testAsSupplier""]","[""testAsSupplier""]",
deepseek-v4-pro,149,ok,/home/lpy/workspace/misc/course/Introduction-to-Software-Testing/artifacts/sample_runs/deepseek-v4-pro/cand149_a48071b0d489,a48071b0d489420bfdc0c2ed7254d1dba243f700,Added new addListener() method that takes a boolean for if duplicates are allowed. Added test method to make sure that duplicate listeners are not added.,src/test/java/org/apache/commons/lang3/event/EventListenerSupportTest.java,10,10,10,1.0000,1,1,1,1.0000,0,0,0,1.0000,0,0,0,1.0000,21,21,1.0000,"{""assertEquals"": 15, ""assertSame"": 6}","{""assertEquals"": 15, ""assertSame"": 6}",1.0000,4,4,"[""testAddListenerNoDuplicates""]","[""testAddListenerNoDuplicates""]",[],[],[],[],
deepseek-v4-pro,150,ok,/home/lpy/workspace/misc/course/Introduction-to-Software-Testing/artifacts/sample_runs/deepseek-v4-pro/cand150_a9a0dd8a72c5,a9a0dd8a72c51b14f0e5ea4bddfbf228685ff977,LANG-771 Fix DateUtils.ceiling increment on exact boundary (#1609),src/test/java/org/apache/commons/lang3/time/DateUtilsTest.java,74,74,74,1.0000,0,0,0,1.0000,0,0,0,1.0000,1,1,1,1.0000,470,470,1.0000,"{""assertCalendarsEquals"": 5, ""assertDate"": 81, ""assertEquals"": 221, ""assertFalse"": 12, ""assertIllegalArgumentException"": 15, ""assertNotNull"": 1, ""assertNotSame"": 40, ""assertNullPointerException"": 48, ""assertThrows"": 18, ""assertTrue"": 14, ""assertWeekIterator"": 15}","{""assertCalendarsEquals"": 5, ""assertDate"": 81, ""assertEquals"": 221, ""assertFalse"": 12, ""assertIllegalArgumentException"": 15, ""assertNotNull"": 1, ""assertNotSame"": 40, ""assertNullPointerException"": 48, ""assertThrows"": 18, ""assertTrue"": 14, ""assertWeekIterator"": 15}",1.0000,18,18,[],[],[],[],"[""testCeiling""]","[""testCeiling""]",
deepseek-v4-pro,151,ok,/home/lpy/workspace/misc/course/Introduction-to-Software-Testing/artifacts/sample_runs/deepseek-v4-pro/cand151_a9ae686ec85e,a9ae686ec85e4fc326f56a23de8cd0481f7d9c89,[LANG-920] Add ArrayUtils#nullToEmpty(Class<?>[]),src/test/java/org/apache/commons/lang3/ArrayUtilsTest.java,147,147,147,1.0000,1,1,1,1.0000,0,0,0,1.0000,0,0,0,1.0000,1045,1045,1.0000,"{""assertArrayEquals"": 43, ""assertEquals"": 481, ""assertFalse"": 153, ""assertIsEquals"": 9, ""assertNotNull"": 1, ""assertNotSame"": 1, ""assertNull"": 9, ""assertSame"": 69, ""assertTrue"": 263, ""fail"": 16}","{""assertArrayEquals"": 43, ""assertEquals"": 481, ""assertFalse"": 153, ""assertIsEquals"": 9, ""assertNotNull"": 1, ""assertNotSame"": 1, ""assertNull"": 9, ""assertSame"": 69, ""assertTrue"": 263, ""fail"": 16}",1.0000,0,0,"[""testNullToEmptyClass""]","[""testNullToEmptyClass""]",[],[],[],[],
deepseek-v4-pro,152,ok,/home/lpy/workspace/misc/course/Introduction-to-Software-Testing/artifacts/sample_runs/deepseek-v4-pro/cand152_aa47951bd022,aa47951bd0223d674d2b85d06ccc6f7f1749a682,fix: Make stopInstant be in sync with stopTimeNanos for split (#1610),src/test/java/org/apache/commons/lang3/time/StopWatchTest.java,30,30,30,1.0000,2,2,2,1.0000,0,0,0,1.0000,0,0,0,1.0000,135,135,1.0000,"{""assertEquals"": 41, ""assertFalse"": 9, ""assertNotEquals"": 1, ""assertNotNull"": 4, ""assertNull"": 1, ""assertThrows"": 18, ""assertTrue"": 61}","{""assertEquals"": 41, ""assertFalse"": 9, ""assertNotEquals"": 1, ""assertNotNull"": 4, ""assertNull"": 1, ""assertThrows"": 18, ""assertTrue"": 61}",1.0000,18,18,"[""testSplitGetStopInstant"", ""testSplitWithLabelGetStopInstant""]","[""testSplitGetStopInstant"", ""testSplitWithLabelGetStopInstant""]",[],[],[],[],
deepseek-v4-pro,153,ok,/home/lpy/workspace/misc/course/Introduction-to-Software-Testing/artifacts/sample_runs/deepseek-v4-pro/cand153_ad433ecc1684,ad433ecc1684683e3eba11dc198cc0d853299410,Make internal API null-safe and Javadoc.,src/test/java/org/apache/commons/lang3/CharSequenceUtilsTest.java,7,7,7,1.0000,0,0,0,1.0000,0,0,0,1.0000,1,1,1,1.0000,21,21,1.0000,"{""assertArrayEquals"": 3, ""assertEquals"": 8, ""assertFalse"": 1, ""assertNotNull"": 1, ""assertNull"": 3, ""assertThrows"": 3, ""assertTrue"": 2}","{""assertArrayEquals"": 3, ""assertEquals"": 8, ""assertFalse"": 1, ""assertNotNull"": 1, ""assertNull"": 3, ""assertThrows"": 3, ""assertTrue"": 2}",1.0000,3,3,[],[],[],[],"[""testToCharArray""]","[""testToCharArray""]",
deepseek-v4-pro,155,ok,/home/lpy/workspace/misc/course/Introduction-to-Software-Testing/artifacts/sample_runs/deepseek-v4-pro/cand155_b11591895eed,b11591895eed00e9f6e0bcb19178dedbaab4a971,FormattableUtils.append re-parses literal output as format string (#1661),src/test/java/org/apache/commons/lang3/text/FormattableUtilsTest.java,7,7,7,1.0000,2,2,2,1.0000,0,0,0,1.0000,0,0,0,1.0000,63,63,1.0000,"{""assertEquals"": 62, ""assertIllegalArgumentException"": 1}","{""assertEquals"": 62, ""assertIllegalArgumentException"": 1}",1.0000,0,0,"[""testPercentLiteral"", ""testPercentLiteralX2""]","[""testPercentLiteral"", ""testPercentLiteralX2""]",[],[],[],[],
deepseek-v4-pro,156,ok,/home/lpy/workspace/misc/course/Introduction-to-Software-Testing/artifacts/sample_runs/deepseek-v4-pro/cand156_b1762bd557c3,b1762bd557c3d7605490e026bdf31096d83b4dde,LANG-1183 Making replacePattern/removePattern methods null safe in StringUtils,src/test/java/org/apache/commons/lang3/StringUtilsTest.java,134,134,134,1.0000,0,0,0,1.0000,0,0,0,1.0000,2,2,2,1.0000,1231,1231,1.0000,"{""assertAbbreviateWithOffset"": 21, ""assertArrayEquals"": 5, ""assertEquals"": 975, ""assertFalse"": 46, ""assertNotNull"": 2, ""assertNull"": 122, ""assertSame"": 2, ""assertTrue"": 50, ""fail"": 8}","{""assertAbbreviateWithOffset"": 21, ""assertArrayEquals"": 5, ""assertEquals"": 975, ""assertFalse"": 46, ""assertNotNull"": 2, ""assertNull"": 122, ""assertSame"": 2, ""assertTrue"": 50, ""fail"": 8}",1.0000,13,13,[],[],[],[],"[""testRemovePattern"", ""testReplacePattern""]","[""testRemovePattern"", ""testReplacePattern""]",
deepseek-v4-pro,157,ok,/home/lpy/workspace/misc/course/Introduction-to-Software-Testing/artifacts/sample_runs/deepseek-v4-pro/cand157_b199af8d8290,b199af8d8290097e7535fef6f35146e2c783e143,LANG-1043 - isAllUpperCase should only check Alpha characters Document and test additional cases,src/test/java/org/apache/commons/lang3/StringUtilsTest.java,124,124,124,1.0000,0,0,0,1.0000,0,0,0,1.0000,2,2,2,1.0000,1153,1153,1.0000,"{""assertAbbreviateWithOffset"": 21, ""assertArrayEquals"": 5, ""assertEquals"": 905, ""assertFalse"": 46, ""assertNotNull"": 2, ""assertNull"": 116, ""assertSame"": 2, ""assertTrue"": 50, ""fail"": 6}","{""assertAbbreviateWithOffset"": 21, ""assertArrayEquals"": 5, ""assertEquals"": 905, ""assertFalse"": 46, ""assertNotNull"": 2, ""assertNull"": 116, ""assertSame"": 2, ""assertTrue"": 50, ""fail"": 6}",1.0000,12,12,[],[],[],[],"[""testIsAllLowerCase"", ""testIsAllUpperCase""]","[""testIsAllLowerCase"", ""testIsAllUpperCase""]",
deepseek-v4-pro,159,ok,/home/lpy/workspace/misc/course/Introduction-to-Software-Testing/artifacts/sample_runs/deepseek-v4-pro/cand159_b3c31a379e9a,b3c31a379e9ad7cd22cb7f0669b82361ced84992,LANG-1252: replacing system call for java 1.6 to SystemUtils.IS_JAVA_1_6,src/test/java/org/apache/commons/lang3/math/NumberUtilsTest.java,97,97,97,1.0000,0,0,0,1.0000,0,0,0,1.0000,1,1,1,1.0000,521,521,1.0000,"{""assertEquals"": 207, ""assertFalse"": 18, ""assertNotNull"": 2, ""assertTrue"": 284, ""fail"": 10}","{""assertEquals"": 207, ""assertFalse"": 18, ""assertNotNull"": 2, ""assertTrue"": 284, ""fail"": 10}",1.0000,32,32,[],[],[],[],"[""testLANG1252""]","[""testLANG1252""]",
deepseek-v4-pro,160,ok,/home/lpy/workspace/misc/course/Introduction-to-Software-Testing/artifacts/sample_runs/deepseek-v4-pro/cand160_b4842f559f0d,b4842f559f0d8b8b5a98a19b1f3795a42c1a2614,"LANG-1185 Add remove by regular expression methods in StringUtils :   - String StringUtils.removeAll(String text, String regex);   - String StringUtils.removeFirst(String text, String regex);",src/test/java/org/apache/commons/lang3/StringUtilsTest.java,136,136,136,1.0000,2,2,2,1.0000,0,0,0,1.0000,0,0,0,1.0000,1252,1252,1.0000,"{""assertAbbreviateWithOffset"": 21, ""assertArrayEquals"": 5, ""assertEquals"": 992, ""assertFalse"": 46, ""assertNotNull"": 2, ""assertNull"": 124, ""assertSame"": 2, ""assertTrue"": 50, ""fail"": 10}","{""assertAbbreviateWithOffset"": 21, ""assertArrayEquals"": 5, ""assertEquals"": 992, ""assertFalse"": 46, ""assertNotNull"": 2, ""assertNull"": 124, ""assertSame"": 2, ""assertTrue"": 50, ""fail"": 10}",1.0000,13,13,"[""testRemoveAll"", ""testRemoveFirst""]","[""testRemoveAll"", ""testRemoveFirst""]",[],[],[],[],
deepseek-v4-pro,161,ok,/home/lpy/workspace/misc/course/Introduction-to-Software-Testing/artifacts/sample_runs/deepseek-v4-pro/cand161_b55d278cce19,b55d278cce19df99fd50f2ae800c5de2fc0991f7,Fix ThresholdCircuitBreaker (#1100),src/test/java/org/apache/commons/lang3/concurrent/ThresholdCircuitBreakerTest.java,5,5,5,1.0000,0,0,0,1.0000,0,0,0,1.0000,4,4,4,1.0000,5,5,1.0000,"{""assertEquals"": 1, ""assertFalse"": 2, ""assertTrue"": 2}","{""assertEquals"": 1, ""assertFalse"": 2, ""assertTrue"": 2}",1.0000,0,0,[],[],[],[],"[""testClosingThresholdCircuitBreaker"", ""testThreshold"", ""testThresholdCircuitBreakingException"", ""testThresholdEqualsZero""]","[""testClosingThresholdCircuitBreaker"", ""testThreshold"", ""testThresholdCircuitBreakingException"", ""testThresholdEqualsZero""]",
deepseek-v4-pro,162,ok,/home/lpy/workspace/misc/course/Introduction-to-Software-Testing/artifacts/sample_runs/deepseek-v4-pro/cand162_b5f5449cf338,b5f5449cf338376d12404d0190054525987f4276,fixed CharSequenceUtils to check for supplementary chars,src/test/java/org/apache/commons/lang3/CharSequenceUtilsTest.java,8,8,8,1.0000,2,2,2,1.0000,0,0,0,1.0000,0,0,0,1.0000,22,22,1.0000,"{""assertArrayEquals"": 2, ""assertEquals"": 14, ""assertFalse"": 1, ""assertNotNull"": 1, ""assertTrue"": 2, ""fail"": 2}","{""assertArrayEquals"": 2, ""assertEquals"": 14, ""assertFalse"": 1, ""assertNotNull"": 1, ""assertTrue"": 2, ""fail"": 2}",1.0000,2,2,"[""testIndexOfSupplementaryCharacters"", ""testLastIndexOfSupplementaryCharacters""]","[""testIndexOfSupplementaryCharacters"", ""testLastIndexOfSupplementaryCharacters""]",[],[],[],[],
deepseek-v4-pro,163,ok,/home/lpy/workspace/misc/course/Introduction-to-Software-Testing/artifacts/sample_runs/deepseek-v4-pro/cand163_b62244517285,b6224451728562b0a4b33b63e8589753b1e2a57c,Fix ClassNotFoundException message variable (#1577),src/test/java/org/apache/commons/lang3/ClassUtilsTest.java,70,70,70,1.0000,0,0,0,1.0000,0,0,0,1.0000,1,1,1,1.0000,846,846,1.0000,"{""assertArrayEquals"": 10, ""assertEquals"": 398, ""assertFalse"": 171, ""assertGetClassReturnsClass"": 19, ""assertGetClassThrowsClassNotFound"": 11, ""assertGetClassThrowsException"": 3, ""assertGetClassThrowsNullPointerException"": 2, ""assertIllegalArgumentException"": 3, ""assertNotNull"": 2, ""assertNotSame"": 1, ""assertNull"": 18, ""assertSame"": 3, ""assertThrows"": 24, ""assertTrue"": 180, ""fail"": 1}","{""assertArrayEquals"": 10, ""assertEquals"": 398, ""assertFalse"": 171, ""assertGetClassReturnsClass"": 19, ""assertGetClassThrowsClassNotFound"": 11, ""assertGetClassThrowsException"": 3, ""assertGetClassThrowsNullPointerException"": 2, ""assertIllegalArgumentException"": 3, ""assertNotNull"": 2, ""assertNotSame"": 1, ""assertNull"": 18, ""assertSame"": 3, ""assertThrows"": 24, ""assertTrue"": 180, ""fail"": 1}",1.0000,24,24,[],[],[],[],"[""testGetClassClassNotFound""]","[""testGetClassClassNotFound""]",
deepseek-v4-pro,165,ok,/home/lpy/workspace/misc/course/Introduction-to-Software-Testing/artifacts/sample_runs/deepseek-v4-pro/cand165_b8d382039a85,b8d382039a850dff10a90c9abfbbf62228fd8fd1,[LANG-1804] Fix CharSet#getInstance returns null instead of EMPTY when input setStrs is null (#1530),src/test/java/org/apache/commons/lang3/CharSetTest.java,15,15,15,1.0000,0,0,0,1.0000,0,0,0,1.0000,2,2,2,1.0000,206,206,1.0000,"{""assertEquals"": 70, ""assertFalse"": 20, ""assertNotEquals"": 7, ""assertSame"": 9, ""assertTrue"": 100}","{""assertEquals"": 70, ""assertFalse"": 20, ""assertNotEquals"": 7, ""assertSame"": 9, ""assertTrue"": 100}",1.0000,0,0,[],[],[],[],"[""testGetInstance"", ""testGetInstance_Stringarray""]","[""testGetInstance"", ""testGetInstance_Stringarray""]",
deepseek-v4-pro,166,ok,/home/lpy/workspace/misc/course/Introduction-to-Software-Testing/artifacts/sample_runs/deepseek-v4-pro/cand166_b9a702bb49cd,b9a702bb49cd02c1f8e33f52b33312fa0aa467e7,default autoboxing depending on RT Java version,src/test/java/org/apache/commons/lang3/ClassUtilsTest.java,0,0,0,1.0000,0,0,0,1.0000,0,0,0,1.0000,0,0,0,1.0000,400,400,1.0000,"{""assertEquals"": 185, ""assertFalse"": 86, ""assertGetClassReturnsClass"": 19, ""assertGetClassThrowsClassNotFound"": 10, ""assertGetClassThrowsException"": 3, ""assertGetClassThrowsNullPointerException"": 2, ""assertNotNull"": 1, ""assertNotSame"": 1, ""assertNull"": 5, ""assertSame"": 1, ""assertTrue"": 82, ""fail"": 5}","{""assertEquals"": 185, ""assertFalse"": 86, ""assertGetClassReturnsClass"": 19, ""assertGetClassThrowsClassNotFound"": 10, ""assertGetClassThrowsException"": 3, ""assertGetClassThrowsNullPointerException"": 2, ""assertNotNull"": 1, ""assertNotSame"": 1, ""assertNull"": 5, ""assertSame"": 1, ""assertTrue"": 82, ""fail"": 5}",1.0000,0,0,[],[],[],[],[],[],
deepseek-v4-pro,167,ok,/home/lpy/workspace/misc/course/Introduction-to-Software-Testing/artifacts/sample_runs/deepseek-v4-pro/cand167_ba1c22ce8378,ba1c22ce8378d389a0ee267e2f75a17a4860c7ba,[LANG-1489] Add null-safe APIs as StringUtils.toRoot[Lower|Upper]Case(String) #456,src/test/java/org/apache/commons/lang3/StringUtilsTest.java,149,149,149,1.0000,2,2,2,1.0000,0,0,0,1.0000,0,0,0,1.0000,1557,1557,1.0000,"{""assertAbbreviateWithAbbrevMarkerAndOffset"": 21, ""assertAbbreviateWithOffset"": 21, ""assertArrayEquals"": 12, ""assertEquals"": 1202, ""assertFalse"": 30, ""assertNotEquals"": 2, ""assertNotNull"": 2, ""assertNull"": 184, ""assertSame"": 3, ""assertThrows"": 47, ""assertTrue"": 33}","{""assertAbbreviateWithAbbrevMarkerAndOffset"": 21, ""assertAbbreviateWithOffset"": 21, ""assertArrayEquals"": 12, ""assertEquals"": 1202, ""assertFalse"": 30, ""assertNotEquals"": 2, ""assertNotNull"": 2, ""assertNull"": 184, ""assertSame"": 3, ""assertThrows"": 47, ""assertTrue"": 33}",1.0000,47,47,"[""testToRootLowerCase"", ""testToRootUpperCase""]","[""testToRootLowerCase"", ""testToRootUpperCase""]",[],[],[],[],
deepseek-v4-pro,168,ok,/home/lpy/workspace/misc/course/Introduction-to-Software-Testing/artifacts/sample_runs/deepseek-v4-pro/cand168_bb675e1127ad,bb675e1127adb7f7c8d8687667bc11779d8e75eb,"Add ""ppc64le"" to ArchUtils (#1625)",src/test/java/org/apache/commons/lang3/ArchUtilsTest.java,6,6,6,1.0000,0,0,0,1.0000,0,0,0,1.0000,3,3,3,1.0000,87,87,1.0000,"{""assertEquals"": 2, ""assertEqualsArchNotNull"": 11, ""assertEqualsTypeNotNull"": 11, ""assertFalse"": 15, ""assertNotEquals"": 3, ""assertNotEqualsArchNotNull"": 11, ""assertNotEqualsTypeNotNull"": 4, ""assertNotNull"": 9, ""assertNull"": 2, ""assertTrue"": 19}","{""assertEquals"": 2, ""assertEqualsArchNotNull"": 11, ""assertEqualsTypeNotNull"": 11, ""assertFalse"": 15, ""assertNotEquals"": 3, ""assertNotEqualsArchNotNull"": 11, ""assertNotEqualsTypeNotNull"": 4, ""assertNotNull"": 9, ""assertNull"": 2, ""assertTrue"": 19}",1.0000,0,0,[],[],[],[],"[""testArch"", ""testIs32BitJVM"", ""testIs64BitJVM""]","[""testArch"", ""testIs32BitJVM"", ""testIs64BitJVM""]",
deepseek-v4-pro,169,ok,/home/lpy/workspace/misc/course/Introduction-to-Software-Testing/artifacts/sample_runs/deepseek-v4-pro/cand169_bc8a3b9d8428,bc8a3b9d8428bfcdfbce67e9010cf0aa27e6c8a6,sort fields in HashCodeBuilder for deterministic order (#480),src/test/java/org/apache/commons/lang3/builder/HashCodeBuilderTest.java,45,45,45,1.0000,0,0,0,1.0000,0,0,0,1.0000,1,1,1,1.0000,119,119,1.0000,"{""assertEquals"": 108, ""assertNull"": 2, ""assertThrows"": 9}","{""assertEquals"": 108, ""assertNull"": 2, ""assertThrows"": 9}",1.0000,9,9,[],[],[],[],"[""testReflectionHashCodeExcludeFields""]","[""testReflectionHashCodeExcludeFields""]",
deepseek-v4-pro,170,ok,/home/lpy/workspace/misc/course/Introduction-to-Software-Testing/artifacts/sample_runs/deepseek-v4-pro/cand170_bcad40a502cd,bcad40a502cd45b49a5e025938b9711d95c7bde7,[LANG-1749] Add stricter type checks for  parameterized types in  method (#1548),src/test/java/org/apache/commons/lang3/reflect/TypeUtilsTest.java,50,50,50,1.0000,1,1,1,1.0000,0,0,0,1.0000,0,0,0,1.0000,382,382,1.0000,"{""assertArrayEquals"": 4, ""assertEquals"": 81, ""assertFalse"": 110, ""assertIllegalArgumentException"": 1, ""assertNotEquals"": 5, ""assertNotNull"": 2, ""assertNull"": 20, ""assertNullPointerException"": 13, ""assertTrue"": 146}","{""assertArrayEquals"": 4, ""assertEquals"": 81, ""assertFalse"": 110, ""assertIllegalArgumentException"": 1, ""assertNotEquals"": 5, ""assertNotNull"": 2, ""assertNull"": 20, ""assertNullPointerException"": 13, ""assertTrue"": 146}",1.0000,0,0,"[""testIsAssignable_ClassWithParameterizedType""]","[""testIsAssignable_ClassWithParameterizedType""]",[],[],[],[],
deepseek-v4-pro,171,ok,/home/lpy/workspace/misc/course/Introduction-to-Software-Testing/artifacts/sample_runs/deepseek-v4-pro/cand171_be8b654fc02d,be8b654fc02d5d1319734e39c6f1224b7cbbf212,Conversion.hexTo*() methods now throw IllegalArgumentException instead of StringIndexOutOfBoundsException,src/test/java/org/apache/commons/lang3/ConversionTest.java,44,44,44,1.0000,0,0,0,1.0000,0,0,0,1.0000,1,1,1,1.0000,585,585,1.0000,"{""assertArrayEquals"": 209, ""assertEquals"": 350, ""assertIllegalArgumentException"": 9, ""assertIndexOutOfBoundsException"": 1, ""assertThrows"": 16}","{""assertArrayEquals"": 209, ""assertEquals"": 350, ""assertIllegalArgumentException"": 9, ""assertIndexOutOfBoundsException"": 1, ""assertThrows"": 16}",1.0000,16,16,[],[],[],[],"[""testHexToByte""]","[""testHexToByte""]",
deepseek-v4-pro,172,ok,/home/lpy/workspace/misc/course/Introduction-to-Software-Testing/artifacts/sample_runs/deepseek-v4-pro/cand172_bedae6950d43,bedae6950d43008929d9cd109c9e8fb163793bd7,LANG-1480 getAbbreviatedName refactored to create appropriate length … (#446),src/test/java/org/apache/commons/lang3/ClassUtilsTest.java,63,63,63,1.0000,1,1,1,1.0000,0,0,0,1.0000,4,4,4,1.0000,781,781,1.0000,"{""assertArrayEquals"": 10, ""assertEquals"": 358, ""assertFalse"": 171, ""assertGetClassReturnsClass"": 19, ""assertGetClassThrowsClassNotFound"": 10, ""assertGetClassThrowsException"": 3, ""assertGetClassThrowsNullPointerException"": 2, ""assertNotNull"": 1, ""assertNotSame"": 1, ""assertNull"": 17, ""assertSame"": 3, ""assertThrows"": 6, ""assertTrue"": 180}","{""assertArrayEquals"": 10, ""assertEquals"": 358, ""assertFalse"": 171, ""assertGetClassReturnsClass"": 19, ""assertGetClassThrowsClassNotFound"": 10, ""assertGetClassThrowsException"": 3, ""assertGetClassThrowsNullPointerException"": 2, ""assertNotNull"": 1, ""assertNotSame"": 1, ""assertNull"": 17, ""assertSame"": 3, ""assertThrows"": 6, ""assertTrue"": 180}",1.0000,6,6,"[""test_getAbbreviatedName_TooLongHint""]","[""test_getAbbreviatedName_TooLongHint""]",[],[],"[""test_getAbbreviatedName_Class"", ""test_getAbbreviatedName_Class_NegativeLen"", ""test_getAbbreviatedName_Class_ZeroLen"", ""test_getAbbreviatedName_String""]","[""test_getAbbreviatedName_Class"", ""test_getAbbreviatedName_Class_NegativeLen"", ""test_getAbbreviatedName_Class_ZeroLen"", ""test_getAbbreviatedName_String""]",
deepseek-v4-pro,174,ok,/home/lpy/workspace/misc/course/Introduction-to-Software-Testing/artifacts/sample_runs/deepseek-v4-pro/cand174_c0041cafc2fd,c0041cafc2fda3fb437009d5417ba5ebeb32ad35,Escaping supplementary chars seems good for NumericEntityEscaper. LANG-617,src/test/java/org/apache/commons/lang3/text/translate/NumericEntityEscaperTest.java,0,0,0,1.0000,0,0,0,1.0000,0,0,0,1.0000,0,0,0,1.0000,4,4,1.0000,"{""assertEquals"": 4}","{""assertEquals"": 4}",1.0000,0,0,[],[],[],[],[],[],
deepseek-v4-pro,175,ok,/home/lpy/workspace/misc/course/Introduction-to-Software-Testing/artifacts/sample_runs/deepseek-v4-pro/cand175_c3b1fefbad0c,c3b1fefbad0c67c8556ba6b4573f135197f87598,"NumberUtils#isCreatable: remove java 6 only code, as commons-lang requires at java 7+ now",src/test/java/org/apache/commons/lang3/math/NumberUtilsTest.java,101,101,101,1.0000,0,0,0,1.0000,0,0,0,1.0000,2,2,2,1.0000,521,521,1.0000,"{""assertEquals"": 207, ""assertFalse"": 18, ""assertNotNull"": 2, ""assertTrue"": 284, ""fail"": 10}","{""assertEquals"": 207, ""assertFalse"": 18, ""assertNotNull"": 2, ""assertTrue"": 284, ""fail"": 10}",1.0000,32,32,[],[],[],[],"[""testIsNumberLANG1252"", ""testLANG1252""]","[""testIsNumberLANG1252"", ""testLANG1252""]",
deepseek-v4-pro,176,ok,/home/lpy/workspace/misc/course/Introduction-to-Software-Testing/artifacts/sample_runs/deepseek-v4-pro/cand176_c3f5f3204bcc,c3f5f3204bcc8d62a56ff214e904876b7e7a206f,LANG-1722: Rethrow NegativeArraySizeException as SerializationException in SerilizationUtils.deserialize(InputStream) (#1141),src/test/java/org/apache/commons/lang3/SerializationUtilsTest.java,27,27,27,1.0000,1,1,1,1.0000,0,0,0,1.0000,0,0,0,1.0000,66,66,1.0000,"{""assertArrayEquals"": 4, ""assertEquals"": 20, ""assertFalse"": 1, ""assertNotNull"": 4, ""assertNotSame"": 9, ""assertNull"": 3, ""assertSame"": 7, ""assertThrows"": 13, ""assertTrue"": 5}","{""assertArrayEquals"": 4, ""assertEquals"": 20, ""assertFalse"": 1, ""assertNotNull"": 4, ""assertNotSame"": 9, ""assertNull"": 3, ""assertSame"": 7, ""assertThrows"": 13, ""assertTrue"": 5}",1.0000,13,13,"[""testNegativeByteArray""]","[""testNegativeByteArray""]",[],[],[],[],
deepseek-v4-pro,177,ok,/home/lpy/workspace/misc/course/Introduction-to-Software-Testing/artifacts/sample_runs/deepseek-v4-pro/cand177_c56c77ed9502,c56c77ed9502d079b3e885a65bc4a4cf666ac8ee,Remove methods that will be new in 3.11 but which are now in the function package.,src/test/java/org/apache/commons/lang3/FunctionsTest.java,43,43,43,1.0000,0,0,0,1.0000,5,5,5,1.0000,0,0,0,1.0000,197,197,1.0000,"{""assertEquals"": 22, ""assertNotNull"": 32, ""assertNull"": 27, ""assertSame"": 48, ""assertThrows"": 56, ""assertTrue"": 12}","{""assertEquals"": 22, ""assertNotNull"": 32, ""assertNull"": 27, ""assertSame"": 48, ""assertThrows"": 56, ""assertTrue"": 12}",1.0000,56,56,[],[],"[""testApplyDoubleBinaryOperator"", ""testGetAsBooleanSupplier"", ""testGetAsDoubleSupplier"", ""testGetAsIntSupplier"", ""testGetAsLongSupplier""]","[""testApplyDoubleBinaryOperator"", ""testGetAsBooleanSupplier"", ""testGetAsDoubleSupplier"", ""testGetAsIntSupplier"", ""testGetAsLongSupplier""]",[],[],
deepseek-v4-pro,178,ok,/home/lpy/workspace/misc/course/Introduction-to-Software-Testing/artifacts/sample_runs/deepseek-v4-pro/cand178_c6f577555b2e,c6f577555b2e789791fbf3c0aec9e59a2666b2e8,LANG-1610: Fix StringUtils.unwrap throws StringIndexOutOfBoundsException (#636),src/test/java/org/apache/commons/lang3/StringUtilsTest.java,154,154,154,1.0000,0,0,0,1.0000,0,0,0,1.0000,1,1,1,1.0000,1590,1590,1.0000,"{""assertAbbreviateWithAbbrevMarkerAndOffset"": 21, ""assertAbbreviateWithOffset"": 21, ""assertArrayEquals"": 12, ""assertEquals"": 1227, ""assertFalse"": 30, ""assertNotEquals"": 2, ""assertNotNull"": 2, ""assertNull"": 188, ""assertSame"": 7, ""assertThrows"": 47, ""assertTrue"": 33}","{""assertAbbreviateWithAbbrevMarkerAndOffset"": 21, ""assertAbbreviateWithOffset"": 21, ""assertArrayEquals"": 12, ""assertEquals"": 1227, ""assertFalse"": 30, ""assertNotEquals"": 2, ""assertNotNull"": 2, ""assertNull"": 188, ""assertSame"": 7, ""assertThrows"": 47, ""assertTrue"": 33}",1.0000,47,47,[],[],[],[],"[""testUnwrap_StringString""]","[""testUnwrap_StringString""]",
deepseek-v4-pro,179,ok,/home/lpy/workspace/misc/course/Introduction-to-Software-Testing/artifacts/sample_runs/deepseek-v4-pro/cand179_c6fac966ab31,c6fac966ab314769d27e117bab05aee1a72df760,LANG-1013: Add StringUtils.truncate() (closes #137),src/test/java/org/apache/commons/lang3/StringUtilsTest.java,138,138,138,1.0000,2,2,2,1.0000,0,0,0,1.0000,0,0,0,1.0000,1359,1359,1.0000,"{""assertAbbreviateWithOffset"": 21, ""assertArrayEquals"": 5, ""assertEquals"": 1043, ""assertFalse"": 47, ""assertNotNull"": 2, ""assertNull"": 134, ""assertSame"": 2, ""assertTrue"": 72, ""fail"": 33}","{""assertAbbreviateWithOffset"": 21, ""assertArrayEquals"": 5, ""assertEquals"": 1043, ""assertFalse"": 47, ""assertNotNull"": 2, ""assertNull"": 134, ""assertSame"": 2, ""assertTrue"": 72, ""fail"": 33}",1.0000,13,13,"[""testTruncate_StringInt"", ""testTruncate_StringIntInt""]","[""testTruncate_StringInt"", ""testTruncate_StringIntInt""]",[],[],[],[],
deepseek-v4-pro,180,ok,/home/lpy/workspace/misc/course/Introduction-to-Software-Testing/artifacts/sample_runs/deepseek-v4-pro/cand180_c8e61afdb89c,c8e61afdb89c58ea8ffaf04593da41ff0888d30e,LANG-1060: NumberUtils.isNumber assumes number starting with Zero is octal (closes #313),src/test/java/org/apache/commons/lang3/math/NumberUtilsTest.java,101,101,101,1.0000,0,0,0,1.0000,0,0,0,1.0000,1,1,1,1.0000,521,521,1.0000,"{""assertEquals"": 207, ""assertFalse"": 18, ""assertNotNull"": 2, ""assertTrue"": 284, ""fail"": 10}","{""assertEquals"": 207, ""assertFalse"": 18, ""assertNotNull"": 2, ""assertTrue"": 284, ""fail"": 10}",1.0000,32,32,[],[],[],[],"[""testIsNumber""]","[""testIsNumber""]",
deepseek-v4-pro,181,ok,/home/lpy/workspace/misc/course/Introduction-to-Software-Testing/artifacts/sample_runs/deepseek-v4-pro/cand181_cb686673a70a,cb686673a70a6f14c35575550c48c37d19a1598b,LANG-1384: Fix NPE when version >= 11,src/test/java/org/apache/commons/lang3/JavaVersionTest.java,3,3,3,1.0000,0,0,0,1.0000,0,0,0,1.0000,1,1,1,1.0000,21,21,1.0000,"{""assertEquals"": 15, ""assertFalse"": 3, ""assertNull"": 1, ""assertTrue"": 2}","{""assertEquals"": 15, ""assertFalse"": 3, ""assertNull"": 1, ""assertTrue"": 2}",1.0000,0,0,[],[],[],[],"[""testGetJavaVersion""]","[""testGetJavaVersion""]",
deepseek-v4-pro,182,ok,/home/lpy/workspace/misc/course/Introduction-to-Software-Testing/artifacts/sample_runs/deepseek-v4-pro/cand182_cc6beb2d0534,cc6beb2d05347fba64d933906ae2b712b1a43302,LANG-1348 - StackOverflowError on TypeUtils.toString(...) for a generic return type of Enum.valueOf (closes #292),src/test/java/org/apache/commons/lang3/reflect/TypeUtilsTest.java,22,23,22,0.9565,0,1,0,0.0000,0,0,0,1.0000,0,0,0,1.0000,169,170,0.9941,"{""assertArrayEquals"": 3, ""assertEquals"": 52, ""assertFalse"": 35, ""assertNull"": 16, ""assertTrue"": 63}","{""assertArrayEquals"": 3, ""assertEquals"": 53, ""assertFalse"": 35, ""assertNull"": 16, ""assertTrue"": 63}",1.0000,0,0,[],"[""testLANG1348""]",[],[],[],[],
deepseek-v4-pro,183,ok,/home/lpy/workspace/misc/course/Introduction-to-Software-Testing/artifacts/sample_runs/deepseek-v4-pro/cand183_cd10cfd51fdc,cd10cfd51fdc80606b296a0cd71e6e9daf946438,Make DurationUtils#getNanosOfMiili() null-safe.,src/test/java/org/apache/commons/lang3/time/DurationUtilsTest.java,6,6,6,1.0000,0,0,0,1.0000,0,0,0,1.0000,1,1,1,1.0000,46,46,1.0000,"{""assertEquals"": 43, ""assertFalse"": 2, ""assertTrue"": 1}","{""assertEquals"": 43, ""assertFalse"": 2, ""assertTrue"": 1}",1.0000,0,0,[],[],[],[],"[""testGetNanosOfMilli""]","[""testGetNanosOfMilli""]",
deepseek-v4-pro,184,ok,/home/lpy/workspace/misc/course/Introduction-to-Software-Testing/artifacts/sample_runs/deepseek-v4-pro/cand184_ce2ba7b28260,ce2ba7b282608da952d97eada2747ff00d13d14f,LANG-1504 - Adding labels to split StopWatch feature (#1473),src/test/java/org/apache/commons/lang3/time/StopWatchTest.java,28,28,28,1.0000,2,2,2,1.0000,0,0,0,1.0000,0,0,0,1.0000,131,131,1.0000,"{""assertEquals"": 41, ""assertFalse"": 9, ""assertNotEquals"": 1, ""assertNull"": 1, ""assertThrows"": 18, ""assertTrue"": 61}","{""assertEquals"": 41, ""assertFalse"": 9, ""assertNotEquals"": 1, ""assertNull"": 1, ""assertThrows"": 18, ""assertTrue"": 61}",1.0000,18,18,"[""testGetSplits"", ""testSplitsWithStringLabels""]","[""testGetSplits"", ""testSplitsWithStringLabels""]",[],[],[],[],
deepseek-v4-pro,185,ok,/home/lpy/workspace/misc/course/Introduction-to-Software-Testing/artifacts/sample_runs/deepseek-v4-pro/cand185_cf03e6173b70,cf03e6173b70ad64337704402bea51600cddd1ba,"LANG-992 Fix NumberUtils#isNumber() returns false for ""0.0"", ""0.4790"", et al",src/test/java/org/apache/commons/lang3/math/NumberUtilsTest.java,85,85,85,1.0000,1,1,1,1.0000,0,0,0,1.0000,0,0,0,1.0000,479,479,1.0000,"{""assertEquals"": 197, ""assertFalse"": 7, ""assertNotNull"": 2, ""assertTrue"": 264, ""fail"": 9}","{""assertEquals"": 197, ""assertFalse"": 7, ""assertNotNull"": 2, ""assertTrue"": 264, ""fail"": 9}",1.0000,28,28,"[""testLANG992""]","[""testLANG992""]",[],[],[],[],
deepseek-v4-pro,186,ok,/home/lpy/workspace/misc/course/Introduction-to-Software-Testing/artifacts/sample_runs/deepseek-v4-pro/cand186_cf7c9522aa99,cf7c9522aa99d0d180e54ac5abe849f19d153d25,Rewrite method to be the same as binaryToHexDigit but working from the end of the array backwards.,src/test/java/org/apache/commons/lang3/ConversionTest.java,44,44,44,1.0000,2,2,2,1.0000,0,0,0,1.0000,0,0,0,1.0000,573,573,1.0000,"{""assertArrayEquals"": 209, ""assertEquals"": 350, ""assertThrows"": 14}","{""assertArrayEquals"": 209, ""assertEquals"": 350, ""assertThrows"": 14}",1.0000,14,14,"[""binaryBeMsb0ToHexDigitPosOutsideArray"", ""testBinaryToHexDigitReverse""]","[""binaryBeMsb0ToHexDigitPosOutsideArray"", ""testBinaryToHexDigitReverse""]",[],[],[],[],
deepseek-v4-pro,187,ok,/home/lpy/workspace/misc/course/Introduction-to-Software-Testing/artifacts/sample_runs/deepseek-v4-pro/cand187_d0b95be28194,d0b95be2819469371c0276df80e54b088a9b7cad,Lang 1463: StringUtils abbreviate returns String of length greater than maxWidth (#477),src/test/java/org/apache/commons/lang3/StringUtilsTest.java,152,152,152,1.0000,1,1,1,1.0000,0,0,0,1.0000,0,0,0,1.0000,1579,1579,1.0000,"{""assertAbbreviateWithAbbrevMarkerAndOffset"": 21, ""assertAbbreviateWithOffset"": 21, ""assertArrayEquals"": 12, ""assertEquals"": 1220, ""assertFalse"": 30, ""assertNotEquals"": 2, ""assertNotNull"": 2, ""assertNull"": 188, ""assertSame"": 3, ""assertThrows"": 47, ""assertTrue"": 33}","{""assertAbbreviateWithAbbrevMarkerAndOffset"": 21, ""assertAbbreviateWithOffset"": 21, ""assertArrayEquals"": 12, ""assertEquals"": 1220, ""assertFalse"": 30, ""assertNotEquals"": 2, ""assertNotNull"": 2, ""assertNull"": 188, ""assertSame"": 3, ""assertThrows"": 47, ""assertTrue"": 33}",1.0000,47,47,"[""testAbbreviateMarkerWithEmptyString""]","[""testAbbreviateMarkerWithEmptyString""]",[],[],[],[],
deepseek-v4-pro,188,ok,/home/lpy/workspace/misc/course/Introduction-to-Software-Testing/artifacts/sample_runs/deepseek-v4-pro/cand188_d190655a97c3,d190655a97c33c886997b9570697f432e7d3a21a,LANG-781: Added methods to ObjectUtils class to check for null elements in the array (closes #108),src/test/java/org/apache/commons/lang3/ObjectUtilsTest.java,38,38,38,1.0000,2,2,2,1.0000,0,0,0,1.0000,0,0,0,1.0000,174,174,1.0000,"{""assertEquals"": 73, ""assertFalse"": 17, ""assertNotNull"": 2, ""assertNotSame"": 2, ""assertNull"": 16, ""assertSame"": 28, ""assertTrue"": 21, ""fail"": 15}","{""assertEquals"": 73, ""assertFalse"": 17, ""assertNotNull"": 2, ""assertNotSame"": 2, ""assertNull"": 16, ""assertSame"": 28, ""assertTrue"": 21, ""fail"": 15}",1.0000,7,7,"[""testAllNotNull"", ""testAnyNotNull""]","[""testAllNotNull"", ""testAnyNotNull""]",[],[],[],[],
deepseek-v4-pro,190,ok,/home/lpy/workspace/misc/course/Introduction-to-Software-Testing/artifacts/sample_runs/deepseek-v4-pro/cand190_d47dc7af7647,d47dc7af76471c3d0bc600361a62c65e0cb865b9,"[LANG-1694] MethodUtils.getMatchingMethod() fails with ""Found multiple candidates"" (#1033)",src/test/java/org/apache/commons/lang3/reflect/MethodUtilsTest.java,43,43,43,1.0000,0,0,0,1.0000,0,0,0,1.0000,1,1,1,1.0000,205,205,1.0000,"{""assertArrayEquals"": 8, ""assertEquals"": 127, ""assertFalse"": 2, ""assertNotNull"": 15, ""assertNotSame"": 1, ""assertNull"": 18, ""assertSame"": 4, ""assertThat"": 3, ""assertThrows"": 19, ""assertTrue"": 8}","{""assertArrayEquals"": 8, ""assertEquals"": 127, ""assertFalse"": 2, ""assertNotNull"": 15, ""assertNotSame"": 1, ""assertNull"": 18, ""assertSame"": 4, ""assertThat"": 3, ""assertThrows"": 19, ""assertTrue"": 8}",1.0000,19,19,[],[],[],[],"[""testGetMatchingMethod""]","[""testGetMatchingMethod""]",
deepseek-v4-pro,191,ok,/home/lpy/workspace/misc/course/Introduction-to-Software-Testing/artifacts/sample_runs/deepseek-v4-pro/cand191_d62d4e21ef20,d62d4e21ef20ee01e65cbf5257e04d6b572aa73b,[LANG-1528] replaceEachRepeatedly gives IllegalStateException (#505),src/test/java/org/apache/commons/lang3/StringUtilsTest.java,153,153,153,1.0000,0,0,0,1.0000,0,0,0,1.0000,1,1,1,1.0000,1587,1587,1.0000,"{""assertAbbreviateWithAbbrevMarkerAndOffset"": 21, ""assertAbbreviateWithOffset"": 21, ""assertArrayEquals"": 12, ""assertEquals"": 1224, ""assertFalse"": 30, ""assertNotEquals"": 2, ""assertNotNull"": 2, ""assertNull"": 188, ""assertSame"": 7, ""assertThrows"": 47, ""assertTrue"": 33}","{""assertAbbreviateWithAbbrevMarkerAndOffset"": 21, ""assertAbbreviateWithOffset"": 21, ""assertArrayEquals"": 12, ""assertEquals"": 1224, ""assertFalse"": 30, ""assertNotEquals"": 2, ""assertNotNull"": 2, ""assertNull"": 188, ""assertSame"": 7, ""assertThrows"": 47, ""assertTrue"": 33}",1.0000,47,47,[],[],[],[],"[""testReplace_StringStringArrayStringArrayBoolean""]","[""testReplace_StringStringArrayStringArrayBoolean""]",
deepseek-v4-pro,192,ok,/home/lpy/workspace/misc/course/Introduction-to-Software-Testing/artifacts/sample_runs/deepseek-v4-pro/cand192_d704c0dc70a2,d704c0dc70a2f861c043785822854b4a0605ac6b,Fix spelling in comment.,src/test/java/org/apache/commons/lang3/text/translate/NumericEntityUnescaperTest.java,3,3,3,1.0000,0,0,0,1.0000,0,0,0,1.0000,1,1,1,1.0000,8,8,1.0000,"{""assertEquals"": 7, ""assertThrows"": 1}","{""assertEquals"": 7, ""assertThrows"": 1}",1.0000,1,1,[],[],[],[],"[""testUnfinishedEntity""]","[""testUnfinishedEntity""]",
deepseek-v4-pro,193,ok,/home/lpy/workspace/misc/course/Introduction-to-Software-Testing/artifacts/sample_runs/deepseek-v4-pro/cand193_d79e43216fab,d79e43216faba4b3e73536915bfddc550cc0f20f,"LANG-1155: Add StringUtils#unwrap (closes #107, closes #136)",src/test/java/org/apache/commons/lang3/StringUtilsTest.java,144,144,144,1.0000,2,2,2,1.0000,0,0,0,1.0000,0,0,0,1.0000,1486,1486,1.0000,"{""assertAbbreviateWithAbbrevMarkerAndOffset"": 21, ""assertAbbreviateWithOffset"": 21, ""assertArrayEquals"": 5, ""assertEquals"": 1183, ""assertFalse"": 20, ""assertNotNull"": 2, ""assertNull"": 148, ""assertSame"": 3, ""assertTrue"": 47, ""fail"": 36}","{""assertAbbreviateWithAbbrevMarkerAndOffset"": 21, ""assertAbbreviateWithOffset"": 21, ""assertArrayEquals"": 5, ""assertEquals"": 1183, ""assertFalse"": 20, ""assertNotNull"": 2, ""assertNull"": 148, ""assertSame"": 3, ""assertTrue"": 47, ""fail"": 36}",1.0000,16,16,"[""testUnwrapString_Char"", ""testUnwrapString_String""]","[""testUnwrapString_Char"", ""testUnwrapString_String""]",[],[],[],[],
deepseek-v4-pro,194,ok,/home/lpy/workspace/misc/course/Introduction-to-Software-Testing/artifacts/sample_runs/deepseek-v4-pro/cand194_d8ec011d770e,d8ec011d770e1e04ef4f87fba673f3748f363278,LANG-1371: Fix TypeUtils.parameterize to work correctly with narrower-typed varargs array (closes #307),src/test/java/org/apache/commons/lang3/reflect/TypeUtilsTest.java,23,24,23,0.9583,0,1,0,0.0000,0,0,0,1.0000,0,0,0,1.0000,170,171,0.9942,"{""assertArrayEquals"": 3, ""assertEquals"": 54, ""assertFalse"": 35, ""assertNull"": 16, ""assertTrue"": 62}","{""assertArrayEquals"": 3, ""assertEquals"": 55, ""assertFalse"": 35, ""assertNull"": 16, ""assertTrue"": 62}",1.0000,0,0,[],"[""testParameterizeNarrowerTypeArray""]",[],[],[],[],
deepseek-v4-pro,195,ok,/home/lpy/workspace/misc/course/Introduction-to-Software-Testing/artifacts/sample_runs/deepseek-v4-pro/cand195_d9a2c69a9d1d,d9a2c69a9d1db6072e1d7b7ea4fcbd5c15d20b5d,Handle Benedikt Ritter's comments,src/test/java/org/apache/commons/lang3/time/DateUtilsTest.java,65,65,65,1.0000,6,6,6,1.0000,3,3,3,1.0000,0,0,0,1.0000,404,404,1.0000,"{""assertCalendarsEquals"": 5, ""assertDate"": 79, ""assertEquals"": 211, ""assertFalse"": 10, ""assertNotNull"": 1, ""assertNotSame"": 39, ""assertTrue"": 10, ""assertWeekIterator"": 15, ""fail"": 34}","{""assertCalendarsEquals"": 5, ""assertDate"": 79, ""assertEquals"": 211, ""assertFalse"": 10, ""assertNotNull"": 1, ""assertNotSame"": 39, ""assertTrue"": 10, ""assertWeekIterator"": 15, ""fail"": 34}",1.0000,22,22,"[""testToCalendarWithDateAndTimeZoneNotNull"", ""testToCalendarWithDateAndTimeZoneNull"", ""testToCalendarWithDateNotNull"", ""testToCalendarWithDateNull"", ""testToCalendarWithTimeZoneNotNull"", ""testToCalendarWithTimeZoneNull""]","[""testToCalendarWithDateAndTimeZoneNotNull"", ""testToCalendarWithDateAndTimeZoneNull"", ""testToCalendarWithDateNotNull"", ""testToCalendarWithDateNull"", ""testToCalendarWithTimeZoneNotNull"", ""testToCalendarWithTimeZoneNull""]","[""testToCalendarWithDate"", ""testToCalendarWithDateAndTimeZone"", ""testToCalendarWithTimeZone""]","[""testToCalendarWithDate"", ""testToCalendarWithDateAndTimeZone"", ""testToCalendarWithTimeZone""]",[],[],
deepseek-v4-pro,196,ok,/home/lpy/workspace/misc/course/Introduction-to-Software-Testing/artifacts/sample_runs/deepseek-v4-pro/cand196_d9de2fd5b8c6,d9de2fd5b8c65506b1ab14df631cc26ffcd647dc,[LANG-1810] Deprecate SOFT_MAX_ARRAY_LENGTH in favor of MAX_ARRAY_LENGTH (#1559),src/test/java/org/apache/commons/lang3/ArrayUtilsTest.java,356,356,356,1.0000,1,1,1,1.0000,0,0,0,1.0000,0,0,0,1.0000,3411,3411,1.0000,"{""assertArrayEquals"": 153, ""assertEquals"": 1210, ""assertFalse"": 1034, ""assertIllegalArgumentException"": 8, ""assertInstanceOf"": 1, ""assertIsEquals"": 9, ""assertNotEquals"": 1, ""assertNotNull"": 2, ""assertNotSame"": 30, ""assertNull"": 98, ""assertNullPointerException"": 14, ""assertSame"": 71, ""assertThrows"": 1, ""assertTrue"": 779}","{""assertArrayEquals"": 153, ""assertEquals"": 1210, ""assertFalse"": 1034, ""assertIllegalArgumentException"": 8, ""assertInstanceOf"": 1, ""assertIsEquals"": 9, ""assertNotEquals"": 1, ""assertNotNull"": 2, ""assertNotSame"": 30, ""assertNull"": 98, ""assertNullPointerException"": 14, ""assertSame"": 71, ""assertThrows"": 1, ""assertTrue"": 779}",1.0000,1,1,"[""testMaxArrayLength""]","[""testMaxArrayLength""]",[],[],[],[],
deepseek-v4-pro,197,ok,/home/lpy/workspace/misc/course/Introduction-to-Software-Testing/artifacts/sample_runs/deepseek-v4-pro/cand197_da036809e933,da036809e9339d5c0a6a04469a95f54ed4de0948,Remove dead comments.,src/test/java/org/apache/commons/lang3/RangeTest.java,27,27,27,1.0000,0,0,0,1.0000,0,0,0,1.0000,0,0,0,1.0000,150,150,1.0000,"{""assertEquals"": 30, ""assertFalse"": 63, ""assertNotEquals"": 4, ""assertNotNull"": 1, ""assertSame"": 5, ""assertThrows"": 4, ""assertTrue"": 43}","{""assertEquals"": 30, ""assertFalse"": 63, ""assertNotEquals"": 4, ""assertNotNull"": 1, ""assertSame"": 5, ""assertThrows"": 4, ""assertTrue"": 43}",1.0000,4,4,[],[],[],[],[],[],
deepseek-v4-pro,199,ok,/home/lpy/workspace/misc/course/Introduction-to-Software-Testing/artifacts/sample_runs/deepseek-v4-pro/cand199_dee8f6fb849f,dee8f6fb849fd3b7d928f13e273f8160f0a45f5b,implement lastIndexOf,src/test/java/org/apache/commons/lang3/CharSequenceUtilsTest.java,7,7,7,1.0000,1,1,1,1.0000,0,0,0,1.0000,0,0,0,1.0000,21,21,1.0000,"{""assertArrayEquals"": 2, ""assertEquals"": 9, ""assertFalse"": 1, ""assertNotNull"": 1, ""assertNull"": 3, ""assertThrows"": 3, ""assertTrue"": 2}","{""assertArrayEquals"": 2, ""assertEquals"": 9, ""assertFalse"": 1, ""assertNotNull"": 1, ""assertNull"": 3, ""assertThrows"": 3, ""assertTrue"": 2}",1.0000,3,3,"[""testNewLastIndexOf""]","[""testNewLastIndexOf""]",[],[],[],[],
deepseek-v4-pro,200,ok,/home/lpy/workspace/misc/course/Introduction-to-Software-Testing/artifacts/sample_runs/deepseek-v4-pro/cand200_dfe80aaca3a6,dfe80aaca3a686047b832e321dafe141954a983f,Camel-case package-private methods,src/test/java/org/apache/commons/lang3/SystemUtilsTest.java,20,20,20,1.0000,0,0,0,1.0000,0,0,0,1.0000,3,3,3,1.0000,1064,1064,1.0000,"{""assertEquals"": 12, ""assertFalse"": 808, ""assertNotNull"": 6, ""assertNull"": 1, ""assertTrue"": 237}","{""assertEquals"": 12, ""assertFalse"": 808, ""assertNotNull"": 6, ""assertNull"": 1, ""assertTrue"": 237}",1.0000,0,0,[],[],[],[],"[""testOSMatchesName"", ""testOSMatchesNameAndVersion"", ""testOsVersionMatches""]","[""testOSMatchesName"", ""testOSMatchesNameAndVersion"", ""testOsVersionMatches""]",
deepseek-v4-pro,201,ok,/home/lpy/workspace/misc/course/Introduction-to-Software-Testing/artifacts/sample_runs/deepseek-v4-pro/cand201_e2c0ea4374c0,e2c0ea4374c02539ad9bc6c4328b74f25eb72405,"#LAN-1114 fixes bug in TypeUtils.equals(WildcardType, Type) where it was incorrectly returning true when the second argument was not a Wildcard type.",src/test/java/org/apache/commons/lang3/reflect/TypeUtilsTest.java,19,20,19,0.9500,0,1,0,0.0000,0,0,0,1.0000,0,0,0,1.0000,163,165,0.9879,"{""assertArrayEquals"": 3, ""assertEquals"": 49, ""assertFalse"": 33, ""assertNull"": 16, ""assertTrue"": 62}","{""assertArrayEquals"": 3, ""assertEquals"": 49, ""assertFalse"": 35, ""assertNull"": 16, ""assertTrue"": 62}",1.0000,0,0,[],"[""testLang1114""]",[],[],[],[],
deepseek-v4-pro,202,ok,/home/lpy/workspace/misc/course/Introduction-to-Software-Testing/artifacts/sample_runs/deepseek-v4-pro/cand202_e2dbe55d56bd,e2dbe55d56bd6c1209276050f527d36717e33e1d,"MethodUtils#invokeMethod(Object object, boolean forceAccess, String methodName, Object[] args, Class<?>[] parameterTypes): do not restore the accessibility of the method object, because Method#setAccessible only modifies the behavior of the AccessibleObject not of the actual method.",src/test/java/org/apache/commons/lang3/reflect/MethodUtilsTest.java,29,29,29,1.0000,0,0,0,1.0000,0,0,0,1.0000,1,1,1,1.0000,130,130,1.0000,"{""assertArrayEquals"": 3, ""assertEquals"": 100, ""assertFalse"": 2, ""assertNotNull"": 3, ""assertNotSame"": 1, ""assertNull"": 2, ""assertSame"": 4, ""assertThat"": 3, ""assertTrue"": 5, ""fail"": 7}","{""assertArrayEquals"": 3, ""assertEquals"": 100, ""assertFalse"": 2, ""assertNotNull"": 3, ""assertNotSame"": 1, ""assertNull"": 2, ""assertSame"": 4, ""assertThat"": 3, ""assertTrue"": 5, ""fail"": 7}",1.0000,6,6,[],[],[],[],"[""testInvokeMethodForceAccessNoArgs""]","[""testInvokeMethodForceAccessNoArgs""]",
deepseek-v4-pro,203,ok,/home/lpy/workspace/misc/course/Introduction-to-Software-Testing/artifacts/sample_runs/deepseek-v4-pro/cand203_e55aaa5706f0,e55aaa5706f031df2e8d68bdf088604c79944246,StrSubstitutor can preserve escapes,src/test/java/org/apache/commons/lang3/text/StrSubstitutorTest.java,40,40,40,1.0000,1,1,1,1.0000,0,0,0,1.0000,0,0,0,1.0000,102,102,1.0000,"{""assertEquals"": 64, ""assertFalse"": 6, ""assertNull"": 2, ""assertSame"": 6, ""assertTrue"": 18, ""fail"": 6}","{""assertEquals"": 64, ""assertFalse"": 6, ""assertNull"": 2, ""assertSame"": 6, ""assertTrue"": 18, ""fail"": 6}",1.0000,0,0,"[""testSubstitutePreserveEscape""]","[""testSubstitutePreserveEscape""]",[],[],[],[],
deepseek-v4-pro,204,ok,/home/lpy/workspace/misc/course/Introduction-to-Software-Testing/artifacts/sample_runs/deepseek-v4-pro/cand204_e79a590e0cda,e79a590e0cdabd93883aca964db2a862ff3f8490,new test case explanations about algorithm,src/test/java/org/apache/commons/lang3/ArrayUtilsTest.java,254,254,254,1.0000,0,0,0,1.0000,0,0,0,1.0000,1,1,1,1.0000,1598,1598,1.0000,"{""assertArrayEquals"": 48, ""assertEquals"": 973, ""assertFalse"": 171, ""assertIsEquals"": 9, ""assertNotNull"": 1, ""assertNotSame"": 20, ""assertNull"": 9, ""assertSame"": 71, ""assertTrue"": 280, ""fail"": 16}","{""assertArrayEquals"": 48, ""assertEquals"": 973, ""assertFalse"": 171, ""assertIsEquals"": 9, ""assertNotNull"": 1, ""assertNotSame"": 20, ""assertNull"": 9, ""assertSame"": 71, ""assertTrue"": 280, ""fail"": 16}",1.0000,2,2,[],[],[],[],"[""testShiftShort""]","[""testShiftShort""]",
deepseek-v4-pro,205,ok,/home/lpy/workspace/misc/course/Introduction-to-Software-Testing/artifacts/sample_runs/deepseek-v4-pro/cand205_e9d7afbe2bf6,e9d7afbe2bf667167614869c7ea10e91f96ffceb,[LANG-1523] Avoid unnecessary allocation in wrapIfMissing. (#496),src/test/java/org/apache/commons/lang3/StringUtilsTest.java,152,152,152,1.0000,0,0,0,1.0000,0,0,0,1.0000,2,2,2,1.0000,1581,1581,1.0000,"{""assertAbbreviateWithAbbrevMarkerAndOffset"": 21, ""assertAbbreviateWithOffset"": 21, ""assertArrayEquals"": 12, ""assertEquals"": 1218, ""assertFalse"": 30, ""assertNotEquals"": 2, ""assertNotNull"": 2, ""assertNull"": 188, ""assertSame"": 7, ""assertThrows"": 47, ""assertTrue"": 33}","{""assertAbbreviateWithAbbrevMarkerAndOffset"": 21, ""assertAbbreviateWithOffset"": 21, ""assertArrayEquals"": 12, ""assertEquals"": 1218, ""assertFalse"": 30, ""assertNotEquals"": 2, ""assertNotNull"": 2, ""assertNull"": 188, ""assertSame"": 7, ""assertThrows"": 47, ""assertTrue"": 33}",1.0000,47,47,[],[],[],[],"[""testWrapIfMissing_StringChar"", ""testWrapIfMissing_StringString""]","[""testWrapIfMissing_StringChar"", ""testWrapIfMissing_StringString""]",
deepseek-v4-pro,206,ok,/home/lpy/workspace/misc/course/Introduction-to-Software-Testing/artifacts/sample_runs/deepseek-v4-pro/cand206_eabd95a51c6b,eabd95a51c6b70b5503c7ade734fff5b34f80ff6,Additional samples,src/test/java/org/apache/commons/lang3/BooleanUtilsTest.java,71,71,71,1.0000,0,0,0,1.0000,0,0,0,1.0000,1,1,1,1.0000,251,251,1.0000,"{""assertEquals"": 109, ""assertFalse"": 32, ""assertNotNull"": 1, ""assertSame"": 9, ""assertTrue"": 100}","{""assertEquals"": 109, ""assertFalse"": 32, ""assertNotNull"": 1, ""assertSame"": 9, ""assertTrue"": 100}",1.0000,25,25,[],[],[],[],"[""test_toBooleanObject_String""]","[""test_toBooleanObject_String""]",
deepseek-v4-pro,207,ok,/home/lpy/workspace/misc/course/Introduction-to-Software-Testing/artifacts/sample_runs/deepseek-v4-pro/cand207_eb07b19f4a23,eb07b19f4a23d443a1fa1005c344d78f79c0f110,Lang 1689 add optional to objectutils isempty (#933),src/test/java/org/apache/commons/lang3/ObjectUtilsTest.java,56,56,56,1.0000,0,0,0,1.0000,0,0,0,1.0000,2,2,2,1.0000,276,276,1.0000,"{""assertArrayEquals"": 1, ""assertEquals"": 83, ""assertFalse"": 42, ""assertNotNull"": 2, ""assertNotSame"": 2, ""assertNull"": 23, ""assertSame"": 30, ""assertThrows"": 24, ""assertTrue"": 68, ""fail"": 1}","{""assertArrayEquals"": 1, ""assertEquals"": 83, ""assertFalse"": 42, ""assertNotNull"": 2, ""assertNotSame"": 2, ""assertNull"": 23, ""assertSame"": 30, ""assertThrows"": 24, ""assertTrue"": 68, ""fail"": 1}",1.0000,24,24,[],[],[],[],"[""testIsEmpty"", ""testIsNotEmpty""]","[""testIsEmpty"", ""testIsNotEmpty""]",
deepseek-v4-pro,208,ok,/home/lpy/workspace/misc/course/Introduction-to-Software-Testing/artifacts/sample_runs/deepseek-v4-pro/cand208_eb79f7c6f37d,eb79f7c6f37d0d9c4d9252b1020bc19a617a4d23,"(LANG-624) SystemUtils.getJavaVersionAsFloat throws StringIndexOutOfBoundsException on Android runtime/Dalvik VM. Oops, fix return type.",src/test/java/org/apache/commons/lang3/SystemUtilsTest.java,0,0,0,1.0000,0,0,0,1.0000,0,0,0,1.0000,0,0,0,1.0000,243,243,1.0000,"{""assertEquals"": 231, ""assertNotNull"": 6, ""assertNull"": 2, ""assertTrue"": 4}","{""assertEquals"": 231, ""assertNotNull"": 6, ""assertNull"": 2, ""assertTrue"": 4}",1.0000,0,0,[],[],[],[],[],[],
deepseek-v4-pro,209,ok,/home/lpy/workspace/misc/course/Introduction-to-Software-Testing/artifacts/sample_runs/deepseek-v4-pro/cand209_eccf213204b7,eccf213204b776e40efcc031f4c0df560b9421e9,LANG-787: Add StringUtils#removeIgnoreCase,src/test/java/org/apache/commons/lang3/StringUtilsTest.java,140,140,140,1.0000,4,4,4,1.0000,0,0,0,1.0000,0,0,0,1.0000,1350,1350,1.0000,"{""assertAbbreviateWithOffset"": 21, ""assertArrayEquals"": 5, ""assertEquals"": 1080, ""assertFalse"": 47, ""assertNotNull"": 2, ""assertNull"": 131, ""assertSame"": 3, ""assertTrue"": 50, ""fail"": 11}","{""assertAbbreviateWithOffset"": 21, ""assertArrayEquals"": 5, ""assertEquals"": 1080, ""assertFalse"": 47, ""assertNotNull"": 2, ""assertNull"": 131, ""assertSame"": 3, ""assertTrue"": 50, ""fail"": 11}",1.0000,13,13,"[""testRemoveIgnoreCase_String"", ""testReplaceIgnoreCase_StringStringString"", ""testReplaceIgnoreCase_StringStringStringInt"", ""testReplaceOnceIgnoreCase_StringStringString""]","[""testRemoveIgnoreCase_String"", ""testReplaceIgnoreCase_StringStringString"", ""testReplaceIgnoreCase_StringStringStringInt"", ""testReplaceOnceIgnoreCase_StringStringString""]",[],[],[],[],
deepseek-v4-pro,210,ok,/home/lpy/workspace/misc/course/Introduction-to-Software-Testing/artifacts/sample_runs/deepseek-v4-pro/cand210_ee2041464e60,ee2041464e60082a601d72be329bac57bc67328f,Let existing catch clause handle the NPE edge case,src/test/java/org/apache/commons/lang3/math/NumberUtilsTest.java,120,120,120,1.0000,0,0,0,1.0000,0,0,0,1.0000,6,6,6,1.0000,738,738,1.0000,"{""assertCreateNumberZero"": 7, ""assertEquals"": 551, ""assertFalse"": 30, ""assertNotNull"": 5, ""assertNull"": 7, ""assertThrows"": 42, ""assertTrue"": 96}","{""assertCreateNumberZero"": 7, ""assertEquals"": 551, ""assertFalse"": 30, ""assertNotNull"": 5, ""assertNull"": 7, ""assertThrows"": 42, ""assertTrue"": 96}",1.0000,42,42,[],[],[],[],"[""testStringToDoubleStringD"", ""testToByteStringI"", ""testToFloatStringF"", ""testToIntStringI"", ""testToLongStringL"", ""testToShortStringI""]","[""testStringToDoubleStringD"", ""testToByteStringI"", ""testToFloatStringF"", ""testToIntStringI"", ""testToLongStringL"", ""testToShortStringI""]",
deepseek-v4-pro,211,ok,/home/lpy/workspace/misc/course/Introduction-to-Software-Testing/artifacts/sample_runs/deepseek-v4-pro/cand211_ee6c682ed5fa,ee6c682ed5fa8c1b33aa1d52a1e2f088b0191b6b,"Add allNull() and anyNull() methods to ObjectUtils, as well as their associated tests.",src/test/java/org/apache/commons/lang3/ObjectUtilsTest.java,50,50,50,1.0000,2,2,2,1.0000,0,0,0,1.0000,0,0,0,1.0000,223,223,1.0000,"{""assertArrayEquals"": 1, ""assertEquals"": 76, ""assertFalse"": 31, ""assertNotNull"": 2, ""assertNotSame"": 2, ""assertNull"": 20, ""assertSame"": 30, ""assertThrows"": 19, ""assertTrue"": 41, ""fail"": 1}","{""assertArrayEquals"": 1, ""assertEquals"": 76, ""assertFalse"": 31, ""assertNotNull"": 2, ""assertNotSame"": 2, ""assertNull"": 20, ""assertSame"": 30, ""assertThrows"": 19, ""assertTrue"": 41, ""fail"": 1}",1.0000,19,19,"[""testAllNull"", ""testAnyNull""]","[""testAllNull"", ""testAnyNull""]",[],[],[],[],
deepseek-v4-pro,212,ok,/home/lpy/workspace/misc/course/Introduction-to-Software-Testing/artifacts/sample_runs/deepseek-v4-pro/cand212_f51f015e3deb,f51f015e3deb2d205b2962fbaa253f6ef457f2a3,[LANG-1682] Javadoc and test: Use Strings.CI.startsWithAny method instead (#1299),src/test/java/org/apache/commons/lang3/StringsTest.java,7,7,7,1.0000,1,1,1,1.0000,0,0,0,1.0000,0,0,0,1.0000,27,27,1.0000,"{""assertFalse"": 11, ""assertNotNull"": 2, ""assertTrue"": 14}","{""assertFalse"": 11, ""assertNotNull"": 2, ""assertTrue"": 14}",1.0000,0,0,"[""testCaseInsensitiveStartsWithAny""]","[""testCaseInsensitiveStartsWithAny""]",[],[],[],[],
deepseek-v4-pro,213,ok,/home/lpy/workspace/misc/course/Introduction-to-Software-Testing/artifacts/sample_runs/deepseek-v4-pro/cand213_f5e9f5528378,f5e9f55283788fc15a38191baea2cf765a227f4e,[LANG-1568] Add more failable Consumers to match JRE stock Consumers.,src/test/java/org/apache/commons/lang3/FunctionsTest.java,28,28,28,1.0000,6,6,6,1.0000,0,0,0,1.0000,13,13,13,1.0000,229,229,1.0000,"{""assertEquals"": 25, ""assertFalse"": 1, ""assertNotNull"": 36, ""assertNull"": 27, ""assertSame"": 60, ""assertThrows"": 68, ""assertTrue"": 12}","{""assertEquals"": 25, ""assertFalse"": 1, ""assertNotNull"": 36, ""assertNull"": 27, ""assertSame"": 60, ""assertThrows"": 68, ""assertTrue"": 12}",1.0000,68,68,"[""testAcceptDoubleConsumer"", ""testAcceptIntConsumer"", ""testAcceptLongConsumer"", ""testAcceptObjDoubleConsumer"", ""testAcceptObjIntConsumer"", ""testAcceptObjLongConsumer""]","[""testAcceptDoubleConsumer"", ""testAcceptIntConsumer"", ""testAcceptLongConsumer"", ""testAcceptObjDoubleConsumer"", ""testAcceptObjIntConsumer"", ""testAcceptObjLongConsumer""]",[],[],"[""testAcceptBiConsumer"", ""testAcceptConsumer"", ""testApplyBiFunction"", ""testApplyFunction"", ""testAsBiConsumer"", ""testAsBiFunction"", ""testAsConsumer"", ""testAsFunction"", ""testGetAsBooleanSupplier"", ""testGetAsDoubleSupplier"", ""testGetAsIntSupplier"", ""testGetAsLongSupplier"", ""testGetSupplier""]","[""testAcceptBiConsumer"", ""testAcceptConsumer"", ""testApplyBiFunction"", ""testApplyFunction"", ""testAsBiConsumer"", ""testAsBiFunction"", ""testAsConsumer"", ""testAsFunction"", ""testGetAsBooleanSupplier"", ""testGetAsDoubleSupplier"", ""testGetAsIntSupplier"", ""testGetAsLongSupplier"", ""testGetSupplier""]",
deepseek-v4-pro,214,ok,/home/lpy/workspace/misc/course/Introduction-to-Software-Testing/artifacts/sample_runs/deepseek-v4-pro/cand214_f68a643ef991,f68a643ef99189d10a6753167367dcc8f943d634,--corrected the isUnchecked method to check for null (#1079),src/test/java/org/apache/commons/lang3/exception/ExceptionUtilsTest.java,63,63,63,1.0000,1,1,1,1.0000,0,0,0,1.0000,0,0,0,1.0000,292,292,1.0000,"{""assertArrayEquals"": 1, ""assertEquals"": 148, ""assertFalse"": 11, ""assertNotNull"": 1, ""assertNull"": 40, ""assertSame"": 67, ""assertThrows"": 10, ""assertTrue"": 14}","{""assertArrayEquals"": 1, ""assertEquals"": 148, ""assertFalse"": 11, ""assertNotNull"": 1, ""assertNull"": 40, ""assertSame"": 67, ""assertThrows"": 10, ""assertTrue"": 14}",1.0000,10,10,"[""testIsUnchecked_null""]","[""testIsUnchecked_null""]",[],[],[],[],
deepseek-v4-pro,215,ok,/home/lpy/workspace/misc/course/Introduction-to-Software-Testing/artifacts/sample_runs/deepseek-v4-pro/cand215_f698f9e64e43,f698f9e64e4305b3aa2f3ae75b747acab4de773d,Sort by method name.,src/test/java/org/apache/commons/lang3/exception/ExceptionUtilsTest.java,14,38,14,0.3684,0,0,0,1.0000,24,0,0,0.0000,0,0,0,1.0000,87,245,0.3551,"{""assertEquals"": 43, ""assertFalse"": 3, ""assertNotNull"": 1, ""assertSame"": 30, ""assertThrows"": 4, ""assertTrue"": 6}","{""assertEquals"": 174, ""assertFalse"": 4, ""assertNotNull"": 1, ""assertSame"": 47, ""assertThrows"": 10, ""assertTrue"": 9}",1.0000,4,10,[],[],"[""testCatchTechniques"", ""testGetRootCauseStackTrace_Throwable"", ""testGetThrowableList_Throwable_jdkNoCause"", ""testGetThrowableList_Throwable_nested"", ""testGetThrowableList_Throwable_null"", ""testGetThrowableList_Throwable_recursiveCause"", ""testGetThrowableList_Throwable_withCause"", ""testGetThrowableList_Throwable_withoutCause"", ""testGetThrowables_Throwable_nested"", ""testGetThrowables_Throwable_null"", ""testGetThrowables_Throwable_withCause"", ""testGetThrowables_Throwable_withoutCause"", ""testIndexOfType_ThrowableClassInt"", ""testIndexOf_ThrowableClassInt"", ""testRemoveCommonFrames_ListList"", ""testThrow"", ""testThrowableOfType_ThrowableClass"", ""testThrowableOfType_ThrowableClassInt"", ""testThrowableOf_ThrowableClass"", ""testThrowableOf_ThrowableClassInt"", ""testWrapAndUnwrapCheckedException"", ""testWrapAndUnwrapThrowable"", ""test_getMessage_Throwable"", ""test_getRootCauseMessage_Throwable""]",[],[],[],
deepseek-v4-pro,216,ok,/home/lpy/workspace/misc/course/Introduction-to-Software-Testing/artifacts/sample_runs/deepseek-v4-pro/cand216_f8b1f6e7456a,f8b1f6e7456a92b8aeb3e0aa8ef88936873dae00,Add method to DiffBuilder to allow appending from a DiffResult.,src/test/java/org/apache/commons/lang3/builder/DiffBuilderTest.java,31,31,31,1.0000,1,1,1,1.0000,0,0,0,1.0000,0,0,0,1.0000,77,77,1.0000,"{""assertArrayEquals"": 18, ""assertEquals"": 48, ""assertFalse"": 3, ""assertThat"": 5, ""assertTrue"": 3}","{""assertArrayEquals"": 18, ""assertEquals"": 48, ""assertFalse"": 3, ""assertThat"": 5, ""assertTrue"": 3}",1.0000,2,2,"[""testDiffResult""]","[""testDiffResult""]",[],[],[],[],
deepseek-v4-pro,217,ok,/home/lpy/workspace/misc/course/Introduction-to-Software-Testing/artifacts/sample_runs/deepseek-v4-pro/cand217_f91a7c97d35b,f91a7c97d35b6eda87b346c8b37418e10e728e31,"Per David M. Sledge's patch to LANG-599, added support to ClassUtils.getClass(String) to support inner classes being separated by '.' as well as the official '$'",src/test/java/org/apache/commons/lang3/ClassUtilsTest.java,0,0,0,1.0000,0,0,0,1.0000,0,0,0,1.0000,0,0,0,1.0000,533,533,1.0000,"{""assertEquals"": 223, ""assertFalse"": 148, ""assertGetClassReturnsClass"": 19, ""assertGetClassThrowsClassNotFound"": 10, ""assertGetClassThrowsException"": 3, ""assertGetClassThrowsNullPointerException"": 2, ""assertNotNull"": 1, ""assertNotSame"": 1, ""assertNull"": 6, ""assertSame"": 1, ""assertTrue"": 114, ""fail"": 5}","{""assertEquals"": 223, ""assertFalse"": 148, ""assertGetClassReturnsClass"": 19, ""assertGetClassThrowsClassNotFound"": 10, ""assertGetClassThrowsException"": 3, ""assertGetClassThrowsNullPointerException"": 2, ""assertNotNull"": 1, ""assertNotSame"": 1, ""assertNull"": 6, ""assertSame"": 1, ""assertTrue"": 114, ""fail"": 5}",1.0000,0,0,[],[],[],[],[],[],
deepseek-v4-pro,218,ok,/home/lpy/workspace/misc/course/Introduction-to-Software-Testing/artifacts/sample_runs/deepseek-v4-pro/cand218_f962e7b65457,f962e7b65457640a15db9970487cc858176bd511,Allow EventListenerSupport to handle (and ignore) exception from (#1167),src/test/java/org/apache/commons/lang3/event/EventListenerSupportTest.java,12,12,12,1.0000,1,1,1,1.0000,0,0,0,1.0000,1,1,1,1.0000,33,33,1.0000,"{""assertEquals"": 21, ""assertSame"": 6, ""assertThrows"": 5, ""assertTrue"": 1}","{""assertEquals"": 21, ""assertSame"": 6, ""assertThrows"": 5, ""assertTrue"": 1}",1.0000,5,5,"[""testThrowingListenerContinues""]","[""testThrowingListenerContinues""]",[],[],"[""testThrowingListener""]","[""testThrowingListener""]",
deepseek-v4-pro,219,ok,/home/lpy/workspace/misc/course/Introduction-to-Software-Testing/artifacts/sample_runs/deepseek-v4-pro/cand219_fa59a31596ce,fa59a31596ce37abe09c5f058c6f2e035f7c6677,[LANG-1821] NumberUtils.isCreatable fails for hexadecimal numbers with long type qualifier (#1629),src/test/java/org/apache/commons/lang3/math/NumberUtilsTest.java,126,126,126,1.0000,1,1,1,1.0000,0,0,0,1.0000,0,0,0,1.0000,735,735,1.0000,"{""assertCreateNumberZero"": 7, ""assertEquals"": 551, ""assertFalse"": 25, ""assertIllegalArgumentException"": 12, ""assertInstanceOf"": 41, ""assertNotNull"": 5, ""assertNull"": 7, ""assertNullPointerException"": 12, ""assertThrows"": 18, ""assertTrue"": 57}","{""assertCreateNumberZero"": 7, ""assertEquals"": 551, ""assertFalse"": 25, ""assertIllegalArgumentException"": 12, ""assertInstanceOf"": 41, ""assertNotNull"": 5, ""assertNull"": 7, ""assertNullPointerException"": 12, ""assertThrows"": 18, ""assertTrue"": 57}",1.0000,18,18,"[""testLang1821""]","[""testLang1821""]",[],[],[],[],
deepseek-v4-pro,220,ok,/home/lpy/workspace/misc/course/Introduction-to-Software-Testing/artifacts/sample_runs/deepseek-v4-pro/cand220_fb6a7e7788b9,fb6a7e7788b976dc53f6b2ff1e0bdb9f467d4987,[LANG-1544] MethodUtils.invokeMethod NullPointerException in case of null in args list (#680),src/test/java/org/apache/commons/lang3/reflect/MethodUtilsTest.java,43,43,43,1.0000,1,1,1,1.0000,0,0,0,1.0000,0,0,0,1.0000,204,204,1.0000,"{""assertArrayEquals"": 8, ""assertEquals"": 126, ""assertFalse"": 2, ""assertNotNull"": 15, ""assertNotSame"": 1, ""assertNull"": 18, ""assertSame"": 4, ""assertThat"": 3, ""assertThrows"": 19, ""assertTrue"": 8}","{""assertArrayEquals"": 8, ""assertEquals"": 126, ""assertFalse"": 2, ""assertNotNull"": 15, ""assertNotSame"": 1, ""assertNull"": 18, ""assertSame"": 4, ""assertThat"": 3, ""assertThrows"": 19, ""assertTrue"": 8}",1.0000,19,19,"[""testGetMatchingMethod""]","[""testGetMatchingMethod""]",[],[],[],[],
deepseek-v4-pro,221,ok,/home/lpy/workspace/misc/course/Introduction-to-Software-Testing/artifacts/sample_runs/deepseek-v4-pro/cand221_fbb5d31a581c,fbb5d31a581c24e925c442a7754358d2b62a669d,"LANG-1214: Handle ""void"" in ClassUtils.getClass() (closes #155)",src/test/java/org/apache/commons/lang3/ClassUtilsTest.java,57,57,57,1.0000,0,0,0,1.0000,0,0,0,1.0000,1,1,1,1.0000,660,660,1.0000,"{""assertArrayEquals"": 2, ""assertEquals"": 285, ""assertFalse"": 171, ""assertGetClassReturnsClass"": 19, ""assertGetClassThrowsClassNotFound"": 10, ""assertGetClassThrowsException"": 3, ""assertGetClassThrowsNullPointerException"": 2, ""assertNotNull"": 1, ""assertNotSame"": 1, ""assertNull"": 9, ""assertSame"": 1, ""assertTrue"": 151, ""fail"": 5}","{""assertArrayEquals"": 2, ""assertEquals"": 285, ""assertFalse"": 171, ""assertGetClassReturnsClass"": 19, ""assertGetClassThrowsClassNotFound"": 10, ""assertGetClassThrowsException"": 3, ""assertGetClassThrowsNullPointerException"": 2, ""assertNotNull"": 1, ""assertNotSame"": 1, ""assertNull"": 9, ""assertSame"": 1, ""assertTrue"": 151, ""fail"": 5}",1.0000,2,2,[],[],[],[],"[""testGetClassRawPrimitives""]","[""testGetClassRawPrimitives""]",
deepseek-v4-pro,222,ok,/home/lpy/workspace/misc/course/Introduction-to-Software-Testing/artifacts/sample_runs/deepseek-v4-pro/cand222_fc3638e0fc8d,fc3638e0fc8dc82136753c085f90ae4f773c01ba,Add tests,src/test/java/org/apache/commons/lang3/tuple/PairTest.java,18,18,18,1.0000,2,2,2,1.0000,1,1,1,1.0000,1,1,1,1.0000,72,72,1.0000,"{""assertEquals"": 53, ""assertInstanceOf"": 2, ""assertNotEquals"": 2, ""assertNull"": 5, ""assertThrows"": 3, ""assertTrue"": 7}","{""assertEquals"": 53, ""assertInstanceOf"": 2, ""assertNotEquals"": 2, ""assertNull"": 5, ""assertThrows"": 3, ""assertTrue"": 7}",1.0000,3,3,"[""testComparableAllDifferent"", ""testComparableRightEquals""]","[""testComparableAllDifferent"", ""testComparableRightEquals""]","[""testComparable1""]","[""testComparable1""]","[""testComparableLeftEquals""]","[""testComparableLeftEquals""]",
deepseek-v4-pro,223,ok,/home/lpy/workspace/misc/course/Introduction-to-Software-Testing/artifacts/sample_runs/deepseek-v4-pro/cand223_fd59e545f4f2,fd59e545f4f2d697ea7e197f002c5e8eeca27004,LANG-1223: Add StopWatch#getTime(TimeUnit) (closes #152),src/test/java/org/apache/commons/lang3/time/StopWatchTest.java,9,10,9,0.9000,0,1,0,0.0000,0,0,0,1.0000,0,0,0,1.0000,45,49,0.9184,"{""assertEquals"": 5, ""assertFalse"": 7, ""assertTrue"": 19, ""fail"": 14}","{""assertEquals"": 9, ""assertFalse"": 7, ""assertTrue"": 19, ""fail"": 14}",1.0000,0,0,[],"[""testStopWatchGetWithTimeUnit""]",[],[],[],[],
deepseek-v4-pro,224,ok,/home/lpy/workspace/misc/course/Introduction-to-Software-Testing/artifacts/sample_runs/deepseek-v4-pro/cand224_fd866a9c2d6c,fd866a9c2d6c69f9f6462a5e498b58293597d611,Fix handling of non-ASCII letters & numbers in RandomStringUtils (#1273),src/test/java/org/apache/commons/lang3/RandomStringUtilsTest.java,27,27,27,1.0000,2,2,2,1.0000,0,0,0,1.0000,0,0,0,1.0000,135,135,1.0000,"{""assertEquals"": 34, ""assertFalse"": 11, ""assertNotEquals"": 3, ""assertNotNull"": 1, ""assertThat"": 23, ""assertThrows"": 34, ""assertTrue"": 28, ""fail"": 1}","{""assertEquals"": 34, ""assertFalse"": 11, ""assertNotEquals"": 3, ""assertNotNull"": 1, ""assertThat"": 23, ""assertThrows"": 34, ""assertTrue"": 28, ""fail"": 1}",1.0000,34,34,"[""testNonASCIILetters"", ""testNonASCIINumbers""]","[""testNonASCIILetters"", ""testNonASCIINumbers""]",[],[],[],[],
deepseek-v4-pro,225,ok,/home/lpy/workspace/misc/course/Introduction-to-Software-Testing/artifacts/sample_runs/deepseek-v4-pro/cand225_fdb6e394b8b0,fdb6e394b8b0bba1988c3262d90c232cb1a4b575,Use Java 8 API to manage thread local,src/test/java/org/apache/commons/lang3/builder/EqualsBuilderTest.java,57,57,57,1.0000,0,0,0,1.0000,0,0,0,1.0000,1,1,1,1.0000,323,323,1.0000,"{""assertArrayEquals"": 4, ""assertEquals"": 12, ""assertFalse"": 136, ""assertNotEquals"": 2, ""assertTrue"": 169}","{""assertArrayEquals"": 4, ""assertEquals"": 12, ""assertFalse"": 136, ""assertNotEquals"": 2, ""assertTrue"": 169}",1.0000,0,0,[],[],[],[],"[""testCyclicalObjectReferences""]","[""testCyclicalObjectReferences""]",
deepseek-v4-pro,226,ok,/home/lpy/workspace/misc/course/Introduction-to-Software-Testing/artifacts/sample_runs/deepseek-v4-pro/cand226_fde46a232d82,fde46a232d82f2b746f62bc7546e2e3371f20dca,Added 1 and 0 in toBooleanObject(final String str)  (#502),src/test/java/org/apache/commons/lang3/BooleanUtilsTest.java,72,72,72,1.0000,0,0,0,1.0000,0,0,0,1.0000,2,2,2,1.0000,284,284,1.0000,"{""assertEquals"": 96, ""assertFalse"": 33, ""assertNotNull"": 1, ""assertNull"": 17, ""assertSame"": 9, ""assertThrows"": 25, ""assertTrue"": 103}","{""assertEquals"": 96, ""assertFalse"": 33, ""assertNotNull"": 1, ""assertNull"": 17, ""assertSame"": 9, ""assertThrows"": 25, ""assertTrue"": 103}",1.0000,25,25,[],[],[],[],"[""test_toBooleanObject_String"", ""test_toBoolean_String""]","[""test_toBooleanObject_String"", ""test_toBoolean_String""]",
deepseek-v4-pro,228,ok,/home/lpy/workspace/misc/course/Introduction-to-Software-Testing/artifacts/sample_runs/deepseek-v4-pro/cand228_010c5d26330c,010c5d26330c4e381e5a598fed700241667ad532,Add SystemUtils.IS_OS_MAC_OSX_SEQUOIA,src/test/java/org/apache/commons/lang3/SystemUtilsTest.java,20,20,20,1.0000,0,0,0,1.0000,0,0,0,1.0000,1,1,1,1.0000,1117,1117,1.0000,"{""assertEquals"": 12, ""assertFalse"": 844, ""assertNotNull"": 6, ""assertNull"": 1, ""assertTrue"": 254}","{""assertEquals"": 12, ""assertFalse"": 844, ""assertNotNull"": 6, ""assertNull"": 1, ""assertTrue"": 254}",1.0000,0,0,[],[],[],[],"[""test_IS_OS""]","[""test_IS_OS""]",
deepseek-v4-pro,229,ok,/home/lpy/workspace/misc/course/Introduction-to-Software-Testing/artifacts/sample_runs/deepseek-v4-pro/cand229_0162032aa4ea,0162032aa4ea1084e4bccbce6fbfc48ae4b0cc48,"LANG-1072 Duplicated ""0x"" check in createBigInteger in NumberUtils",src/test/java/org/apache/commons/lang3/math/NumberUtilsTest.java,90,90,90,1.0000,0,0,0,1.0000,0,0,0,1.0000,1,1,1,1.0000,509,509,1.0000,"{""assertEquals"": 198, ""assertFalse"": 16, ""assertNotNull"": 2, ""assertTrue"": 284, ""fail"": 9}","{""assertEquals"": 198, ""assertFalse"": 16, ""assertNotNull"": 2, ""assertTrue"": 284, ""fail"": 9}",1.0000,28,28,[],[],[],[],"[""testCreateBigInteger""]","[""testCreateBigInteger""]",
deepseek-v4-pro,230,ok,/home/lpy/workspace/misc/course/Introduction-to-Software-Testing/artifacts/sample_runs/deepseek-v4-pro/cand230_03e7c36d2daf,03e7c36d2dafca70e1f0e2c27a77ed4816cecf3f,`LocaleUtils.toLocale(String)` for a 2 letter country code now returns a value instead of throwing an `IllegalArgumentException`,src/test/java/org/apache/commons/lang3/LocaleUtilsTest.java,21,21,21,1.0000,2,2,2,1.0000,0,0,0,1.0000,0,0,0,1.0000,153,153,1.0000,"{""assertCountriesByLanguage"": 5, ""assertEquals"": 40, ""assertFalse"": 1, ""assertIllegalArgumentException"": 20, ""assertLanguageByCountry"": 5, ""assertLocaleLookupList"": 17, ""assertNotEquals"": 4, ""assertNotNull"": 9, ""assertNull"": 2, ""assertSame"": 4, ""assertThrows"": 1, ""assertTrue"": 11, ""assertUnmodifiableCollection"": 6, ""assertValidToLocale"": 28}","{""assertCountriesByLanguage"": 5, ""assertEquals"": 40, ""assertFalse"": 1, ""assertIllegalArgumentException"": 20, ""assertLanguageByCountry"": 5, ""assertLocaleLookupList"": 17, ""assertNotEquals"": 4, ""assertNotNull"": 9, ""assertNull"": 2, ""assertSame"": 4, ""assertThrows"": 1, ""assertTrue"": 11, ""assertUnmodifiableCollection"": 6, ""assertValidToLocale"": 28}",1.0000,1,1,"[""testToLocaleGetIso3Country"", ""testToLocaleGetIso3Language""]","[""testToLocaleGetIso3Country"", ""testToLocaleGetIso3Language""]",[],[],[],[],
deepseek-v4-pro,231,ok,/home/lpy/workspace/misc/course/Introduction-to-Software-Testing/artifacts/sample_runs/deepseek-v4-pro/cand231_03f74ba5a127,03f74ba5a127d40eb280b4866fc2c0c338915809,Add ClassPathUtils.packageToPath(String) and pathToPackage(String),src/test/java/org/apache/commons/lang3/ClassPathUtilsTest.java,15,15,15,1.0000,2,2,2,1.0000,0,0,0,1.0000,0,0,0,1.0000,23,23,1.0000,"{""assertEquals"": 11, ""assertFalse"": 1, ""assertNotNull"": 1, ""assertThrows"": 8, ""assertTrue"": 2}","{""assertEquals"": 11, ""assertFalse"": 1, ""assertNotNull"": 1, ""assertThrows"": 8, ""assertTrue"": 2}",1.0000,8,8,"[""testPackageToPath"", ""testPathToPackage""]","[""testPackageToPath"", ""testPathToPackage""]",[],[],[],[],
deepseek-v4-pro,232,ok,/home/lpy/workspace/misc/course/Introduction-to-Software-Testing/artifacts/sample_runs/deepseek-v4-pro/cand232_05803b0d5826,05803b0d5826891c03927b2b1a49de8a77799f72,Add JavaVersion enum constants for Java 16.,src/test/java/org/apache/commons/lang3/JavaVersionTest.java,3,3,3,1.0000,0,0,0,1.0000,0,0,0,1.0000,1,1,1,1.0000,27,27,1.0000,"{""assertEquals"": 21, ""assertFalse"": 3, ""assertNull"": 1, ""assertTrue"": 2}","{""assertEquals"": 21, ""assertFalse"": 3, ""assertNull"": 1, ""assertTrue"": 2}",1.0000,0,0,[],[],[],[],"[""testGetJavaVersion""]","[""testGetJavaVersion""]",
deepseek-v4-pro,233,ok,/home/lpy/workspace/misc/course/Introduction-to-Software-Testing/artifacts/sample_runs/deepseek-v4-pro/cand233_059fb3b8c10a,059fb3b8c10a7ce5e78a01a99659f62a5cf75c48,Add SystemProperties constants and methods for system properties as of Java 22,src/test/java/org/apache/commons/lang3/SystemPropertiesTest.java,49,49,49,1.0000,1,1,1,1.0000,0,0,0,1.0000,2,2,2,1.0000,262,262,1.0000,"{""assertDoesNotThrow"": 197, ""assertEquals"": 10, ""assertFalse"": 3, ""assertNotNull"": 43, ""assertNull"": 9}","{""assertDoesNotThrow"": 197, ""assertEquals"": 10, ""assertFalse"": 3, ""assertNotNull"": 43, ""assertNull"": 9}",1.0000,0,0,"[""testGetDoesNotThrow""]","[""testGetDoesNotThrow""]",[],[],"[""testActualKeys"", ""testGetFileEncoding""]","[""testActualKeys"", ""testGetFileEncoding""]",
deepseek-v4-pro,236,ok,/home/lpy/workspace/misc/course/Introduction-to-Software-Testing/artifacts/sample_runs/deepseek-v4-pro/cand236_09ef69c5b511,09ef69c5b51115300da6df43690cd455d83c8027,[LANG-1397] WordUtils.wrap throws StringIndexOutOfBoundsException when wrapLength is Integer.MAX_VALUE.,src/test/java/org/apache/commons/lang3/text/WordUtilsTest.java,16,16,16,1.0000,1,1,1,1.0000,0,0,0,1.0000,0,0,0,1.0000,212,212,1.0000,"{""assertEquals"": 172, ""assertFalse"": 14, ""assertNotNull"": 1, ""assertNull"": 22, ""assertTrue"": 3}","{""assertEquals"": 172, ""assertFalse"": 14, ""assertNotNull"": 1, ""assertNull"": 22, ""assertTrue"": 3}",1.0000,0,0,"[""testLANG1397""]","[""testLANG1397""]",[],[],[],[],
deepseek-v4-pro,237,ok,/home/lpy/workspace/misc/course/Introduction-to-Software-Testing/artifacts/sample_runs/deepseek-v4-pro/cand237_0bee92719352,0bee92719352c658886763618bf4eacc7dc2b7ec,Add Streams.of(Enumeration<E>),src/test/java/org/apache/commons/lang3/stream/StreamsTest.java,16,16,16,1.0000,1,1,1,1.0000,0,0,0,1.0000,0,0,0,1.0000,53,53,1.0000,"{""assertAll"": 2, ""assertEquals"": 30, ""assertEvenNumbers"": 3, ""assertNotNull"": 1, ""assertThat"": 8, ""assertThrows"": 7, ""assertTrue"": 2}","{""assertAll"": 2, ""assertEquals"": 30, ""assertEvenNumbers"": 3, ""assertNotNull"": 1, ""assertThat"": 8, ""assertThrows"": 7, ""assertTrue"": 2}",1.0000,7,7,"[""testOfEnumeration""]","[""testOfEnumeration""]",[],[],[],[],
deepseek-v4-pro,238,ok,/home/lpy/workspace/misc/course/Introduction-to-Software-Testing/artifacts/sample_runs/deepseek-v4-pro/cand238_0c6a5c10a7a0,0c6a5c10a7a0f0073b6577e5c4898ceb42428b55,"Add org.apache.commons.lang3.time.DateUtils.toLocalDateTime(Date[, TimeZone]) #1385",src/test/java/org/apache/commons/lang3/time/DateUtilsTest.java,70,70,70,1.0000,2,2,2,1.0000,0,0,0,1.0000,0,0,0,1.0000,454,454,1.0000,"{""assertCalendarsEquals"": 5, ""assertDate"": 81, ""assertEquals"": 211, ""assertFalse"": 12, ""assertIllegalArgumentException"": 15, ""assertNotNull"": 1, ""assertNotSame"": 40, ""assertNullPointerException"": 48, ""assertThrows"": 16, ""assertTrue"": 10, ""assertWeekIterator"": 15}","{""assertCalendarsEquals"": 5, ""assertDate"": 81, ""assertEquals"": 211, ""assertFalse"": 12, ""assertIllegalArgumentException"": 15, ""assertNotNull"": 1, ""assertNotSame"": 40, ""assertNullPointerException"": 48, ""assertThrows"": 16, ""assertTrue"": 10, ""assertWeekIterator"": 15}",1.0000,16,16,"[""testToLocalDateTime"", ""testToLocalDateTimeTimeZone""]","[""testToLocalDateTime"", ""testToLocalDateTimeTimeZone""]",[],[],[],[],
deepseek-v4-pro,239,ok,/home/lpy/workspace/misc/course/Introduction-to-Software-Testing/artifacts/sample_runs/deepseek-v4-pro/cand239_0dffedc822ce,0dffedc822cefbec5151653170ee23faa18d7fac,Add SystemProperties.JAVA_SECURITY_KERBEROS_CONF,src/test/java/org/apache/commons/lang3/SystemPropertiesTest.java,49,49,49,1.0000,0,0,0,1.0000,0,0,0,1.0000,1,1,1,1.0000,262,262,1.0000,"{""assertDoesNotThrow"": 197, ""assertEquals"": 10, ""assertFalse"": 3, ""assertNotNull"": 43, ""assertNull"": 9}","{""assertDoesNotThrow"": 197, ""assertEquals"": 10, ""assertFalse"": 3, ""assertNotNull"": 43, ""assertNull"": 9}",1.0000,0,0,[],[],[],[],"[""testActualKeys""]","[""testActualKeys""]",
deepseek-v4-pro,240,ok,/home/lpy/workspace/misc/course/Introduction-to-Software-Testing/artifacts/sample_runs/deepseek-v4-pro/cand240_0f4dee8451df,0f4dee8451df2ec68a1f201a859f3955a7abd504,LocaleUtils.toLocale(String) cannot parse four segments,src/test/java/org/apache/commons/lang3/LocaleUtilsTest.java,19,19,19,1.0000,0,0,0,1.0000,0,0,0,1.0000,1,1,1,1.0000,143,143,1.0000,"{""assertCountriesByLanguage"": 5, ""assertEquals"": 30, ""assertFalse"": 1, ""assertLanguageByCountry"": 5, ""assertLocaleLookupList"": 17, ""assertNotEquals"": 4, ""assertNotNull"": 9, ""assertNull"": 2, ""assertSame"": 4, ""assertThrows"": 21, ""assertTrue"": 11, ""assertUnmodifiableCollection"": 6, ""assertValidToLocale"": 28}","{""assertCountriesByLanguage"": 5, ""assertEquals"": 30, ""assertFalse"": 1, ""assertLanguageByCountry"": 5, ""assertLocaleLookupList"": 17, ""assertNotEquals"": 4, ""assertNotNull"": 9, ""assertNull"": 2, ""assertSame"": 4, ""assertThrows"": 21, ""assertTrue"": 11, ""assertUnmodifiableCollection"": 6, ""assertValidToLocale"": 28}",1.0000,21,21,[],[],[],[],"[""testToLocale_3Part""]","[""testToLocale_3Part""]",
deepseek-v4-pro,241,ok,/home/lpy/workspace/misc/course/Introduction-to-Software-Testing/artifacts/sample_runs/deepseek-v4-pro/cand241_0f6a292a29fe,0f6a292a29fedd49741310cd517ac4ba907bf8d4,LANG-1034: Add support for recursive comparison to EqualsBuilder#reflectionEquals (closes #202),src/test/java/org/apache/commons/lang3/builder/EqualsBuilderTest.java,53,53,53,1.0000,1,1,1,1.0000,0,0,0,1.0000,0,0,0,1.0000,276,276,1.0000,"{""assertEquals"": 7, ""assertFalse"": 21, ""assertNull"": 3, ""assertTrue"": 245}","{""assertEquals"": 7, ""assertFalse"": 21, ""assertNull"": 3, ""assertTrue"": 245}",1.0000,0,0,"[""testReflectionAppend""]","[""testReflectionAppend""]",[],[],[],[],
deepseek-v4-pro,242,ok,/home/lpy/workspace/misc/course/Introduction-to-Software-Testing/artifacts/sample_runs/deepseek-v4-pro/cand242_106b61a5be74,106b61a5be740b6e784c3aae4aa10d5b6df832b1,Add SystemProperties.JAVA_SECURITY_DEBUG,src/test/java/org/apache/commons/lang3/SystemPropertiesTest.java,49,49,49,1.0000,0,0,0,1.0000,0,0,0,1.0000,2,2,2,1.0000,262,262,1.0000,"{""assertDoesNotThrow"": 197, ""assertEquals"": 10, ""assertFalse"": 3, ""assertNotNull"": 43, ""assertNull"": 9}","{""assertDoesNotThrow"": 197, ""assertEquals"": 10, ""assertFalse"": 3, ""assertNotNull"": 43, ""assertNull"": 9}",1.0000,0,0,[],[],[],[],"[""testActualKeys"", ""testGetDoesNotThrow""]","[""testActualKeys"", ""testGetDoesNotThrow""]",
deepseek-v4-pro,244,ok,/home/lpy/workspace/misc/course/Introduction-to-Software-Testing/artifacts/sample_runs/deepseek-v4-pro/cand244_11a15c639438,11a15c639438065e63ab0bb6f8bd87779855ea67,LANG-834: Validate: add inclusiveBetween and exclusiveBetween overloads for primitives types. Initial patch provided by Sebb.,src/test/java/org/apache/commons/lang3/ValidateTest.java,62,62,62,1.0000,8,8,8,1.0000,0,0,0,1.0000,4,4,4,1.0000,177,177,1.0000,"{""assertEquals"": 76, ""assertFalse"": 1, ""assertNotNull"": 1, ""assertSame"": 22, ""assertTrue"": 2, ""fail"": 75}","{""assertEquals"": 76, ""assertFalse"": 1, ""assertNotNull"": 1, ""assertSame"": 22, ""assertTrue"": 2, ""fail"": 75}",1.0000,0,0,"[""testExclusiveBetweenDouble"", ""testExclusiveBetweenDouble_withMessage"", ""testExclusiveBetweenLong"", ""testExclusiveBetweenLong_withMessage"", ""testInclusiveBetweenDouble"", ""testInclusiveBetweenDouble_withMessage"", ""testInclusiveBetweenLong"", ""testInclusiveBetweenLong_withMessage""]","[""testExclusiveBetweenDouble"", ""testExclusiveBetweenDouble_withMessage"", ""testExclusiveBetweenLong"", ""testExclusiveBetweenLong_withMessage"", ""testInclusiveBetweenDouble"", ""testInclusiveBetweenDouble_withMessage"", ""testInclusiveBetweenLong"", ""testInclusiveBetweenLong_withMessage""]",[],[],"[""testExclusiveBetween"", ""testExclusiveBetween_withMessage"", ""testInclusiveBetween"", ""testInclusiveBetween_withMessage""]","[""testExclusiveBetween"", ""testExclusiveBetween_withMessage"", ""testInclusiveBetween"", ""testInclusiveBetween_withMessage""]",
deepseek-v4-pro,245,ok,/home/lpy/workspace/misc/course/Introduction-to-Software-Testing/artifacts/sample_runs/deepseek-v4-pro/cand245_11b1bc19ab36,11b1bc19ab360afce8a48167002bfcb747faeb68,Deprecate ThreadUtils code that defines custom function interfaces in favor of stock java.util.function.Predicate usage.,src/test/java/org/apache/commons/lang3/ThreadUtilsTest.java,29,29,29,1.0000,2,2,2,1.0000,2,2,2,1.0000,1,1,1,1.0000,58,58,1.0000,"{""assertEquals"": 21, ""assertFalse"": 3, ""assertNotNull"": 3, ""assertNull"": 4, ""assertSame"": 4, ""assertThrows"": 18, ""assertTrue"": 5}","{""assertEquals"": 21, ""assertFalse"": 3, ""assertNotNull"": 3, ""assertNull"": 4, ""assertSame"": 4, ""assertThrows"": 18, ""assertTrue"": 5}",1.0000,18,18,"[""testThreadGroupsNullParent"", ""testThreadGroupsNullPredicate""]","[""testThreadGroupsNullParent"", ""testThreadGroupsNullPredicate""]","[""testThreadgroupsNullParent"", ""testThreadgroupsNullPredicate""]","[""testThreadgroupsNullParent"", ""testThreadgroupsNullPredicate""]","[""testThreadsNullPredicate""]","[""testThreadsNullPredicate""]",
deepseek-v4-pro,246,ok,/home/lpy/workspace/misc/course/Introduction-to-Software-Testing/artifacts/sample_runs/deepseek-v4-pro/cand246_11c0df1d9ec5,11c0df1d9ec508e4ae502c1b951907640a5c4804,LANG-1102: Make logic for comparing OS versions in SystemUtils smarter,src/test/java/org/apache/commons/lang3/SystemUtilsTest.java,12,12,12,1.0000,1,1,1,1.0000,0,0,0,1.0000,0,0,0,1.0000,249,249,1.0000,"{""assertEquals"": 5, ""assertFalse"": 182, ""assertNotNull"": 6, ""assertNull"": 2, ""assertTrue"": 53, ""fail"": 1}","{""assertEquals"": 5, ""assertFalse"": 182, ""assertNotNull"": 6, ""assertNull"": 2, ""assertTrue"": 53, ""fail"": 1}",1.0000,0,0,"[""testOsVersionMatches""]","[""testOsVersionMatches""]",[],[],[],[],
deepseek-v4-pro,247,ok,/home/lpy/workspace/misc/course/Introduction-to-Software-Testing/artifacts/sample_runs/deepseek-v4-pro/cand247_13cd4e0ac3ab,13cd4e0ac3ab76a4dc091eda457f9a111727cba2,LANG-1190: TypeUtils.isAssignable throws NullPointerException when fromType has type variables and toType generic superclass specifies type variable (closes #158),src/test/java/org/apache/commons/lang3/reflect/TypeUtilsTest.java,20,21,20,0.9524,0,1,0,0.0000,0,0,0,1.0000,0,0,0,1.0000,165,166,0.9940,"{""assertArrayEquals"": 3, ""assertEquals"": 49, ""assertFalse"": 35, ""assertNull"": 16, ""assertTrue"": 62}","{""assertArrayEquals"": 3, ""assertEquals"": 49, ""assertFalse"": 35, ""assertNull"": 16, ""assertTrue"": 63}",1.0000,0,0,[],"[""testLANG1190""]",[],[],[],[],
deepseek-v4-pro,248,ok,/home/lpy/workspace/misc/course/Introduction-to-Software-Testing/artifacts/sample_runs/deepseek-v4-pro/cand248_1661e5519c48,1661e5519c4836a5a940b13b7797263443156fc9,LANG-1311: TypeUtils.toString() doesn't handle primitive and Object arrays correctly,src/test/java/org/apache/commons/lang3/reflect/TypeUtilsTest.java,21,22,21,0.9545,0,1,0,0.0000,0,0,0,1.0000,0,0,0,1.0000,166,169,0.9822,"{""assertArrayEquals"": 3, ""assertEquals"": 49, ""assertFalse"": 35, ""assertNull"": 16, ""assertTrue"": 63}","{""assertArrayEquals"": 3, ""assertEquals"": 52, ""assertFalse"": 35, ""assertNull"": 16, ""assertTrue"": 63}",1.0000,0,0,[],"[""testToStringLang1311""]",[],[],[],[],
deepseek-v4-pro,249,ok,/home/lpy/workspace/misc/course/Introduction-to-Software-Testing/artifacts/sample_runs/deepseek-v4-pro/cand249_16c34b222d6a,16c34b222d6a16849798e3345174ca9f0ebc430d,"Add support for Java 9's ""java.locale.providers"" in SystemProperties",src/test/java/org/apache/commons/lang3/SystemPropertiesTest.java,46,46,46,1.0000,4,4,4,1.0000,0,0,0,1.0000,0,0,0,1.0000,57,57,1.0000,"{""assertDoesNotThrow"": 5, ""assertEquals"": 9, ""assertNotNull"": 34, ""assertNull"": 9}","{""assertDoesNotThrow"": 5, ""assertEquals"": 9, ""assertNotNull"": 34, ""assertNull"": 9}",1.0000,0,0,"[""testGetBoolean"", ""testGetInt"", ""testGetJavaLocaleProviders"", ""testGetLong""]","[""testGetBoolean"", ""testGetInt"", ""testGetJavaLocaleProviders"", ""testGetLong""]",[],[],[],[],
deepseek-v4-pro,250,ok,/home/lpy/workspace/misc/course/Introduction-to-Software-Testing/artifacts/sample_runs/deepseek-v4-pro/cand250_16de452a3754,16de452a3754bfb2b36d8f6cd4a0b55432803455,Add DurationUtils.of(FailableConsumer|FailableRunnbale),src/test/java/org/apache/commons/lang3/time/DurationUtilsTest.java,10,10,10,1.0000,3,3,3,1.0000,0,0,0,1.0000,0,0,0,1.0000,53,53,1.0000,"{""assertEquals"": 43, ""assertFalse"": 2, ""assertThrows"": 1, ""assertTrue"": 7}","{""assertEquals"": 43, ""assertFalse"": 2, ""assertThrows"": 1, ""assertTrue"": 7}",1.0000,1,1,"[""testOfConsumer"", ""testOfRunnble"", ""testOfRunnbleThrowing""]","[""testOfConsumer"", ""testOfRunnble"", ""testOfRunnbleThrowing""]",[],[],[],[],
deepseek-v4-pro,251,ok,/home/lpy/workspace/misc/course/Introduction-to-Software-Testing/artifacts/sample_runs/deepseek-v4-pro/cand251_17ba8b9da6a8,17ba8b9da6a87791446917250b3d92b6925cbff0,Make LangCollectors.collect(...) null-safe,src/test/java/org/apache/commons/lang3/stream/LangCollectorsTest.java,17,17,17,1.0000,1,1,1,1.0000,0,0,0,1.0000,2,2,2,1.0000,118,118,1.0000,"{""assertEquals"": 118}","{""assertEquals"": 118}",1.0000,0,0,"[""testJoinCollectNullArgs""]","[""testJoinCollectNullArgs""]",[],[],"[""testJoinCollectNonStrings4Args"", ""testJoinCollectStrings4Args""]","[""testJoinCollectNonStrings4Args"", ""testJoinCollectStrings4Args""]",
deepseek-v4-pro,252,ok,/home/lpy/workspace/misc/course/Introduction-to-Software-Testing/artifacts/sample_runs/deepseek-v4-pro/cand252_18e772ca54dd,18e772ca54dda9eee10b15b235b5b4710d232777,Add SystemUtils.IS_JAVA_19,src/test/java/org/apache/commons/lang3/SystemUtilsTest.java,20,20,20,1.0000,0,0,0,1.0000,0,0,0,1.0000,1,1,1,1.0000,652,652,1.0000,"{""assertEquals"": 10, ""assertFalse"": 490, ""assertNotNull"": 6, ""assertNull"": 1, ""assertTrue"": 145}","{""assertEquals"": 10, ""assertFalse"": 490, ""assertNotNull"": 6, ""assertNull"": 1, ""assertTrue"": 145}",1.0000,0,0,[],[],[],[],"[""test_IS_JAVA""]","[""test_IS_JAVA""]",
deepseek-v4-pro,253,ok,/home/lpy/workspace/misc/course/Introduction-to-Software-Testing/artifacts/sample_runs/deepseek-v4-pro/cand253_1ec6c0ae9a28,1ec6c0ae9a28ef0d1a10adbded66d2b00ea840d4,"[LANG-1457] Add ExceptionUtils.throwableOfType(Throwable, Class) and friends.",src/test/java/org/apache/commons/lang3/exception/ExceptionUtilsTest.java,38,38,38,1.0000,4,4,4,1.0000,0,0,0,1.0000,4,4,4,1.0000,245,245,1.0000,"{""assertEquals"": 174, ""assertFalse"": 4, ""assertNotNull"": 1, ""assertSame"": 47, ""assertThrows"": 10, ""assertTrue"": 9}","{""assertEquals"": 174, ""assertFalse"": 4, ""assertNotNull"": 1, ""assertSame"": 47, ""assertThrows"": 10, ""assertTrue"": 9}",1.0000,10,10,"[""testThrowableOfType_ThrowableClass"", ""testThrowableOfType_ThrowableClassInt"", ""testThrowableOf_ThrowableClass"", ""testThrowableOf_ThrowableClassInt""]","[""testThrowableOfType_ThrowableClass"", ""testThrowableOfType_ThrowableClassInt"", ""testThrowableOf_ThrowableClass"", ""testThrowableOf_ThrowableClassInt""]",[],[],"[""testIndexOfType_ThrowableClass"", ""testIndexOfType_ThrowableClassInt"", ""testIndexOf_ThrowableClass"", ""testIndexOf_ThrowableClassInt""]","[""testIndexOfType_ThrowableClass"", ""testIndexOfType_ThrowableClassInt"", ""testIndexOf_ThrowableClass"", ""testIndexOf_ThrowableClassInt""]",
deepseek-v4-pro,254,ok,/home/lpy/workspace/misc/course/Introduction-to-Software-Testing/artifacts/sample_runs/deepseek-v4-pro/cand254_2275cca426e0,2275cca426e0ff13c40278ae428368615943ee2e,"Add LockingVisitors.create(O, ReadWriteLock)",src/test/java/org/apache/commons/lang3/concurrent/locks/LockingVisitorsTest.java,6,6,6,1.0000,1,1,1,1.0000,0,0,0,1.0000,0,0,0,1.0000,11,11,1.0000,"{""assertEquals"": 2, ""assertNotNull"": 2, ""assertNotSame"": 2, ""assertTrue"": 5}","{""assertEquals"": 2, ""assertNotNull"": 2, ""assertNotSame"": 2, ""assertTrue"": 5}",1.0000,0,0,"[""testCreate""]","[""testCreate""]",[],[],[],[],
deepseek-v4-pro,255,ok,/home/lpy/workspace/misc/course/Introduction-to-Software-Testing/artifacts/sample_runs/deepseek-v4-pro/cand255_24b6a468ae6b,24b6a468ae6ba138c4f4a1f4793fed4e73bf3c15,LANG-941: Test failure in LocaleUtilsTest when building with JDK 8,src/test/java/org/apache/commons/lang3/LocaleUtilsTest.java,14,14,14,1.0000,0,0,0,1.0000,0,0,0,1.0000,1,1,1,1.0000,121,121,1.0000,"{""assertCountriesByLanguage"": 5, ""assertEquals"": 20, ""assertFalse"": 1, ""assertLanguageByCountry"": 5, ""assertLocaleLookupList"": 17, ""assertNotNull"": 8, ""assertNull"": 1, ""assertSame"": 4, ""assertTrue"": 7, ""assertUnmodifiableCollection"": 6, ""assertValidToLocale"": 21, ""fail"": 26}","{""assertCountriesByLanguage"": 5, ""assertEquals"": 20, ""assertFalse"": 1, ""assertLanguageByCountry"": 5, ""assertLocaleLookupList"": 17, ""assertNotNull"": 8, ""assertNull"": 1, ""assertSame"": 4, ""assertTrue"": 7, ""assertUnmodifiableCollection"": 6, ""assertValidToLocale"": 21, ""fail"": 26}",1.0000,0,0,[],[],[],[],"[""testToLocale_1Part""]","[""testToLocale_1Part""]",
deepseek-v4-pro,256,ok,/home/lpy/workspace/misc/course/Introduction-to-Software-Testing/artifacts/sample_runs/deepseek-v4-pro/cand256_259ac721ce50,259ac721ce5097312d8bd93aefde26c2785f26e9,[LANG-1512] Add IS_JAVA_14 and IS_JAVA_15 to org.apache.commons.lang3.SystemUtils.,src/test/java/org/apache/commons/lang3/SystemUtilsTest.java,19,19,19,1.0000,0,0,0,1.0000,0,0,0,1.0000,1,1,1,1.0000,533,533,1.0000,"{""assertEquals"": 9, ""assertFalse"": 376, ""assertNotNull"": 6, ""assertNull"": 1, ""assertTrue"": 141}","{""assertEquals"": 9, ""assertFalse"": 376, ""assertNotNull"": 6, ""assertNull"": 1, ""assertTrue"": 141}",1.0000,0,0,[],[],[],[],"[""testIS_JAVA""]","[""testIS_JAVA""]",
deepseek-v4-pro,257,ok,/home/lpy/workspace/misc/course/Introduction-to-Software-Testing/artifacts/sample_runs/deepseek-v4-pro/cand257_263026823515,263026823515618b42f9549b491e57065cb69c58,Add StopWatch.getDuration() and deprecate getTime(),src/test/java/org/apache/commons/lang3/time/StopWatchTest.java,24,24,24,1.0000,7,7,7,1.0000,6,6,6,1.0000,1,1,1,1.0000,87,87,1.0000,"{""assertEquals"": 25, ""assertFalse"": 7, ""assertNotEquals"": 1, ""assertNull"": 1, ""assertThat"": 32, ""assertThrows"": 15, ""assertTrue"": 6}","{""assertEquals"": 25, ""assertFalse"": 7, ""assertNotEquals"": 1, ""assertNull"": 1, ""assertThat"": 32, ""assertThrows"": 15, ""assertTrue"": 6}",1.0000,15,15,"[""testGetDuration"", ""testGetTime"", ""testGetWithTimeUnit"", ""testSimple"", ""testSplit"", ""testStatic"", ""testSuspend""]","[""testGetDuration"", ""testGetTime"", ""testGetWithTimeUnit"", ""testSimple"", ""testSplit"", ""testStatic"", ""testSuspend""]","[""testStopWatchGetWithTimeUnit"", ""testStopWatchSimple"", ""testStopWatchSimpleGet"", ""testStopWatchSplit"", ""testStopWatchStatic"", ""testStopWatchSuspend""]","[""testStopWatchGetWithTimeUnit"", ""testStopWatchSimple"", ""testStopWatchSimpleGet"", ""testStopWatchSplit"", ""testStopWatchStatic"", ""testStopWatchSuspend""]","[""testLang315""]","[""testLang315""]",
deepseek-v4-pro,258,ok,/home/lpy/workspace/misc/course/Introduction-to-Software-Testing/artifacts/sample_runs/deepseek-v4-pro/cand258_2777d6784ef5,2777d6784ef5ccd1764e36a64575d2590b2d59d8,Add JavaVersion for Java 18 since a release candidate is available.,src/test/java/org/apache/commons/lang3/JavaVersionTest.java,3,3,3,1.0000,0,0,0,1.0000,0,0,0,1.0000,1,1,1,1.0000,29,29,1.0000,"{""assertEquals"": 23, ""assertFalse"": 3, ""assertNull"": 1, ""assertTrue"": 2}","{""assertEquals"": 23, ""assertFalse"": 3, ""assertNull"": 1, ""assertTrue"": 2}",1.0000,0,0,[],[],[],[],"[""testGetJavaVersion""]","[""testGetJavaVersion""]",
deepseek-v4-pro,260,ok,/home/lpy/workspace/misc/course/Introduction-to-Software-Testing/artifacts/sample_runs/deepseek-v4-pro/cand260_2e9f3a801462,2e9f3a80146262511ca7bcdd3411f095dff4951d,LANG-1356: Add bypass option for classes to recursive and reflective EqualsBuilder,src/test/java/org/apache/commons/lang3/builder/EqualsBuilderTest.java,56,56,56,1.0000,2,2,2,1.0000,0,0,0,1.0000,0,0,0,1.0000,284,284,1.0000,"{""assertEquals"": 7, ""assertFalse"": 108, ""assertNull"": 3, ""assertTrue"": 166}","{""assertEquals"": 7, ""assertFalse"": 108, ""assertNull"": 3, ""assertTrue"": 166}",1.0000,0,0,"[""testObjectRecursiveGenericInteger"", ""testObjectRecursiveGenericString""]","[""testObjectRecursiveGenericInteger"", ""testObjectRecursiveGenericString""]",[],[],[],[],
deepseek-v4-pro,261,ok,/home/lpy/workspace/misc/course/Introduction-to-Software-Testing/artifacts/sample_runs/deepseek-v4-pro/cand261_2eecc96a53bb,2eecc96a53bb3b9da49bae03a18388d0f23853e7,[LANG-961] org.apache.commons.lang3.reflect.FieldUtils.removeFinalModifier(Field) does not clean up after itself.,src/test/java/org/apache/commons/lang3/reflect/FieldUtilsTest.java,53,53,53,1.0000,0,0,0,1.0000,0,0,0,1.0000,1,1,1,1.0000,301,301,1.0000,"{""assertArrayEquals"": 3, ""assertEquals"": 162, ""assertFalse"": 4, ""assertNotNull"": 1, ""assertNull"": 23, ""assertTrue"": 3, ""fail"": 105}","{""assertArrayEquals"": 3, ""assertEquals"": 162, ""assertFalse"": 4, ""assertNotNull"": 1, ""assertNull"": 23, ""assertTrue"": 3, ""fail"": 105}",1.0000,21,21,[],[],[],[],"[""testRemoveFinalModifier""]","[""testRemoveFinalModifier""]",
deepseek-v4-pro,262,ok,/home/lpy/workspace/misc/course/Introduction-to-Software-Testing/artifacts/sample_runs/deepseek-v4-pro/cand262_3225ba64ce9f,3225ba64ce9f196b828d7c2ea124c03bd0d62955,LANG-1103: Add SystemUtils.IS_JAVA_1_9,src/test/java/org/apache/commons/lang3/SystemUtilsTest.java,12,12,12,1.0000,0,0,0,1.0000,0,0,0,1.0000,1,1,1,1.0000,274,274,1.0000,"{""assertEquals"": 5, ""assertFalse"": 206, ""assertNotNull"": 6, ""assertNull"": 2, ""assertTrue"": 54, ""fail"": 1}","{""assertEquals"": 5, ""assertFalse"": 206, ""assertNotNull"": 6, ""assertNull"": 2, ""assertTrue"": 54, ""fail"": 1}",1.0000,0,0,[],[],[],[],"[""testIS_JAVA""]","[""testIS_JAVA""]",
deepseek-v4-pro,263,ok,/home/lpy/workspace/misc/course/Introduction-to-Software-Testing/artifacts/sample_runs/deepseek-v4-pro/cand263_328f2aedfb86,328f2aedfb8643c3e1e74b5aec9e3628c3cbf2e7,Add CalendarUtils.toLocalDateTime(Calendar),src/test/java/org/apache/commons/lang3/time/CalendarUtilsTest.java,7,7,7,1.0000,1,1,1,1.0000,0,0,0,1.0000,0,0,0,1.0000,32,32,1.0000,"{""assertEquals"": 32}","{""assertEquals"": 32}",1.0000,0,0,"[""testToLocalDateTime""]","[""testToLocalDateTime""]",[],[],[],[],
deepseek-v4-pro,264,ok,/home/lpy/workspace/misc/course/Introduction-to-Software-Testing/artifacts/sample_runs/deepseek-v4-pro/cand264_3328387a53e6,3328387a53e6abc26e171b97d8d3dc1c2b5d4971,LANG-990: Avoid String allocation in StrBuilder.append(CharSequence). This fixes #51 from github. Thanks to Mikhail Mazurskiy and Fabian Lange.,src/test/java/org/apache/commons/lang3/text/StrBuilderTest.java,90,90,90,1.0000,1,1,1,1.0000,0,0,0,1.0000,0,0,0,1.0000,663,663,1.0000,"{""assertEquals"": 511, ""assertFalse"": 26, ""assertNotNull"": 2, ""assertNotSame"": 2, ""assertSame"": 12, ""assertTrue"": 72, ""fail"": 38}","{""assertEquals"": 511, ""assertFalse"": 26, ""assertNotNull"": 2, ""assertNotSame"": 2, ""assertSame"": 12, ""assertTrue"": 72, ""fail"": 38}",1.0000,0,0,"[""testAppendCharBuffer""]","[""testAppendCharBuffer""]",[],[],[],[],
deepseek-v4-pro,265,ok,/home/lpy/workspace/misc/course/Introduction-to-Software-Testing/artifacts/sample_runs/deepseek-v4-pro/cand265_341aaa797d51,341aaa797d515a1fce5def6b41cdc481701ad389,Added ImmutablePair factory methods left() and right().,src/test/java/org/apache/commons/lang3/tuple/ImmutablePairTest.java,22,22,22,1.0000,4,4,4,1.0000,0,0,0,1.0000,0,0,0,1.0000,60,60,1.0000,"{""assertEquals"": 41, ""assertNotEquals"": 3, ""assertNotNull"": 1, ""assertNull"": 10, ""assertSame"": 1, ""assertTrue"": 4}","{""assertEquals"": 41, ""assertNotEquals"": 3, ""assertNotNull"": 1, ""assertNull"": 10, ""assertSame"": 1, ""assertTrue"": 4}",1.0000,0,0,"[""testComparableLeftOnly"", ""testComparableRightOnly"", ""testToStringLeft"", ""testToStringRight""]","[""testComparableLeftOnly"", ""testComparableRightOnly"", ""testToStringLeft"", ""testToStringRight""]",[],[],[],[],
deepseek-v4-pro,267,ok,/home/lpy/workspace/misc/course/Introduction-to-Software-Testing/artifacts/sample_runs/deepseek-v4-pro/cand267_35f35e9e1cee,35f35e9e1cee8b53fd4c562534de79c6213d7aaf,"Add DurationUtils.get(String, TemporalUnit, long)",src/test/java/org/apache/commons/lang3/time/DurationUtilsTest.java,14,15,14,0.9333,3,3,3,1.0000,1,0,0,0.0000,0,0,0,1.0000,71,81,0.8765,"{""assertEquals"": 59, ""assertFalse"": 2, ""assertNullPointerException"": 1, ""assertThrows"": 1, ""assertTrue"": 8}","{""assertEquals"": 69, ""assertFalse"": 2, ""assertNullPointerException"": 1, ""assertThrows"": 1, ""assertTrue"": 8}",1.0000,1,1,"[""testGet"", ""testGetMilliseconds"", ""testGetSeconds""]","[""testGet"", ""testGetMilliseconds"", ""testGetSeconds""]","[""testGetNanosOfMiili""]",[],[],[],
deepseek-v4-pro,268,ok,/home/lpy/workspace/misc/course/Introduction-to-Software-Testing/artifacts/sample_runs/deepseek-v4-pro/cand268_35fee6998b8d,35fee6998b8d92c047f6db82fde825810fc26f4a,Add BasicThreadFactory.builder() and deprecate BasicThreadFactory.Builder(),src/test/java/org/apache/commons/lang3/concurrent/BasicThreadFactoryTest.java,17,17,17,1.0000,2,2,2,1.0000,0,0,0,1.0000,2,2,2,1.0000,30,30,1.0000,"{""assertEquals"": 8, ""assertFalse"": 2, ""assertNotNull"": 1, ""assertNotSame"": 1, ""assertNull"": 4, ""assertSame"": 8, ""assertThrows"": 3, ""assertTrue"": 3}","{""assertEquals"": 8, ""assertFalse"": 2, ""assertNotNull"": 1, ""assertNotSame"": 1, ""assertNull"": 4, ""assertSame"": 8, ""assertThrows"": 3, ""assertTrue"": 3}",1.0000,3,3,"[""testBuilderDaemon"", ""testBuilderDaemonBoolean""]","[""testBuilderDaemon"", ""testBuilderDaemonBoolean""]",[],[],"[""testBuilderReset"", ""testBuilderResetAfterBuild""]","[""testBuilderReset"", ""testBuilderResetAfterBuild""]",
deepseek-v4-pro,269,ok,/home/lpy/workspace/misc/course/Introduction-to-Software-Testing/artifacts/sample_runs/deepseek-v4-pro/cand269_38ed1a072598,38ed1a07259862eceaad05c6581b7f34e85f6be7,LANG-1082: Add option to disable the objectsTriviallyEqual test in DiffBuilder. This fixes #44 from github. Thanks to Jonathan Baker.,src/test/java/org/apache/commons/lang3/builder/DiffBuilderTest.java,28,28,28,1.0000,2,2,2,1.0000,0,0,0,1.0000,0,0,0,1.0000,67,67,1.0000,"{""assertArrayEquals"": 18, ""assertEquals"": 44, ""assertThat"": 5}","{""assertArrayEquals"": 18, ""assertEquals"": 44, ""assertThat"": 5}",1.0000,2,2,"[""testTriviallyEqualTestDisabled"", ""testTriviallyEqualTestEnabled""]","[""testTriviallyEqualTestDisabled"", ""testTriviallyEqualTestEnabled""]",[],[],[],[],
deepseek-v4-pro,270,ok,/home/lpy/workspace/misc/course/Introduction-to-Software-Testing/artifacts/sample_runs/deepseek-v4-pro/cand270_39f08ac62fc4,39f08ac62fc4e51b1c5bcc93ae2b12d4033bd05e,"StringUtils.join(Iterator, String) should only return null when the Iterator is null",src/test/java/org/apache/commons/lang3/StringUtilsTest.java,159,159,159,1.0000,0,0,0,1.0000,0,0,0,1.0000,1,1,1,1.0000,1601,1601,1.0000,"{""assertAbbreviateWithAbbrevMarkerAndOffset"": 21, ""assertAbbreviateWithOffset"": 20, ""assertArrayEquals"": 12, ""assertEquals"": 1235, ""assertFalse"": 31, ""assertNotEquals"": 2, ""assertNotNull"": 2, ""assertNull"": 192, ""assertSame"": 7, ""assertThrows"": 47, ""assertTrue"": 32}","{""assertAbbreviateWithAbbrevMarkerAndOffset"": 21, ""assertAbbreviateWithOffset"": 20, ""assertArrayEquals"": 12, ""assertEquals"": 1235, ""assertFalse"": 31, ""assertNotEquals"": 2, ""assertNotNull"": 2, ""assertNull"": 192, ""assertSame"": 7, ""assertThrows"": 47, ""assertTrue"": 32}",1.0000,47,47,[],[],[],[],"[""testJoin_IteratorString""]","[""testJoin_IteratorString""]",
deepseek-v4-pro,271,ok,/home/lpy/workspace/misc/course/Introduction-to-Software-Testing/artifacts/sample_runs/deepseek-v4-pro/cand271_3bd162585900,3bd1625859000571b99b4193df1360ab18a33910,[LANG-1729] NumberUtils.isParsable() returns true for full width Unicode digits for inputs with a decimal point,src/test/java/org/apache/commons/lang3/math/NumberUtilsTest.java,121,121,121,1.0000,0,0,0,1.0000,0,0,0,1.0000,1,1,1,1.0000,739,739,1.0000,"{""assertCreateNumberZero"": 7, ""assertEquals"": 551, ""assertFalse"": 32, ""assertIllegalArgumentException"": 12, ""assertInstanceOf"": 41, ""assertNotNull"": 5, ""assertNull"": 7, ""assertNullPointerException"": 12, ""assertThrows"": 18, ""assertTrue"": 54}","{""assertCreateNumberZero"": 7, ""assertEquals"": 551, ""assertFalse"": 32, ""assertIllegalArgumentException"": 12, ""assertInstanceOf"": 41, ""assertNotNull"": 5, ""assertNull"": 7, ""assertNullPointerException"": 12, ""assertThrows"": 18, ""assertTrue"": 54}",1.0000,18,18,[],[],[],[],"[""testIsParsableFullWidthUnicodeJDK8326627""]","[""testIsParsableFullWidthUnicodeJDK8326627""]",
deepseek-v4-pro,272,ok,/home/lpy/workspace/misc/course/Introduction-to-Software-Testing/artifacts/sample_runs/deepseek-v4-pro/cand272_3ebd20002ef3,3ebd20002ef35b690ee0314bac254013df3f85c5,Add StopWatch.getStopInstant() and deprecate getStopTime(),src/test/java/org/apache/commons/lang3/time/StopWatchTest.java,23,23,23,1.0000,1,1,1,1.0000,0,0,0,1.0000,0,0,0,1.0000,72,72,1.0000,"{""assertEquals"": 20, ""assertFalse"": 7, ""assertNotEquals"": 1, ""assertNull"": 1, ""assertThat"": 22, ""assertThrows"": 15, ""assertTrue"": 6}","{""assertEquals"": 20, ""assertFalse"": 7, ""assertNotEquals"": 1, ""assertNull"": 1, ""assertThat"": 22, ""assertThrows"": 15, ""assertTrue"": 6}",1.0000,15,15,"[""testStopInstantSimple""]","[""testStopInstantSimple""]",[],[],[],[],
deepseek-v4-pro,273,ok,/home/lpy/workspace/misc/course/Introduction-to-Software-Testing/artifacts/sample_runs/deepseek-v4-pro/cand273_421229b42f79,421229b42f79a41d1eb7f4e9d9f1dabef56270d3,Add SystemUtils.getUserDirPath(),src/test/java/org/apache/commons/lang3/SystemUtilsTest.java,23,23,23,1.0000,1,1,1,1.0000,0,0,0,1.0000,0,0,0,1.0000,1123,1123,1.0000,"{""assertEquals"": 12, ""assertFalse"": 844, ""assertNotNull"": 9, ""assertNull"": 1, ""assertTrue"": 257}","{""assertEquals"": 12, ""assertFalse"": 844, ""assertNotNull"": 9, ""assertNull"": 1, ""assertTrue"": 257}",1.0000,0,0,"[""testGetUserDirPath""]","[""testGetUserDirPath""]",[],[],[],[],
deepseek-v4-pro,274,ok,/home/lpy/workspace/misc/course/Introduction-to-Software-Testing/artifacts/sample_runs/deepseek-v4-pro/cand274_42f2058c83f2,42f2058c83f256d8654b349d5249d6f59920f88b,Add LANG-1261 to changes.xml,src/test/java/org/apache/commons/lang3/ArrayUtilsTest.java,256,256,256,1.0000,1,1,1,1.0000,0,0,0,1.0000,0,0,0,1.0000,1605,1605,1.0000,"{""assertArrayEquals"": 53, ""assertEquals"": 973, ""assertFalse"": 171, ""assertIsEquals"": 9, ""assertNotNull"": 1, ""assertNotSame"": 20, ""assertNull"": 10, ""assertSame"": 71, ""assertTrue"": 281, ""fail"": 16}","{""assertArrayEquals"": 53, ""assertEquals"": 973, ""assertFalse"": 171, ""assertIsEquals"": 9, ""assertNotNull"": 1, ""assertNotSame"": 20, ""assertNull"": 10, ""assertSame"": 71, ""assertTrue"": 281, ""fail"": 16}",1.0000,2,2,"[""testContains_LANG_1261""]","[""testContains_LANG_1261""]",[],[],[],[],
deepseek-v4-pro,275,ok,/home/lpy/workspace/misc/course/Introduction-to-Software-Testing/artifacts/sample_runs/deepseek-v4-pro/cand275_45a6467088a0,45a6467088a08e447d7f2983551021b91c70ab49,LANG-1087: NumberUtils#createNumber() returns positive BigDecimal when negative Float is expected. Thanks to Renat Zhilkibaev.,src/test/java/org/apache/commons/lang3/math/NumberUtilsTest.java,91,91,91,1.0000,1,1,1,1.0000,0,0,0,1.0000,0,0,0,1.0000,515,515,1.0000,"{""assertEquals"": 204, ""assertFalse"": 16, ""assertNotNull"": 2, ""assertTrue"": 284, ""fail"": 9}","{""assertEquals"": 204, ""assertFalse"": 16, ""assertNotNull"": 2, ""assertTrue"": 284, ""fail"": 9}",1.0000,28,28,"[""testLang1087""]","[""testLang1087""]",[],[],[],[],
deepseek-v4-pro,276,ok,/home/lpy/workspace/misc/course/Introduction-to-Software-Testing/artifacts/sample_runs/deepseek-v4-pro/cand276_471e8da5979a,471e8da5979aa853216eef8d8e1860b3e81852b3,"Add JavaVersion.JAVA_19, JavaVersion.JAVA_20 and JavaVersion.JAVA_21",src/test/java/org/apache/commons/lang3/JavaVersionTest.java,3,3,3,1.0000,0,0,0,1.0000,0,0,0,1.0000,1,1,1,1.0000,32,32,1.0000,"{""assertEquals"": 26, ""assertFalse"": 3, ""assertNull"": 1, ""assertTrue"": 2}","{""assertEquals"": 26, ""assertFalse"": 3, ""assertNull"": 1, ""assertTrue"": 2}",1.0000,0,0,[],[],[],[],"[""testGetJavaVersion""]","[""testGetJavaVersion""]",
deepseek-v4-pro,277,ok,/home/lpy/workspace/misc/course/Introduction-to-Software-Testing/artifacts/sample_runs/deepseek-v4-pro/cand277_4b718f6e5a90,4b718f6e5a90a0922373bd1d2452d418fe6bdf54,"<action issue=""LANG-970"" type=""add"" dev=""ggregory"">Add APIs MutableBoolean setTrue() and setFalse()</action>",src/test/java/org/apache/commons/lang3/mutable/MutableBooleanTest.java,9,9,9,1.0000,0,0,0,1.0000,0,0,0,1.0000,1,1,1,1.0000,40,40,1.0000,"{""assertEquals"": 13, ""assertFalse"": 15, ""assertTrue"": 12}","{""assertEquals"": 13, ""assertFalse"": 15, ""assertTrue"": 12}",1.0000,3,3,[],[],[],[],"[""testGetSet""]","[""testGetSet""]",
deepseek-v4-pro,278,ok,/home/lpy/workspace/misc/course/Introduction-to-Software-Testing/artifacts/sample_runs/deepseek-v4-pro/cand278_4bd982d1a1df,4bd982d1a1df87724682c17c39bf27b5cbe389be,LANG-1312: LocaleUtils#toLocale does not support language followed by UN M.49 numeric-3 area code (closes #239),src/test/java/org/apache/commons/lang3/LocaleUtilsTest.java,16,16,16,1.0000,1,1,1,1.0000,0,0,0,1.0000,0,0,0,1.0000,127,127,1.0000,"{""assertCountriesByLanguage"": 5, ""assertEquals"": 22, ""assertFalse"": 1, ""assertLanguageByCountry"": 5, ""assertLocaleLookupList"": 17, ""assertNotNull"": 9, ""assertNull"": 1, ""assertSame"": 4, ""assertTrue"": 8, ""assertUnmodifiableCollection"": 6, ""assertValidToLocale"": 24, ""fail"": 25}","{""assertCountriesByLanguage"": 5, ""assertEquals"": 22, ""assertFalse"": 1, ""assertLanguageByCountry"": 5, ""assertLocaleLookupList"": 17, ""assertNotNull"": 9, ""assertNull"": 1, ""assertSame"": 4, ""assertTrue"": 8, ""assertUnmodifiableCollection"": 6, ""assertValidToLocale"": 24, ""fail"": 25}",1.0000,0,0,"[""testLanguageAndUNM49Numeric3AreaCodeLang1312""]","[""testLanguageAndUNM49Numeric3AreaCodeLang1312""]",[],[],[],[],
deepseek-v4-pro,279,ok,/home/lpy/workspace/misc/course/Introduction-to-Software-Testing/artifacts/sample_runs/deepseek-v4-pro/cand279_4c39aa2ca612,4c39aa2ca612e6087f2a7edc90f88e5555b7cb27,Add org.apache.commons.lang3.SystemUtils.IS_OS_NETWARE,src/test/java/org/apache/commons/lang3/SystemUtilsTest.java,24,24,24,1.0000,0,0,0,1.0000,0,0,0,1.0000,1,1,1,1.0000,1532,1532,1.0000,"{""assertEquals"": 12, ""assertFalse"": 1023, ""assertNotNull"": 10, ""assertNull"": 1, ""assertTrue"": 486}","{""assertEquals"": 12, ""assertFalse"": 1023, ""assertNotNull"": 10, ""assertNull"": 1, ""assertTrue"": 486}",1.0000,0,0,[],[],[],[],"[""test_IS_OS""]","[""test_IS_OS""]",
deepseek-v4-pro,280,ok,/home/lpy/workspace/misc/course/Introduction-to-Software-Testing/artifacts/sample_runs/deepseek-v4-pro/cand280_4cf3dc8c8f4a,4cf3dc8c8f4ab9c353de64e79c4de113eec93473,[LANG-1613] - BigDecimal is created when you pass it the minimum values… #642.,src/test/java/org/apache/commons/lang3/math/NumberUtilsTest.java,112,112,112,1.0000,0,0,0,1.0000,0,0,0,1.0000,1,1,1,1.0000,646,646,1.0000,"{""assertEquals"": 507, ""assertFalse"": 18, ""assertNotNull"": 2, ""assertNull"": 7, ""assertThrows"": 40, ""assertTrue"": 72}","{""assertEquals"": 507, ""assertFalse"": 18, ""assertNotNull"": 2, ""assertNull"": 7, ""assertThrows"": 40, ""assertTrue"": 72}",1.0000,40,40,[],[],[],[],"[""testStringCreateNumberEnsureNoPrecisionLoss""]","[""testStringCreateNumberEnsureNoPrecisionLoss""]",
deepseek-v4-pro,281,ok,/home/lpy/workspace/misc/course/Introduction-to-Software-Testing/artifacts/sample_runs/deepseek-v4-pro/cand281_4e228a53509b,4e228a53509bd8cb01220939906a538dcd1baa40,"Fix StackOverflowError in TypeUtils.typeVariableToString(TypeVariable), TypeUtils.toString(Type)",src/test/java/org/apache/commons/lang3/reflect/TypeUtilsTest.java,43,43,43,1.0000,1,1,1,1.0000,0,0,0,1.0000,1,1,1,1.0000,342,342,1.0000,"{""assertArrayEquals"": 3, ""assertEquals"": 66, ""assertFalse"": 98, ""assertNotNull"": 1, ""assertNull"": 19, ""assertThrows"": 12, ""assertTrue"": 143}","{""assertArrayEquals"": 3, ""assertEquals"": 66, ""assertFalse"": 98, ""assertNotNull"": 1, ""assertNull"": 19, ""assertThrows"": 12, ""assertTrue"": 143}",1.0000,12,12,"[""testTypeToString""]","[""testTypeToString""]",[],[],"[""test_LANG_1698""]","[""test_LANG_1698""]",
deepseek-v4-pro,283,ok,/home/lpy/workspace/misc/course/Introduction-to-Software-Testing/artifacts/sample_runs/deepseek-v4-pro/cand283_5035fdd788bc,5035fdd788bc8e77bd90b52d49f70903044e7e63,Add SystemUtils.getJavaHomePath(),src/test/java/org/apache/commons/lang3/SystemUtilsTest.java,22,22,22,1.0000,1,1,1,1.0000,0,0,0,1.0000,0,0,0,1.0000,1121,1121,1.0000,"{""assertEquals"": 12, ""assertFalse"": 844, ""assertNotNull"": 8, ""assertNull"": 1, ""assertTrue"": 256}","{""assertEquals"": 12, ""assertFalse"": 844, ""assertNotNull"": 8, ""assertNull"": 1, ""assertTrue"": 256}",1.0000,0,0,"[""testGetJavaHomePath""]","[""testGetJavaHomePath""]",[],[],[],[],
deepseek-v4-pro,284,ok,/home/lpy/workspace/misc/course/Introduction-to-Software-Testing/artifacts/sample_runs/deepseek-v4-pro/cand284_514f6751ab29,514f6751ab29dbdc6b44995555474fbec88dcd97,Avoid NPE in MutableObject#equals() for null content,src/test/java/org/apache/commons/lang3/mutable/MutableObjectTest.java,5,5,5,1.0000,0,0,0,1.0000,0,0,0,1.0000,1,1,1,1.0000,30,30,1.0000,"{""assertEquals"": 15, ""assertNotEquals"": 8, ""assertNull"": 2, ""assertSame"": 5}","{""assertEquals"": 15, ""assertNotEquals"": 8, ""assertNull"": 2, ""assertSame"": 5}",1.0000,0,0,[],[],[],[],"[""testEquals""]","[""testEquals""]",
deepseek-v4-pro,285,ok,/home/lpy/workspace/misc/course/Introduction-to-Software-Testing/artifacts/sample_runs/deepseek-v4-pro/cand285_585b1cb97b4b,585b1cb97b4b9e81b55d68e04b6c1e1195058a8f,[LANG-1332] ImmutableTriple.nullTriple(),src/test/java/org/apache/commons/lang3/tuple/ImmutableTripleTest.java,12,12,12,1.0000,6,6,6,1.0000,0,0,0,1.0000,0,0,0,1.0000,45,45,1.0000,"{""assertEquals"": 32, ""assertFalse"": 3, ""assertNotNull"": 1, ""assertNull"": 7, ""assertSame"": 1, ""assertTrue"": 1}","{""assertEquals"": 32, ""assertFalse"": 3, ""assertNotNull"": 1, ""assertNull"": 7, ""assertSame"": 1, ""assertTrue"": 1}",1.0000,0,0,"[""testNullTripleEquals"", ""testNullTripleLeft"", ""testNullTripleMiddle"", ""testNullTripleRight"", ""testNullTripleSame"", ""testNullTripleTyped""]","[""testNullTripleEquals"", ""testNullTripleLeft"", ""testNullTripleMiddle"", ""testNullTripleRight"", ""testNullTripleSame"", ""testNullTripleTyped""]",[],[],[],[],
deepseek-v4-pro,286,ok,/home/lpy/workspace/misc/course/Introduction-to-Software-Testing/artifacts/sample_runs/deepseek-v4-pro/cand286_59022fb870c2,59022fb870c2c45a27e00943003c5acdeddaeec3,LANG-1149 Ability to throw checked exceptions without declaring them,src/test/java/org/apache/commons/lang3/exception/ExceptionUtilsTest.java,30,30,30,1.0000,2,2,2,1.0000,0,0,0,1.0000,0,0,0,1.0000,160,160,1.0000,"{""assertEquals"": 98, ""assertFalse"": 2, ""assertNotNull"": 1, ""assertSame"": 46, ""assertTrue"": 8, ""fail"": 5}","{""assertEquals"": 98, ""assertFalse"": 2, ""assertNotNull"": 1, ""assertSame"": 46, ""assertTrue"": 8, ""fail"": 5}",1.0000,1,1,"[""testCatchTechniques"", ""testThrow""]","[""testCatchTechniques"", ""testThrow""]",[],[],[],[],
deepseek-v4-pro,287,ok,/home/lpy/workspace/misc/course/Introduction-to-Software-Testing/artifacts/sample_runs/deepseek-v4-pro/cand287_5a509030a946,5a509030a946646780e963b9f492a4eaff734116,LANG-972 NumberUtils#isNumber does not allow for hex 0XABCD,src/test/java/org/apache/commons/lang3/math/NumberUtilsTest.java,83,83,83,1.0000,1,1,1,1.0000,0,0,0,1.0000,0,0,0,1.0000,479,479,1.0000,"{""assertEquals"": 197, ""assertFalse"": 7, ""assertNotNull"": 2, ""assertTrue"": 264, ""fail"": 9}","{""assertEquals"": 197, ""assertFalse"": 7, ""assertNotNull"": 2, ""assertTrue"": 264, ""fail"": 9}",1.0000,28,28,"[""testLANG972""]","[""testLANG972""]",[],[],[],[],
deepseek-v4-pro,288,ok,/home/lpy/workspace/misc/course/Introduction-to-Software-Testing/artifacts/sample_runs/deepseek-v4-pro/cand288_5ac643368dde,5ac643368ddeb928af0e7cf8705b52b9beb31053,[LANG-1506] Allow a StopWatch to carry an optional message.,src/test/java/org/apache/commons/lang3/time/StopWatchTest.java,19,19,19,1.0000,6,6,6,1.0000,0,0,0,1.0000,3,3,3,1.0000,63,63,1.0000,"{""assertEquals"": 16, ""assertFalse"": 9, ""assertNotEquals"": 1, ""assertNull"": 1, ""assertThrows"": 12, ""assertTrue"": 24}","{""assertEquals"": 16, ""assertFalse"": 9, ""assertNotEquals"": 1, ""assertNull"": 1, ""assertThrows"": 12, ""assertTrue"": 24}",1.0000,12,12,"[""testFormatSplitTimeWithMessage"", ""testFormatTimeWithMessage"", ""testMessage"", ""testToSplitStringWithMessage"", ""testToString"", ""testToStringWithMessage""]","[""testFormatSplitTimeWithMessage"", ""testFormatTimeWithMessage"", ""testMessage"", ""testToSplitStringWithMessage"", ""testToString"", ""testToStringWithMessage""]",[],[],"[""testFormatSplitTime"", ""testFormatTime"", ""testStopWatchSimpleGet""]","[""testFormatSplitTime"", ""testFormatTime"", ""testStopWatchSimpleGet""]",
deepseek-v4-pro,289,ok,/home/lpy/workspace/misc/course/Introduction-to-Software-Testing/artifacts/sample_runs/deepseek-v4-pro/cand289_5b699d076518,5b699d076518cbf2dddc286f65cb06d0873dae16,"[LANG-1569] Add ArrayUtils.get(T[], index, T) to provide an out-of-bounds default value",src/test/java/org/apache/commons/lang3/ArrayUtilsTest.java,331,331,331,1.0000,2,2,2,1.0000,0,0,0,1.0000,0,0,0,1.0000,3267,3267,1.0000,"{""assertArrayEquals"": 100, ""assertEquals"": 1196, ""assertFalse"": 1010, ""assertIsEquals"": 9, ""assertNotEquals"": 1, ""assertNotNull"": 2, ""assertNotSame"": 30, ""assertNull"": 92, ""assertSame"": 71, ""assertThrows"": 19, ""assertTrue"": 737}","{""assertArrayEquals"": 100, ""assertEquals"": 1196, ""assertFalse"": 1010, ""assertIsEquals"": 9, ""assertNotEquals"": 1, ""assertNotNull"": 2, ""assertNotSame"": 30, ""assertNull"": 92, ""assertSame"": 71, ""assertThrows"": 19, ""assertTrue"": 737}",1.0000,19,19,"[""testGet"", ""testGetDefault""]","[""testGet"", ""testGetDefault""]",[],[],[],[],
deepseek-v4-pro,290,ok,/home/lpy/workspace/misc/course/Introduction-to-Software-Testing/artifacts/sample_runs/deepseek-v4-pro/cand290_5bcedccec3ed,5bcedccec3ed93586947a5df0d49775aee7a37c7,"Fix NullPointerException in ReflectionDiffBuilder.getExcludeFieldNames() when instance created with ReflectionDiffBuilder.ReflectionDiffBuilder(T, T, ToStringStyle)",src/test/java/org/apache/commons/lang3/builder/ReflectionDiffBuilderTest.java,17,17,17,1.0000,1,1,1,1.0000,0,0,0,1.0000,0,0,0,1.0000,36,36,1.0000,"{""assertEquals"": 26, ""assertNotNull"": 10}","{""assertEquals"": 26, ""assertNotNull"": 10}",1.0000,0,0,"[""testGetExcludeFieldNamesEmpty""]","[""testGetExcludeFieldNamesEmpty""]",[],[],[],[],
deepseek-v4-pro,291,ok,/home/lpy/workspace/misc/course/Introduction-to-Software-Testing/artifacts/sample_runs/deepseek-v4-pro/cand291_5d46a39e450f,5d46a39e450f5dd69027329c9bc0542c113a04be,RandomStringUtils.random() methods may not return when asked to generate only letters or only numbers while provided with a range that contains neither,src/test/java/org/apache/commons/lang3/RandomStringUtilsTest.java,30,30,30,1.0000,2,2,2,1.0000,0,0,0,1.0000,0,0,0,1.0000,146,146,1.0000,"{""assertEquals"": 49, ""assertIllegalArgumentException"": 34, ""assertNotEquals"": 14, ""assertNotNull"": 1, ""assertThrows"": 2, ""assertTrue"": 45, ""fail"": 1}","{""assertEquals"": 49, ""assertIllegalArgumentException"": 34, ""assertNotEquals"": 14, ""assertNotNull"": 1, ""assertThrows"": 2, ""assertTrue"": 45, ""fail"": 1}",1.0000,2,2,"[""testFilterLetters"", ""testFilterNumbers""]","[""testFilterLetters"", ""testFilterNumbers""]",[],[],[],[],
deepseek-v4-pro,292,ok,/home/lpy/workspace/misc/course/Introduction-to-Software-Testing/artifacts/sample_runs/deepseek-v4-pro/cand292_5dd8e33cf68b,5dd8e33cf68b649b9af0bbbede58d6b5637b4c3e,MethodUtils cannot find or invoke vararg methods of interface types,src/test/java/org/apache/commons/lang3/reflect/MethodUtilsTest.java,57,57,57,1.0000,2,2,2,1.0000,0,0,0,1.0000,0,0,0,1.0000,308,308,1.0000,"{""assertArrayEquals"": 15, ""assertEquals"": 175, ""assertFalse"": 8, ""assertNotNull"": 21, ""assertNotSame"": 2, ""assertNull"": 27, ""assertNullPointerException"": 13, ""assertSame"": 6, ""assertThrows"": 21, ""assertTrue"": 20}","{""assertArrayEquals"": 15, ""assertEquals"": 175, ""assertFalse"": 8, ""assertNotNull"": 21, ""assertNotSame"": 2, ""assertNull"": 27, ""assertNullPointerException"": 13, ""assertSame"": 6, ""assertThrows"": 21, ""assertTrue"": 20}",1.0000,21,21,"[""testInvokeMethodVarArgsOfInterface"", ""testInvokeStaticMethodVarArgsOfInterface""]","[""testInvokeMethodVarArgsOfInterface"", ""testInvokeStaticMethodVarArgsOfInterface""]",[],[],[],[],
deepseek-v4-pro,293,ok,/home/lpy/workspace/misc/course/Introduction-to-Software-Testing/artifacts/sample_runs/deepseek-v4-pro/cand293_5def1c8d634f,5def1c8d634f12a265662f38188cd611aa1e574b,"Add ArrayUtils.containsAny(Object[], Object...).",src/test/java/org/apache/commons/lang3/ArrayUtilsTest.java,338,338,338,1.0000,1,1,1,1.0000,0,0,0,1.0000,1,1,1,1.0000,3301,3301,1.0000,"{""assertArrayEquals"": 112, ""assertEquals"": 1199, ""assertFalse"": 1013, ""assertIsEquals"": 9, ""assertNotEquals"": 1, ""assertNotNull"": 2, ""assertNotSame"": 30, ""assertNull"": 98, ""assertSame"": 71, ""assertThrows"": 18, ""assertTrue"": 748}","{""assertArrayEquals"": 112, ""assertEquals"": 1199, ""assertFalse"": 1013, ""assertIsEquals"": 9, ""assertNotEquals"": 1, ""assertNotNull"": 2, ""assertNotSame"": 30, ""assertNull"": 98, ""assertSame"": 71, ""assertThrows"": 18, ""assertTrue"": 748}",1.0000,18,18,"[""testContainsAny""]","[""testContainsAny""]",[],[],"[""testContains""]","[""testContains""]",
deepseek-v4-pro,294,ok,/home/lpy/workspace/misc/course/Introduction-to-Software-Testing/artifacts/sample_runs/deepseek-v4-pro/cand294_5f7812ee1c2f,5f7812ee1c2f583e1a1902c96b5b519e86699250,LANG-1447: java 12 final modifier is no longer mutable,src/test/java/org/apache/commons/lang3/reflect/FieldUtilsTest.java,64,64,64,1.0000,0,0,0,1.0000,0,0,0,1.0000,4,4,4,1.0000,350,350,1.0000,"{""assertArrayEquals"": 5, ""assertEquals"": 164, ""assertFalse"": 11, ""assertNotNull"": 1, ""assertNull"": 23, ""assertThrows"": 134, ""assertTrue"": 11, ""fail"": 1}","{""assertArrayEquals"": 5, ""assertEquals"": 164, ""assertFalse"": 11, ""assertNotNull"": 1, ""assertNull"": 23, ""assertThrows"": 134, ""assertTrue"": 11, ""fail"": 1}",1.0000,134,134,[],[],[],[],"[""testRemoveFinalModifier"", ""testRemoveFinalModifierAccessNotNeeded"", ""testRemoveFinalModifierWithAccess"", ""testRemoveFinalModifierWithoutAccess""]","[""testRemoveFinalModifier"", ""testRemoveFinalModifierAccessNotNeeded"", ""testRemoveFinalModifierWithAccess"", ""testRemoveFinalModifierWithoutAccess""]",
deepseek-v4-pro,295,ok,/home/lpy/workspace/misc/course/Introduction-to-Software-Testing/artifacts/sample_runs/deepseek-v4-pro/cand295_6001ae8a0c9f,6001ae8a0c9f5815ee368ae1967d6de1b786a9e7,Add SystemUtils.IS_JAVA_17,src/test/java/org/apache/commons/lang3/SystemUtilsTest.java,20,20,20,1.0000,0,0,0,1.0000,0,0,0,1.0000,1,1,1,1.0000,590,590,1.0000,"{""assertEquals"": 10, ""assertFalse"": 430, ""assertNotNull"": 6, ""assertNull"": 1, ""assertTrue"": 143}","{""assertEquals"": 10, ""assertFalse"": 430, ""assertNotNull"": 6, ""assertNull"": 1, ""assertTrue"": 143}",1.0000,0,0,[],[],[],[],"[""test_IS_JAVA""]","[""test_IS_JAVA""]",
deepseek-v4-pro,296,ok,/home/lpy/workspace/misc/course/Introduction-to-Software-Testing/artifacts/sample_runs/deepseek-v4-pro/cand296_600eb9eb99dc,600eb9eb99dc5c03b047e3c81b49ee4769787c6a,LANG-1299 - Add method for converting string to an array of code points,src/test/java/org/apache/commons/lang3/StringUtilsTest.java,145,145,145,1.0000,1,1,1,1.0000,0,0,0,1.0000,0,0,0,1.0000,1495,1495,1.0000,"{""assertAbbreviateWithAbbrevMarkerAndOffset"": 21, ""assertAbbreviateWithOffset"": 21, ""assertArrayEquals"": 7, ""assertEquals"": 1189, ""assertFalse"": 20, ""assertNotNull"": 2, ""assertNull"": 149, ""assertSame"": 3, ""assertTrue"": 47, ""fail"": 36}","{""assertAbbreviateWithAbbrevMarkerAndOffset"": 21, ""assertAbbreviateWithOffset"": 21, ""assertArrayEquals"": 7, ""assertEquals"": 1189, ""assertFalse"": 20, ""assertNotNull"": 2, ""assertNull"": 149, ""assertSame"": 3, ""assertTrue"": 47, ""fail"": 36}",1.0000,16,16,"[""testToCodePoints""]","[""testToCodePoints""]",[],[],[],[],
deepseek-v4-pro,297,ok,/home/lpy/workspace/misc/course/Introduction-to-Software-Testing/artifacts/sample_runs/deepseek-v4-pro/cand297_60412131f367,60412131f3679b720bcaaaf3dea4be666cefea7a,LANG-1364: ExceptionUtils#getRootCause(Throwable t) should return t if no lower level cause exists,src/test/java/org/apache/commons/lang3/exception/ExceptionUtilsTest.java,34,34,34,1.0000,0,0,0,1.0000,0,0,0,1.0000,1,1,1,1.0000,169,169,1.0000,"{""assertEquals"": 98, ""assertFalse"": 4, ""assertNotNull"": 1, ""assertSame"": 47, ""assertTrue"": 10, ""fail"": 9}","{""assertEquals"": 98, ""assertFalse"": 4, ""assertNotNull"": 1, ""assertSame"": 47, ""assertTrue"": 10, ""fail"": 9}",1.0000,1,1,[],[],[],[],"[""testGetRootCause_Throwable""]","[""testGetRootCause_Throwable""]",
deepseek-v4-pro,298,ok,/home/lpy/workspace/misc/course/Introduction-to-Software-Testing/artifacts/sample_runs/deepseek-v4-pro/cand298_612595106054,612595106054d0ff2320cc15f88cfef8959e1531,LANG-993: Add zero copy write method to StrBuilder; LANG-994: Add zero copy read method to StrBuilder. Thanks to Mikhail Mazursky.,src/test/java/org/apache/commons/lang3/text/StrBuilderTest.java,89,89,89,1.0000,10,10,10,1.0000,0,0,0,1.0000,0,0,0,1.0000,661,661,1.0000,"{""assertEquals"": 509, ""assertFalse"": 26, ""assertNotNull"": 2, ""assertNotSame"": 2, ""assertSame"": 12, ""assertTrue"": 72, ""fail"": 38}","{""assertEquals"": 509, ""assertFalse"": 26, ""assertNotNull"": 2, ""assertNotSame"": 2, ""assertSame"": 12, ""assertTrue"": 72, ""fail"": 38}",1.0000,0,0,"[""testAppendToCharBuffer"", ""testAppendToStringBuffer"", ""testAppendToStringBuilder"", ""testAppendToWriter"", ""testReadFromCharBuffer"", ""testReadFromCharBufferAppendsToEnd"", ""testReadFromReadable"", ""testReadFromReadableAppendsToEnd"", ""testReadFromReader"", ""testReadFromReaderAppendsToEnd""]","[""testAppendToCharBuffer"", ""testAppendToStringBuffer"", ""testAppendToStringBuilder"", ""testAppendToWriter"", ""testReadFromCharBuffer"", ""testReadFromCharBufferAppendsToEnd"", ""testReadFromReadable"", ""testReadFromReadableAppendsToEnd"", ""testReadFromReader"", ""testReadFromReaderAppendsToEnd""]",[],[],[],[],
deepseek-v4-pro,300,ok,/home/lpy/workspace/misc/course/Introduction-to-Software-Testing/artifacts/sample_runs/deepseek-v4-pro/cand300_64736630706a,64736630706adf9e2cbb482fbfcbdc81a9dc02f7,"Add Streams.nonNull(T), non-varargs variant",src/test/java/org/apache/commons/lang3/stream/StreamsTest.java,21,21,21,1.0000,1,1,1,1.0000,0,0,0,1.0000,0,0,0,1.0000,61,61,1.0000,"{""assertAll"": 2, ""assertEquals"": 38, ""assertEvenNumbers"": 3, ""assertNotNull"": 1, ""assertThat"": 8, ""assertThrows"": 7, ""assertTrue"": 2}","{""assertAll"": 2, ""assertEquals"": 38, ""assertEvenNumbers"": 3, ""assertNotNull"": 1, ""assertThat"": 8, ""assertThrows"": 7, ""assertTrue"": 2}",1.0000,7,7,"[""testNonNull""]","[""testNonNull""]",[],[],[],[],
deepseek-v4-pro,301,ok,/home/lpy/workspace/misc/course/Introduction-to-Software-Testing/artifacts/sample_runs/deepseek-v4-pro/cand301_64ef8a802244,64ef8a80224443c81dfb198cbc567e1b2b9356a2,LANG-1003: DurationFormatUtils are not able to handle negative durations/periods. Reported by Michael Osipov.,src/test/java/org/apache/commons/lang3/time/DurationFormatUtilsTest.java,25,25,25,1.0000,6,6,6,1.0000,0,0,0,1.0000,0,0,0,1.0000,176,176,1.0000,"{""assertArrayEquals"": 3, ""assertEqualDuration"": 38, ""assertEquals"": 127, ""assertFalse"": 4, ""assertNotNull"": 1, ""assertTrue"": 3}","{""assertArrayEquals"": 3, ""assertEqualDuration"": 38, ""assertEquals"": 127, ""assertFalse"": 4, ""assertNotNull"": 1, ""assertTrue"": 3}",1.0000,7,7,"[""testFormatNegativeDuration"", ""testFormatNegativeDurationHMS"", ""testFormatNegativeDurationISO"", ""testFormatNegativeDurationWords"", ""testFormatPeriodISOStartGreaterEnd"", ""testFormatPeriodeStartGreaterEnd""]","[""testFormatNegativeDuration"", ""testFormatNegativeDurationHMS"", ""testFormatNegativeDurationISO"", ""testFormatNegativeDurationWords"", ""testFormatPeriodISOStartGreaterEnd"", ""testFormatPeriodeStartGreaterEnd""]",[],[],[],[],
deepseek-v4-pro,302,ok,/home/lpy/workspace/misc/course/Introduction-to-Software-Testing/artifacts/sample_runs/deepseek-v4-pro/cand302_6622a4685750,6622a46857509a8920a3f085dbca007286c703ac,Fix generics in org.apache.commons.lang3.stream.Streams.toArray(Class) signature,src/test/java/org/apache/commons/lang3/stream/StreamsTest.java,30,30,30,1.0000,1,1,1,1.0000,0,0,0,1.0000,0,0,0,1.0000,77,77,1.0000,"{""assertArrayEquals"": 2, ""assertEquals"": 51, ""assertEvenNumbers"": 3, ""assertFalse"": 2, ""assertNotNull"": 2, ""assertNull"": 5, ""assertThrows"": 7, ""assertTrue"": 5}","{""assertArrayEquals"": 2, ""assertEquals"": 51, ""assertEvenNumbers"": 3, ""assertFalse"": 2, ""assertNotNull"": 2, ""assertNull"": 5, ""assertThrows"": 7, ""assertTrue"": 5}",1.0000,7,7,"[""testArrayCollectorCombiner""]","[""testArrayCollectorCombiner""]",[],[],[],[],
deepseek-v4-pro,303,ok,/home/lpy/workspace/misc/course/Introduction-to-Software-Testing/artifacts/sample_runs/deepseek-v4-pro/cand303_666ad13656c6,666ad13656c690b310fc2c6487dd60b6ed72a5ed,Add CalendarUtils.toZonedDateTime(Calendar),src/test/java/org/apache/commons/lang3/time/CalendarUtilsTest.java,8,8,8,1.0000,1,1,1,1.0000,0,0,0,1.0000,0,0,0,1.0000,34,34,1.0000,"{""assertEquals"": 34}","{""assertEquals"": 34}",1.0000,0,0,"[""testToZonedDateTime""]","[""testToZonedDateTime""]",[],[],[],[],
deepseek-v4-pro,304,ok,/home/lpy/workspace/misc/course/Introduction-to-Software-Testing/artifacts/sample_runs/deepseek-v4-pro/cand304_677e57f56bfa,677e57f56bfae93af520637d47a615013c930266,Fix NullPointerException in StopWatch.getStopTime(),src/test/java/org/apache/commons/lang3/time/StopWatchTest.java,31,31,31,1.0000,1,1,1,1.0000,0,0,0,1.0000,0,0,0,1.0000,136,136,1.0000,"{""assertEquals"": 42, ""assertFalse"": 9, ""assertNotEquals"": 1, ""assertNotNull"": 4, ""assertNull"": 1, ""assertThrows"": 18, ""assertTrue"": 61}","{""assertEquals"": 42, ""assertFalse"": 9, ""assertNotEquals"": 1, ""assertNotNull"": 4, ""assertNull"": 1, ""assertThrows"": 18, ""assertTrue"": 61}",1.0000,18,18,"[""testGetStopTime""]","[""testGetStopTime""]",[],[],[],[],
deepseek-v4-pro,305,ok,/home/lpy/workspace/misc/course/Introduction-to-Software-Testing/artifacts/sample_runs/deepseek-v4-pro/cand305_69c4dddbdecc,69c4dddbdecc3bf0bfb565e60d6a9a0f7f0eaea0,[LANG-1697] TypeUtils.getRawType() throws a NullPointerException on Wildcard GenericArrayType,src/test/java/org/apache/commons/lang3/reflect/TypeUtilsTest.java,33,33,33,1.0000,1,1,1,1.0000,0,0,0,1.0000,1,1,1,1.0000,229,229,1.0000,"{""assertArrayEquals"": 3, ""assertEquals"": 64, ""assertFalse"": 56, ""assertNull"": 19, ""assertThrows"": 12, ""assertTrue"": 75}","{""assertArrayEquals"": 3, ""assertEquals"": 64, ""assertFalse"": 56, ""assertNull"": 19, ""assertThrows"": 12, ""assertTrue"": 75}",1.0000,12,12,"[""testGetRawType_LANG_1697""]","[""testGetRawType_LANG_1697""]",[],[],"[""testGetRawType""]","[""testGetRawType""]",
deepseek-v4-pro,306,ok,/home/lpy/workspace/misc/course/Introduction-to-Software-Testing/artifacts/sample_runs/deepseek-v4-pro/cand306_6b81f9e6cf42,6b81f9e6cf42eae235c7ab505d967f60a42d7d66,"Add RegExUtils.replacePattern(CharSequence, String, String) and deprecate RegExUtils.replacePattern(String, String, String)",src/test/java/org/apache/commons/lang3/RegExUtilsTest.java,14,14,14,1.0000,2,2,2,1.0000,1,1,1,1.0000,0,0,0,1.0000,140,140,1.0000,"{""assertEquals"": 122, ""assertNull"": 11, ""assertThrows"": 4, ""assertTrue"": 3}","{""assertEquals"": 122, ""assertNull"": 11, ""assertThrows"": 4, ""assertTrue"": 3}",1.0000,4,4,"[""testReplacePattern"", ""testReplacePatternDeprecated""]","[""testReplacePattern"", ""testReplacePatternDeprecated""]","[""testReplacePattern_StringStringString""]","[""testReplacePattern_StringStringString""]",[],[],
deepseek-v4-pro,307,ok,/home/lpy/workspace/misc/course/Introduction-to-Software-Testing/artifacts/sample_runs/deepseek-v4-pro/cand307_6e2741da4d1e,6e2741da4d1ef471c7c552b91409b2deecbfcec9,[LANG-1727] EventListenerSupport doesn't document ordering of events,src/test/java/org/apache/commons/lang3/event/EventListenerSupportTest.java,12,12,12,1.0000,0,0,0,1.0000,0,0,0,1.0000,0,0,0,1.0000,33,33,1.0000,"{""assertEquals"": 21, ""assertInstanceOf"": 1, ""assertSame"": 6, ""assertThrows"": 5}","{""assertEquals"": 21, ""assertInstanceOf"": 1, ""assertSame"": 6, ""assertThrows"": 5}",1.0000,5,5,[],[],[],[],[],[],
deepseek-v4-pro,308,ok,/home/lpy/workspace/misc/course/Introduction-to-Software-Testing/artifacts/sample_runs/deepseek-v4-pro/cand308_6e3e6e2467ec,6e3e6e2467ecad07099c2908df543f191a6007e1,Add CalendarUtils.getInstance(),src/test/java/org/apache/commons/lang3/time/CalendarUtilsTest.java,6,6,6,1.0000,0,0,0,1.0000,0,0,0,1.0000,3,3,3,1.0000,30,30,1.0000,"{""assertEquals"": 30}","{""assertEquals"": 30}",1.0000,0,0,[],[],[],[],"[""testGetDayOfMonth"", ""testGetDayOfYear"", ""testGetMonth""]","[""testGetDayOfMonth"", ""testGetDayOfYear"", ""testGetMonth""]",
deepseek-v4-pro,309,ok,/home/lpy/workspace/misc/course/Introduction-to-Software-Testing/artifacts/sample_runs/deepseek-v4-pro/cand309_6ea2fc8d38e0,6ea2fc8d38e035bafaa92c7d3b007be38c2e9000,[LANG-1360] Add methods to ObjectUtils to get various forms of class names in a null-safe manner,src/test/java/org/apache/commons/lang3/ObjectUtilsTest.java,41,41,41,1.0000,3,3,3,1.0000,0,0,0,1.0000,0,0,0,1.0000,167,167,1.0000,"{""assertEquals"": 67, ""assertFalse"": 13, ""assertNotNull"": 2, ""assertNotSame"": 2, ""assertNull"": 19, ""assertSame"": 26, ""assertTrue"": 21, ""fail"": 17}","{""assertEquals"": 67, ""assertFalse"": 13, ""assertNotNull"": 2, ""assertNotSame"": 2, ""assertNull"": 19, ""assertSame"": 26, ""assertTrue"": 21, ""fail"": 17}",1.0000,7,7,"[""testGetCanonicalName"", ""testGetClassName"", ""testGetSimpleName""]","[""testGetCanonicalName"", ""testGetClassName"", ""testGetSimpleName""]",[],[],[],[],
deepseek-v4-pro,311,ok,/home/lpy/workspace/misc/course/Introduction-to-Software-Testing/artifacts/sample_runs/deepseek-v4-pro/cand311_6eb223bb8c68,6eb223bb8c68540e3f2bfa08c3d87b4cf7dfb544,Add DurationUtils.since(Temporal),src/test/java/org/apache/commons/lang3/time/DurationUtilsTest.java,7,7,7,1.0000,1,1,1,1.0000,0,0,0,1.0000,0,0,0,1.0000,49,49,1.0000,"{""assertEquals"": 43, ""assertFalse"": 2, ""assertTrue"": 4}","{""assertEquals"": 43, ""assertFalse"": 2, ""assertTrue"": 4}",1.0000,0,0,"[""testSince""]","[""testSince""]",[],[],[],[],
deepseek-v4-pro,312,ok,/home/lpy/workspace/misc/course/Introduction-to-Software-Testing/artifacts/sample_runs/deepseek-v4-pro/cand312_700be0d8c1ab,700be0d8c1abff745020bbe6ed44a2c4c855a7b3,EnumUtils.getEnumSystemProperty(...).,src/test/java/org/apache/commons/lang3/EnumUtilsTest.java,43,44,43,0.9773,0,1,0,0.0000,0,0,0,1.0000,0,0,0,1.0000,211,216,0.9769,"{""assertArrayEquals"": 31, ""assertEquals"": 133, ""assertFalse"": 5, ""assertNull"": 8, ""assertThrows"": 25, ""assertTrue"": 9}","{""assertArrayEquals"": 31, ""assertEquals"": 138, ""assertFalse"": 5, ""assertNull"": 8, ""assertThrows"": 25, ""assertTrue"": 9}",1.0000,25,25,[],"[""test_getEnumSystemProperty""]",[],[],[],[],
deepseek-v4-pro,313,ok,/home/lpy/workspace/misc/course/Introduction-to-Software-Testing/artifacts/sample_runs/deepseek-v4-pro/cand313_7022c194e0a5,7022c194e0a5a3f5e92908068d95ddf2216ca70b,LANG-1016: NumberUtils#isParsable method(s). Thanks to Juan Pablo Santos Rodríguez.,src/test/java/org/apache/commons/lang3/math/NumberUtilsTest.java,86,86,86,1.0000,1,1,1,1.0000,0,0,0,1.0000,0,0,0,1.0000,491,491,1.0000,"{""assertEquals"": 197, ""assertFalse"": 16, ""assertNotNull"": 2, ""assertTrue"": 267, ""fail"": 9}","{""assertEquals"": 197, ""assertFalse"": 16, ""assertNotNull"": 2, ""assertTrue"": 267, ""fail"": 9}",1.0000,28,28,"[""testIsParsable""]","[""testIsParsable""]",[],[],[],[],
deepseek-v4-pro,314,ok,/home/lpy/workspace/misc/course/Introduction-to-Software-Testing/artifacts/sample_runs/deepseek-v4-pro/cand314_70b2250f80ac,70b2250f80ac098e3fbb136bcd765ad90e8d3c0e,"Add ExceptionUtils.forEach(Throwable, Consumer<Throwable>)",src/test/java/org/apache/commons/lang3/exception/ExceptionUtilsTest.java,52,52,52,1.0000,12,12,12,1.0000,0,0,0,1.0000,0,0,0,1.0000,279,279,1.0000,"{""assertArrayEquals"": 1, ""assertEquals"": 147, ""assertFalse"": 4, ""assertNotNull"": 1, ""assertNull"": 40, ""assertSame"": 67, ""assertThrows"": 10, ""assertTrue"": 9}","{""assertArrayEquals"": 1, ""assertEquals"": 147, ""assertFalse"": 4, ""assertNotNull"": 1, ""assertNull"": 40, ""assertSame"": 67, ""assertThrows"": 10, ""assertTrue"": 9}",1.0000,10,10,"[""testForEach_jdkNoCause"", ""testForEach_nested"", ""testForEach_null"", ""testForEach_recursiveCause"", ""testForEach_withCause"", ""testForEach_withoutCause"", ""testStream_jdkNoCause"", ""testStream_nested"", ""testStream_null"", ""testStream_recursiveCause"", ""testStream_withCause"", ""testStream_withoutCause""]","[""testForEach_jdkNoCause"", ""testForEach_nested"", ""testForEach_null"", ""testForEach_recursiveCause"", ""testForEach_withCause"", ""testForEach_withoutCause"", ""testStream_jdkNoCause"", ""testStream_nested"", ""testStream_null"", ""testStream_recursiveCause"", ""testStream_withCause"", ""testStream_withoutCause""]",[],[],[],[],
deepseek-v4-pro,315,ok,/home/lpy/workspace/misc/course/Introduction-to-Software-Testing/artifacts/sample_runs/deepseek-v4-pro/cand315_70b3504b9fe0,70b3504b9fe03f267ce0f97c6ff21de5f5fbd2f3,"Applying Thomas Neidhart's patch for LANG-905; fixing a bug in which EqualsBuilder considers two arrays of the same type to be equal, without considering the contents",src/test/java/org/apache/commons/lang3/builder/EqualsBuilderTest.java,48,48,48,1.0000,1,1,1,1.0000,0,0,0,1.0000,0,0,0,1.0000,254,254,1.0000,"{""assertEquals"": 7, ""assertFalse"": 11, ""assertNull"": 3, ""assertTrue"": 233}","{""assertEquals"": 7, ""assertFalse"": 11, ""assertNull"": 3, ""assertTrue"": 233}",1.0000,0,0,"[""testReflectionArrays""]","[""testReflectionArrays""]",[],[],[],[],
deepseek-v4-pro,316,ok,/home/lpy/workspace/misc/course/Introduction-to-Software-Testing/artifacts/sample_runs/deepseek-v4-pro/cand316_71340db86f09,71340db86f0984c415c78c5641d92e287b29d72b,Add SystemUtils.IS_JAVA_21,src/test/java/org/apache/commons/lang3/SystemUtilsTest.java,20,20,20,1.0000,0,0,0,1.0000,0,0,0,1.0000,1,1,1,1.0000,722,722,1.0000,"{""assertEquals"": 10, ""assertFalse"": 557, ""assertNotNull"": 6, ""assertNull"": 1, ""assertTrue"": 148}","{""assertEquals"": 10, ""assertFalse"": 557, ""assertNotNull"": 6, ""assertNull"": 1, ""assertTrue"": 148}",1.0000,0,0,[],[],[],[],"[""test_IS_JAVA""]","[""test_IS_JAVA""]",
deepseek-v4-pro,317,ok,/home/lpy/workspace/misc/course/Introduction-to-Software-Testing/artifacts/sample_runs/deepseek-v4-pro/cand317_71f6746f81bb,71f6746f81bb9650f6f228ea204d85ba2c5b7392,Update for LANG-1069: CharSet.getInstance documentation does not clearly explain how to include negation character in set. Javadoc expanded and unit tests added to match examples. Based on patch by Arno Noordover.,src/test/java/org/apache/commons/lang3/CharSetTest.java,15,15,15,1.0000,1,1,1,1.0000,0,0,0,1.0000,0,0,0,1.0000,204,204,1.0000,"{""assertEquals"": 64, ""assertFalse"": 27, ""assertSame"": 7, ""assertTrue"": 106}","{""assertEquals"": 64, ""assertFalse"": 27, ""assertSame"": 7, ""assertTrue"": 106}",1.0000,0,0,"[""testJavadocExamples""]","[""testJavadocExamples""]",[],[],[],[],
deepseek-v4-pro,318,ok,/home/lpy/workspace/misc/course/Introduction-to-Software-Testing/artifacts/sample_runs/deepseek-v4-pro/cand318_739d62630092,739d62630092ee517129c703cd9433bd7e1184d4,"[LANG-1657] DiffBuilder: Type constraint for method append(..., DiffResult) too strict #786",src/test/java/org/apache/commons/lang3/builder/DiffBuilderTest.java,39,39,39,1.0000,4,4,4,1.0000,0,0,0,1.0000,0,0,0,1.0000,102,102,1.0000,"{""assertArrayEquals"": 18, ""assertEquals"": 69, ""assertNotEquals"": 1, ""assertNotSame"": 2, ""assertSame"": 1, ""assertThat"": 5, ""assertThrows"": 4, ""assertTrue"": 2}","{""assertArrayEquals"": 18, ""assertEquals"": 69, ""assertNotEquals"": 1, ""assertNotSame"": 2, ""assertSame"": 1, ""assertThat"": 5, ""assertThrows"": 4, ""assertTrue"": 2}",1.0000,4,4,"[""testNestedDiffableNo"", ""testNestedDiffableYesNestedNot"", ""testNestedDiffableYesNestedOnly"", ""testNestedDiffableYesNestedYes""]","[""testNestedDiffableNo"", ""testNestedDiffableYesNestedNot"", ""testNestedDiffableYesNestedOnly"", ""testNestedDiffableYesNestedYes""]",[],[],[],[],
deepseek-v4-pro,319,ok,/home/lpy/workspace/misc/course/Introduction-to-Software-Testing/artifacts/sample_runs/deepseek-v4-pro/cand319_7460a856f2be,7460a856f2be511bd88b2426fefab9585cf953e7,LANG-944: Add the Jaro-Winkler string distance algorithm to StringUtils - partially applying the patch by Rekha Joshi as submitted for further refinement,src/test/java/org/apache/commons/lang3/StringUtilsTest.java,109,109,109,1.0000,1,1,1,1.0000,0,0,0,1.0000,0,0,0,1.0000,1119,1119,1.0000,"{""assertAbbreviateWithOffset"": 21, ""assertArrayEquals"": 5, ""assertEquals"": 902, ""assertFalse"": 36, ""assertNotNull"": 2, ""assertNull"": 87, ""assertSame"": 2, ""assertTrue"": 50, ""fail"": 14}","{""assertAbbreviateWithOffset"": 21, ""assertArrayEquals"": 5, ""assertEquals"": 902, ""assertFalse"": 36, ""assertNotNull"": 2, ""assertNull"": 87, ""assertSame"": 2, ""assertTrue"": 50, ""fail"": 14}",1.0000,0,0,"[""testGetJaroWinklerDistance_StringString""]","[""testGetJaroWinklerDistance_StringString""]",[],[],[],[],
deepseek-v4-pro,320,ok,/home/lpy/workspace/misc/course/Introduction-to-Software-Testing/artifacts/sample_runs/deepseek-v4-pro/cand320_7489d6e21334,7489d6e21334673dc56399de7decaaa00f11ebcf,CharSet now maintains iteration order,src/test/java/org/apache/commons/lang3/CharSetTest.java,15,15,15,1.0000,0,0,0,1.0000,0,0,0,1.0000,8,8,8,1.0000,206,206,1.0000,"{""assertEquals"": 70, ""assertFalse"": 20, ""assertNotEquals"": 7, ""assertSame"": 9, ""assertTrue"": 100}","{""assertEquals"": 70, ""assertFalse"": 20, ""assertNotEquals"": 7, ""assertSame"": 9, ""assertTrue"": 100}",1.0000,0,0,[],[],[],[],"[""testConstructor_String_combo"", ""testConstructor_String_comboNegated"", ""testConstructor_String_oddCombinations"", ""testConstructor_String_oddDash"", ""testConstructor_String_oddNegate"", ""testConstructor_String_simple"", ""testContains_Char"", ""testStatics""]","[""testConstructor_String_combo"", ""testConstructor_String_comboNegated"", ""testConstructor_String_oddCombinations"", ""testConstructor_String_oddDash"", ""testConstructor_String_oddNegate"", ""testConstructor_String_simple"", ""testContains_Char"", ""testStatics""]",
deepseek-v4-pro,321,ok,/home/lpy/workspace/misc/course/Introduction-to-Software-Testing/artifacts/sample_runs/deepseek-v4-pro/cand321_758743198725,7587431987258e94748d5f2fda1e6ca049a21600,Avoid endless loop printing array with MultilineRecursiveToStringStyle,src/test/java/org/apache/commons/lang3/builder/MultilineRecursiveToStringStyleTest.java,11,11,11,1.0000,1,1,1,1.0000,0,0,0,1.0000,0,0,0,1.0000,11,11,1.0000,"{""assertEquals"": 11}","{""assertEquals"": 11}",1.0000,0,0,"[""testLANG1319""]","[""testLANG1319""]",[],[],[],[],
deepseek-v4-pro,322,ok,/home/lpy/workspace/misc/course/Introduction-to-Software-Testing/artifacts/sample_runs/deepseek-v4-pro/cand322_7642423cfa70,7642423cfa70fc797601afd64ad28ed1609df9d2,[LANG-1146] z/OS identification in SystemUtils. Simplest implementation.,src/test/java/org/apache/commons/lang3/SystemUtilsTest.java,13,13,13,1.0000,1,1,1,1.0000,0,0,0,1.0000,0,0,0,1.0000,276,276,1.0000,"{""assertEquals"": 5, ""assertFalse"": 208, ""assertNotNull"": 6, ""assertNull"": 2, ""assertTrue"": 55}","{""assertEquals"": 5, ""assertFalse"": 208, ""assertNotNull"": 6, ""assertNull"": 2, ""assertTrue"": 55}",1.0000,0,0,"[""testIS_zOS""]","[""testIS_zOS""]",[],[],[],[],
deepseek-v4-pro,323,ok,/home/lpy/workspace/misc/course/Introduction-to-Software-Testing/artifacts/sample_runs/deepseek-v4-pro/cand323_76e14e483cc0,76e14e483cc0760f5c94d14e1606644c19101f8e,"Push down WordUtils to ""text"" sub-package",src/test/java/org/apache/commons/lang3/StringUtilsTest.java,0,0,0,1.0000,0,0,0,1.0000,0,0,0,1.0000,0,0,0,1.0000,813,813,1.0000,"{""assertAbbreviateWithOffset"": 21, ""assertEquals"": 732, ""assertFalse"": 13, ""assertNotNull"": 2, ""assertNull"": 17, ""assertSame"": 2, ""assertTrue"": 20, ""fail"": 6}","{""assertAbbreviateWithOffset"": 21, ""assertEquals"": 732, ""assertFalse"": 13, ""assertNotNull"": 2, ""assertNull"": 17, ""assertSame"": 2, ""assertTrue"": 20, ""fail"": 6}",1.0000,0,0,[],[],[],[],[],[],
deepseek-v4-pro,324,ok,/home/lpy/workspace/misc/course/Introduction-to-Software-Testing/artifacts/sample_runs/deepseek-v4-pro/cand324_76ec155eea3b,76ec155eea3b1b10b5ddd46e31b38782afbff848,"Fix edge-case NullPointerException in org.apache.commons.lang3.EnumUtils.getEnum(Class, String, E)",src/test/java/org/apache/commons/lang3/EnumUtilsTest.java,48,48,48,1.0000,0,0,0,1.0000,0,0,0,1.0000,3,3,3,1.0000,268,268,1.0000,"{""assertArrayEquals"": 32, ""assertEquals"": 173, ""assertFalse"": 8, ""assertNull"": 11, ""assertNullPointerException"": 11, ""assertThrows"": 12, ""assertTrue"": 21}","{""assertArrayEquals"": 32, ""assertEquals"": 173, ""assertFalse"": 8, ""assertNull"": 11, ""assertNullPointerException"": 11, ""assertThrows"": 12, ""assertTrue"": 21}",1.0000,12,12,[],[],[],[],"[""testGetEnum_defaultEnum"", ""testGetEnum_nullClass"", ""testIsValidEnum_nullClass""]","[""testGetEnum_defaultEnum"", ""testGetEnum_nullClass"", ""testIsValidEnum_nullClass""]",
deepseek-v4-pro,325,ok,/home/lpy/workspace/misc/course/Introduction-to-Software-Testing/artifacts/sample_runs/deepseek-v4-pro/cand325_776b86e99a1c,776b86e99a1ce18a5093db457109807b766d49c1,[LANG-1331] ImmutablePair.nullPair(),src/test/java/org/apache/commons/lang3/tuple/ImmutablePairTest.java,13,13,13,1.0000,7,7,7,1.0000,0,0,0,1.0000,0,0,0,1.0000,35,35,1.0000,"{""assertEquals"": 21, ""assertFalse"": 3, ""assertNotNull"": 1, ""assertNull"": 8, ""assertSame"": 1, ""assertTrue"": 1}","{""assertEquals"": 21, ""assertFalse"": 3, ""assertNotNull"": 1, ""assertNull"": 8, ""assertSame"": 1, ""assertTrue"": 1}",1.0000,0,0,"[""testNullPairEquals"", ""testNullPairKey"", ""testNullPairLeft"", ""testNullPairRight"", ""testNullPairSame"", ""testNullPairTyped"", ""testNullPairValue""]","[""testNullPairEquals"", ""testNullPairKey"", ""testNullPairLeft"", ""testNullPairRight"", ""testNullPairSame"", ""testNullPairTyped"", ""testNullPairValue""]",[],[],[],[],
deepseek-v4-pro,326,ok,/home/lpy/workspace/misc/course/Introduction-to-Software-Testing/artifacts/sample_runs/deepseek-v4-pro/cand326_779828c9a2bb,779828c9a2bb5c38c2cd99c2596ff8ba6b755dd8,"Applying Valentin Rocher's patch to LANG-579, adding new regexp and in range methods to Validate",src/test/java/org/apache/commons/lang3/ValidateTest.java,0,0,0,1.0000,0,0,0,1.0000,0,0,0,1.0000,0,0,0,1.0000,145,145,1.0000,"{""assertEquals"": 63, ""assertNotNull"": 1, ""assertSame"": 22, ""fail"": 59}","{""assertEquals"": 63, ""assertNotNull"": 1, ""assertSame"": 22, ""fail"": 59}",1.0000,0,0,[],[],[],[],[],[],
deepseek-v4-pro,327,ok,/home/lpy/workspace/misc/course/Introduction-to-Software-Testing/artifacts/sample_runs/deepseek-v4-pro/cand327_77d187eefc85,77d187eefc8596ef8203eb827486099cc8b27835,LANG-1134: New methods for lang3.Validate This closes #87 from github.,src/test/java/org/apache/commons/lang3/ValidateTest.java,97,97,97,1.0000,34,34,34,1.0000,0,0,0,1.0000,0,0,0,1.0000,339,339,1.0000,"{""assertEquals"": 157, ""assertFalse"": 1, ""assertNotNull"": 1, ""assertSame"": 22, ""assertTrue"": 2, ""fail"": 156}","{""assertEquals"": 157, ""assertFalse"": 1, ""assertNotNull"": 1, ""assertSame"": 22, ""assertTrue"": 2, ""fail"": 156}",1.0000,0,0,"[""testDifferentDouble1"", ""testDifferentDouble2"", ""testDifferentLong1"", ""testDifferentLong2"", ""testDifferentObject1"", ""testDifferentObject2"", ""testFinite1"", ""testFinite2"", ""testGreaterDouble1"", ""testGreaterDouble2"", ""testGreaterLong1"", ""testGreaterLong2"", ""testGreaterObject1"", ""testGreaterObject2"", ""testGreaterOrEqualDouble1"", ""testGreaterOrEqualDouble2"", ""testGreaterOrEqualLong1"", ""testGreaterOrEqualLong2"", ""testGreaterOrEqualObject1"", ""testGreaterOrEqualObject2"", ""testNotNaN1"", ""testNotNaN2"", ""testSmallerDouble1"", ""testSmallerDouble2"", ""testSmallerLong1"", ""testSmallerLong2"", ""testSmallerObject1"", ""testSmallerObject2"", ""testSmallerOrEqualDouble1"", ""testSmallerOrEqualDouble2"", ""testSmallerOrEqualLong1"", ""testSmallerOrEqualLong2"", ""testSmallerOrEqualObject1"", ""testSmallerOrEqualObject2""]","[""testDifferentDouble1"", ""testDifferentDouble2"", ""testDifferentLong1"", ""testDifferentLong2"", ""testDifferentObject1"", ""testDifferentObject2"", ""testFinite1"", ""testFinite2"", ""testGreaterDouble1"", ""testGreaterDouble2"", ""testGreaterLong1"", ""testGreaterLong2"", ""testGreaterObject1"", ""testGreaterObject2"", ""testGreaterOrEqualDouble1"", ""testGreaterOrEqualDouble2"", ""testGreaterOrEqualLong1"", ""testGreaterOrEqualLong2"", ""testGreaterOrEqualObject1"", ""testGreaterOrEqualObject2"", ""testNotNaN1"", ""testNotNaN2"", ""testSmallerDouble1"", ""testSmallerDouble2"", ""testSmallerLong1"", ""testSmallerLong2"", ""testSmallerObject1"", ""testSmallerObject2"", ""testSmallerOrEqualDouble1"", ""testSmallerOrEqualDouble2"", ""testSmallerOrEqualLong1"", ""testSmallerOrEqualLong2"", ""testSmallerOrEqualObject1"", ""testSmallerOrEqualObject2""]",[],[],[],[],
deepseek-v4-pro,328,ok,/home/lpy/workspace/misc/course/Introduction-to-Software-Testing/artifacts/sample_runs/deepseek-v4-pro/cand328_7833161882d5,7833161882d5c98cafda7b3a69ca4693cd155484,Conversion.hexTo*() methods now throw IllegalArgumentException instead of StringIndexOutOfBoundsException,src/test/java/org/apache/commons/lang3/ConversionTest.java,44,44,44,1.0000,0,0,0,1.0000,0,0,0,1.0000,3,3,3,1.0000,583,583,1.0000,"{""assertArrayEquals"": 209, ""assertEquals"": 350, ""assertIllegalArgumentException"": 9, ""assertIndexOutOfBoundsException"": 1, ""assertThrows"": 14}","{""assertArrayEquals"": 209, ""assertEquals"": 350, ""assertIllegalArgumentException"": 9, ""assertIndexOutOfBoundsException"": 1, ""assertThrows"": 14}",1.0000,14,14,[],[],[],[],"[""testHexToInt"", ""testHexToLong"", ""testHexToShort""]","[""testHexToInt"", ""testHexToLong"", ""testHexToShort""]",
deepseek-v4-pro,329,ok,/home/lpy/workspace/misc/course/Introduction-to-Software-Testing/artifacts/sample_runs/deepseek-v4-pro/cand329_7869bf058e10,7869bf058e10be7684d4ba6f58346527b692f63a,"[LANG-926] Add ArrayUtils.reverse(array, from, to) methods.",src/test/java/org/apache/commons/lang3/ArrayUtilsTest.java,185,194,185,0.9536,0,9,0,0.0000,0,0,0,1.0000,0,0,0,1.0000,1045,1162,0.8993,"{""assertArrayEquals"": 43, ""assertEquals"": 481, ""assertFalse"": 153, ""assertIsEquals"": 9, ""assertNotNull"": 1, ""assertNotSame"": 20, ""assertNull"": 9, ""assertSame"": 69, ""assertTrue"": 244, ""fail"": 16}","{""assertArrayEquals"": 43, ""assertEquals"": 586, ""assertFalse"": 161, ""assertIsEquals"": 9, ""assertNotNull"": 1, ""assertNotSame"": 20, ""assertNull"": 9, ""assertSame"": 69, ""assertTrue"": 248, ""fail"": 16}",1.0000,0,0,[],"[""testReverseBooleanRange"", ""testReverseByteRange"", ""testReverseCharRange"", ""testReverseDoubleRange"", ""testReverseFloatRange"", ""testReverseIntRange"", ""testReverseLongRange"", ""testReverseObjectRange"", ""testReverseShortRange""]",[],[],[],[],
deepseek-v4-pro,330,ok,/home/lpy/workspace/misc/course/Introduction-to-Software-Testing/artifacts/sample_runs/deepseek-v4-pro/cand330_798caa4e5174,798caa4e51747dfbfceba0af8db7afa4fe629e36,Add LongRange.toLongStream(),src/test/java/org/apache/commons/lang3/LongRangeTest.java,29,29,29,1.0000,1,1,1,1.0000,0,0,0,1.0000,0,0,0,1.0000,165,165,1.0000,"{""assertEquals"": 25, ""assertFalse"": 77, ""assertNotEquals"": 4, ""assertNotNull"": 1, ""assertSame"": 1, ""assertThrows"": 5, ""assertTrue"": 52}","{""assertEquals"": 25, ""assertFalse"": 77, ""assertNotEquals"": 4, ""assertNotNull"": 1, ""assertSame"": 1, ""assertThrows"": 5, ""assertTrue"": 52}",1.0000,5,5,"[""testToIntStream""]","[""testToIntStream""]",[],[],[],[],
deepseek-v4-pro,332,ok,/home/lpy/workspace/misc/course/Introduction-to-Software-Testing/artifacts/sample_runs/deepseek-v4-pro/cand332_7b6ab58a018b,7b6ab58a018b5f6608ea07bc414d3f34a576c6a2,Add methods for Cloneables to ObjectUtils (LANG-576).,src/test/java/org/apache/commons/lang3/ObjectUtilsTest.java,0,0,0,1.0000,0,0,0,1.0000,0,0,0,1.0000,0,0,0,1.0000,79,79,1.0000,"{""assertEquals"": 34, ""assertFalse"": 4, ""assertNotNull"": 2, ""assertNotSame"": 2, ""assertNull"": 8, ""assertSame"": 19, ""assertTrue"": 6, ""fail"": 4}","{""assertEquals"": 34, ""assertFalse"": 4, ""assertNotNull"": 2, ""assertNotSame"": 2, ""assertNull"": 8, ""assertSame"": 19, ""assertTrue"": 6, ""fail"": 4}",1.0000,0,0,[],[],[],[],[],[],
deepseek-v4-pro,333,ok,/home/lpy/workspace/misc/course/Introduction-to-Software-Testing/artifacts/sample_runs/deepseek-v4-pro/cand333_7c1788334a01,7c1788334a0166f8772295823829e79989c11282,Make SystemProperties.getLineSeparator(Supplier) null-safe,src/test/java/org/apache/commons/lang3/SystemPropertiesTest.java,49,49,49,1.0000,0,0,0,1.0000,0,0,0,1.0000,1,1,1,1.0000,262,262,1.0000,"{""assertDoesNotThrow"": 197, ""assertEquals"": 10, ""assertFalse"": 3, ""assertNotNull"": 43, ""assertNull"": 9}","{""assertDoesNotThrow"": 197, ""assertEquals"": 10, ""assertFalse"": 3, ""assertNotNull"": 43, ""assertNull"": 9}",1.0000,0,0,[],[],[],[],"[""testGetLineSeparator""]","[""testGetLineSeparator""]",
deepseek-v4-pro,334,ok,/home/lpy/workspace/misc/course/Introduction-to-Software-Testing/artifacts/sample_runs/deepseek-v4-pro/cand334_7c19a1ff4c21,7c19a1ff4c217f03c0be62baf1169d689f566825,Deprecate CharEncoding and direct users to Java 7 classes,src/test/java/org/apache/commons/lang3/CharEncodingTest.java,4,4,4,1.0000,0,0,0,1.0000,0,0,0,1.0000,0,0,0,1.0000,17,17,1.0000,"{""assertFalse"": 6, ""assertSupportedEncoding"": 7, ""assertTrue"": 4}","{""assertFalse"": 6, ""assertSupportedEncoding"": 7, ""assertTrue"": 4}",1.0000,0,0,[],[],[],[],[],[],
deepseek-v4-pro,335,ok,/home/lpy/workspace/misc/course/Introduction-to-Software-Testing/artifacts/sample_runs/deepseek-v4-pro/cand335_7c8d26daac0c,7c8d26daac0c08e888249d506e5ef4e655898166,"Fail-fast for a null DiffBuilder in ReflectionDiffBuilder.ReflectionDiffBuilder(DiffBuilder, String[]) instead of getting a NullPointerException in ReflectionDiffBuilder instance methods",src/test/java/org/apache/commons/lang3/builder/ReflectionDiffBuilderTest.java,18,18,18,1.0000,1,1,1,1.0000,0,0,0,1.0000,0,0,0,1.0000,37,37,1.0000,"{""assertEquals"": 26, ""assertNotNull"": 10, ""assertThrows"": 1}","{""assertEquals"": 26, ""assertNotNull"": 10, ""assertThrows"": 1}",1.0000,1,1,"[""testNoDiffBuilderSet""]","[""testNoDiffBuilderSet""]",[],[],[],[],
deepseek-v4-pro,336,ok,/home/lpy/workspace/misc/course/Introduction-to-Software-Testing/artifacts/sample_runs/deepseek-v4-pro/cand336_7d6e0beccb13,7d6e0beccb1345078b3051504e623f399c012fd4,LANG-1005: Extend DurationFormatUtils#formatDurationISO default pattern to match #formatDurationHMS. Thanks to Michael Osipov.,src/test/java/org/apache/commons/lang3/time/DurationFormatUtilsTest.java,25,25,25,1.0000,0,0,0,1.0000,0,0,0,1.0000,1,1,1,1.0000,176,176,1.0000,"{""assertArrayEquals"": 3, ""assertEqualDuration"": 38, ""assertEquals"": 127, ""assertFalse"": 4, ""assertNotNull"": 1, ""assertTrue"": 3}","{""assertArrayEquals"": 3, ""assertEqualDuration"": 38, ""assertEquals"": 127, ""assertFalse"": 4, ""assertNotNull"": 1, ""assertTrue"": 3}",1.0000,7,7,[],[],[],[],"[""testLexx""]","[""testLexx""]",
deepseek-v4-pro,337,ok,/home/lpy/workspace/misc/course/Introduction-to-Software-Testing/artifacts/sample_runs/deepseek-v4-pro/cand337_7d9d4d41a632,7d9d4d41a6327c813504e6da4df49fbff33dc02f,ClassUtils.comparator().,src/test/java/org/apache/commons/lang3/ClassUtilsTest.java,65,65,65,1.0000,1,1,1,1.0000,0,0,0,1.0000,0,0,0,1.0000,788,788,1.0000,"{""assertArrayEquals"": 10, ""assertEquals"": 364, ""assertFalse"": 171, ""assertGetClassReturnsClass"": 19, ""assertGetClassThrowsClassNotFound"": 10, ""assertGetClassThrowsException"": 3, ""assertGetClassThrowsNullPointerException"": 2, ""assertNotNull"": 1, ""assertNotSame"": 1, ""assertNull"": 18, ""assertSame"": 3, ""assertThrows"": 6, ""assertTrue"": 180}","{""assertArrayEquals"": 10, ""assertEquals"": 364, ""assertFalse"": 171, ""assertGetClassReturnsClass"": 19, ""assertGetClassThrowsClassNotFound"": 10, ""assertGetClassThrowsException"": 3, ""assertGetClassThrowsNullPointerException"": 2, ""assertNotNull"": 1, ""assertNotSame"": 1, ""assertNull"": 18, ""assertSame"": 3, ""assertThrows"": 6, ""assertTrue"": 180}",1.0000,6,6,"[""testComparable""]","[""testComparable""]",[],[],[],[],
deepseek-v4-pro,338,ok,/home/lpy/workspace/misc/course/Introduction-to-Software-Testing/artifacts/sample_runs/deepseek-v4-pro/cand338_7e85d1cf54b1,7e85d1cf54b1e467607a0019b56f91577ebe2e4f,LANG-1226: StringUtils#normalizeSpace does not trim the string anymore (closes #150),src/test/java/org/apache/commons/lang3/StringUtilsTest.java,130,130,130,1.0000,0,0,0,1.0000,0,0,0,1.0000,1,1,1,1.0000,1307,1307,1.0000,"{""assertAbbreviateWithOffset"": 21, ""assertArrayEquals"": 5, ""assertEquals"": 1045, ""assertFalse"": 20, ""assertNotNull"": 2, ""assertNull"": 134, ""assertSame"": 2, ""assertTrue"": 45, ""fail"": 33}","{""assertAbbreviateWithOffset"": 21, ""assertArrayEquals"": 5, ""assertEquals"": 1045, ""assertFalse"": 20, ""assertNotNull"": 2, ""assertNull"": 134, ""assertSame"": 2, ""assertTrue"": 45, ""fail"": 33}",1.0000,13,13,[],[],[],[],"[""testNormalizeSpace""]","[""testNormalizeSpace""]",
deepseek-v4-pro,339,ok,/home/lpy/workspace/misc/course/Introduction-to-Software-Testing/artifacts/sample_runs/deepseek-v4-pro/cand339_7ef106b23772,7ef106b23772995e4307f84afd1bee4e2337ce0c,Implements LANG-1050: Change nullToEmpty methods to generics. Thanks to James Sawle. This closes #33 in GitHub too.,src/test/java/org/apache/commons/lang3/ArrayUtilsTest.java,209,209,209,1.0000,4,4,4,1.0000,0,0,0,1.0000,0,0,0,1.0000,1206,1206,1.0000,"{""assertArrayEquals"": 43, ""assertEquals"": 586, ""assertFalse"": 171, ""assertIsEquals"": 9, ""assertNotNull"": 1, ""assertNotSame"": 20, ""assertNull"": 9, ""assertSame"": 71, ""assertTrue"": 280, ""fail"": 16}","{""assertArrayEquals"": 43, ""assertEquals"": 586, ""assertFalse"": 171, ""assertIsEquals"": 9, ""assertNotNull"": 1, ""assertNotSame"": 20, ""assertNull"": 9, ""assertSame"": 71, ""assertTrue"": 280, ""fail"": 16}",1.0000,2,2,"[""testNullToEmptyGeneric"", ""testNullToEmptyGenericEmpty"", ""testNullToEmptyGenericNull"", ""testNullToEmptyGenericNullType""]","[""testNullToEmptyGeneric"", ""testNullToEmptyGenericEmpty"", ""testNullToEmptyGenericNull"", ""testNullToEmptyGenericNullType""]",[],[],[],[],
deepseek-v4-pro,340,ok,/home/lpy/workspace/misc/course/Introduction-to-Software-Testing/artifacts/sample_runs/deepseek-v4-pro/cand340_80e6a67649ec,80e6a67649ec10d67f5a574c8e93248615c347ca,Add CalendarUtils.toLocalDate() #725,src/test/java/org/apache/commons/lang3/time/CalendarUtilsTest.java,10,10,10,1.0000,1,1,1,1.0000,0,0,0,1.0000,0,0,0,1.0000,39,39,1.0000,"{""assertEquals"": 39}","{""assertEquals"": 39}",1.0000,0,0,"[""testToLocalDate""]","[""testToLocalDate""]",[],[],[],[],
deepseek-v4-pro,341,ok,/home/lpy/workspace/misc/course/Introduction-to-Software-Testing/artifacts/sample_runs/deepseek-v4-pro/cand341_82cc24437f43,82cc24437f43d07880d8883229477735431e5d02,LANG-1272: Added shuffle methods to ArrayUtils,src/test/java/org/apache/commons/lang3/ArrayUtilsTest.java,307,307,307,1.0000,9,9,9,1.0000,0,0,0,1.0000,0,0,0,1.0000,1797,1797,1.0000,"{""assertArrayEquals"": 57, ""assertEquals"": 1078, ""assertFalse"": 198, ""assertIsEquals"": 9, ""assertNotNull"": 1, ""assertNotSame"": 20, ""assertNull"": 37, ""assertSame"": 71, ""assertTrue"": 309, ""fail"": 17}","{""assertArrayEquals"": 57, ""assertEquals"": 1078, ""assertFalse"": 198, ""assertIsEquals"": 9, ""assertNotNull"": 1, ""assertNotSame"": 20, ""assertNull"": 37, ""assertSame"": 71, ""assertTrue"": 309, ""fail"": 17}",1.0000,2,2,"[""testShuffle"", ""testShuffleBoolean"", ""testShuffleByte"", ""testShuffleChar"", ""testShuffleDouble"", ""testShuffleFloat"", ""testShuffleInt"", ""testShuffleLong"", ""testShuffleShort""]","[""testShuffle"", ""testShuffleBoolean"", ""testShuffleByte"", ""testShuffleChar"", ""testShuffleDouble"", ""testShuffleFloat"", ""testShuffleInt"", ""testShuffleLong"", ""testShuffleShort""]",[],[],[],[],
deepseek-v4-pro,343,ok,/home/lpy/workspace/misc/course/Introduction-to-Software-Testing/artifacts/sample_runs/deepseek-v4-pro/cand343_876543f6ccfa,876543f6ccfaade38887908acf0bdb4a7c070473,Add JavaVersion.JAVA_17 now that Java 17-ea is out.,src/test/java/org/apache/commons/lang3/JavaVersionTest.java,3,3,3,1.0000,0,0,0,1.0000,0,0,0,1.0000,1,1,1,1.0000,28,28,1.0000,"{""assertEquals"": 22, ""assertFalse"": 3, ""assertNull"": 1, ""assertTrue"": 2}","{""assertEquals"": 22, ""assertFalse"": 3, ""assertNull"": 1, ""assertTrue"": 2}",1.0000,0,0,[],[],[],[],"[""testGetJavaVersion""]","[""testGetJavaVersion""]",
deepseek-v4-pro,345,ok,/home/lpy/workspace/misc/course/Introduction-to-Software-Testing/artifacts/sample_runs/deepseek-v4-pro/cand345_8a7b0da6fc78,8a7b0da6fc783127f8272d955d9f06f1966949ec,"org.apache.commons.lang3.reflect.MethodUtils.getMethodObject(Class<?>, String, Class<?>...) now returns null instead of throwing a NullPointerException, as it does for other exception types",src/test/java/org/apache/commons/lang3/reflect/MethodUtilsTest.java,44,44,44,1.0000,0,0,0,1.0000,0,0,0,1.0000,5,5,5,1.0000,228,228,1.0000,"{""assertArrayEquals"": 8, ""assertEquals"": 131, ""assertFalse"": 2, ""assertNotNull"": 17, ""assertNotSame"": 1, ""assertNull"": 25, ""assertNullPointerException"": 13, ""assertSame"": 4, ""assertThrows"": 15, ""assertTrue"": 12}","{""assertArrayEquals"": 8, ""assertEquals"": 131, ""assertFalse"": 2, ""assertNotNull"": 17, ""assertNotSame"": 1, ""assertNull"": 25, ""assertNullPointerException"": 13, ""assertSame"": 4, ""assertThrows"": 15, ""assertTrue"": 12}",1.0000,15,15,[],[],[],[],"[""testGetMethodObject"", ""testInvokeExactMethod"", ""testInvokeMethod"", ""testInvokeMethodForceAccessWithArgs"", ""testInvokeMethod_VarArgsNotUniqueResolvable""]","[""testGetMethodObject"", ""testInvokeExactMethod"", ""testInvokeMethod"", ""testInvokeMethodForceAccessWithArgs"", ""testInvokeMethod_VarArgsNotUniqueResolvable""]",
deepseek-v4-pro,346,ok,/home/lpy/workspace/misc/course/Introduction-to-Software-Testing/artifacts/sample_runs/deepseek-v4-pro/cand346_8aa1b44ada75,8aa1b44ada759e7948f87f55bb29ab87b5eb5469,LANG-1092: Wrong formating of time zones with daylight saving time in FastDatePrinter,src/test/java/org/apache/commons/lang3/time/FastDatePrinterTest.java,15,15,15,1.0000,0,0,0,1.0000,0,0,0,1.0000,1,1,1,1.0000,47,47,1.0000,"{""assertEquals"": 44, ""assertFalse"": 1, ""assertNotNull"": 1, ""assertTrue"": 1}","{""assertEquals"": 44, ""assertFalse"": 1, ""assertNotNull"": 1, ""assertTrue"": 1}",1.0000,0,0,[],[],[],[],"[""testCalendarTimezoneRespected""]","[""testCalendarTimezoneRespected""]",
deepseek-v4-pro,347,ok,/home/lpy/workspace/misc/course/Introduction-to-Software-Testing/artifacts/sample_runs/deepseek-v4-pro/cand347_8b62c114cfc5,8b62c114cfc5fd347bd8cb5a391fdfa8cb539435,[LANG-1385] NumberUtils.createNumber() throws StringIndexOutOfBoundsException instead of NumberFormatException.,src/test/java/org/apache/commons/lang3/math/NumberUtilsTest.java,102,102,102,1.0000,1,1,1,1.0000,0,0,0,1.0000,0,0,0,1.0000,559,559,1.0000,"{""assertEquals"": 221, ""assertFalse"": 18, ""assertNotNull"": 2, ""assertTrue"": 308, ""fail"": 10}","{""assertEquals"": 221, ""assertFalse"": 18, ""assertNotNull"": 2, ""assertTrue"": 308, ""fail"": 10}",1.0000,32,32,"[""testIsNumberLANG1385""]","[""testIsNumberLANG1385""]",[],[],[],[],
deepseek-v4-pro,349,ok,/home/lpy/workspace/misc/course/Introduction-to-Software-Testing/artifacts/sample_runs/deepseek-v4-pro/cand349_8cd2339a9788,8cd2339a9788cf2c6e44b6761d3a19259fbe1df3,"Applying Eli Lindsey's patch to Yaniv Kunda's report in LANG-936 that StringUtils.getLevensteinDistance(String, String, int) gave the wrong answer when the int threshold is near Integer.MAX_VALUE",src/test/java/org/apache/commons/lang3/StringUtilsTest.java,108,108,108,1.0000,0,0,0,1.0000,0,0,0,1.0000,1,1,1,1.0000,1109,1109,1.0000,"{""assertAbbreviateWithOffset"": 21, ""assertArrayEquals"": 5, ""assertEquals"": 895, ""assertFalse"": 36, ""assertNotNull"": 2, ""assertNull"": 87, ""assertSame"": 2, ""assertTrue"": 50, ""fail"": 11}","{""assertAbbreviateWithOffset"": 21, ""assertArrayEquals"": 5, ""assertEquals"": 895, ""assertFalse"": 36, ""assertNotNull"": 2, ""assertNull"": 87, ""assertSame"": 2, ""assertTrue"": 50, ""fail"": 11}",1.0000,0,0,[],[],[],[],"[""testGetLevenshteinDistance_StringStringInt""]","[""testGetLevenshteinDistance_StringStringInt""]",
deepseek-v4-pro,350,ok,/home/lpy/workspace/misc/course/Introduction-to-Software-Testing/artifacts/sample_runs/deepseek-v4-pro/cand350_8d601ab71228,8d601ab71228f7c3dff950540e7ee6e4043e9053,"LANG-1258: Add ArrayUtils#toStringArray(Object[], String) method (and minimal clean-up of ArrayUtils#toStringArray(Object[]))",src/test/java/org/apache/commons/lang3/ArrayUtilsTest.java,258,258,258,1.0000,2,2,2,1.0000,1,1,1,1.0000,0,0,0,1.0000,1612,1612,1.0000,"{""assertArrayEquals"": 57, ""assertEquals"": 973, ""assertFalse"": 171, ""assertIsEquals"": 9, ""assertNotNull"": 1, ""assertNotSame"": 20, ""assertNull"": 12, ""assertSame"": 71, ""assertTrue"": 281, ""fail"": 17}","{""assertArrayEquals"": 57, ""assertEquals"": 973, ""assertFalse"": 171, ""assertIsEquals"": 9, ""assertNotNull"": 1, ""assertNotSame"": 20, ""assertNull"": 12, ""assertSame"": 71, ""assertTrue"": 281, ""fail"": 17}",1.0000,2,2,"[""testToStringArray_array"", ""testToStringArray_array_string""]","[""testToStringArray_array"", ""testToStringArray_array_string""]","[""testToStringArray""]","[""testToStringArray""]",[],[],
deepseek-v4-pro,351,ok,/home/lpy/workspace/misc/course/Introduction-to-Software-Testing/artifacts/sample_runs/deepseek-v4-pro/cand351_8e05b7141a8f,8e05b7141a8fc302b35f412834d660f234a10648,Make ArrayFill null-safe,src/test/java/org/apache/commons/lang3/ArrayFillTest.java,16,16,16,1.0000,8,8,8,1.0000,0,0,0,1.0000,0,0,0,1.0000,24,24,1.0000,"{""assertEquals"": 8, ""assertSame"": 16}","{""assertEquals"": 8, ""assertSame"": 16}",1.0000,0,0,"[""testFillByteArrayNull"", ""testFillCharArrayNull"", ""testFillDoubleArrayNull"", ""testFillFloatArrayNull"", ""testFillIntArrayNull"", ""testFillLongArrayNull"", ""testFillObjectArrayNull"", ""testFillShortArrayNull""]","[""testFillByteArrayNull"", ""testFillCharArrayNull"", ""testFillDoubleArrayNull"", ""testFillFloatArrayNull"", ""testFillIntArrayNull"", ""testFillLongArrayNull"", ""testFillObjectArrayNull"", ""testFillShortArrayNull""]",[],[],[],[],
deepseek-v4-pro,352,ok,/home/lpy/workspace/misc/course/Introduction-to-Software-Testing/artifacts/sample_runs/deepseek-v4-pro/cand352_8e1f5a9aca4a,8e1f5a9aca4afc662503474fae41434f75d5021b,Add EnumSet.stream(Class),src/test/java/org/apache/commons/lang3/EnumUtilsTest.java,47,48,47,0.9792,0,1,0,0.0000,0,0,0,1.0000,0,0,0,1.0000,264,267,0.9888,"{""assertArrayEquals"": 31, ""assertEquals"": 170, ""assertFalse"": 7, ""assertNull"": 10, ""assertNullPointerException"": 13, ""assertThrows"": 12, ""assertTrue"": 21}","{""assertArrayEquals"": 32, ""assertEquals"": 172, ""assertFalse"": 7, ""assertNull"": 10, ""assertNullPointerException"": 13, ""assertThrows"": 12, ""assertTrue"": 21}",1.0000,12,12,[],"[""testStream""]",[],[],[],[],
deepseek-v4-pro,353,ok,/home/lpy/workspace/misc/course/Introduction-to-Software-Testing/artifacts/sample_runs/deepseek-v4-pro/cand353_8ea0c0284810,8ea0c0284810bd6ec00f608be31abd20dbd4b72b,LANG-915: Wrong locale handling in LocaleUtils.toLocale(). Thanks to Sergio Fernández,src/test/java/org/apache/commons/lang3/LocaleUtilsTest.java,15,15,15,1.0000,1,1,1,1.0000,0,0,0,1.0000,1,1,1,1.0000,124,124,1.0000,"{""assertCountriesByLanguage"": 5, ""assertEquals"": 22, ""assertFalse"": 1, ""assertLanguageByCountry"": 5, ""assertLocaleLookupList"": 17, ""assertNotNull"": 9, ""assertNull"": 1, ""assertSame"": 4, ""assertTrue"": 8, ""assertUnmodifiableCollection"": 6, ""assertValidToLocale"": 21, ""fail"": 25}","{""assertCountriesByLanguage"": 5, ""assertEquals"": 22, ""assertFalse"": 1, ""assertLanguageByCountry"": 5, ""assertLocaleLookupList"": 17, ""assertNotNull"": 9, ""assertNull"": 1, ""assertSame"": 4, ""assertTrue"": 8, ""assertUnmodifiableCollection"": 6, ""assertValidToLocale"": 21, ""fail"": 25}",1.0000,0,0,"[""testThreeCharsLocale""]","[""testThreeCharsLocale""]",[],[],"[""testToLocale_1Part""]","[""testToLocale_1Part""]",
deepseek-v4-pro,354,ok,/home/lpy/workspace/misc/course/Introduction-to-Software-Testing/artifacts/sample_runs/deepseek-v4-pro/cand354_8eef2fc92229,8eef2fc92229e47889e66774edd3df0a9f6d6281,Add Pair.accept(FailableBiConsumer),src/test/java/org/apache/commons/lang3/tuple/PairTest.java,15,15,15,1.0000,2,2,2,1.0000,0,0,0,1.0000,0,0,0,1.0000,48,48,1.0000,"{""assertEquals"": 33, ""assertNotEquals"": 2, ""assertNull"": 3, ""assertThrows"": 3, ""assertTrue"": 7}","{""assertEquals"": 33, ""assertNotEquals"": 2, ""assertNull"": 3, ""assertThrows"": 3, ""assertTrue"": 7}",1.0000,3,3,"[""testAccept"", ""testApply""]","[""testAccept"", ""testApply""]",[],[],[],[],
deepseek-v4-pro,355,ok,/home/lpy/workspace/misc/course/Introduction-to-Software-Testing/artifacts/sample_runs/deepseek-v4-pro/cand355_911fbb9352f0,911fbb9352f029dd02971eebdbf7d9cffc7f9175,Add ExceptionUtils.getRootCauseStackTraceList(Throwable),src/test/java/org/apache/commons/lang3/exception/ExceptionUtilsTest.java,53,53,53,1.0000,1,1,1,1.0000,0,0,0,1.0000,0,0,0,1.0000,282,282,1.0000,"{""assertArrayEquals"": 1, ""assertEquals"": 148, ""assertFalse"": 5, ""assertNotNull"": 1, ""assertNull"": 40, ""assertSame"": 67, ""assertThrows"": 10, ""assertTrue"": 10}","{""assertArrayEquals"": 1, ""assertEquals"": 148, ""assertFalse"": 5, ""assertNotNull"": 1, ""assertNull"": 40, ""assertSame"": 67, ""assertThrows"": 10, ""assertTrue"": 10}",1.0000,10,10,"[""testGetRootCauseStackTraceList_Throwable""]","[""testGetRootCauseStackTraceList_Throwable""]",[],[],[],[],
deepseek-v4-pro,356,ok,/home/lpy/workspace/misc/course/Introduction-to-Software-Testing/artifacts/sample_runs/deepseek-v4-pro/cand356_9384d0fb583c,9384d0fb583c7a26f5eed8b6f586dc8e24f0dc49,Add org.apache.commons.lang3.SystemProperties.getLineSeparator(Supplier<String>),src/test/java/org/apache/commons/lang3/SystemPropertiesTest.java,46,46,46,1.0000,0,0,0,1.0000,0,0,0,1.0000,1,1,1,1.0000,68,68,1.0000,"{""assertDoesNotThrow"": 5, ""assertEquals"": 10, ""assertFalse"": 2, ""assertNotNull"": 42, ""assertNull"": 9}","{""assertDoesNotThrow"": 5, ""assertEquals"": 10, ""assertFalse"": 2, ""assertNotNull"": 42, ""assertNull"": 9}",1.0000,0,0,[],[],[],[],"[""testGetLineSeparator""]","[""testGetLineSeparator""]",
deepseek-v4-pro,357,ok,/home/lpy/workspace/misc/course/Introduction-to-Software-Testing/artifacts/sample_runs/deepseek-v4-pro/cand357_9397608dd35a,9397608dd35a335d5e14813c0923f9419782980a,LANG-971 NumberUtils#isNumber(String) fails to reject invalid Octal numbers,src/test/java/org/apache/commons/lang3/math/NumberUtilsTest.java,84,84,84,1.0000,1,1,1,1.0000,0,0,0,1.0000,0,0,0,1.0000,479,479,1.0000,"{""assertEquals"": 197, ""assertFalse"": 7, ""assertNotNull"": 2, ""assertTrue"": 264, ""fail"": 9}","{""assertEquals"": 197, ""assertFalse"": 7, ""assertNotNull"": 2, ""assertTrue"": 264, ""fail"": 9}",1.0000,28,28,"[""testLANG971""]","[""testLANG971""]",[],[],[],[],
deepseek-v4-pro,358,ok,/home/lpy/workspace/misc/course/Introduction-to-Software-Testing/artifacts/sample_runs/deepseek-v4-pro/cand358_944d6e10a47d,944d6e10a47d1f662b7bda5fd712dfb5440a36cf,Refactor and add RegExUtils.dotAll() and dotAllMatcher(),src/test/java/org/apache/commons/lang3/RegExUtilsTest.java,12,12,12,1.0000,2,2,2,1.0000,0,0,0,1.0000,0,0,0,1.0000,126,126,1.0000,"{""assertEquals"": 110, ""assertNull"": 10, ""assertThrows"": 4, ""assertTrue"": 2}","{""assertEquals"": 110, ""assertNull"": 10, ""assertThrows"": 4, ""assertTrue"": 2}",1.0000,4,4,"[""testDotAll"", ""testDotAllMatcher""]","[""testDotAll"", ""testDotAllMatcher""]",[],[],[],[],
deepseek-v4-pro,359,ok,/home/lpy/workspace/misc/course/Introduction-to-Software-Testing/artifacts/sample_runs/deepseek-v4-pro/cand359_94f612b31fd9,94f612b31fd934c17850b9a1c8f1eded2cbdc842,[LANG-1764] Several hash collisions in Fraction class,src/test/java/org/apache/commons/lang3/math/FractionTest.java,26,26,26,1.0000,1,1,1,1.0000,0,0,0,1.0000,1,1,1,1.0000,405,405,1.0000,"{""assertEquals"": 310, ""assertNotEquals"": 8, ""assertSame"": 12, ""assertThrows"": 70, ""assertTrue"": 5}","{""assertEquals"": 310, ""assertNotEquals"": 8, ""assertSame"": 12, ""assertThrows"": 70, ""assertTrue"": 5}",1.0000,70,70,"[""testHashCodeNotEquals""]","[""testHashCodeNotEquals""]",[],[],"[""testHashCode""]","[""testHashCode""]",
deepseek-v4-pro,360,ok,/home/lpy/workspace/misc/course/Introduction-to-Software-Testing/artifacts/sample_runs/deepseek-v4-pro/cand360_97e572cb7e10,97e572cb7e104b09573bba1881a764d9bac81bc8,[LANG-1802] Fix collision in CharRange.hashCode(),src/test/java/org/apache/commons/lang3/CharRangeTest.java,18,18,18,1.0000,1,1,1,1.0000,0,0,0,1.0000,0,0,0,1.0000,181,181,1.0000,"{""assertEquals"": 47, ""assertFalse"": 60, ""assertNotEquals"": 16, ""assertNotNull"": 6, ""assertNullPointerException"": 1, ""assertThrows"": 4, ""assertTrue"": 47}","{""assertEquals"": 47, ""assertFalse"": 60, ""assertNotEquals"": 16, ""assertNotNull"": 6, ""assertNullPointerException"": 1, ""assertThrows"": 4, ""assertTrue"": 47}",1.0000,4,4,"[""testHashCodeLang1802""]","[""testHashCodeLang1802""]",[],[],[],[],
deepseek-v4-pro,361,ok,/home/lpy/workspace/misc/course/Introduction-to-Software-Testing/artifacts/sample_runs/deepseek-v4-pro/cand361_97fb6a23e02d,97fb6a23e02d67cc52506e819363d3781f33c1b3,Add SystemUtils.getJavaIoTmpDirPath(),src/test/java/org/apache/commons/lang3/SystemUtilsTest.java,21,21,21,1.0000,1,1,1,1.0000,0,0,0,1.0000,0,0,0,1.0000,1119,1119,1.0000,"{""assertEquals"": 12, ""assertFalse"": 844, ""assertNotNull"": 7, ""assertNull"": 1, ""assertTrue"": 255}","{""assertEquals"": 12, ""assertFalse"": 844, ""assertNotNull"": 7, ""assertNull"": 1, ""assertTrue"": 255}",1.0000,0,0,"[""testGetJavaIoTmpDirPath""]","[""testGetJavaIoTmpDirPath""]",[],[],[],[],
deepseek-v4-pro,362,ok,/home/lpy/workspace/misc/course/Introduction-to-Software-Testing/artifacts/sample_runs/deepseek-v4-pro/cand362_9a313ed46073,9a313ed4607336e025ce34575fdb2006c709524f,Add SystemProperties constants for system properties as of Java 22.,src/test/java/org/apache/commons/lang3/SystemPropertiesTest.java,48,48,48,1.0000,1,1,1,1.0000,0,0,0,1.0000,0,0,0,1.0000,259,259,1.0000,"{""assertDoesNotThrow"": 5, ""assertEquals"": 10, ""assertFalse"": 2, ""assertNotNull"": 233, ""assertNull"": 9}","{""assertDoesNotThrow"": 5, ""assertEquals"": 10, ""assertFalse"": 2, ""assertNotNull"": 233, ""assertNull"": 9}",1.0000,0,0,"[""testActualKeys""]","[""testActualKeys""]",[],[],[],[],
deepseek-v4-pro,363,ok,/home/lpy/workspace/misc/course/Introduction-to-Software-Testing/artifacts/sample_runs/deepseek-v4-pro/cand363_9bc57f7fed72,9bc57f7fed72c09468588f2f5ac5d5d503bc845c,"Add RegExUtils.dotAllMatcher(String, CharSequence) and deprecate RegExUtils.dotAllMatcher(String, String)",src/test/java/org/apache/commons/lang3/RegExUtilsTest.java,13,13,13,1.0000,1,1,1,1.0000,0,0,0,1.0000,1,1,1,1.0000,127,127,1.0000,"{""assertEquals"": 110, ""assertNull"": 10, ""assertThrows"": 4, ""assertTrue"": 3}","{""assertEquals"": 110, ""assertNull"": 10, ""assertThrows"": 4, ""assertTrue"": 3}",1.0000,4,4,"[""testDotAllMatcherDeprecated""]","[""testDotAllMatcherDeprecated""]",[],[],"[""testDotAllMatcher""]","[""testDotAllMatcher""]",
deepseek-v4-pro,364,ok,/home/lpy/workspace/misc/course/Introduction-to-Software-Testing/artifacts/sample_runs/deepseek-v4-pro/cand364_9bd439b4e0aa,9bd439b4e0aa69050ef1baa537e552fa4620e5d4,LANG-1229: Performance regression due to cyclic hashCode guard,src/test/java/org/apache/commons/lang3/builder/HashCodeBuilderTest.java,45,45,45,1.0000,0,0,0,1.0000,1,1,1,1.0000,0,0,0,1.0000,110,110,1.0000,"{""assertEquals"": 108, ""assertNull"": 2}","{""assertEquals"": 108, ""assertNull"": 2}",1.0000,9,9,[],[],"[""testNonreflectionObjectCycle""]","[""testNonreflectionObjectCycle""]",[],[],
deepseek-v4-pro,365,ok,/home/lpy/workspace/misc/course/Introduction-to-Software-Testing/artifacts/sample_runs/deepseek-v4-pro/cand365_9be39c4a7aa7,9be39c4a7aa7a9a0e3e9cbf29c85884623a9fa4f,Add Streams.of(Iterable<E>),src/test/java/org/apache/commons/lang3/stream/StreamsTest.java,18,18,18,1.0000,2,2,2,1.0000,0,0,0,1.0000,0,0,0,1.0000,55,55,1.0000,"{""assertAll"": 2, ""assertEquals"": 32, ""assertEvenNumbers"": 3, ""assertNotNull"": 1, ""assertThat"": 8, ""assertThrows"": 7, ""assertTrue"": 2}","{""assertAll"": 2, ""assertEquals"": 32, ""assertEvenNumbers"": 3, ""assertNotNull"": 1, ""assertThat"": 8, ""assertThrows"": 7, ""assertTrue"": 2}",1.0000,7,7,"[""testOfIterableNotNull"", ""testOfIterableNull""]","[""testOfIterableNotNull"", ""testOfIterableNull""]",[],[],[],[],
deepseek-v4-pro,366,ok,/home/lpy/workspace/misc/course/Introduction-to-Software-Testing/artifacts/sample_runs/deepseek-v4-pro/cand366_9bf6b2fb4170,9bf6b2fb41704f3a3eadd4816bdff3c4ec24604e,Make Validate.isAssignableFrom() check null inputs.,src/test/java/org/apache/commons/lang3/ValidateTest.java,90,90,90,1.0000,3,3,3,1.0000,0,0,0,1.0000,0,0,0,1.0000,254,248,1.0242,"{""assertEquals"": 115, ""assertFalse"": 1, ""assertNotNull"": 1, ""assertSame"": 22, ""assertThrows"": 114, ""assertTrue"": 1}","{""assertEquals"": 112, ""assertFalse"": 1, ""assertNotNull"": 1, ""assertSame"": 22, ""assertThrows"": 111, ""assertTrue"": 1}",1.0000,114,111,"[""shouldThrowIllegalArgumentExceptionWithNullSuperType"", ""shouldThrowIllegalArgumentExceptionWithNullType"", ""shouldThrowIllegalArgumentExceptionWithNullTypes""]","[""shouldThrowIllegalArgumentExceptionWithNullSuperType"", ""shouldThrowIllegalArgumentExceptionWithNullType"", ""shouldThrowIllegalArgumentExceptionWithNullTypes""]",[],[],[],[],
deepseek-v4-pro,367,ok,/home/lpy/workspace/misc/course/Introduction-to-Software-Testing/artifacts/sample_runs/deepseek-v4-pro/cand367_9d6a4be2f1ff,9d6a4be2f1ff331e51daa807fb5b81473d645f73,LocaleUtils.availableLocaleSet() uses predictable iteration order,src/test/java/org/apache/commons/lang3/LocaleUtilsTest.java,19,19,19,1.0000,0,0,0,1.0000,0,0,0,1.0000,1,1,1,1.0000,143,143,1.0000,"{""assertCountriesByLanguage"": 5, ""assertEquals"": 30, ""assertFalse"": 1, ""assertLanguageByCountry"": 5, ""assertLocaleLookupList"": 17, ""assertNotEquals"": 4, ""assertNotNull"": 9, ""assertNull"": 2, ""assertSame"": 4, ""assertThrows"": 21, ""assertTrue"": 11, ""assertUnmodifiableCollection"": 6, ""assertValidToLocale"": 28}","{""assertCountriesByLanguage"": 5, ""assertEquals"": 30, ""assertFalse"": 1, ""assertLanguageByCountry"": 5, ""assertLocaleLookupList"": 17, ""assertNotEquals"": 4, ""assertNotNull"": 9, ""assertNull"": 2, ""assertSame"": 4, ""assertThrows"": 21, ""assertTrue"": 11, ""assertUnmodifiableCollection"": 6, ""assertValidToLocale"": 28}",1.0000,21,21,[],[],[],[],"[""testAvailableLocaleList""]","[""testAvailableLocaleList""]",
deepseek-v4-pro,368,ok,/home/lpy/workspace/misc/course/Introduction-to-Software-Testing/artifacts/sample_runs/deepseek-v4-pro/cand368_9e6383cb217b,9e6383cb217bb0d8e615eaea4b3d46446e8cc536,Add SystemUtils.IS_JAVA_16.,src/test/java/org/apache/commons/lang3/SystemUtilsTest.java,20,20,20,1.0000,0,0,0,1.0000,0,0,0,1.0000,1,1,1,1.0000,562,562,1.0000,"{""assertEquals"": 10, ""assertFalse"": 403, ""assertNotNull"": 6, ""assertNull"": 1, ""assertTrue"": 142}","{""assertEquals"": 10, ""assertFalse"": 403, ""assertNotNull"": 6, ""assertNull"": 1, ""assertTrue"": 142}",1.0000,0,0,[],[],[],[],"[""test_IS_JAVA""]","[""test_IS_JAVA""]",
deepseek-v4-pro,369,ok,/home/lpy/workspace/misc/course/Introduction-to-Software-Testing/artifacts/sample_runs/deepseek-v4-pro/cand369_9f7d3b5ec3aa,9f7d3b5ec3aab40ee404a652495848213a608f01,Fix `WordUtils.wrap` for `wrapOn` matches different from one character (#1655),src/test/java/org/apache/commons/lang3/text/WordUtilsTest.java,16,16,16,1.0000,1,1,1,1.0000,2,2,2,1.0000,0,0,0,1.0000,209,209,1.0000,"{""assertEquals"": 169, ""assertFalse"": 14, ""assertNotNull"": 1, ""assertNull"": 22, ""assertTrue"": 3}","{""assertEquals"": 169, ""assertFalse"": 14, ""assertNotNull"": 1, ""assertNull"": 22, ""assertTrue"": 3}",1.0000,0,0,"[""testWrapStringIntStringBooleanString""]","[""testWrapStringIntStringBooleanString""]","[""testWrap_StringIntStringBooleanString"", ""testZeroWidthWrapOnRegex""]","[""testWrap_StringIntStringBooleanString"", ""testZeroWidthWrapOnRegex""]",[],[],
deepseek-v4-pro,370,ok,/home/lpy/workspace/misc/course/Introduction-to-Software-Testing/artifacts/sample_runs/deepseek-v4-pro/cand370_a01471c196db,a01471c196dba90dc1c4cb83ad3aab9f5cf07698,[LANG-1759] SerializationUtils.clone(Object) throws ClassCastException when called with a Serializable lambda,src/test/java/org/apache/commons/lang3/SerializationUtilsTest.java,28,28,28,1.0000,1,1,1,1.0000,0,0,0,1.0000,0,0,0,1.0000,68,68,1.0000,"{""assertArrayEquals"": 4, ""assertEquals"": 22, ""assertFalse"": 1, ""assertInstanceOf"": 3, ""assertNotNull"": 4, ""assertNotSame"": 9, ""assertNull"": 3, ""assertSame"": 7, ""assertThrows"": 13, ""assertTrue"": 2}","{""assertArrayEquals"": 4, ""assertEquals"": 22, ""assertFalse"": 1, ""assertInstanceOf"": 3, ""assertNotNull"": 4, ""assertNotSame"": 9, ""assertNull"": 3, ""assertSame"": 7, ""assertThrows"": 13, ""assertTrue"": 2}",1.0000,13,13,"[""testCloneSerializableSupplier""]","[""testCloneSerializableSupplier""]",[],[],[],[],
deepseek-v4-pro,371,ok,/home/lpy/workspace/misc/course/Introduction-to-Software-Testing/artifacts/sample_runs/deepseek-v4-pro/cand371_a08ec31dbf21,a08ec31dbf212a033953dc6916a743dccbb93e37,Fixes LANG-1292: WordUtils.wrap throws StringIndexOutOfBoundsException,src/test/java/org/apache/commons/lang3/text/WordUtilsTest.java,15,15,15,1.0000,1,1,1,1.0000,0,0,0,1.0000,0,0,0,1.0000,212,212,1.0000,"{""assertEquals"": 194, ""assertFalse"": 14, ""assertNotNull"": 1, ""assertTrue"": 3}","{""assertEquals"": 194, ""assertFalse"": 14, ""assertNotNull"": 1, ""assertTrue"": 3}",1.0000,0,0,"[""testLANG1292""]","[""testLANG1292""]",[],[],[],[],
deepseek-v4-pro,372,ok,/home/lpy/workspace/misc/course/Introduction-to-Software-Testing/artifacts/sample_runs/deepseek-v4-pro/cand372_a11351107ed7,a11351107ed7ce1b3a903e52c422156b25fa2061,"[LANG-1044] Add method org.apache.commons.lang3.reflect.MethodUtils.invokeExactMethod(Object, String)</action> [LANG-1045] Add method org.apache.commons.lang3.reflect.MethodUtils.invokeMethod(Object, String)</action>",src/test/java/org/apache/commons/lang3/reflect/MethodUtilsTest.java,23,23,23,1.0000,0,0,0,1.0000,0,0,0,1.0000,2,2,2,1.0000,72,72,1.0000,"{""assertArrayEquals"": 1, ""assertEquals"": 45, ""assertFalse"": 2, ""assertNotNull"": 2, ""assertNotSame"": 1, ""assertNull"": 2, ""assertSame"": 4, ""assertThat"": 3, ""assertTrue"": 5, ""fail"": 7}","{""assertArrayEquals"": 1, ""assertEquals"": 45, ""assertFalse"": 2, ""assertNotNull"": 2, ""assertNotSame"": 1, ""assertNull"": 2, ""assertSame"": 4, ""assertThat"": 3, ""assertTrue"": 5, ""fail"": 7}",1.0000,6,6,[],[],[],[],"[""testInvokeExactMethod"", ""testInvokeMethod""]","[""testInvokeExactMethod"", ""testInvokeMethod""]",
deepseek-v4-pro,373,ok,/home/lpy/workspace/misc/course/Introduction-to-Software-Testing/artifacts/sample_runs/deepseek-v4-pro/cand373_a2b2b35ac3b9,a2b2b35ac3b969686c647e57f5ca3bacc63f2c56,[LANG-1646] NumberUtils to return requested floating point type for zero,src/test/java/org/apache/commons/lang3/math/NumberUtilsTest.java,113,113,113,1.0000,1,1,1,1.0000,0,0,0,1.0000,3,3,3,1.0000,676,676,1.0000,"{""assertCreateNumberZero"": 7, ""assertEquals"": 530, ""assertFalse"": 18, ""assertNotNull"": 2, ""assertNull"": 7, ""assertThrows"": 40, ""assertTrue"": 72}","{""assertCreateNumberZero"": 7, ""assertEquals"": 530, ""assertFalse"": 18, ""assertNotNull"": 2, ""assertNull"": 7, ""assertThrows"": 40, ""assertTrue"": 72}",1.0000,40,40,"[""testCreateNumberZero""]","[""testCreateNumberZero""]",[],[],"[""testCreateNumberMagnitude"", ""testIsCreatable"", ""testIsNumber""]","[""testCreateNumberMagnitude"", ""testIsCreatable"", ""testIsNumber""]",
deepseek-v4-pro,374,ok,/home/lpy/workspace/misc/course/Introduction-to-Software-Testing/artifacts/sample_runs/deepseek-v4-pro/cand374_a3de60835eb2,a3de60835eb20ddc38f7635f1c0bd94b21801457,"<action issue=""LANG-962"" type=""add"" dev=""ggregory"">Add SerializationUtils.roundtrip(T extends Serializable) to serialize then deserialize</action>",src/test/java/org/apache/commons/lang3/SerializationUtilsTest.java,25,26,25,0.9615,0,1,0,0.0000,0,0,0,1.0000,0,0,0,1.0000,61,62,0.9839,"{""assertEquals"": 23, ""assertFalse"": 1, ""assertNotNull"": 4, ""assertNull"": 3, ""assertSame"": 7, ""assertTrue"": 14, ""fail"": 9}","{""assertEquals"": 24, ""assertFalse"": 1, ""assertNotNull"": 4, ""assertNull"": 3, ""assertSame"": 7, ""assertTrue"": 14, ""fail"": 9}",1.0000,1,1,[],"[""testRoundtrip""]",[],[],[],[],
deepseek-v4-pro,375,ok,/home/lpy/workspace/misc/course/Introduction-to-Software-Testing/artifacts/sample_runs/deepseek-v4-pro/cand375_a40b2a907a69,a40b2a907a69e51675d7d0502b2608833c4da343,LANG-1269: Wrong name or result of StringUtils#getJaroWinklerDistance (closes #198),src/test/java/org/apache/commons/lang3/StringUtilsTest.java,140,140,140,1.0000,4,4,4,1.0000,0,0,0,1.0000,0,0,0,1.0000,1419,1419,1.0000,"{""assertAbbreviateWithOffset"": 21, ""assertArrayEquals"": 5, ""assertEquals"": 1153, ""assertFalse"": 20, ""assertNotNull"": 2, ""assertNull"": 137, ""assertSame"": 3, ""assertTrue"": 45, ""fail"": 33}","{""assertAbbreviateWithOffset"": 21, ""assertArrayEquals"": 5, ""assertEquals"": 1153, ""assertFalse"": 20, ""assertNotNull"": 2, ""assertNull"": 137, ""assertSame"": 3, ""assertTrue"": 45, ""fail"": 33}",1.0000,16,16,"[""testGetJaroWinklerSimilarity_NullNull"", ""testGetJaroWinklerSimilarity_NullString"", ""testGetJaroWinklerSimilarity_StringNull"", ""testGetJaroWinklerSimilarity_StringString""]","[""testGetJaroWinklerSimilarity_NullNull"", ""testGetJaroWinklerSimilarity_NullString"", ""testGetJaroWinklerSimilarity_StringNull"", ""testGetJaroWinklerSimilarity_StringString""]",[],[],[],[],
deepseek-v4-pro,376,ok,/home/lpy/workspace/misc/course/Introduction-to-Software-Testing/artifacts/sample_runs/deepseek-v4-pro/cand376_a4ba12e80c1b,a4ba12e80c1b82b814b0165704934ef182ad069f,"org.apache.commons.lang3.EnumUtils.getFirstEnumIgnoreCase(Class<E>, String, Function<E, String>, E) now returns the given default enum on null enumClass input",src/test/java/org/apache/commons/lang3/EnumUtilsTest.java,48,48,48,1.0000,0,0,0,1.0000,0,0,0,1.0000,5,5,5,1.0000,271,271,1.0000,"{""assertArrayEquals"": 32, ""assertEquals"": 174, ""assertFalse"": 9, ""assertNull"": 14, ""assertNullPointerException"": 9, ""assertThrows"": 12, ""assertTrue"": 21}","{""assertArrayEquals"": 32, ""assertEquals"": 174, ""assertFalse"": 9, ""assertNull"": 14, ""assertNullPointerException"": 9, ""assertThrows"": 12, ""assertTrue"": 21}",1.0000,12,12,[],[],[],[],"[""testGetEnumIgnoreCase_defaultEnum"", ""testGetEnumIgnoreCase_nullClass"", ""testGetFirstEnumIgnoreCase_defaultEnum"", ""testIsValidEnumIgnoreCase_nullClass"", ""testStream""]","[""testGetEnumIgnoreCase_defaultEnum"", ""testGetEnumIgnoreCase_nullClass"", ""testGetFirstEnumIgnoreCase_defaultEnum"", ""testIsValidEnumIgnoreCase_nullClass"", ""testStream""]",
deepseek-v4-pro,377,ok,/home/lpy/workspace/misc/course/Introduction-to-Software-Testing/artifacts/sample_runs/deepseek-v4-pro/cand377_a5f9a0cc22e4,a5f9a0cc22e4626234a4d7b53bf357d61eb2478b,org.apache.commons.lang3.ClassUtils.getCanonicalName(String) now throws an IllegalArgumentException for array dimensions greater than 255,src/test/java/org/apache/commons/lang3/ClassUtilsTest.java,66,66,66,1.0000,0,0,0,1.0000,0,0,0,1.0000,1,1,1,1.0000,804,804,1.0000,"{""assertArrayEquals"": 10, ""assertEquals"": 379, ""assertFalse"": 171, ""assertGetClassReturnsClass"": 19, ""assertGetClassThrowsClassNotFound"": 10, ""assertGetClassThrowsException"": 3, ""assertGetClassThrowsNullPointerException"": 2, ""assertNotNull"": 1, ""assertNotSame"": 1, ""assertNull"": 18, ""assertSame"": 3, ""assertThrows"": 7, ""assertTrue"": 180}","{""assertArrayEquals"": 10, ""assertEquals"": 379, ""assertFalse"": 171, ""assertGetClassReturnsClass"": 19, ""assertGetClassThrowsClassNotFound"": 10, ""assertGetClassThrowsException"": 3, ""assertGetClassThrowsNullPointerException"": 2, ""assertNotNull"": 1, ""assertNotSame"": 1, ""assertNull"": 18, ""assertSame"": 3, ""assertThrows"": 7, ""assertTrue"": 180}",1.0000,7,7,[],[],[],[],"[""test_getShortCanonicalName_String""]","[""test_getShortCanonicalName_String""]",
deepseek-v4-pro,378,ok,/home/lpy/workspace/misc/course/Introduction-to-Software-Testing/artifacts/sample_runs/deepseek-v4-pro/cand378_a606a0328ba4,a606a0328ba4b3061c5bc810a31418fa4251ea16,[LANG-1513] ObjectUtils: Get first non-null supplier value.,src/test/java/org/apache/commons/lang3/ObjectUtilsTest.java,47,47,47,1.0000,1,1,1,1.0000,0,0,0,1.0000,0,0,0,1.0000,204,204,1.0000,"{""assertArrayEquals"": 1, ""assertEquals"": 72, ""assertFalse"": 25, ""assertNotNull"": 2, ""assertNotSame"": 2, ""assertNull"": 20, ""assertSame"": 30, ""assertThrows"": 19, ""assertTrue"": 32, ""fail"": 1}","{""assertArrayEquals"": 1, ""assertEquals"": 72, ""assertFalse"": 25, ""assertNotNull"": 2, ""assertNotSame"": 2, ""assertNull"": 20, ""assertSame"": 30, ""assertThrows"": 19, ""assertTrue"": 32, ""fail"": 1}",1.0000,19,19,"[""testGetFirstNonNull""]","[""testGetFirstNonNull""]",[],[],[],[],
deepseek-v4-pro,379,ok,/home/lpy/workspace/misc/course/Introduction-to-Software-Testing/artifacts/sample_runs/deepseek-v4-pro/cand379_a914a268ba9c,a914a268ba9c3ddc852bcfb0da680ae1103072dd,[LANG-1505] Add StopWatch convenience APIs to format times and create a simple instance.,src/test/java/org/apache/commons/lang3/time/StopWatchTest.java,13,13,13,1.0000,2,2,2,1.0000,0,0,0,1.0000,0,0,0,1.0000,50,50,1.0000,"{""assertEquals"": 12, ""assertFalse"": 7, ""assertNotEquals"": 1, ""assertThrows"": 12, ""assertTrue"": 18}","{""assertEquals"": 12, ""assertFalse"": 7, ""assertNotEquals"": 1, ""assertThrows"": 12, ""assertTrue"": 18}",1.0000,12,12,"[""testFormatSplitTime"", ""testFormatTime""]","[""testFormatSplitTime"", ""testFormatTime""]",[],[],[],[],
deepseek-v4-pro,380,ok,/home/lpy/workspace/misc/course/Introduction-to-Software-Testing/artifacts/sample_runs/deepseek-v4-pro/cand380_aadbea734d78,aadbea734d78e8d535d3a5837643336ca1384bd2,LANG-921 - BooleanUtils.xor(boolean...) produces wrong results,src/test/java/org/apache/commons/lang3/BooleanUtilsTest.java,71,71,71,1.0000,0,0,0,1.0000,0,0,0,1.0000,4,4,4,1.0000,249,249,1.0000,"{""assertEquals"": 107, ""assertFalse"": 32, ""assertNotNull"": 1, ""assertSame"": 9, ""assertTrue"": 100}","{""assertEquals"": 107, ""assertFalse"": 32, ""assertNotNull"": 1, ""assertSame"": 9, ""assertTrue"": 100}",1.0000,25,25,[],[],[],[],"[""testXor_object_validInput_2items"", ""testXor_object_validInput_3items"", ""testXor_primitive_validInput_2items"", ""testXor_primitive_validInput_3items""]","[""testXor_object_validInput_2items"", ""testXor_object_validInput_3items"", ""testXor_primitive_validInput_2items"", ""testXor_primitive_validInput_3items""]",
deepseek-v4-pro,381,ok,/home/lpy/workspace/misc/course/Introduction-to-Software-Testing/artifacts/sample_runs/deepseek-v4-pro/cand381_aadd8e172eb2,aadd8e172eb22fb593fbaa454075677656fad111,LANG-981 DurationFormatUtils#lexx does not detect unmatched quote char,src/test/java/org/apache/commons/lang3/time/DurationFormatUtilsTest.java,18,18,18,1.0000,1,1,1,1.0000,0,0,0,1.0000,0,0,0,1.0000,178,178,1.0000,"{""assertArrayEquals"": 4, ""assertEqualDuration"": 38, ""assertEquals"": 127, ""assertFalse"": 4, ""assertNotNull"": 1, ""assertTrue"": 4}","{""assertArrayEquals"": 4, ""assertEqualDuration"": 38, ""assertEquals"": 127, ""assertFalse"": 4, ""assertNotNull"": 1, ""assertTrue"": 4}",1.0000,1,1,"[""testLANG981""]","[""testLANG981""]",[],[],[],[],
deepseek-v4-pro,382,ok,/home/lpy/workspace/misc/course/Introduction-to-Software-Testing/artifacts/sample_runs/deepseek-v4-pro/cand382_ab8caff3a352,ab8caff3a352fcf10563db44b85f7e8fb154e3a1,"Add ArrayUtils.nullTo(T[], T[])",src/test/java/org/apache/commons/lang3/ArrayUtilsTest.java,339,339,339,1.0000,1,1,1,1.0000,0,0,0,1.0000,0,0,0,1.0000,3302,3302,1.0000,"{""assertArrayEquals"": 113, ""assertEquals"": 1199, ""assertFalse"": 1013, ""assertIsEquals"": 9, ""assertNotEquals"": 1, ""assertNotNull"": 2, ""assertNotSame"": 30, ""assertNull"": 98, ""assertSame"": 71, ""assertThrows"": 18, ""assertTrue"": 748}","{""assertArrayEquals"": 113, ""assertEquals"": 1199, ""assertFalse"": 1013, ""assertIsEquals"": 9, ""assertNotEquals"": 1, ""assertNotNull"": 2, ""assertNotSame"": 30, ""assertNull"": 98, ""assertSame"": 71, ""assertThrows"": 18, ""assertTrue"": 748}",1.0000,18,18,"[""testNullToShortObject""]","[""testNullToShortObject""]",[],[],[],[],
deepseek-v4-pro,383,ok,/home/lpy/workspace/misc/course/Introduction-to-Software-Testing/artifacts/sample_runs/deepseek-v4-pro/cand383_ae28edfbddde,ae28edfbddde9ed45fb0501ec6765a2af5c451f0,Add org.apache.commons.lang3.concurrent.locks.LockingVisitors.reentrantLockVisitor(Object),src/test/java/org/apache/commons/lang3/concurrent/locks/LockingVisitorsTest.java,9,9,9,1.0000,2,2,2,1.0000,0,0,0,1.0000,0,0,0,1.0000,16,16,1.0000,"{""assertEquals"": 2, ""assertNotNull"": 5, ""assertNotSame"": 2, ""assertTrue"": 7}","{""assertEquals"": 2, ""assertNotNull"": 5, ""assertNotSame"": 2, ""assertTrue"": 7}",1.0000,0,0,"[""testReentrantLock"", ""testReentrantLockFairness""]","[""testReentrantLock"", ""testReentrantLockFairness""]",[],[],[],[],
deepseek-v4-pro,384,ok,/home/lpy/workspace/misc/course/Introduction-to-Software-Testing/artifacts/sample_runs/deepseek-v4-pro/cand384_af1598229fca,af1598229fca5808042ed20f50c36a4fe923c915,"[LANG-1757] NullPointerException in MethodUtils.getMatchingAccessibleMethod(Class<?>, String, Class<?>...)",src/test/java/org/apache/commons/lang3/reflect/MethodUtilsTest.java,44,44,44,1.0000,0,0,0,1.0000,0,0,0,1.0000,1,1,1,1.0000,217,217,1.0000,"{""assertArrayEquals"": 8, ""assertEquals"": 129, ""assertFalse"": 2, ""assertNotNull"": 15, ""assertNotSame"": 1, ""assertNull"": 19, ""assertSame"": 4, ""assertThat"": 3, ""assertThrows"": 28, ""assertTrue"": 8}","{""assertArrayEquals"": 8, ""assertEquals"": 129, ""assertFalse"": 2, ""assertNotNull"": 15, ""assertNotSame"": 1, ""assertNull"": 19, ""assertSame"": 4, ""assertThat"": 3, ""assertThrows"": 28, ""assertTrue"": 8}",1.0000,28,28,[],[],[],[],"[""testGetMatchingAccessibleMethod""]","[""testGetMatchingAccessibleMethod""]",
deepseek-v4-pro,385,ok,/home/lpy/workspace/misc/course/Introduction-to-Software-Testing/artifacts/sample_runs/deepseek-v4-pro/cand385_b1d01fecee3b,b1d01fecee3b347b2488eb34bd33c90db0847399,[LANG-1479] Add Range.fit(T) to fit a value into a range.,src/test/java/org/apache/commons/lang3/RangeTest.java,26,26,26,1.0000,2,2,2,1.0000,0,0,0,1.0000,0,0,0,1.0000,145,145,1.0000,"{""assertEquals"": 30, ""assertFalse"": 63, ""assertNotEquals"": 4, ""assertNotNull"": 1, ""assertSame"": 5, ""assertThrows"": 4, ""assertTrue"": 38}","{""assertEquals"": 30, ""assertFalse"": 63, ""assertNotEquals"": 4, ""assertNotNull"": 1, ""assertSame"": 5, ""assertThrows"": 4, ""assertTrue"": 38}",1.0000,4,4,"[""testFit"", ""testFitNull""]","[""testFit"", ""testFitNull""]",[],[],[],[],
deepseek-v4-pro,386,ok,/home/lpy/workspace/misc/course/Introduction-to-Software-Testing/artifacts/sample_runs/deepseek-v4-pro/cand386_b2e66fe50ba8,b2e66fe50ba8af3986edc3d06a9dd3c8489cfd36,"Add EnumUtils.getFirstEnum(Class<E>, int, ToIntFunction<E>, E)",src/test/java/org/apache/commons/lang3/EnumUtilsTest.java,46,47,46,0.9787,0,1,0,0.0000,0,0,0,1.0000,0,0,0,1.0000,254,264,0.9621,"{""assertArrayEquals"": 31, ""assertEquals"": 161, ""assertFalse"": 7, ""assertNull"": 9, ""assertThrows"": 25, ""assertTrue"": 21}","{""assertArrayEquals"": 31, ""assertEquals"": 170, ""assertFalse"": 7, ""assertNull"": 10, ""assertThrows"": 25, ""assertTrue"": 21}",1.0000,25,25,[],"[""testGetFirstEnumToIntFunction""]",[],[],[],[],
deepseek-v4-pro,387,ok,/home/lpy/workspace/misc/course/Introduction-to-Software-Testing/artifacts/sample_runs/deepseek-v4-pro/cand387_b31877a46009,b31877a46009d5ee52af9b5f737dabe241689931,LANG-1408: Rounding utilities for converting to BigDecimal,src/test/java/org/apache/commons/lang3/math/NumberUtilsTest.java,112,112,112,1.0000,8,8,8,1.0000,0,0,0,1.0000,0,0,0,1.0000,603,603,1.0000,"{""assertEquals"": 221, ""assertFalse"": 18, ""assertNotNull"": 2, ""assertTrue"": 352, ""fail"": 10}","{""assertEquals"": 221, ""assertFalse"": 18, ""assertNotNull"": 2, ""assertTrue"": 352, ""fail"": 10}",1.0000,32,32,"[""testToScaledBigDecimalBigDecimal"", ""testToScaledBigDecimalBigDecimalIRM"", ""testToScaledBigDecimalDouble"", ""testToScaledBigDecimalDoubleIRM"", ""testToScaledBigDecimalFloat"", ""testToScaledBigDecimalFloatIRM"", ""testToScaledBigDecimalString"", ""testToScaledBigDecimalStringIRM""]","[""testToScaledBigDecimalBigDecimal"", ""testToScaledBigDecimalBigDecimalIRM"", ""testToScaledBigDecimalDouble"", ""testToScaledBigDecimalDoubleIRM"", ""testToScaledBigDecimalFloat"", ""testToScaledBigDecimalFloatIRM"", ""testToScaledBigDecimalString"", ""testToScaledBigDecimalStringIRM""]",[],[],[],[],
deepseek-v4-pro,388,ok,/home/lpy/workspace/misc/course/Introduction-to-Software-Testing/artifacts/sample_runs/deepseek-v4-pro/cand388_b46d417ef61b,b46d417ef61b69f2e4562e596d55466907d6933d,[LANG-1508] Add org.apache.commons.lang3.SystemUtils.getUserName().,src/test/java/org/apache/commons/lang3/SystemUtilsTest.java,19,19,19,1.0000,1,1,1,1.0000,0,0,0,1.0000,0,0,0,1.0000,489,489,1.0000,"{""assertEquals"": 9, ""assertFalse"": 334, ""assertNotNull"": 6, ""assertNull"": 1, ""assertTrue"": 139}","{""assertEquals"": 9, ""assertFalse"": 334, ""assertNotNull"": 6, ""assertNull"": 1, ""assertTrue"": 139}",1.0000,0,0,"[""testGetUserName""]","[""testGetUserName""]",[],[],[],[],
deepseek-v4-pro,389,ok,/home/lpy/workspace/misc/course/Introduction-to-Software-Testing/artifacts/sample_runs/deepseek-v4-pro/cand389_b5749b4f54b3,b5749b4f54b30c0c2050e456c12cfcf516434f13,LANG-456: HashCodeBuilder throws StackOverflowError in bidirectional navigable association. Thanks to Bob Fields who provides the inital patch. Thanks to Woosan Ko who wrote the final patch. Thanks to Bruno P. Kinoshita who updated the final patch so that it was easy to apply.,src/test/java/org/apache/commons/lang3/builder/HashCodeBuilderTest.java,45,45,45,1.0000,1,1,1,1.0000,0,0,0,1.0000,0,0,0,1.0000,110,110,1.0000,"{""assertEquals"": 106, ""assertNull"": 4}","{""assertEquals"": 106, ""assertNull"": 4}",1.0000,9,9,"[""testNonreflectionObjectCycle""]","[""testNonreflectionObjectCycle""]",[],[],[],[],
deepseek-v4-pro,390,ok,/home/lpy/workspace/misc/course/Introduction-to-Software-Testing/artifacts/sample_runs/deepseek-v4-pro/cand390_b6f72e73ee96,b6f72e73ee96feb63e17096933fd5b7f313fb77b,Add builders for LockingVisitors implementations,src/test/java/org/apache/commons/lang3/concurrent/locks/LockingVisitorsTest.java,14,14,14,1.0000,5,5,5,1.0000,0,0,0,1.0000,1,1,1,1.0000,26,26,1.0000,"{""assertEquals"": 12, ""assertNotNull"": 5, ""assertNotSame"": 2, ""assertTrue"": 7}","{""assertEquals"": 12, ""assertNotNull"": 5, ""assertNotSame"": 2, ""assertTrue"": 7}",1.0000,0,0,"[""testBuilderLockVisitor"", ""testBuilderReadWriteLockVisitor"", ""testBuilderReentrantLockVisitor"", ""testBuilderReentrantReadWriteLockVisitor"", ""testBuilderReentrantStampedLockVisitor""]","[""testBuilderLockVisitor"", ""testBuilderReadWriteLockVisitor"", ""testBuilderReentrantLockVisitor"", ""testBuilderReentrantReadWriteLockVisitor"", ""testBuilderReentrantStampedLockVisitor""]",[],[],"[""testCreate""]","[""testCreate""]",
deepseek-v4-pro,391,ok,/home/lpy/workspace/misc/course/Introduction-to-Software-Testing/artifacts/sample_runs/deepseek-v4-pro/cand391_b78295b4faca,b78295b4faca2fd26024a26ef4638b0dce5d40a3,LANG-999: Add fuzzy String matching logic to StringUtils. This also closes #20 from github. Thanks to Ben Ripkens.,src/test/java/org/apache/commons/lang3/StringUtilsTest.java,124,124,124,1.0000,5,5,5,1.0000,0,0,0,1.0000,0,0,0,1.0000,1143,1143,1.0000,"{""assertAbbreviateWithOffset"": 21, ""assertArrayEquals"": 5, ""assertEquals"": 905, ""assertFalse"": 36, ""assertNotNull"": 2, ""assertNull"": 116, ""assertSame"": 2, ""assertTrue"": 50, ""fail"": 6}","{""assertAbbreviateWithOffset"": 21, ""assertArrayEquals"": 5, ""assertEquals"": 905, ""assertFalse"": 36, ""assertNotNull"": 2, ""assertNull"": 116, ""assertSame"": 2, ""assertTrue"": 50, ""fail"": 6}",1.0000,12,12,"[""testGetFuzzyDistance"", ""testGetFuzzyDistance_NullNullNull"", ""testGetFuzzyDistance_NullStringLocale"", ""testGetFuzzyDistance_StringNullLoclae"", ""testGetFuzzyDistance_StringStringNull""]","[""testGetFuzzyDistance"", ""testGetFuzzyDistance_NullNullNull"", ""testGetFuzzyDistance_NullStringLocale"", ""testGetFuzzyDistance_StringNullLoclae"", ""testGetFuzzyDistance_StringStringNull""]",[],[],[],[],
deepseek-v4-pro,392,ok,/home/lpy/workspace/misc/course/Introduction-to-Software-Testing/artifacts/sample_runs/deepseek-v4-pro/cand392_b7b52fc506ca,b7b52fc506ca531ce97c936b4b6d70f72a1125d3,Internal refactoring,src/test/java/org/apache/commons/lang3/ObjectUtilsTest.java,57,57,57,1.0000,0,0,0,1.0000,0,0,0,1.0000,1,1,1,1.0000,284,284,1.0000,"{""assertArrayEquals"": 1, ""assertEquals"": 87, ""assertFalse"": 42, ""assertNotNull"": 2, ""assertNotSame"": 2, ""assertNull"": 27, ""assertSame"": 30, ""assertThrows"": 24, ""assertTrue"": 68, ""fail"": 1}","{""assertArrayEquals"": 1, ""assertEquals"": 87, ""assertFalse"": 42, ""assertNotNull"": 2, ""assertNotSame"": 2, ""assertNull"": 27, ""assertSame"": 30, ""assertThrows"": 24, ""assertTrue"": 68, ""fail"": 1}",1.0000,24,24,[],[],[],[],"[""testGetFirstNonNull""]","[""testGetFirstNonNull""]",
deepseek-v4-pro,393,ok,/home/lpy/workspace/misc/course/Introduction-to-Software-Testing/artifacts/sample_runs/deepseek-v4-pro/cand393_b877fb9abef4,b877fb9abef4a19eec9cc7329acbd433648b8f7b,LANG-1205: NumberUtils.createNumber() behaves inconsistently with NumberUtils.isNumber() This closes github #87 thanks to pbrose,src/test/java/org/apache/commons/lang3/math/NumberUtilsTest.java,95,95,95,1.0000,4,4,4,1.0000,0,0,0,1.0000,0,0,0,1.0000,515,515,1.0000,"{""assertEquals"": 204, ""assertFalse"": 16, ""assertNotNull"": 2, ""assertTrue"": 284, ""fail"": 9}","{""assertEquals"": 204, ""assertFalse"": 16, ""assertNotNull"": 2, ""assertTrue"": 284, ""fail"": 9}",1.0000,32,32,"[""testCreateNumberFailure_5"", ""testCreateNumberFailure_6"", ""testCreateNumberFailure_7"", ""testCreateNumberFailure_8""]","[""testCreateNumberFailure_5"", ""testCreateNumberFailure_6"", ""testCreateNumberFailure_7"", ""testCreateNumberFailure_8""]",[],[],[],[],
deepseek-v4-pro,394,ok,/home/lpy/workspace/misc/course/Introduction-to-Software-Testing/artifacts/sample_runs/deepseek-v4-pro/cand394_b9f15bc007be,b9f15bc007be2bb0ba9633559482396e0352785a,Make LockVisitor.acceptReadLocked(FailableConsumer) null-safe,src/test/java/org/apache/commons/lang3/concurrent/locks/LockingVisitorsTest.java,6,6,6,1.0000,0,0,0,1.0000,0,0,0,1.0000,1,1,1,1.0000,11,11,1.0000,"{""assertEquals"": 2, ""assertNotNull"": 2, ""assertNotSame"": 2, ""assertTrue"": 5}","{""assertEquals"": 2, ""assertNotNull"": 2, ""assertNotSame"": 2, ""assertTrue"": 5}",1.0000,0,0,[],[],[],[],"[""testCreate""]","[""testCreate""]",
deepseek-v4-pro,395,ok,/home/lpy/workspace/misc/course/Introduction-to-Software-Testing/artifacts/sample_runs/deepseek-v4-pro/cand395_ba7505d9a91b,ba7505d9a91be02088e1309f172f3dc55823c9c0,"LANG-1592: Correct implementation of RandomUtils.nextLong(long, long)",src/test/java/org/apache/commons/lang3/RandomUtilsTest.java,30,30,30,1.0000,1,1,1,1.0000,0,0,0,1.0000,0,0,0,1.0000,38,38,1.0000,"{""assertArrayEquals"": 1, ""assertEquals"": 6, ""assertFalse"": 1, ""assertNotEquals"": 1, ""assertNotNull"": 1, ""assertThrows"": 9, ""assertTrue"": 19}","{""assertArrayEquals"": 1, ""assertEquals"": 6, ""assertFalse"": 1, ""assertNotEquals"": 1, ""assertNotNull"": 1, ""assertThrows"": 9, ""assertTrue"": 19}",1.0000,9,9,"[""testLargeValueRangeLong""]","[""testLargeValueRangeLong""]",[],[],[],[],
deepseek-v4-pro,396,ok,/home/lpy/workspace/misc/course/Introduction-to-Software-Testing/artifacts/sample_runs/deepseek-v4-pro/cand396_be370cd0ef13,be370cd0ef134bb44fde733e4ee91661a012dae5,Applying Thomas' patch from LANG-917 - fixing Arne Burmeister's reported exception when combining custom and choice formats,src/test/java/org/apache/commons/lang3/text/ExtendedMessageFormatTest.java,9,9,9,1.0000,1,1,1,1.0000,0,0,0,1.0000,0,0,0,1.0000,34,34,1.0000,"{""assertEquals"": 16, ""assertFalse"": 6, ""assertPatterns"": 2, ""assertPatternsEqual"": 4, ""assertTrue"": 6}","{""assertEquals"": 16, ""assertFalse"": 6, ""assertPatterns"": 2, ""assertPatternsEqual"": 4, ""assertTrue"": 6}",1.0000,0,0,"[""testEmbeddedPatternInChoice""]","[""testEmbeddedPatternInChoice""]",[],[],[],[],
deepseek-v4-pro,397,ok,/home/lpy/workspace/misc/course/Introduction-to-Software-Testing/artifacts/sample_runs/deepseek-v4-pro/cand397_bf6ee5c56eb3,bf6ee5c56eb32bb572c240d765d542c048ec9565,LANG-948: Exception while using ExtendedMessageFormat and escaping braces. This fixes #19 from github. Thanks to Andrey Khobnya.,src/test/java/org/apache/commons/lang3/text/ExtendedMessageFormatTest.java,10,10,10,1.0000,1,1,1,1.0000,0,0,0,1.0000,0,0,0,1.0000,36,36,1.0000,"{""assertEquals"": 18, ""assertFalse"": 6, ""assertPatterns"": 2, ""assertPatternsEqual"": 4, ""assertTrue"": 6}","{""assertEquals"": 18, ""assertFalse"": 6, ""assertPatterns"": 2, ""assertPatternsEqual"": 4, ""assertTrue"": 6}",1.0000,0,0,"[""testEscapedBraces_LANG_948""]","[""testEscapedBraces_LANG_948""]",[],[],[],[],
deepseek-v4-pro,398,ok,/home/lpy/workspace/misc/course/Introduction-to-Software-Testing/artifacts/sample_runs/deepseek-v4-pro/cand398_bfa3c06361fa,bfa3c06361fa7bfcf35f8b3136f48a46c2b2c241,Add CalendarUtils.toOffsetDateTime(Calendar),src/test/java/org/apache/commons/lang3/time/CalendarUtilsTest.java,9,9,9,1.0000,1,1,1,1.0000,0,0,0,1.0000,0,0,0,1.0000,36,36,1.0000,"{""assertEquals"": 36}","{""assertEquals"": 36}",1.0000,0,0,"[""testToOffsetDateTime""]","[""testToOffsetDateTime""]",[],[],[],[],
deepseek-v4-pro,399,ok,/home/lpy/workspace/misc/course/Introduction-to-Software-Testing/artifacts/sample_runs/deepseek-v4-pro/cand399_c140fc8154e8,c140fc8154e8c680aad63239eaaaac14d85d5683,Add MutablePair.ofNonNull(Map.Entry),src/test/java/org/apache/commons/lang3/tuple/MutablePairTest.java,13,13,13,1.0000,1,1,1,1.0000,0,0,0,1.0000,0,0,0,1.0000,45,45,1.0000,"{""assertEquals"": 29, ""assertNotEquals"": 3, ""assertNull"": 9, ""assertNullPointerException"": 4}","{""assertEquals"": 29, ""assertNotEquals"": 3, ""assertNull"": 9, ""assertNullPointerException"": 4}",1.0000,0,0,"[""testOfNonNullMapEntry""]","[""testOfNonNullMapEntry""]",[],[],[],[],
deepseek-v4-pro,400,ok,/home/lpy/workspace/misc/course/Introduction-to-Software-Testing/artifacts/sample_runs/deepseek-v4-pro/cand400_c26c72f8a8ee,c26c72f8a8ee9996bff2bf139eb42fc2c56e62d8,"Add ObjectUtils.toString(Object, Supplier<String>).",src/test/java/org/apache/commons/lang3/ObjectUtilsTest.java,48,48,48,1.0000,1,1,1,1.0000,0,0,0,1.0000,0,0,0,1.0000,208,208,1.0000,"{""assertArrayEquals"": 1, ""assertEquals"": 76, ""assertFalse"": 25, ""assertNotNull"": 2, ""assertNotSame"": 2, ""assertNull"": 20, ""assertSame"": 30, ""assertThrows"": 19, ""assertTrue"": 32, ""fail"": 1}","{""assertArrayEquals"": 1, ""assertEquals"": 76, ""assertFalse"": 25, ""assertNotNull"": 2, ""assertNotSame"": 2, ""assertNull"": 20, ""assertSame"": 30, ""assertThrows"": 19, ""assertTrue"": 32, ""fail"": 1}",1.0000,19,19,"[""testToString_SupplierString""]","[""testToString_SupplierString""]",[],[],[],[],
deepseek-v4-pro,401,ok,/home/lpy/workspace/misc/course/Introduction-to-Software-Testing/artifacts/sample_runs/deepseek-v4-pro/cand401_c35a04102274,c35a04102274b330aa833030c15f722b00062812,LANG-1199: Fix implementation of StringUtils.getJaroWinklerDistance(),src/test/java/org/apache/commons/lang3/StringUtilsTest.java,136,136,136,1.0000,0,0,0,1.0000,0,0,0,1.0000,1,1,1,1.0000,1279,1279,1.0000,"{""assertAbbreviateWithOffset"": 21, ""assertArrayEquals"": 5, ""assertEquals"": 1010, ""assertFalse"": 47, ""assertNotNull"": 2, ""assertNull"": 131, ""assertSame"": 2, ""assertTrue"": 50, ""fail"": 11}","{""assertAbbreviateWithOffset"": 21, ""assertArrayEquals"": 5, ""assertEquals"": 1010, ""assertFalse"": 47, ""assertNotNull"": 2, ""assertNull"": 131, ""assertSame"": 2, ""assertTrue"": 50, ""fail"": 11}",1.0000,13,13,[],[],[],[],"[""testGetJaroWinklerDistance_StringString""]","[""testGetJaroWinklerDistance_StringString""]",
deepseek-v4-pro,403,ok,/home/lpy/workspace/misc/course/Introduction-to-Software-Testing/artifacts/sample_runs/deepseek-v4-pro/cand403_c3d65461a327,c3d65461a327b98ce5f582c45a48b6bb2b21d03d,LANG-1006: Add wrap (with String or char) to StringUtils. This closes PR #21 from github. Thanks to Thiago Andrade.,src/test/java/org/apache/commons/lang3/StringUtilsTest.java,119,119,119,1.0000,2,2,2,1.0000,0,0,0,1.0000,0,0,0,1.0000,1136,1136,1.0000,"{""assertAbbreviateWithOffset"": 21, ""assertArrayEquals"": 5, ""assertEquals"": 898, ""assertFalse"": 36, ""assertNotNull"": 2, ""assertNull"": 116, ""assertSame"": 2, ""assertTrue"": 50, ""fail"": 6}","{""assertAbbreviateWithOffset"": 21, ""assertArrayEquals"": 5, ""assertEquals"": 898, ""assertFalse"": 36, ""assertNotNull"": 2, ""assertNull"": 116, ""assertSame"": 2, ""assertTrue"": 50, ""fail"": 6}",1.0000,8,8,"[""testWrap_StringChar"", ""testWrap_StringString""]","[""testWrap_StringChar"", ""testWrap_StringString""]",[],[],[],[],
deepseek-v4-pro,405,ok,/home/lpy/workspace/misc/course/Introduction-to-Software-Testing/artifacts/sample_runs/deepseek-v4-pro/cand405_c47e5f95f685,c47e5f95f6853f127c291ef2293edd9a28aceec6,[LANG-1498] Add support of lambda value evaluation for defaulting methods #416.,src/test/java/org/apache/commons/lang3/ObjectUtilsTest.java,46,46,46,1.0000,1,1,1,1.0000,1,1,1,1.0000,0,0,0,1.0000,191,191,1.0000,"{""assertArrayEquals"": 1, ""assertEquals"": 66, ""assertFalse"": 25, ""assertNotNull"": 2, ""assertNotSame"": 2, ""assertNull"": 16, ""assertSame"": 28, ""assertThrows"": 19, ""assertTrue"": 32}","{""assertArrayEquals"": 1, ""assertEquals"": 66, ""assertFalse"": 25, ""assertNotNull"": 2, ""assertNotSame"": 2, ""assertNull"": 16, ""assertSame"": 28, ""assertThrows"": 19, ""assertTrue"": 32}",1.0000,19,19,"[""testDefaultIfNull""]","[""testDefaultIfNull""]","[""testIsNull""]","[""testIsNull""]",[],[],
deepseek-v4-pro,406,ok,/home/lpy/workspace/misc/course/Introduction-to-Software-Testing/artifacts/sample_runs/deepseek-v4-pro/cand406_c64cf945161e,c64cf945161ec9cad47d9b921387645c1a369053,Add IntegerRange.toIntStream(),src/test/java/org/apache/commons/lang3/IntegerRangeTest.java,28,28,28,1.0000,1,1,1,1.0000,0,0,0,1.0000,0,0,0,1.0000,155,155,1.0000,"{""assertEquals"": 25, ""assertFalse"": 74, ""assertNotEquals"": 4, ""assertNotNull"": 1, ""assertSame"": 1, ""assertThrows"": 5, ""assertTrue"": 45}","{""assertEquals"": 25, ""assertFalse"": 74, ""assertNotEquals"": 4, ""assertNotNull"": 1, ""assertSame"": 1, ""assertThrows"": 5, ""assertTrue"": 45}",1.0000,5,5,"[""testToIntStream""]","[""testToIntStream""]",[],[],[],[],
deepseek-v4-pro,407,ok,/home/lpy/workspace/misc/course/Introduction-to-Software-Testing/artifacts/sample_runs/deepseek-v4-pro/cand407_c82d9a4809a9,c82d9a4809a94280adb25cd46151bdf139518f1d,[LANG-1462] Use TimeZone from calendar in DateFormatUtils.,src/test/java/org/apache/commons/lang3/time/DateFormatUtilsTest.java,13,13,13,1.0000,1,1,1,1.0000,0,0,0,1.0000,0,0,0,1.0000,34,34,1.0000,"{""assertEquals"": 25, ""assertFalse"": 1, ""assertFormats"": 5, ""assertNotNull"": 1, ""assertTrue"": 2}","{""assertEquals"": 25, ""assertFalse"": 1, ""assertFormats"": 5, ""assertNotNull"": 1, ""assertTrue"": 2}",1.0000,0,0,"[""testLANG1462""]","[""testLANG1462""]",[],[],[],[],
deepseek-v4-pro,408,ok,/home/lpy/workspace/misc/course/Introduction-to-Software-Testing/artifacts/sample_runs/deepseek-v4-pro/cand408_c9722131d50d,c9722131d50de2a78aaf79a222fa5135431b9a73,Add StopWatch.getStopTime().,src/test/java/org/apache/commons/lang3/time/StopWatchTest.java,20,20,20,1.0000,1,1,1,1.0000,0,0,0,1.0000,9,9,9,1.0000,68,68,1.0000,"{""assertEquals"": 17, ""assertFalse"": 9, ""assertNotEquals"": 1, ""assertNull"": 1, ""assertThrows"": 12, ""assertTrue"": 28}","{""assertEquals"": 17, ""assertFalse"": 9, ""assertNotEquals"": 1, ""assertNull"": 1, ""assertThrows"": 12, ""assertTrue"": 28}",1.0000,12,12,"[""testStopTimeSimple""]","[""testStopTimeSimple""]",[],[],"[""testLang315"", ""testStopWatchSimple"", ""testStopWatchSimpleGet"", ""testStopWatchSplit"", ""testStopWatchSuspend"", ""testToSplitString"", ""testToSplitStringWithMessage"", ""testToString"", ""testToStringWithMessage""]","[""testLang315"", ""testStopWatchSimple"", ""testStopWatchSimpleGet"", ""testStopWatchSplit"", ""testStopWatchSuspend"", ""testToSplitString"", ""testToSplitStringWithMessage"", ""testToString"", ""testToStringWithMessage""]",
deepseek-v4-pro,409,ok,/home/lpy/workspace/misc/course/Introduction-to-Software-Testing/artifacts/sample_runs/deepseek-v4-pro/cand409_c99a78775277,c99a787752770b8952297e24e07bd404cb2f4f74,LANG-1202: parseDateStrictly does't pass specified locale,src/test/java/org/apache/commons/lang3/time/DateUtilsTest.java,49,49,49,1.0000,1,1,1,1.0000,0,0,0,1.0000,0,0,0,1.0000,397,397,1.0000,"{""assertCalendarsEquals"": 5, ""assertDate"": 79, ""assertEquals"": 207, ""assertFalse"": 10, ""assertNotNull"": 1, ""assertNotSame"": 39, ""assertTrue"": 10, ""assertWeekIterator"": 15, ""fail"": 31}","{""assertCalendarsEquals"": 5, ""assertDate"": 79, ""assertEquals"": 207, ""assertFalse"": 10, ""assertNotNull"": 1, ""assertNotSame"": 39, ""assertTrue"": 10, ""assertWeekIterator"": 15, ""fail"": 31}",1.0000,12,12,"[""testLANG799""]","[""testLANG799""]",[],[],[],[],
deepseek-v4-pro,410,ok,/home/lpy/workspace/misc/course/Introduction-to-Software-Testing/artifacts/sample_runs/deepseek-v4-pro/cand410_cc6a92b1a5bb,cc6a92b1a5bb1a9a1d38d4bce67644dbb1b2b349,"Deprecating StringUtils.toString(byte[],String) in favour of a new CharSet based method, as reported by Aaron Digulla in LANG-795",src/test/java/org/apache/commons/lang3/StringUtilsTest.java,100,100,100,1.0000,1,1,1,1.0000,0,0,0,1.0000,0,0,0,1.0000,1048,1048,1.0000,"{""assertAbbreviateWithOffset"": 21, ""assertArrayEquals"": 13, ""assertEquals"": 942, ""assertFalse"": 9, ""assertNotNull"": 2, ""assertNull"": 25, ""assertSame"": 2, ""assertTrue"": 23, ""fail"": 11}","{""assertAbbreviateWithOffset"": 21, ""assertArrayEquals"": 13, ""assertEquals"": 942, ""assertFalse"": 9, ""assertNotNull"": 2, ""assertNull"": 25, ""assertSame"": 2, ""assertTrue"": 23, ""fail"": 11}",1.0000,0,0,"[""testToEncodedString""]","[""testToEncodedString""]",[],[],[],[],
deepseek-v4-pro,411,ok,/home/lpy/workspace/misc/course/Introduction-to-Software-Testing/artifacts/sample_runs/deepseek-v4-pro/cand411_cd87ec61b8d0,cd87ec61b8d0b3274d6b348397802b46cd1c0247,[LANG-1789] NullPointerException when generating NoSuchMethodException in MethodUtils,src/test/java/org/apache/commons/lang3/reflect/MethodUtilsTest.java,57,57,57,1.0000,0,0,0,1.0000,0,0,0,1.0000,1,1,1,1.0000,323,323,1.0000,"{""assertArrayEquals"": 15, ""assertEquals"": 189, ""assertFalse"": 8, ""assertNotNull"": 21, ""assertNotSame"": 2, ""assertNull"": 27, ""assertNullPointerException"": 13, ""assertSame"": 6, ""assertThrows"": 22, ""assertTrue"": 20}","{""assertArrayEquals"": 15, ""assertEquals"": 189, ""assertFalse"": 8, ""assertNotNull"": 21, ""assertNotSame"": 2, ""assertNull"": 27, ""assertNullPointerException"": 13, ""assertSame"": 6, ""assertThrows"": 22, ""assertTrue"": 20}",1.0000,22,22,[],[],[],[],"[""testInvokeMethod_VarArgsWithNullValues""]","[""testInvokeMethod_VarArgsWithNullValues""]",
deepseek-v4-pro,412,ok,/home/lpy/workspace/misc/course/Introduction-to-Software-Testing/artifacts/sample_runs/deepseek-v4-pro/cand412_cf4138d7bc1a,cf4138d7bc1a892295ccd58ea8b42f7c8737239a,LANG-984 DurationFormatUtils does not handle large durations correctly,src/test/java/org/apache/commons/lang3/time/DurationFormatUtilsTest.java,16,16,16,1.0000,1,1,1,1.0000,0,0,0,1.0000,0,0,0,1.0000,170,170,1.0000,"{""assertArrayEquals"": 4, ""assertEqualDuration"": 38, ""assertEquals"": 119, ""assertFalse"": 4, ""assertNotNull"": 1, ""assertTrue"": 4}","{""assertArrayEquals"": 4, ""assertEqualDuration"": 38, ""assertEquals"": 119, ""assertFalse"": 4, ""assertNotNull"": 1, ""assertTrue"": 4}",1.0000,0,0,"[""testLANG984""]","[""testLANG984""]",[],[],[],[],
deepseek-v4-pro,413,ok,/home/lpy/workspace/misc/course/Introduction-to-Software-Testing/artifacts/sample_runs/deepseek-v4-pro/cand413_d0bb31bc10ac,d0bb31bc10ac0e16f47840550860ca26f01c5595,Add SystemUtils.IS_OS_ANDROID,src/test/java/org/apache/commons/lang3/SystemUtilsTest.java,20,20,20,1.0000,0,0,0,1.0000,0,0,0,1.0000,1,1,1,1.0000,1070,1070,1.0000,"{""assertEquals"": 12, ""assertFalse"": 814, ""assertNotNull"": 6, ""assertNull"": 1, ""assertTrue"": 237}","{""assertEquals"": 12, ""assertFalse"": 814, ""assertNotNull"": 6, ""assertNull"": 1, ""assertTrue"": 237}",1.0000,0,0,[],[],[],[],"[""test_IS_OS""]","[""test_IS_OS""]",
deepseek-v4-pro,414,ok,/home/lpy/workspace/misc/course/Introduction-to-Software-Testing/artifacts/sample_runs/deepseek-v4-pro/cand414_d26170a97698,d26170a97698da141d616942f2673874e043a13c,Add LocaleUtils.isLanguageUndetermined(Locale),src/test/java/org/apache/commons/lang3/LocaleUtilsTest.java,19,19,19,1.0000,1,1,1,1.0000,0,0,0,1.0000,0,0,0,1.0000,142,142,1.0000,"{""assertCountriesByLanguage"": 5, ""assertEquals"": 29, ""assertFalse"": 1, ""assertLanguageByCountry"": 5, ""assertLocaleLookupList"": 17, ""assertNotEquals"": 4, ""assertNotNull"": 9, ""assertNull"": 2, ""assertSame"": 4, ""assertThrows"": 21, ""assertTrue"": 11, ""assertUnmodifiableCollection"": 6, ""assertValidToLocale"": 28}","{""assertCountriesByLanguage"": 5, ""assertEquals"": 29, ""assertFalse"": 1, ""assertLanguageByCountry"": 5, ""assertLocaleLookupList"": 17, ""assertNotEquals"": 4, ""assertNotNull"": 9, ""assertNull"": 2, ""assertSame"": 4, ""assertThrows"": 21, ""assertTrue"": 11, ""assertUnmodifiableCollection"": 6, ""assertValidToLocale"": 28}",1.0000,21,21,"[""testIsLanguageUndetermined""]","[""testIsLanguageUndetermined""]",[],[],[],[],
deepseek-v4-pro,415,ok,/home/lpy/workspace/misc/course/Introduction-to-Software-Testing/artifacts/sample_runs/deepseek-v4-pro/cand415_d38919fcbda8,d38919fcbda835f0ad82d65f25349bd7105b67cc,LANG-1093: Add ClassUtils.getAbbreviatedName(). This fixes #48 from github. Thanks to Fabian Lange.,src/test/java/org/apache/commons/lang3/ClassUtilsTest.java,56,56,56,1.0000,3,3,3,1.0000,0,0,0,1.0000,0,0,0,1.0000,663,663,1.0000,"{""assertArrayEquals"": 2, ""assertEquals"": 284, ""assertFalse"": 171, ""assertGetClassReturnsClass"": 19, ""assertGetClassThrowsClassNotFound"": 10, ""assertGetClassThrowsException"": 3, ""assertGetClassThrowsNullPointerException"": 2, ""assertNotNull"": 1, ""assertNotSame"": 1, ""assertNull"": 9, ""assertSame"": 1, ""assertTrue"": 153, ""fail"": 7}","{""assertArrayEquals"": 2, ""assertEquals"": 284, ""assertFalse"": 171, ""assertGetClassReturnsClass"": 19, ""assertGetClassThrowsClassNotFound"": 10, ""assertGetClassThrowsException"": 3, ""assertGetClassThrowsNullPointerException"": 2, ""assertNotNull"": 1, ""assertNotSame"": 1, ""assertNull"": 9, ""assertSame"": 1, ""assertTrue"": 153, ""fail"": 7}",1.0000,0,0,"[""test_getAbbreviatedName_Class"", ""test_getAbbreviatedName_Class_Exceptions"", ""test_getAbbreviatedName_String""]","[""test_getAbbreviatedName_Class"", ""test_getAbbreviatedName_Class_Exceptions"", ""test_getAbbreviatedName_String""]",[],[],[],[],
deepseek-v4-pro,416,ok,/home/lpy/workspace/misc/course/Introduction-to-Software-Testing/artifacts/sample_runs/deepseek-v4-pro/cand416_d68e2e912512,d68e2e9125126938399175f424f06301f497b920,[LANG-1406] StringIndexOutOfBoundsException in StringUtils.replaceIgnoreCase,src/test/java/org/apache/commons/lang3/StringUtilsTest.java,149,149,149,1.0000,0,0,0,1.0000,0,0,0,1.0000,1,1,1,1.0000,1558,1558,1.0000,"{""assertAbbreviateWithAbbrevMarkerAndOffset"": 21, ""assertAbbreviateWithOffset"": 21, ""assertArrayEquals"": 12, ""assertEquals"": 1203, ""assertFalse"": 30, ""assertNotEquals"": 2, ""assertNotNull"": 2, ""assertNull"": 184, ""assertSame"": 3, ""assertThrows"": 47, ""assertTrue"": 33}","{""assertAbbreviateWithAbbrevMarkerAndOffset"": 21, ""assertAbbreviateWithOffset"": 21, ""assertArrayEquals"": 12, ""assertEquals"": 1203, ""assertFalse"": 30, ""assertNotEquals"": 2, ""assertNotNull"": 2, ""assertNull"": 184, ""assertSame"": 3, ""assertThrows"": 47, ""assertTrue"": 33}",1.0000,47,47,[],[],[],[],"[""testRemoveIgnoreCase_String""]","[""testRemoveIgnoreCase_String""]",
deepseek-v4-pro,417,ok,/home/lpy/workspace/misc/course/Introduction-to-Software-Testing/artifacts/sample_runs/deepseek-v4-pro/cand417_d88f70e8ff3e,d88f70e8ff3e73981809ddc530c19288c1f092c5,"[LANG-1568] FailableBooleanSupplier, FailableIntSupplier, FailableLongSupplier, FailableDoubleSupplier.",src/test/java/org/apache/commons/lang3/FunctionsTest.java,17,22,17,0.7727,0,5,0,0.0000,0,0,0,1.0000,12,12,12,1.0000,110,151,0.7285,"{""assertEquals"": 12, ""assertNotNull"": 24, ""assertSame"": 27, ""assertThrows"": 35, ""assertTrue"": 12}","{""assertEquals"": 16, ""assertFalse"": 1, ""assertNotNull"": 30, ""assertSame"": 42, ""assertThrows"": 50, ""assertTrue"": 12}",0.8333,35,50,[],"[""testGetAsBooleanSupplier"", ""testGetAsDoubleSupplier"", ""testGetAsIntSupplier"", ""testGetAsLongSupplier"", ""testGetSupplier""]",[],[],"[""testApplyBiFunction"", ""testApplyFunction"", ""testAsBiFunction"", ""testAsBiPredicate"", ""testAsCallable"", ""testAsFunction"", ""testAsPredicate"", ""testAsRunnable"", ""testAsSupplier"", ""testCallable"", ""testGetFromSupplier"", ""testRunnable""]","[""testApplyBiFunction"", ""testApplyFunction"", ""testAsBiFunction"", ""testAsBiPredicate"", ""testAsCallable"", ""testAsFunction"", ""testAsPredicate"", ""testAsRunnable"", ""testAsSupplier"", ""testCallable"", ""testGetFromSupplier"", ""testRunnable""]",
deepseek-v4-pro,418,ok,/home/lpy/workspace/misc/course/Introduction-to-Software-Testing/artifacts/sample_runs/deepseek-v4-pro/cand418_d8f7c3843231,d8f7c38432313089a198978638fc453ac592b743,Add DoubleRange.fit(double),src/test/java/org/apache/commons/lang3/DoubleRangeTest.java,27,27,27,1.0000,0,0,0,1.0000,0,0,0,1.0000,1,1,1,1.0000,157,157,1.0000,"{""assertEquals"": 27, ""assertFalse"": 74, ""assertIllegalArgumentException"": 2, ""assertNotEquals"": 4, ""assertNotNull"": 1, ""assertNullPointerException"": 3, ""assertSame"": 1, ""assertTrue"": 45}","{""assertEquals"": 27, ""assertFalse"": 74, ""assertIllegalArgumentException"": 2, ""assertNotEquals"": 4, ""assertNotNull"": 1, ""assertNullPointerException"": 3, ""assertSame"": 1, ""assertTrue"": 45}",1.0000,0,0,[],[],[],[],"[""testFit""]","[""testFit""]",
deepseek-v4-pro,419,ok,/home/lpy/workspace/misc/course/Introduction-to-Software-Testing/artifacts/sample_runs/deepseek-v4-pro/cand419_da0583008020,da0583008020c6a9cd02dca25e8d2fac5c2bbf14,"Add SystemProperties.getPath(String, Supplier<Path>)",src/test/java/org/apache/commons/lang3/SystemPropertiesTest.java,58,58,58,1.0000,1,1,1,1.0000,0,0,0,1.0000,0,0,0,1.0000,306,306,1.0000,"{""assertDoesNotThrow"": 197, ""assertEquals"": 35, ""assertFalse"": 6, ""assertNotNull"": 43, ""assertNull"": 21, ""assertTrue"": 4}","{""assertDoesNotThrow"": 197, ""assertEquals"": 35, ""assertFalse"": 6, ""assertNotNull"": 43, ""assertNull"": 21, ""assertTrue"": 4}",1.0000,0,0,"[""testGetPath""]","[""testGetPath""]",[],[],[],[],
deepseek-v4-pro,420,ok,/home/lpy/workspace/misc/course/Introduction-to-Software-Testing/artifacts/sample_runs/deepseek-v4-pro/cand420_dad064eebbde,dad064eebbde450cb500a0e0d72200c655ac47c6,Add ArrayUtils.oneHot().,src/test/java/org/apache/commons/lang3/BooleanUtilsTest.java,88,88,88,1.0000,12,12,12,1.0000,0,0,0,1.0000,0,0,0,1.0000,327,327,1.0000,"{""assertArrayEquals"": 2, ""assertEquals"": 104, ""assertFalse"": 75, ""assertNotNull"": 1, ""assertNull"": 17, ""assertSame"": 9, ""assertThrows"": 26, ""assertTrue"": 93}","{""assertArrayEquals"": 2, ""assertEquals"": 104, ""assertFalse"": 75, ""assertNotNull"": 1, ""assertNull"": 17, ""assertSame"": 9, ""assertThrows"": 26, ""assertTrue"": 93}",1.0000,26,26,"[""testOneHot_object_emptyInput"", ""testOneHot_object_nullElementInput"", ""testOneHot_object_nullInput"", ""testOneHot_object_validInput_1item"", ""testOneHot_object_validInput_2ItemsNullsTreatedAsFalse"", ""testOneHot_object_validInput_2items"", ""testOneHot_object_validInput_3items"", ""testOneHot_primitive_emptyInput"", ""testOneHot_primitive_nullInput"", ""testOneHot_primitive_validInput_1item"", ""testOneHot_primitive_validInput_2items"", ""testOneHot_primitive_validInput_3items""]","[""testOneHot_object_emptyInput"", ""testOneHot_object_nullElementInput"", ""testOneHot_object_nullInput"", ""testOneHot_object_validInput_1item"", ""testOneHot_object_validInput_2ItemsNullsTreatedAsFalse"", ""testOneHot_object_validInput_2items"", ""testOneHot_object_validInput_3items"", ""testOneHot_primitive_emptyInput"", ""testOneHot_primitive_nullInput"", ""testOneHot_primitive_validInput_1item"", ""testOneHot_primitive_validInput_2items"", ""testOneHot_primitive_validInput_3items""]",[],[],[],[],
deepseek-v4-pro,421,ok,/home/lpy/workspace/misc/course/Introduction-to-Software-Testing/artifacts/sample_runs/deepseek-v4-pro/cand421_dde6790a88d8,dde6790a88d8a2ec438568a4513d7d359d3602cc,[LANG-1645] NumberUtils to recognise hex integers prefixed with +,src/test/java/org/apache/commons/lang3/math/NumberUtilsTest.java,112,112,112,1.0000,0,0,0,1.0000,0,0,0,1.0000,6,6,6,1.0000,654,654,1.0000,"{""assertEquals"": 515, ""assertFalse"": 18, ""assertNotNull"": 2, ""assertNull"": 7, ""assertThrows"": 40, ""assertTrue"": 72}","{""assertEquals"": 515, ""assertFalse"": 18, ""assertNotNull"": 2, ""assertNull"": 7, ""assertThrows"": 40, ""assertTrue"": 72}",1.0000,40,40,[],[],[],[],"[""testCreateBigInteger"", ""testCreateInteger"", ""testCreateLong"", ""testCreateNumber"", ""testIsCreatable"", ""testIsNumber""]","[""testCreateBigInteger"", ""testCreateInteger"", ""testCreateLong"", ""testCreateNumber"", ""testIsCreatable"", ""testIsNumber""]",
deepseek-v4-pro,422,ok,/home/lpy/workspace/misc/course/Introduction-to-Software-Testing/artifacts/sample_runs/deepseek-v4-pro/cand422_df3e2715f412,df3e2715f41263d8998b7350301d106967748c0e,Add TimedSemaphore.builder() and Builder,src/test/java/org/apache/commons/lang3/concurrent/TimedSemaphoreTest.java,17,17,17,1.0000,0,0,0,1.0000,0,0,0,1.0000,11,11,11,1.0000,30,30,1.0000,"{""assertEquals"": 16, ""assertFalse"": 5, ""assertIllegalArgumentException"": 1, ""assertNotNull"": 1, ""assertThrows"": 2, ""assertTrue"": 5}","{""assertEquals"": 16, ""assertFalse"": 5, ""assertIllegalArgumentException"": 1, ""assertNotNull"": 1, ""assertThrows"": 2, ""assertTrue"": 5}",1.0000,2,2,[],[],[],[],"[""testAcquireLimit"", ""testAcquireMultiplePeriods"", ""testAcquireMultipleThreads"", ""testAcquireNoLimit"", ""testGetAvailablePermits"", ""testGetAverageCallsPerPeriod"", ""testInit"", ""testInitDefaultService"", ""testShutdownMultipleTimes"", ""testShutdownSharedExecutorNoTask"", ""testShutdownSharedExecutorTask""]","[""testAcquireLimit"", ""testAcquireMultiplePeriods"", ""testAcquireMultipleThreads"", ""testAcquireNoLimit"", ""testGetAvailablePermits"", ""testGetAverageCallsPerPeriod"", ""testInit"", ""testInitDefaultService"", ""testShutdownMultipleTimes"", ""testShutdownSharedExecutorNoTask"", ""testShutdownSharedExecutorTask""]",
deepseek-v4-pro,423,ok,/home/lpy/workspace/misc/course/Introduction-to-Software-Testing/artifacts/sample_runs/deepseek-v4-pro/cand423_e1ffb6ea0b9e,e1ffb6ea0b9e21ea71c4540b0fca4db8e4c1dd93,ThreadUtils.sleepQuietly(Duration) now restores the current thread's interrupt flag when catching InterruptedException.,src/test/java/org/apache/commons/lang3/ThreadUtilsTest.java,35,35,35,1.0000,3,3,3,1.0000,0,0,0,1.0000,0,0,0,1.0000,68,68,1.0000,"{""assertEquals"": 23, ""assertFalse"": 4, ""assertIllegalArgumentException"": 1, ""assertNotNull"": 4, ""assertNull"": 4, ""assertNullPointerException"": 17, ""assertSame"": 4, ""assertTrue"": 11}","{""assertEquals"": 23, ""assertFalse"": 4, ""assertIllegalArgumentException"": 1, ""assertNotNull"": 4, ""assertNull"": 4, ""assertNullPointerException"": 17, ""assertSame"": 4, ""assertTrue"": 11}",1.0000,0,0,"[""testSleepQuietlyInterruptDuringSleep"", ""testSleepQuietlyInterruptedFlagPreserved"", ""testSleepQuietlyNormalNoInterrupt""]","[""testSleepQuietlyInterruptDuringSleep"", ""testSleepQuietlyInterruptedFlagPreserved"", ""testSleepQuietlyNormalNoInterrupt""]",[],[],[],[],
deepseek-v4-pro,424,ok,/home/lpy/workspace/misc/course/Introduction-to-Software-Testing/artifacts/sample_runs/deepseek-v4-pro/cand424_e3e29d585a45,e3e29d585a455693829deb9231440aeda38eacd4,"Add StringUtils.removeStart(String, char).",src/test/java/org/apache/commons/lang3/StringUtilsTest.java,156,156,156,1.0000,2,2,2,1.0000,1,1,1,1.0000,0,0,0,1.0000,1605,1605,1.0000,"{""assertAbbreviateWithAbbrevMarkerAndOffset"": 21, ""assertAbbreviateWithOffset"": 21, ""assertArrayEquals"": 12, ""assertEquals"": 1236, ""assertFalse"": 31, ""assertNotEquals"": 2, ""assertNotNull"": 2, ""assertNull"": 194, ""assertSame"": 7, ""assertThrows"": 47, ""assertTrue"": 32}","{""assertAbbreviateWithAbbrevMarkerAndOffset"": 21, ""assertAbbreviateWithOffset"": 21, ""assertArrayEquals"": 12, ""assertEquals"": 1236, ""assertFalse"": 31, ""assertNotEquals"": 2, ""assertNotNull"": 2, ""assertNull"": 194, ""assertSame"": 7, ""assertThrows"": 47, ""assertTrue"": 32}",1.0000,47,47,"[""testRemoveStartChar"", ""testRemoveStartString""]","[""testRemoveStartChar"", ""testRemoveStartString""]","[""testRemoveStart""]","[""testRemoveStart""]",[],[],
deepseek-v4-pro,425,ok,/home/lpy/workspace/misc/course/Introduction-to-Software-Testing/artifacts/sample_runs/deepseek-v4-pro/cand425_e5e8ba09066f,e5e8ba09066fadb13d6b84402d46287bbd1569b7,Add SystemUtils.IS_JAVA_18,src/test/java/org/apache/commons/lang3/SystemUtilsTest.java,20,20,20,1.0000,0,0,0,1.0000,0,0,0,1.0000,1,1,1,1.0000,620,620,1.0000,"{""assertEquals"": 10, ""assertFalse"": 459, ""assertNotNull"": 6, ""assertNull"": 1, ""assertTrue"": 144}","{""assertEquals"": 10, ""assertFalse"": 459, ""assertNotNull"": 6, ""assertNull"": 1, ""assertTrue"": 144}",1.0000,0,0,[],[],[],[],"[""test_IS_JAVA""]","[""test_IS_JAVA""]",
deepseek-v4-pro,426,ok,/home/lpy/workspace/misc/course/Introduction-to-Software-Testing/artifacts/sample_runs/deepseek-v4-pro/cand426_e6796a0ec610,e6796a0ec6105f8c87e5330b51c8c9ee75df353f,[LANG-1706] ThreadUtils find methods should not return null items #1098,src/test/java/org/apache/commons/lang3/ThreadUtilsTest.java,31,31,31,1.0000,2,2,2,1.0000,0,0,0,1.0000,0,0,0,1.0000,60,60,1.0000,"{""assertEquals"": 23, ""assertFalse"": 3, ""assertNotNull"": 3, ""assertNull"": 4, ""assertSame"": 4, ""assertThrows"": 18, ""assertTrue"": 5}","{""assertEquals"": 23, ""assertFalse"": 3, ""assertNotNull"": 3, ""assertNull"": 4, ""assertSame"": 4, ""assertThrows"": 18, ""assertTrue"": 5}",1.0000,18,18,"[""testGetAllThreadGroupsDoesNotReturnNull"", ""testGetAllThreadsDoesNotReturnNull""]","[""testGetAllThreadGroupsDoesNotReturnNull"", ""testGetAllThreadsDoesNotReturnNull""]",[],[],[],[],
deepseek-v4-pro,427,ok,/home/lpy/workspace/misc/course/Introduction-to-Software-Testing/artifacts/sample_runs/deepseek-v4-pro/cand427_e6ae7561a05b,e6ae7561a05b1356625563cd868dce8a0fa4ddae,"Add Streams.instancesOf(Class, Collection).",src/test/java/org/apache/commons/lang3/stream/StreamsTest.java,15,15,15,1.0000,1,1,1,1.0000,0,0,0,1.0000,0,0,0,1.0000,47,47,1.0000,"{""assertAll"": 2, ""assertEquals"": 26, ""assertEvenNumbers"": 3, ""assertNotNull"": 1, ""assertThat"": 8, ""assertThrows"": 7}","{""assertAll"": 2, ""assertEquals"": 26, ""assertEvenNumbers"": 3, ""assertNotNull"": 1, ""assertThat"": 8, ""assertThrows"": 7}",1.0000,7,7,"[""testInstanceOfStream""]","[""testInstanceOfStream""]",[],[],[],[],
deepseek-v4-pro,428,ok,/home/lpy/workspace/misc/course/Introduction-to-Software-Testing/artifacts/sample_runs/deepseek-v4-pro/cand428_e6eba6e9acbd,e6eba6e9acbd646e9a28546b14ae1d663dc6751a,[LANG-1674] Make Range constructors more generic #810.,src/test/java/org/apache/commons/lang3/RangeTest.java,27,27,27,1.0000,1,1,1,1.0000,0,0,0,1.0000,0,0,0,1.0000,150,150,1.0000,"{""assertEquals"": 30, ""assertFalse"": 63, ""assertNotEquals"": 4, ""assertNotNull"": 1, ""assertSame"": 5, ""assertThrows"": 4, ""assertTrue"": 43}","{""assertEquals"": 30, ""assertFalse"": 63, ""assertNotEquals"": 4, ""assertNotNull"": 1, ""assertSame"": 5, ""assertThrows"": 4, ""assertTrue"": 43}",1.0000,4,4,"[""testConstructorSignatureWithAbstractComparableClasses""]","[""testConstructorSignatureWithAbstractComparableClasses""]",[],[],[],[],
deepseek-v4-pro,429,ok,/home/lpy/workspace/misc/course/Introduction-to-Software-Testing/artifacts/sample_runs/deepseek-v4-pro/cand429_e7d001f1b77c,e7d001f1b77c382f99ee7fe01d8563d8219697df,"Add RegExUtils.removePattern(CharSequence, String) and deprecate RegExUtils.removePattern(String, String)",src/test/java/org/apache/commons/lang3/RegExUtilsTest.java,15,15,15,1.0000,2,2,2,1.0000,1,1,1,1.0000,0,0,0,1.0000,150,150,1.0000,"{""assertEquals"": 131, ""assertNull"": 12, ""assertThrows"": 4, ""assertTrue"": 3}","{""assertEquals"": 131, ""assertNull"": 12, ""assertThrows"": 4, ""assertTrue"": 3}",1.0000,4,4,"[""testRemovePattern"", ""testRemovePatternDeprecated""]","[""testRemovePattern"", ""testRemovePatternDeprecated""]","[""testRemovePattern_StringString""]","[""testRemovePattern_StringString""]",[],[],
deepseek-v4-pro,430,ok,/home/lpy/workspace/misc/course/Introduction-to-Software-Testing/artifacts/sample_runs/deepseek-v4-pro/cand430_e81855a208c9,e81855a208c909f46e1bf346d7982bd77be13476,Add BooleanUtils.values() and forEach().,src/test/java/org/apache/commons/lang3/BooleanUtilsTest.java,88,90,88,0.9778,0,2,0,0.0000,0,0,0,1.0000,1,1,1,1.0000,327,329,0.9939,"{""assertArrayEquals"": 2, ""assertEquals"": 104, ""assertFalse"": 75, ""assertNotNull"": 1, ""assertNull"": 17, ""assertSame"": 9, ""assertThrows"": 26, ""assertTrue"": 93}","{""assertArrayEquals"": 2, ""assertEquals"": 106, ""assertFalse"": 75, ""assertNotNull"": 1, ""assertNull"": 17, ""assertSame"": 9, ""assertThrows"": 26, ""assertTrue"": 93}",1.0000,26,26,[],"[""test_forEach"", ""test_values""]",[],[],"[""test_booleanValues""]","[""test_booleanValues""]",
deepseek-v4-pro,431,ok,/home/lpy/workspace/misc/course/Introduction-to-Software-Testing/artifacts/sample_runs/deepseek-v4-pro/cand431_e863dcb2e7a6,e863dcb2e7a654af6b8eb5865d8d1d8eee0a6d28,[LANG-1367] ObjectUtils.identityToString(Object) and friends should allocate builders and buffers with a size,src/test/java/org/apache/commons/lang3/ObjectUtilsTest.java,44,44,44,1.0000,0,0,0,1.0000,0,0,0,1.0000,0,0,0,1.0000,159,159,1.0000,"{""assertEquals"": 62, ""assertFalse"": 13, ""assertNotNull"": 2, ""assertNotSame"": 2, ""assertNull"": 16, ""assertSame"": 26, ""assertTrue"": 21, ""fail"": 17}","{""assertEquals"": 62, ""assertFalse"": 13, ""assertNotNull"": 2, ""assertNotSame"": 2, ""assertNull"": 16, ""assertSame"": 26, ""assertTrue"": 21, ""fail"": 17}",1.0000,7,7,[],[],[],[],[],[],
deepseek-v4-pro,432,ok,/home/lpy/workspace/misc/course/Introduction-to-Software-Testing/artifacts/sample_runs/deepseek-v4-pro/cand432_e8a2c29721d1,e8a2c29721d145c52c970049e5469cfb0dcefd87,LANG-1163 There are no tests for CharSequenceUtils.regionMatches,src/test/java/org/apache/commons/lang3/CharSequenceUtilsTest.java,5,5,5,1.0000,1,1,1,1.0000,0,0,0,1.0000,0,0,0,1.0000,18,18,1.0000,"{""assertEquals"": 12, ""assertFalse"": 1, ""assertNotNull"": 1, ""assertTrue"": 2, ""fail"": 2}","{""assertEquals"": 12, ""assertFalse"": 1, ""assertNotNull"": 1, ""assertTrue"": 2, ""fail"": 2}",1.0000,2,2,"[""testRegionMatches""]","[""testRegionMatches""]",[],[],[],[],
deepseek-v4-pro,433,ok,/home/lpy/workspace/misc/course/Introduction-to-Software-Testing/artifacts/sample_runs/deepseek-v4-pro/cand433_e9e041b791ae,e9e041b791ae88a894fbcaa0062b5e8c43f33934,Make Streams.stream(Collection) null-safe.,src/test/java/org/apache/commons/lang3/stream/StreamsTest.java,10,10,10,1.0000,2,2,2,1.0000,0,0,0,1.0000,0,0,0,1.0000,37,37,1.0000,"{""assertAll"": 2, ""assertEquals"": 16, ""assertEvenNumbers"": 3, ""assertNotNull"": 1, ""assertThat"": 8, ""assertThrows"": 7}","{""assertAll"": 2, ""assertEquals"": 16, ""assertEvenNumbers"": 3, ""assertNotNull"": 1, ""assertThat"": 8, ""assertThrows"": 7}",1.0000,7,7,"[""testStreamCollection"", ""testStreamCollectionNull""]","[""testStreamCollection"", ""testStreamCollectionNull""]",[],[],[],[],
deepseek-v4-pro,434,ok,/home/lpy/workspace/misc/course/Introduction-to-Software-Testing/artifacts/sample_runs/deepseek-v4-pro/cand434_e9f3ece02285,e9f3ece022854a7c415b6ce8435ca803dc8aee8b,Add ClassLoaderUtils.getSystemURLs() and getThreadURLs().,src/test/java/org/apache/commons/lang3/ClassLoaderUtilsTest.java,4,4,4,1.0000,2,2,2,1.0000,0,0,0,1.0000,0,0,0,1.0000,4,4,1.0000,"{""assertEquals"": 2, ""assertNotNull"": 2}","{""assertEquals"": 2, ""assertNotNull"": 2}",1.0000,0,0,"[""testGetSystemURLs"", ""testGetThreadURLs""]","[""testGetSystemURLs"", ""testGetThreadURLs""]",[],[],[],[],
deepseek-v4-pro,435,ok,/home/lpy/workspace/misc/course/Introduction-to-Software-Testing/artifacts/sample_runs/deepseek-v4-pro/cand435_eaa9269ac80c,eaa9269ac80c2a957cabed0c46173149a4137c24,"[LANG-1257] StringUtils.wrapIfMissing(String, char|String)",src/test/java/org/apache/commons/lang3/StringUtilsTest.java,132,132,132,1.0000,2,2,2,1.0000,0,0,0,1.0000,1,1,1,1.0000,1337,1337,1.0000,"{""assertAbbreviateWithOffset"": 21, ""assertArrayEquals"": 5, ""assertEquals"": 1072, ""assertFalse"": 20, ""assertNotNull"": 2, ""assertNull"": 137, ""assertSame"": 2, ""assertTrue"": 45, ""fail"": 33}","{""assertAbbreviateWithOffset"": 21, ""assertArrayEquals"": 5, ""assertEquals"": 1072, ""assertFalse"": 20, ""assertNotNull"": 2, ""assertNull"": 137, ""assertSame"": 2, ""assertTrue"": 45, ""fail"": 33}",1.0000,13,13,"[""testWrapIfMissing_StringChar"", ""testWrapIfMissing_StringString""]","[""testWrapIfMissing_StringChar"", ""testWrapIfMissing_StringString""]",[],[],"[""testWrap_StringChar""]","[""testWrap_StringChar""]",
deepseek-v4-pro,436,ok,/home/lpy/workspace/misc/course/Introduction-to-Software-Testing/artifacts/sample_runs/deepseek-v4-pro/cand436_ec2fa6bd5695,ec2fa6bd5695b36435cc66ca4cdd8183d077a0cf,"LANG-1224: Extend RandomStringUtils with methods that generate strings between a min and max length (closes #101, closes #157)",src/test/java/org/apache/commons/lang3/RandomStringUtilsTest.java,17,17,17,1.0000,6,6,6,1.0000,0,0,0,1.0000,0,0,0,1.0000,86,86,1.0000,"{""assertEquals"": 21, ""assertFalse"": 1, ""assertNotNull"": 1, ""assertThat"": 18, ""assertTrue"": 30, ""fail"": 15}","{""assertEquals"": 21, ""assertFalse"": 1, ""assertNotNull"": 1, ""assertThat"": 18, ""assertTrue"": 30, ""fail"": 15}",1.0000,0,0,"[""testRandomAlphabeticRange"", ""testRandomAlphanumericRange"", ""testRandomAsciiRange"", ""testRandomGraphRange"", ""testRandomNumericRange"", ""testRandomPrintRange""]","[""testRandomAlphabeticRange"", ""testRandomAlphanumericRange"", ""testRandomAsciiRange"", ""testRandomGraphRange"", ""testRandomNumericRange"", ""testRandomPrintRange""]",[],[],[],[],
deepseek-v4-pro,437,ok,/home/lpy/workspace/misc/course/Introduction-to-Software-Testing/artifacts/sample_runs/deepseek-v4-pro/cand437_ec93f3b7f59a,ec93f3b7f59a6f6bc489bc3ffda932a6ca9fe6ca,"StringUtils.join(Iterator, String) should only return null when the Iterator is null",src/test/java/org/apache/commons/lang3/StringUtilsTest.java,159,159,159,1.0000,0,0,0,1.0000,0,0,0,1.0000,1,1,1,1.0000,1602,1602,1.0000,"{""assertAbbreviateWithAbbrevMarkerAndOffset"": 21, ""assertAbbreviateWithOffset"": 20, ""assertArrayEquals"": 12, ""assertEquals"": 1236, ""assertFalse"": 31, ""assertNotEquals"": 2, ""assertNotNull"": 2, ""assertNull"": 192, ""assertSame"": 7, ""assertThrows"": 47, ""assertTrue"": 32}","{""assertAbbreviateWithAbbrevMarkerAndOffset"": 21, ""assertAbbreviateWithOffset"": 20, ""assertArrayEquals"": 12, ""assertEquals"": 1236, ""assertFalse"": 31, ""assertNotEquals"": 2, ""assertNotNull"": 2, ""assertNull"": 192, ""assertSame"": 7, ""assertThrows"": 47, ""assertTrue"": 32}",1.0000,47,47,[],[],[],[],"[""testJoin_IteratorChar""]","[""testJoin_IteratorChar""]",
deepseek-v4-pro,438,ok,/home/lpy/workspace/misc/course/Introduction-to-Software-Testing/artifacts/sample_runs/deepseek-v4-pro/cand438_ee09f69951c0,ee09f69951c0867c0ade41658effb6f48a49eec1,MethodUtils cannot find or invoke a vararg method without providing vararg types or values #1427,src/test/java/org/apache/commons/lang3/reflect/MethodUtilsTest.java,55,55,55,1.0000,0,0,0,1.0000,0,0,0,1.0000,2,2,2,1.0000,304,304,1.0000,"{""assertArrayEquals"": 15, ""assertEquals"": 171, ""assertFalse"": 8, ""assertNotNull"": 21, ""assertNotSame"": 2, ""assertNull"": 27, ""assertNullPointerException"": 13, ""assertSame"": 6, ""assertThrows"": 21, ""assertTrue"": 20}","{""assertArrayEquals"": 15, ""assertEquals"": 171, ""assertFalse"": 8, ""assertNotNull"": 21, ""assertNotSame"": 2, ""assertNull"": 27, ""assertNullPointerException"": 13, ""assertSame"": 6, ""assertThrows"": 21, ""assertTrue"": 20}",1.0000,21,21,[],[],[],[],"[""testInvokeMethod1PlusVarArgs"", ""testInvokeStaticMethod1PlusVarArgs""]","[""testInvokeMethod1PlusVarArgs"", ""testInvokeStaticMethod1PlusVarArgs""]",
deepseek-v4-pro,439,ok,/home/lpy/workspace/misc/course/Introduction-to-Software-Testing/artifacts/sample_runs/deepseek-v4-pro/cand439_ef3015cc99f7,ef3015cc99f7bd51862c1d95014e8332d24c2341,[LANG-1304] StringUtils method to check for mixed case in string (closes #223),src/test/java/org/apache/commons/lang3/StringUtilsTest.java,144,144,144,1.0000,1,1,1,1.0000,0,0,0,1.0000,0,0,0,1.0000,1519,1519,1.0000,"{""assertAbbreviateWithAbbrevMarkerAndOffset"": 21, ""assertAbbreviateWithOffset"": 21, ""assertArrayEquals"": 8, ""assertEquals"": 1195, ""assertFalse"": 30, ""assertNotNull"": 2, ""assertNull"": 150, ""assertSame"": 3, ""assertTrue"": 53, ""fail"": 36}","{""assertAbbreviateWithAbbrevMarkerAndOffset"": 21, ""assertAbbreviateWithOffset"": 21, ""assertArrayEquals"": 8, ""assertEquals"": 1195, ""assertFalse"": 30, ""assertNotNull"": 2, ""assertNull"": 150, ""assertSame"": 3, ""assertTrue"": 53, ""fail"": 36}",1.0000,13,13,"[""testIsMixedCase""]","[""testIsMixedCase""]",[],[],[],[],
deepseek-v4-pro,440,ok,/home/lpy/workspace/misc/course/Introduction-to-Software-Testing/artifacts/sample_runs/deepseek-v4-pro/cand440_ef3d5d93a30b,ef3d5d93a30ba3934b8f02b88c048451aad8e87a,Add ArrayUtils.startsWith(),src/test/java/org/apache/commons/lang3/ArrayUtilsTest.java,344,344,344,1.0000,1,1,1,1.0000,0,0,0,1.0000,0,0,0,1.0000,3327,3327,1.0000,"{""assertArrayEquals"": 113, ""assertEquals"": 1199, ""assertFalse"": 1020, ""assertInstanceOf"": 1, ""assertIsEquals"": 9, ""assertNotEquals"": 1, ""assertNotNull"": 2, ""assertNotSame"": 30, ""assertNull"": 98, ""assertSame"": 71, ""assertThrows"": 24, ""assertTrue"": 759}","{""assertArrayEquals"": 113, ""assertEquals"": 1199, ""assertFalse"": 1020, ""assertInstanceOf"": 1, ""assertIsEquals"": 9, ""assertNotEquals"": 1, ""assertNotNull"": 2, ""assertNotSame"": 30, ""assertNull"": 98, ""assertSame"": 71, ""assertThrows"": 24, ""assertTrue"": 759}",1.0000,24,24,"[""testStartsWith""]","[""testStartsWith""]",[],[],[],[],
deepseek-v4-pro,441,ok,/home/lpy/workspace/misc/course/Introduction-to-Software-Testing/artifacts/sample_runs/deepseek-v4-pro/cand441_efba54d35fa0,efba54d35fa094de5e580b200a8607bfc7bd5a7a,"[LANG-1393] Add API SystemUtils.String getEnvironmentVariable(final String name, final String defaultValue).",src/test/java/org/apache/commons/lang3/SystemUtilsTest.java,17,17,17,1.0000,2,2,2,1.0000,0,0,0,1.0000,0,0,0,1.0000,360,360,1.0000,"{""assertEquals"": 7, ""assertFalse"": 247, ""assertNotNull"": 6, ""assertNull"": 1, ""assertTrue"": 99}","{""assertEquals"": 7, ""assertFalse"": 247, ""assertNotNull"": 6, ""assertNull"": 1, ""assertTrue"": 99}",1.0000,0,0,"[""testGetEnvironmentVariableAbsent"", ""testGetEnvironmentVariablePresent""]","[""testGetEnvironmentVariableAbsent"", ""testGetEnvironmentVariablePresent""]",[],[],[],[],
deepseek-v4-pro,442,ok,/home/lpy/workspace/misc/course/Introduction-to-Software-Testing/artifacts/sample_runs/deepseek-v4-pro/cand442_f1aed3eacb50,f1aed3eacb500f581f0c10074bdb7faaacfa4a49,Add StopWatch.getStartInstant() and deprecate getStartTime(),src/test/java/org/apache/commons/lang3/time/StopWatchTest.java,22,22,22,1.0000,1,1,1,1.0000,0,0,0,1.0000,0,0,0,1.0000,70,70,1.0000,"{""assertEquals"": 19, ""assertFalse"": 7, ""assertNotEquals"": 1, ""assertNull"": 1, ""assertThat"": 21, ""assertThrows"": 15, ""assertTrue"": 6}","{""assertEquals"": 19, ""assertFalse"": 7, ""assertNotEquals"": 1, ""assertNull"": 1, ""assertThat"": 21, ""assertThrows"": 15, ""assertTrue"": 6}",1.0000,15,15,"[""testGetStartInstant""]","[""testGetStartInstant""]",[],[],[],[],
deepseek-v4-pro,443,ok,/home/lpy/workspace/misc/course/Introduction-to-Software-Testing/artifacts/sample_runs/deepseek-v4-pro/cand443_f2cacb4732f1,f2cacb4732f1d4aeae03faced4ee922d592f7e9d,Add org.apache.commons.lang3.SystemProperties.getUserName(Supplier<String>),src/test/java/org/apache/commons/lang3/SystemPropertiesTest.java,46,46,46,1.0000,0,0,0,1.0000,0,0,0,1.0000,1,1,1,1.0000,64,64,1.0000,"{""assertDoesNotThrow"": 5, ""assertEquals"": 10, ""assertFalse"": 2, ""assertNotNull"": 38, ""assertNull"": 9}","{""assertDoesNotThrow"": 5, ""assertEquals"": 10, ""assertFalse"": 2, ""assertNotNull"": 38, ""assertNull"": 9}",1.0000,0,0,[],[],[],[],"[""testGetUserName""]","[""testGetUserName""]",
deepseek-v4-pro,444,ok,/home/lpy/workspace/misc/course/Introduction-to-Software-Testing/artifacts/sample_runs/deepseek-v4-pro/cand444_f2d8493ac449,f2d8493ac44995170ff84bb895e3a73e0127cc68,LANG-1346: Remove deprecation from RandomStringUtils,src/test/java/org/apache/commons/lang3/RandomStringUtilsTest.java,18,18,18,1.0000,0,0,0,1.0000,0,0,0,1.0000,0,0,0,1.0000,89,89,1.0000,"{""assertEquals"": 21, ""assertFalse"": 1, ""assertNotNull"": 1, ""assertThat"": 18, ""assertTrue"": 31, ""fail"": 17}","{""assertEquals"": 21, ""assertFalse"": 1, ""assertNotNull"": 1, ""assertThat"": 18, ""assertTrue"": 31, ""fail"": 17}",1.0000,0,0,[],[],[],[],[],[],
deepseek-v4-pro,445,ok,/home/lpy/workspace/misc/course/Introduction-to-Software-Testing/artifacts/sample_runs/deepseek-v4-pro/cand445_f431d2eeb71c,f431d2eeb71c1e0cf910cdd4d930153e656379c3,"Add ArrayFill.fill(boolean[], boolean) #1386",src/test/java/org/apache/commons/lang3/ArrayFillTest.java,19,19,19,1.0000,0,0,0,1.0000,0,0,0,1.0000,0,0,0,1.0000,33,33,1.0000,"{""assertArrayEquals"": 3, ""assertEquals"": 10, ""assertNull"": 1, ""assertSame"": 19}","{""assertArrayEquals"": 3, ""assertEquals"": 10, ""assertNull"": 1, ""assertSame"": 19}",1.0000,0,0,[],[],[],[],[],[],
deepseek-v4-pro,448,ok,/home/lpy/workspace/misc/course/Introduction-to-Software-Testing/artifacts/sample_runs/deepseek-v4-pro/cand448_f56931c176fe,f56931c176fef5e164b681c740746aebdccccec3,LANG-1380: FastDateParser too strict on abbreviated short month symbols,src/test/java/org/apache/commons/lang3/time/FastDateParserTest.java,38,38,38,1.0000,1,1,1,1.0000,0,0,0,1.0000,0,0,0,1.0000,72,72,1.0000,"{""assertEquals"": 63, ""assertFalse"": 1, ""assertTrue"": 2, ""fail"": 6}","{""assertEquals"": 63, ""assertFalse"": 1, ""assertTrue"": 2, ""fail"": 6}",1.0000,1,1,"[""testLang1380""]","[""testLang1380""]",[],[],[],[],
deepseek-v4-pro,449,ok,/home/lpy/workspace/misc/course/Introduction-to-Software-Testing/artifacts/sample_runs/deepseek-v4-pro/cand449_f643b4fa939e,f643b4fa939e89348618ddffae20a804f4461363,Fix for LANG-1286: RandomStringUtils random method can overflow...,src/test/java/org/apache/commons/lang3/RandomStringUtilsTest.java,18,18,18,1.0000,1,1,1,1.0000,0,0,0,1.0000,0,0,0,1.0000,89,89,1.0000,"{""assertEquals"": 21, ""assertFalse"": 1, ""assertNotNull"": 1, ""assertThat"": 18, ""assertTrue"": 31, ""fail"": 17}","{""assertEquals"": 21, ""assertFalse"": 1, ""assertNotNull"": 1, ""assertThat"": 18, ""assertTrue"": 31, ""fail"": 17}",1.0000,0,0,"[""testCharOverflow""]","[""testCharOverflow""]",[],[],[],[],
deepseek-v4-pro,451,ok,/home/lpy/workspace/misc/course/Introduction-to-Software-Testing/artifacts/sample_runs/deepseek-v4-pro/cand451_fb42e80e9293,fb42e80e929334aa393de029dfc47cd309826a19,Add SystemUtils.getUserHomePath(),src/test/java/org/apache/commons/lang3/SystemUtilsTest.java,24,24,24,1.0000,1,1,1,1.0000,0,0,0,1.0000,0,0,0,1.0000,1125,1125,1.0000,"{""assertEquals"": 12, ""assertFalse"": 844, ""assertNotNull"": 10, ""assertNull"": 1, ""assertTrue"": 258}","{""assertEquals"": 12, ""assertFalse"": 844, ""assertNotNull"": 10, ""assertNull"": 1, ""assertTrue"": 258}",1.0000,0,0,"[""testGetUserHomePath""]","[""testGetUserHomePath""]",[],[],[],[],
deepseek-v4-pro,452,ok,/home/lpy/workspace/misc/course/Introduction-to-Software-Testing/artifacts/sample_runs/deepseek-v4-pro/cand452_fb4803623b8f,fb4803623b8f089a8dfd265a68461f4283e7ffad,LANG-1312: LocaleUtils#toLocale does not support language followed by UN M.49 numeric-3 area code followed by variant,src/test/java/org/apache/commons/lang3/LocaleUtilsTest.java,16,16,16,1.0000,0,0,0,1.0000,0,0,0,1.0000,1,1,1,1.0000,129,129,1.0000,"{""assertCountriesByLanguage"": 5, ""assertEquals"": 22, ""assertFalse"": 1, ""assertLanguageByCountry"": 5, ""assertLocaleLookupList"": 17, ""assertNotNull"": 9, ""assertNull"": 1, ""assertSame"": 4, ""assertTrue"": 8, ""assertUnmodifiableCollection"": 6, ""assertValidToLocale"": 26, ""fail"": 25}","{""assertCountriesByLanguage"": 5, ""assertEquals"": 22, ""assertFalse"": 1, ""assertLanguageByCountry"": 5, ""assertLocaleLookupList"": 17, ""assertNotNull"": 9, ""assertNull"": 1, ""assertSame"": 4, ""assertTrue"": 8, ""assertUnmodifiableCollection"": 6, ""assertValidToLocale"": 26, ""fail"": 25}",1.0000,0,0,[],[],[],[],"[""testLanguageAndUNM49Numeric3AreaCodeLang1312""]","[""testLanguageAndUNM49Numeric3AreaCodeLang1312""]",
deepseek-v4-pro,453,ok,/home/lpy/workspace/misc/course/Introduction-to-Software-Testing/artifacts/sample_runs/deepseek-v4-pro/cand453_fbb0f7f88c84,fbb0f7f88c84001e0a92dae6a71b7e43bda65a56,LANG-995: Fix bug with stripping spaces on last line in WordUtils.wrap(). This fixes #18 from github. Thanks to Andrey Khobnya,src/test/java/org/apache/commons/lang3/text/WordUtilsTest.java,12,12,12,1.0000,0,0,0,1.0000,0,0,0,1.0000,1,1,1,1.0000,189,189,1.0000,"{""assertEquals"": 185, ""assertFalse"": 1, ""assertNotNull"": 1, ""assertTrue"": 2}","{""assertEquals"": 185, ""assertFalse"": 1, ""assertNotNull"": 1, ""assertTrue"": 2}",1.0000,0,0,[],[],[],[],"[""testWrap_StringInt""]","[""testWrap_StringInt""]",
deepseek-v4-pro,454,ok,/home/lpy/workspace/misc/course/Introduction-to-Software-Testing/artifacts/sample_runs/deepseek-v4-pro/cand454_fc73151cfca3,fc73151cfca36ea2641f340700dbe339b9e1f103,LANG-1131: StrBuilder.equals(StrBuilder) doesn't check for null inputs,src/test/java/org/apache/commons/lang3/text/StrBuilderTest.java,91,91,91,1.0000,1,1,1,1.0000,0,0,0,1.0000,0,0,0,1.0000,664,664,1.0000,"{""assertEquals"": 511, ""assertFalse"": 27, ""assertNotNull"": 2, ""assertNotSame"": 2, ""assertSame"": 12, ""assertTrue"": 72, ""fail"": 38}","{""assertEquals"": 511, ""assertFalse"": 27, ""assertNotNull"": 2, ""assertNotSame"": 2, ""assertSame"": 12, ""assertTrue"": 72, ""fail"": 38}",1.0000,0,0,"[""test_LANG_1131_EqualsWithNullStrBuilder""]","[""test_LANG_1131_EqualsWithNullStrBuilder""]",[],[],[],[],
deepseek-v4-pro,455,ok,/home/lpy/workspace/misc/course/Introduction-to-Software-Testing/artifacts/sample_runs/deepseek-v4-pro/cand455_fd6fbe280d90,fd6fbe280d90338f640c5acc92bec12e36f6d6c3,"Return ""null"""" instead of NPE in ClassLoaderUtils.toString(URLClassLoader)",src/test/java/org/apache/commons/lang3/ClassLoaderUtilsTest.java,4,4,4,1.0000,0,0,0,1.0000,0,0,0,1.0000,2,2,2,1.0000,6,6,1.0000,"{""assertEquals"": 4, ""assertNotNull"": 2}","{""assertEquals"": 4, ""assertNotNull"": 2}",1.0000,0,0,[],[],[],[],"[""testToString_ClassLoader"", ""testToString_URLClassLoader""]","[""testToString_ClassLoader"", ""testToString_URLClassLoader""]",
deepseek-v4-pro,456,ok,/home/lpy/workspace/misc/course/Introduction-to-Software-Testing/artifacts/sample_runs/deepseek-v4-pro/cand456_fe43aa478db7,fe43aa478db7008b0c8e76b62e75b111678a8200,Add LongRange.fit(long),src/test/java/org/apache/commons/lang3/LongRangeTest.java,29,29,29,1.0000,0,0,0,1.0000,0,0,0,1.0000,1,1,1,1.0000,165,165,1.0000,"{""assertEquals"": 25, ""assertFalse"": 77, ""assertIllegalArgumentException"": 2, ""assertNotEquals"": 4, ""assertNotNull"": 1, ""assertNullPointerException"": 3, ""assertSame"": 1, ""assertTrue"": 52}","{""assertEquals"": 25, ""assertFalse"": 77, ""assertIllegalArgumentException"": 2, ""assertNotEquals"": 4, ""assertNotNull"": 1, ""assertNullPointerException"": 3, ""assertSame"": 1, ""assertTrue"": 52}",1.0000,0,0,[],[],[],[],"[""testFit""]","[""testFit""]",
deepseek-v4-pro,457,ok,/home/lpy/workspace/misc/course/Introduction-to-Software-Testing/artifacts/sample_runs/deepseek-v4-pro/cand457_fee35ddc141a,fee35ddc141a65a4956290864598e825214c4cff,Add SystemUtils.IS_JAVA_20,src/test/java/org/apache/commons/lang3/SystemUtilsTest.java,20,20,20,1.0000,0,0,0,1.0000,0,0,0,1.0000,1,1,1,1.0000,686,686,1.0000,"{""assertEquals"": 10, ""assertFalse"": 523, ""assertNotNull"": 6, ""assertNull"": 1, ""assertTrue"": 146}","{""assertEquals"": 10, ""assertFalse"": 523, ""assertNotNull"": 6, ""assertNull"": 1, ""assertTrue"": 146}",1.0000,0,0,[],[],[],[],"[""test_IS_JAVA""]","[""test_IS_JAVA""]",
deepseek-v4-pro,458,ok,/home/lpy/workspace/misc/course/Introduction-to-Software-Testing/artifacts/sample_runs/deepseek-v4-pro/cand458_ff415c8f8f21,ff415c8f8f213d40a19f8dc9ac037050ef497bf8,Add Streams.nullSafeStream(Collection). Add Streams.toStream(Collection).,src/test/java/org/apache/commons/lang3/stream/StreamsTest.java,14,14,14,1.0000,4,4,4,1.0000,0,0,0,1.0000,2,2,2,1.0000,43,43,1.0000,"{""assertAll"": 2, ""assertEquals"": 22, ""assertEvenNumbers"": 3, ""assertNotNull"": 1, ""assertThat"": 8, ""assertThrows"": 7}","{""assertAll"": 2, ""assertEquals"": 22, ""assertEvenNumbers"": 3, ""assertNotNull"": 1, ""assertThat"": 8, ""assertThrows"": 7}",1.0000,7,7,"[""testNullSafeStreamNotNull"", ""testNullSafeStreamNull"", ""testToStreamNotNull"", ""testToStreamNull""]","[""testNullSafeStreamNotNull"", ""testNullSafeStreamNull"", ""testToStreamNotNull"", ""testToStreamNull""]",[],[],"[""simpleStreamFilterFailing"", ""testSimpleStreamFilter""]","[""simpleStreamFilterFailing"", ""testSimpleStreamFilter""]",
deepseek-v4-pro,459,ok,/home/lpy/workspace/misc/course/Introduction-to-Software-Testing/artifacts/sample_runs/deepseek-v4-pro/cand459_ff4497aff8cc,ff4497aff8cc9de4e0b2c6e5e23e5b6550f76f29,LANG-1155: Add StringUtils#unwrap,src/test/java/org/apache/commons/lang3/StringUtilsTest.java,144,144,144,1.0000,2,2,2,1.0000,2,2,2,1.0000,0,0,0,1.0000,1492,1492,1.0000,"{""assertAbbreviateWithAbbrevMarkerAndOffset"": 21, ""assertAbbreviateWithOffset"": 21, ""assertArrayEquals"": 5, ""assertEquals"": 1189, ""assertFalse"": 20, ""assertNotNull"": 2, ""assertNull"": 148, ""assertSame"": 3, ""assertTrue"": 47, ""fail"": 36}","{""assertAbbreviateWithAbbrevMarkerAndOffset"": 21, ""assertAbbreviateWithOffset"": 21, ""assertArrayEquals"": 5, ""assertEquals"": 1189, ""assertFalse"": 20, ""assertNotNull"": 2, ""assertNull"": 148, ""assertSame"": 3, ""assertTrue"": 47, ""fail"": 36}",1.0000,16,16,"[""testUnwrap_StringChar"", ""testUnwrap_StringString""]","[""testUnwrap_StringChar"", ""testUnwrap_StringString""]","[""testUnwrapString_Char"", ""testUnwrapString_String""]","[""testUnwrapString_Char"", ""testUnwrapString_String""]",[],[],
deepseek-v4-pro,460,ok,/home/lpy/workspace/misc/course/Introduction-to-Software-Testing/artifacts/sample_runs/deepseek-v4-pro/cand460_ff66cce0ca10,ff66cce0ca10046727e594e0beeed7924dfc7a41,Add SystemUtils.IS_OS_MAC_OSX_SONOMA,src/test/java/org/apache/commons/lang3/SystemUtilsTest.java,20,20,20,1.0000,0,0,0,1.0000,0,0,0,1.0000,1,1,1,1.0000,1071,1071,1.0000,"{""assertEquals"": 12, ""assertFalse"": 814, ""assertNotNull"": 6, ""assertNull"": 1, ""assertTrue"": 238}","{""assertEquals"": 12, ""assertFalse"": 814, ""assertNotNull"": 6, ""assertNull"": 1, ""assertTrue"": 238}",1.0000,0,0,[],[],[],[],"[""test_IS_OS""]","[""test_IS_OS""]",
deepseek-v4-pro,461,ok,/home/lpy/workspace/misc/course/Introduction-to-Software-Testing/artifacts/sample_runs/deepseek-v4-pro/cand461_ffc38b1f3b35,ffc38b1f3b35ddfadb942240b9d2f933ec83d1be,"LANG-1081: DiffBuilder.append(String, Object left, Object right) does not do a left.equals(right) check. This fixes #41 from github. Thanks to Jonathan Baker.",src/test/java/org/apache/commons/lang3/builder/DiffBuilderTest.java,30,30,30,1.0000,3,3,3,1.0000,1,1,1,1.0000,0,0,0,1.0000,75,75,1.0000,"{""assertArrayEquals"": 18, ""assertEquals"": 46, ""assertFalse"": 3, ""assertThat"": 5, ""assertTrue"": 3}","{""assertArrayEquals"": 18, ""assertEquals"": 46, ""assertFalse"": 3, ""assertThat"": 5, ""assertTrue"": 3}",1.0000,2,2,"[""testObjectsNotSameButEqual"", ""testObjectsNotSameNorEqual"", ""testObjectsSameAndEqual""]","[""testObjectsNotSameButEqual"", ""testObjectsNotSameNorEqual"", ""testObjectsSameAndEqual""]","[""testObjectsEqual""]","[""testObjectsEqual""]",[],[],
deepseek-v4-pro,462,ok,/home/lpy/workspace/misc/course/Introduction-to-Software-Testing/artifacts/sample_runs/deepseek-v4-pro/cand462_364d5912b285,364d5912b2853210d078238e62e4989c7c4b57fa,LANG-341: Please add number to byte[] methods. Suggested by Lilianne E. Blaze. Final patch from Vincent Ricard (with thanks to Henri Yandell).,src/test/java/org/apache/commons/lang3/math/NumberUtilsTest.java,82,88,82,0.9318,0,6,0,0.0000,0,0,0,1.0000,5,5,5,1.0000,568,595,0.9546,"{""assertEquals"": 197, ""assertFalse"": 8, ""assertNotNull"": 2, ""assertTrue"": 353, ""fail"": 8}","{""assertArrayEquals"": 12, ""assertEquals"": 207, ""assertFalse"": 8, ""assertNotNull"": 2, ""assertTrue"": 353, ""fail"": 13}",0.8333,28,28,[],"[""testByteArrayConversionArgChecking"", ""testDoubleByteArrayConversion"", ""testFloatByteArrayConversion"", ""testIntByteArrayConversion"", ""testLongByteArrayConversion"", ""testShortByteArrayConversion""]",[],[],"[""testStringToDoubleString"", ""testToFloatString"", ""testToIntString"", ""testToLongString"", ""testToShortString""]","[""testStringToDoubleString"", ""testToFloatString"", ""testToIntString"", ""testToLongString"", ""testToShortString""]",
deepseek-v4-pro,463,ok,/home/lpy/workspace/misc/course/Introduction-to-Software-Testing/artifacts/sample_runs/deepseek-v4-pro/cand463_71c905200de7,71c905200de7d1d260a2a40a29d96c7e8a976a6e,Optimize ObjectToStringComparator.compare() method,src/test/java/org/apache/commons/lang3/compare/ObjectToStringComparatorTest.java,5,5,5,1.0000,3,3,3,1.0000,1,1,1,1.0000,0,0,0,1.0000,18,18,1.0000,"{""assertEquals"": 9, ""assertNull"": 6, ""assertSame"": 3}","{""assertEquals"": 9, ""assertNull"": 6, ""assertSame"": 3}",1.0000,0,0,"[""testNullLeft"", ""testNullRight"", ""testNulls""]","[""testNullLeft"", ""testNullRight"", ""testNulls""]","[""testNull""]","[""testNull""]",[],[],
deepseek-v4-pro,464,ok,/home/lpy/workspace/misc/course/Introduction-to-Software-Testing/artifacts/sample_runs/deepseek-v4-pro/cand464_954280893c34,954280893c34f560b35c3eb1c106852110d8ca27,Reverts changes introduced in r1563259. Discussion to be had over correct place for this functionality (likely org.apache.commons.lang3.Conversion).,src/test/java/org/apache/commons/lang3/math/NumberUtilsTest.java,82,82,82,1.0000,0,0,0,1.0000,6,6,6,1.0000,5,5,5,1.0000,568,568,1.0000,"{""assertEquals"": 197, ""assertFalse"": 8, ""assertNotNull"": 2, ""assertTrue"": 353, ""fail"": 8}","{""assertEquals"": 197, ""assertFalse"": 8, ""assertNotNull"": 2, ""assertTrue"": 353, ""fail"": 8}",1.0000,28,28,[],[],"[""testByteArrayConversionArgChecking"", ""testDoubleByteArrayConversion"", ""testFloatByteArrayConversion"", ""testIntByteArrayConversion"", ""testLongByteArrayConversion"", ""testShortByteArrayConversion""]","[""testByteArrayConversionArgChecking"", ""testDoubleByteArrayConversion"", ""testFloatByteArrayConversion"", ""testIntByteArrayConversion"", ""testLongByteArrayConversion"", ""testShortByteArrayConversion""]","[""testStringToDoubleString"", ""testToFloatString"", ""testToIntString"", ""testToLongString"", ""testToShortString""]","[""testStringToDoubleString"", ""testToFloatString"", ""testToIntString"", ""testToLongString"", ""testToShortString""]",
deepseek-v4-pro,465,ok,/home/lpy/workspace/misc/course/Introduction-to-Software-Testing/artifacts/sample_runs/deepseek-v4-pro/cand465_b2e7374bfb91,b2e7374bfb91b54d49dfb4d327de639ff1f4b127,Add BooleanUtils.booleanValues(). Add BooleanUtils.primitiveValues().,src/test/java/org/apache/commons/lang3/BooleanUtilsTest.java,74,74,74,1.0000,2,2,2,1.0000,0,0,0,1.0000,0,0,0,1.0000,286,286,1.0000,"{""assertArrayEquals"": 2, ""assertEquals"": 96, ""assertFalse"": 33, ""assertNotNull"": 1, ""assertNull"": 17, ""assertSame"": 9, ""assertThrows"": 25, ""assertTrue"": 103}","{""assertArrayEquals"": 2, ""assertEquals"": 96, ""assertFalse"": 33, ""assertNotNull"": 1, ""assertNull"": 17, ""assertSame"": 9, ""assertThrows"": 25, ""assertTrue"": 103}",1.0000,25,25,"[""test_booleanValues"", ""test_primitiveValues""]","[""test_booleanValues"", ""test_primitiveValues""]",[],[],[],[],
deepseek-v4-pro,466,ok,/home/lpy/workspace/misc/course/Introduction-to-Software-Testing/artifacts/sample_runs/deepseek-v4-pro/cand466_bc16e0109a30,bc16e0109a30b819c50895e157830fe9b3f8e93f,PR: LANG-1447,src/test/java/org/apache/commons/lang3/FunctionsTest.java,15,15,15,1.0000,8,8,8,1.0000,0,0,0,1.0000,0,0,0,1.0000,100,100,1.0000,"{""assertEquals"": 10, ""assertNotNull"": 20, ""assertSame"": 27, ""assertThrows"": 33, ""assertTrue"": 10}","{""assertEquals"": 10, ""assertNotNull"": 20, ""assertSame"": 27, ""assertThrows"": 33, ""assertTrue"": 10}",1.0000,33,33,"[""testAsBiConsumer"", ""testAsBiFunction"", ""testAsCallable"", ""testAsConsumer"", ""testAsFunction"", ""testAsRunnable"", ""testAsSupplier"", ""testGetFromSupplier""]","[""testAsBiConsumer"", ""testAsBiFunction"", ""testAsCallable"", ""testAsConsumer"", ""testAsFunction"", ""testAsRunnable"", ""testAsSupplier"", ""testGetFromSupplier""]",[],[],[],[],
deepseek-v4-pro,467,ok,/home/lpy/workspace/misc/course/Introduction-to-Software-Testing/artifacts/sample_runs/deepseek-v4-pro/cand467_c288d296018a,c288d296018a48eb88526b05b62419170cc63a6b,LANG-934 - Add removeFinalModifier to FieldUtils,src/test/java/org/apache/commons/lang3/reflect/FieldUtilsTest.java,53,53,53,1.0000,1,1,1,1.0000,0,0,0,1.0000,0,0,0,1.0000,299,299,1.0000,"{""assertArrayEquals"": 3, ""assertEquals"": 162, ""assertFalse"": 2, ""assertNotNull"": 1, ""assertNull"": 23, ""assertTrue"": 3, ""fail"": 105}","{""assertArrayEquals"": 3, ""assertEquals"": 162, ""assertFalse"": 2, ""assertNotNull"": 1, ""assertNull"": 23, ""assertTrue"": 3, ""fail"": 105}",1.0000,21,21,"[""testRemoveFinalModifier""]","[""testRemoveFinalModifier""]",[],[],[],[],
deepseek-v4-pro,468,ok,/home/lpy/workspace/misc/course/Introduction-to-Software-Testing/artifacts/sample_runs/deepseek-v4-pro/cand468_da246244aebf,da246244aebf91571b0689e3dee97fce0ad52b23,Add StopWatch.run([Failable]Runnable) and get([Failable]Supplier),src/test/java/org/apache/commons/lang3/time/StopWatchTest.java,26,26,26,1.0000,2,2,2,1.0000,0,0,0,1.0000,1,1,1,1.0000,118,118,1.0000,"{""assertEquals"": 35, ""assertFalse"": 7, ""assertNotEquals"": 1, ""assertNull"": 1, ""assertThat"": 10, ""assertThrows"": 17, ""assertTrue"": 47}","{""assertEquals"": 35, ""assertFalse"": 7, ""assertNotEquals"": 1, ""assertNull"": 1, ""assertThat"": 10, ""assertThrows"": 17, ""assertTrue"": 47}",1.0000,17,17,"[""testGet"", ""testRun""]","[""testGet"", ""testRun""]",[],[],"[""testSuspend""]","[""testSuspend""]",
deepseek-v4-pro,469,ok,/home/lpy/workspace/misc/course/Introduction-to-Software-Testing/artifacts/sample_runs/deepseek-v4-pro/cand469_f4c2ed4995d1,f4c2ed4995d19c595ec0bf5c49d210df9046fda9,LANG-1518 - fix searchSupers for generic classes (#494),src/test/java/org/apache/commons/lang3/reflect/MethodUtilsTest.java,42,42,42,1.0000,0,0,0,1.0000,0,0,0,1.0000,2,2,2,1.0000,194,194,1.0000,"{""assertArrayEquals"": 8, ""assertEquals"": 118, ""assertFalse"": 2, ""assertNotNull"": 15, ""assertNotSame"": 1, ""assertNull"": 18, ""assertSame"": 4, ""assertThat"": 3, ""assertThrows"": 17, ""assertTrue"": 8}","{""assertArrayEquals"": 8, ""assertEquals"": 118, ""assertFalse"": 2, ""assertNotNull"": 15, ""assertNotSame"": 1, ""assertNull"": 18, ""assertSame"": 4, ""assertThat"": 3, ""assertThrows"": 17, ""assertTrue"": 8}",1.0000,17,17,[],[],[],[],"[""testGetAnnotationSearchSupersAndIgnoreAccess"", ""testGetAnnotationSearchSupersButNotIgnoreAccess""]","[""testGetAnnotationSearchSupersAndIgnoreAccess"", ""testGetAnnotationSearchSupersButNotIgnoreAccess""]",
deepseek-v4-pro,470,ok,/home/lpy/workspace/misc/course/Introduction-to-Software-Testing/artifacts/sample_runs/deepseek-v4-pro/cand470_1d5ba7a1109b,1d5ba7a1109ba6bf5b7948ece6add47d57f9d6c2,MethodUtils cannot find or invoke a public method on a public class implemented in its package-private superclass,src/test/java/org/apache/commons/lang3/reflect/MethodUtilsTest.java,44,45,44,0.9778,0,1,0,0.0000,0,0,0,1.0000,5,5,5,1.0000,233,246,0.9472,"{""assertArrayEquals"": 8, ""assertEquals"": 131, ""assertFalse"": 2, ""assertNotNull"": 17, ""assertNotSame"": 2, ""assertNull"": 27, ""assertNullPointerException"": 13, ""assertSame"": 6, ""assertThrows"": 15, ""assertTrue"": 12}","{""assertArrayEquals"": 8, ""assertEquals"": 139, ""assertFalse"": 5, ""assertNotNull"": 19, ""assertNotSame"": 2, ""assertNull"": 27, ""assertNullPointerException"": 13, ""assertSame"": 6, ""assertThrows"": 15, ""assertTrue"": 12}",1.0000,15,15,[],"[""testGetAccessibleMethodPublicSub""]",[],[],"[""testGetAccessibleInterfaceMethod"", ""testGetAccessibleInterfaceMethodFromDescription"", ""testGetAccessibleMethodInaccessible"", ""testGetAccessiblePublicMethod"", ""testGetAccessiblePublicMethodFromDescription""]","[""testGetAccessibleInterfaceMethod"", ""testGetAccessibleInterfaceMethodFromDescription"", ""testGetAccessibleMethodInaccessible"", ""testGetAccessiblePublicMethod"", ""testGetAccessiblePublicMethodFromDescription""]",
deepseek-v4-pro,471,ok,/home/lpy/workspace/misc/course/Introduction-to-Software-Testing/artifacts/sample_runs/deepseek-v4-pro/cand471_46007c151e4c,46007c151e4cd79891eed4d289ff372ba39d5b8c,"LANG-1317: Adds MethodUtils#findAnnotation and extend MethodUtils#getMethodsWithAnnotation for non-public, super-class and interface methods (closes #261)",src/test/java/org/apache/commons/lang3/reflect/MethodUtilsTest.java,40,40,40,1.0000,11,11,11,1.0000,0,0,0,1.0000,0,0,0,1.0000,173,173,1.0000,"{""assertArrayEquals"": 7, ""assertEquals"": 114, ""assertFalse"": 2, ""assertNotNull"": 11, ""assertNotSame"": 1, ""assertNull"": 14, ""assertSame"": 4, ""assertThat"": 3, ""assertTrue"": 9, ""fail"": 8}","{""assertArrayEquals"": 7, ""assertEquals"": 114, ""assertFalse"": 2, ""assertNotNull"": 11, ""assertNotSame"": 1, ""assertNull"": 14, ""assertSame"": 4, ""assertThat"": 3, ""assertTrue"": 9, ""fail"": 8}",1.0000,9,9,"[""testGetAnnotationIllegalArgumentException1"", ""testGetAnnotationIllegalArgumentException2"", ""testGetAnnotationIllegalArgumentException3"", ""testGetAnnotationNotSearchSupersAndNotIgnoreAccess"", ""testGetAnnotationNotSearchSupersButIgnoreAccess"", ""testGetAnnotationSearchSupersAndIgnoreAccess"", ""testGetAnnotationSearchSupersButNotIgnoreAccess"", ""testGetMethodsWithAnnotationNotSearchSupersAndNotIgnoreAccess"", ""testGetMethodsWithAnnotationNotSearchSupersButIgnoreAccess"", ""testGetMethodsWithAnnotationSearchSupersAndIgnoreAccess"", ""testGetMethodsWithAnnotationSearchSupersButNotIgnoreAccess""]","[""testGetAnnotationIllegalArgumentException1"", ""testGetAnnotationIllegalArgumentException2"", ""testGetAnnotationIllegalArgumentException3"", ""testGetAnnotationNotSearchSupersAndNotIgnoreAccess"", ""testGetAnnotationNotSearchSupersButIgnoreAccess"", ""testGetAnnotationSearchSupersAndIgnoreAccess"", ""testGetAnnotationSearchSupersButNotIgnoreAccess"", ""testGetMethodsWithAnnotationNotSearchSupersAndNotIgnoreAccess"", ""testGetMethodsWithAnnotationNotSearchSupersButIgnoreAccess"", ""testGetMethodsWithAnnotationSearchSupersAndIgnoreAccess"", ""testGetMethodsWithAnnotationSearchSupersButNotIgnoreAccess""]",[],[],[],[],
deepseek-v4-pro,472,ok,/home/lpy/workspace/misc/course/Introduction-to-Software-Testing/artifacts/sample_runs/deepseek-v4-pro/cand472_e5e1339e444a,e5e1339e444a2e0c0835b318a20b38c170de15d5,[LANG-1461] Add null-safe StringUtils APIs to wrap String#getBytes([Charset|String]).</action>,src/test/java/org/apache/commons/lang3/StringUtilsTest.java,147,147,147,1.0000,2,2,2,1.0000,0,0,0,1.0000,1,1,1,1.0000,1539,1539,1.0000,"{""assertAbbreviateWithAbbrevMarkerAndOffset"": 21, ""assertAbbreviateWithOffset"": 21, ""assertArrayEquals"": 12, ""assertEquals"": 1186, ""assertFalse"": 30, ""assertNotNull"": 2, ""assertNull"": 184, ""assertSame"": 3, ""assertThrows"": 47, ""assertTrue"": 33}","{""assertAbbreviateWithAbbrevMarkerAndOffset"": 21, ""assertAbbreviateWithOffset"": 21, ""assertArrayEquals"": 12, ""assertEquals"": 1186, ""assertFalse"": 30, ""assertNotNull"": 2, ""assertNull"": 184, ""assertSame"": 3, ""assertThrows"": 47, ""assertTrue"": 33}",1.0000,47,47,"[""testGetBytes_Charset"", ""testGetBytes_String""]","[""testGetBytes_Charset"", ""testGetBytes_String""]",[],[],"[""testStringUtilsCharSequenceContract""]","[""testStringUtilsCharSequenceContract""]",
deepseek-v4-pro,473,ok,/home/lpy/workspace/misc/course/Introduction-to-Software-Testing/artifacts/sample_runs/deepseek-v4-pro/cand473_f2bdb0cb74a0,f2bdb0cb74a08b15439abf18df6ac2b52549394a,Add long support to `BitField` (#1561),src/test/java/org/apache/commons/lang3/BitFieldTest.java,16,16,16,1.0000,3,3,3,1.0000,2,2,2,1.0000,13,13,13,1.0000,98,98,1.0000,"{""assertEquals"": 86, ""assertFalse"": 7, ""assertTrue"": 5}","{""assertEquals"": 86, ""assertFalse"": 7, ""assertTrue"": 5}",1.0000,0,0,"[""testByteBoolean"", ""testClearInt"", ""testClearLong""]","[""testByteBoolean"", ""testClearInt"", ""testClearLong""]","[""testByte"", ""testClear""]","[""testByte"", ""testClear""]","[""testClearShort"", ""testGetRawValue"", ""testGetShortRawValue"", ""testGetShortValue"", ""testGetValue"", ""testIsAllSet"", ""testIsSet"", ""testSet"", ""testSetBoolean"", ""testSetShort"", ""testSetShortBoolean"", ""testSetShortValue"", ""testSetValue""]","[""testClearShort"", ""testGetRawValue"", ""testGetShortRawValue"", ""testGetShortValue"", ""testGetValue"", ""testIsAllSet"", ""testIsSet"", ""testSet"", ""testSetBoolean"", ""testSetShort"", ""testSetShortBoolean"", ""testSetShortValue"", ""testSetValue""]",
deepseek-v4-pro,474,ok,/home/lpy/workspace/misc/course/Introduction-to-Software-Testing/artifacts/sample_runs/deepseek-v4-pro/cand474_7cfa8a932869,7cfa8a932869b98c3737f4ed41312d92eb50d636,Change StringUtils arguments from String to CharSequence.,src/test/java/org/apache/commons/lang3/StringUtilsTest.java,0,0,0,1.0000,0,0,0,1.0000,0,0,0,1.0000,0,0,0,1.0000,853,853,1.0000,"{""assertAbbreviateWithOffset"": 21, ""assertEquals"": 768, ""assertFalse"": 13, ""assertNotNull"": 2, ""assertNull"": 21, ""assertSame"": 2, ""assertTrue"": 20, ""fail"": 6}","{""assertAbbreviateWithOffset"": 21, ""assertEquals"": 768, ""assertFalse"": 13, ""assertNotNull"": 2, ""assertNull"": 21, ""assertSame"": 2, ""assertTrue"": 20, ""fail"": 6}",1.0000,0,0,[],[],[],[],[],[],
deepseek-v4-pro,475,ok,/home/lpy/workspace/misc/course/Introduction-to-Software-Testing/artifacts/sample_runs/deepseek-v4-pro/cand475_f382d61a0377,f382d61a03778ccf838c6c051bd8692e4834dec2,Reimplement RandomStringUtils on top of SecureRandom#getInstanceStrong() (#1235),src/test/java/org/apache/commons/lang3/RandomStringUtilsTest.java,19,19,19,1.0000,1,1,1,1.0000,0,0,0,1.0000,0,0,0,1.0000,99,99,1.0000,"{""assertEquals"": 22, ""assertFalse"": 12, ""assertNotEquals"": 3, ""assertNotNull"": 1, ""assertThat"": 20, ""assertThrows"": 17, ""assertTrue"": 23, ""fail"": 1}","{""assertEquals"": 22, ""assertFalse"": 12, ""assertNotEquals"": 3, ""assertNotNull"": 1, ""assertThat"": 20, ""assertThrows"": 17, ""assertTrue"": 23, ""fail"": 1}",1.0000,17,17,"[""testRandomWithChars""]","[""testRandomWithChars""]",[],[],[],[],
deepseek-v4-pro,476,ok,/home/lpy/workspace/misc/course/Introduction-to-Software-Testing/artifacts/sample_runs/deepseek-v4-pro/cand476_344df3015897,344df301589744f0a4dc0f4eea91e078b2f97443,"TimeZones.GMT is a mutable public static final field, setRawOffset() and setID() (#1666)",src/test/java/org/apache/commons/lang3/time/TimeZonesTest.java,1,1,1,1.0000,0,0,0,1.0000,0,0,0,1.0000,1,1,1,1.0000,7,7,1.0000,"{""assertEquals"": 7}","{""assertEquals"": 7}",1.0000,0,0,[],[],[],[],"[""testToTimeZone""]","[""testToTimeZone""]",
deepseek-v4-pro,477,ok,/home/lpy/workspace/misc/course/Introduction-to-Software-Testing/artifacts/sample_runs/deepseek-v4-pro/cand477_7129c43b08da,7129c43b08da58e1c907dd2b90bb58e7a09bf85c,[LANG-1238] Add RegexUtils class instead of overloadinh methods in StringUtils that take a regex to take precompiled Pattern.,src/test/java/org/apache/commons/lang3/StringUtilsTest.java,144,144,144,1.0000,6,6,6,1.0000,6,6,6,1.0000,0,0,0,1.0000,1519,1519,1.0000,"{""assertAbbreviateWithAbbrevMarkerAndOffset"": 21, ""assertAbbreviateWithOffset"": 21, ""assertArrayEquals"": 8, ""assertEquals"": 1175, ""assertFalse"": 30, ""assertNotNull"": 2, ""assertNull"": 170, ""assertSame"": 3, ""assertTrue"": 53, ""fail"": 36}","{""assertAbbreviateWithAbbrevMarkerAndOffset"": 21, ""assertAbbreviateWithOffset"": 21, ""assertArrayEquals"": 8, ""assertEquals"": 1175, ""assertFalse"": 30, ""assertNotNull"": 2, ""assertNull"": 170, ""assertSame"": 3, ""assertTrue"": 53, ""fail"": 36}",1.0000,13,13,"[""testRemoveAll_StringString"", ""testRemoveFirst_StringString"", ""testRemovePattern_StringString"", ""testReplaceAll_StringStringString"", ""testReplaceFirst_StringStringString"", ""testReplacePattern_StringStringString""]","[""testRemoveAll_StringString"", ""testRemoveFirst_StringString"", ""testRemovePattern_StringString"", ""testReplaceAll_StringStringString"", ""testReplaceFirst_StringStringString"", ""testReplacePattern_StringStringString""]","[""testRemoveAll"", ""testRemoveFirst"", ""testRemovePattern"", ""testReplaceAll"", ""testReplaceFirst"", ""testReplacePattern""]","[""testRemoveAll"", ""testRemoveFirst"", ""testRemovePattern"", ""testReplaceAll"", ""testReplaceFirst"", ""testReplacePattern""]",[],[],
deepseek-v4-pro,478,ok,/home/lpy/workspace/misc/course/Introduction-to-Software-Testing/artifacts/sample_runs/deepseek-v4-pro/cand478_74fa00c3c503,74fa00c3c503813da2413b9d5a862bb125ef50e7,LANG-955: Add methods for removing all invalid characters according to XML 1.0 and XML 1.1 in an input string to StringEscapeUtils. Thanks to Adam Hooper,src/test/java/org/apache/commons/lang3/StringEscapeUtilsTest.java,28,28,28,1.0000,2,2,2,1.0000,0,0,0,1.0000,4,4,4,1.0000,152,152,1.0000,"{""assertEquals"": 98, ""assertEscapeJava"": 17, ""assertFalse"": 1, ""assertNotNull"": 1, ""assertTrue"": 4, ""assertUnescapeJava"": 12, ""fail"": 19}","{""assertEquals"": 98, ""assertEscapeJava"": 17, ""assertFalse"": 1, ""assertNotNull"": 1, ""assertTrue"": 4, ""assertUnescapeJava"": 12, ""fail"": 19}",1.0000,0,0,"[""testEscapeXml10"", ""testEscapeXml11""]","[""testEscapeXml10"", ""testEscapeXml11""]",[],[],"[""testEscapeXml"", ""testEscapeXmlAllCharacters"", ""testEscapeXmlSupplementaryCharacters"", ""testLang720""]","[""testEscapeXml"", ""testEscapeXmlAllCharacters"", ""testEscapeXmlSupplementaryCharacters"", ""testLang720""]",
deepseek-v4-pro,479,ok,/home/lpy/workspace/misc/course/Introduction-to-Software-Testing/artifacts/sample_runs/deepseek-v4-pro/cand479_b046e22faf9c,b046e22faf9cd0a7190bd29cf648c154bab1f42f,Add Predicates,src/test/java/org/apache/commons/lang3/ThreadUtilsTest.java,32,32,32,1.0000,1,1,1,1.0000,0,0,0,1.0000,2,2,2,1.0000,65,65,1.0000,"{""assertEquals"": 23, ""assertFalse"": 3, ""assertNotNull"": 4, ""assertNull"": 4, ""assertSame"": 4, ""assertThat"": 3, ""assertThrows"": 18, ""assertTrue"": 6}","{""assertEquals"": 23, ""assertFalse"": 3, ""assertNotNull"": 4, ""assertNull"": 4, ""assertSame"": 4, ""assertThat"": 3, ""assertThrows"": 18, ""assertTrue"": 6}",1.0000,18,18,"[""testDepreacted""]","[""testDepreacted""]",[],[],"[""testComplexThreadGroups"", ""testThreadGroupsNullParent""]","[""testComplexThreadGroups"", ""testThreadGroupsNullParent""]",
deepseek-v4-pro,480,ok,/home/lpy/workspace/misc/course/Introduction-to-Software-Testing/artifacts/sample_runs/deepseek-v4-pro/cand480_0f87dceb80b4,0f87dceb80b432b434dbd81ed4f1ab97c740efc1,Add final modifier to method parameters.,src/test/java/org/apache/commons/lang3/builder/EqualsBuilderTest.java,53,53,53,1.0000,0,0,0,1.0000,0,0,0,1.0000,0,0,0,1.0000,276,276,1.0000,"{""assertEquals"": 7, ""assertFalse"": 21, ""assertNull"": 3, ""assertTrue"": 245}","{""assertEquals"": 7, ""assertFalse"": 21, ""assertNull"": 3, ""assertTrue"": 245}",1.0000,0,0,[],[],[],[],[],[],
deepseek-v4-pro,481,ok,/home/lpy/workspace/misc/course/Introduction-to-Software-Testing/artifacts/sample_runs/deepseek-v4-pro/cand481_10fee7abaf6c,10fee7abaf6c5efd335ccab56876b90baffbec13,LANG-940: Fix deprecation warnings; found some more usages,src/test/java/org/apache/commons/lang3/ObjectUtilsTest.java,36,36,36,1.0000,0,0,0,1.0000,0,0,0,1.0000,2,2,2,1.0000,160,160,1.0000,"{""assertEquals"": 75, ""assertFalse"": 7, ""assertNotNull"": 2, ""assertNotSame"": 2, ""assertNull"": 16, ""assertSame"": 28, ""assertTrue"": 15, ""fail"": 15}","{""assertEquals"": 75, ""assertFalse"": 7, ""assertNotNull"": 2, ""assertNotSame"": 2, ""assertNull"": 16, ""assertSame"": 28, ""assertTrue"": 15, ""fail"": 15}",1.0000,7,7,[],[],[],[],"[""testEquals"", ""testHashCode""]","[""testEquals"", ""testHashCode""]",
deepseek-v4-pro,482,ok,/home/lpy/workspace/misc/course/Introduction-to-Software-Testing/artifacts/sample_runs/deepseek-v4-pro/cand482_2c0b8483606e,2c0b8483606efbfbaccf600e3bc31fe10533e004,FastTimeZone.getGmtTimeZone() Javadoc promises null on no-match; regex always matches. (#1674),src/test/java/org/apache/commons/lang3/time/FastTimeZoneTest.java,14,15,14,0.9333,4,5,4,0.8000,0,0,0,1.0000,0,0,0,1.0000,31,33,0.9394,"{""assertEquals"": 27, ""assertNotNull"": 2, ""assertNull"": 1, ""assertTrue"": 1}","{""assertEquals"": 28, ""assertNotNull"": 3, ""assertNull"": 1, ""assertTrue"": 1}",1.0000,0,0,"[""testGmtOnlyReturnsNonNull"", ""testInvalidStringReturnsNull"", ""testJavadocReflectsLenientBehavior"", ""testPlusOnlyReturnsNonNull""]","[""testEmptyStringReturnsNonNullDespiteJavadoc"", ""testGmtOnlyReturnsNonNull"", ""testInvalidStringReturnsNull"", ""testJavadocReflectsLenientBehavior"", ""testPlusOnlyReturnsNonNull""]",[],[],[],[],
deepseek-v4-pro,483,ok,/home/lpy/workspace/misc/course/Introduction-to-Software-Testing/artifacts/sample_runs/deepseek-v4-pro/cand483_3a0d3b93a81f,3a0d3b93a81fd8c795be4da3bc34f693f7ee9ed3,LANG-1647 (#1069),src/test/java/org/apache/commons/lang3/exception/ExceptionUtilsTest.java,60,60,60,1.0000,7,7,7,1.0000,0,0,0,1.0000,0,0,0,1.0000,289,289,1.0000,"{""assertArrayEquals"": 1, ""assertEquals"": 148, ""assertFalse"": 9, ""assertNotNull"": 1, ""assertNull"": 40, ""assertSame"": 67, ""assertThrows"": 10, ""assertTrue"": 13}","{""assertArrayEquals"": 1, ""assertEquals"": 148, ""assertFalse"": 9, ""assertNotNull"": 1, ""assertNull"": 40, ""assertSame"": 67, ""assertThrows"": 10, ""assertTrue"": 13}",1.0000,10,10,"[""testIsChecked_checked"", ""testIsChecked_error"", ""testIsChecked_null"", ""testIsChecked_unchecked"", ""testIsUnchecked_checked"", ""testIsUnchecked_error"", ""testIsUnchecked_unchecked""]","[""testIsChecked_checked"", ""testIsChecked_error"", ""testIsChecked_null"", ""testIsChecked_unchecked"", ""testIsUnchecked_checked"", ""testIsUnchecked_error"", ""testIsUnchecked_unchecked""]",[],[],[],[],
deepseek-v4-pro,484,ok,/home/lpy/workspace/misc/course/Introduction-to-Software-Testing/artifacts/sample_runs/deepseek-v4-pro/cand484_4cff6633e930,4cff6633e9301647c8815119f99da8932502dc88,LANG-1717: support RISC-V in ArchUtils (#1128),src/test/java/org/apache/commons/lang3/ArchUtilsTest.java,6,6,6,1.0000,0,0,0,1.0000,0,0,0,1.0000,3,3,3,1.0000,81,81,1.0000,"{""assertEquals"": 2, ""assertEqualsArchNotNull"": 10, ""assertEqualsTypeNotNull"": 10, ""assertFalse"": 14, ""assertNotEquals"": 3, ""assertNotEqualsArchNotNull"": 10, ""assertNotEqualsTypeNotNull"": 4, ""assertNotNull"": 9, ""assertNull"": 2, ""assertTrue"": 17}","{""assertEquals"": 2, ""assertEqualsArchNotNull"": 10, ""assertEqualsTypeNotNull"": 10, ""assertFalse"": 14, ""assertNotEquals"": 3, ""assertNotEqualsArchNotNull"": 10, ""assertNotEqualsTypeNotNull"": 4, ""assertNotNull"": 9, ""assertNull"": 2, ""assertTrue"": 17}",1.0000,0,0,[],[],[],[],"[""testArch"", ""testIs32BitJVM"", ""testIs64BitJVM""]","[""testArch"", ""testIs32BitJVM"", ""testIs64BitJVM""]",
deepseek-v4-pro,486,ok,/home/lpy/workspace/misc/course/Introduction-to-Software-Testing/artifacts/sample_runs/deepseek-v4-pro/cand486_553a0474ea11,553a0474ea11a9b61a8de618a3512f29f5a17368,LANG-1433: MethodUtils will throw a NPE if invokeMethod() is called for a var-args method (#407),src/test/java/org/apache/commons/lang3/reflect/MethodUtilsTest.java,42,42,42,1.0000,2,2,2,1.0000,0,0,0,1.0000,0,0,0,1.0000,186,186,1.0000,"{""assertArrayEquals"": 8, ""assertEquals"": 118, ""assertFalse"": 2, ""assertNotNull"": 11, ""assertNotSame"": 1, ""assertNull"": 14, ""assertSame"": 4, ""assertThat"": 3, ""assertThrows"": 17, ""assertTrue"": 8}","{""assertArrayEquals"": 8, ""assertEquals"": 118, ""assertFalse"": 2, ""assertNotNull"": 11, ""assertNotSame"": 1, ""assertNull"": 14, ""assertSame"": 4, ""assertThat"": 3, ""assertThrows"": 17, ""assertTrue"": 8}",1.0000,17,17,"[""testInvokeMethod_VarArgsNotUniqueResolvable"", ""testInvokeMethod_VarArgsWithNullValues""]","[""testInvokeMethod_VarArgsNotUniqueResolvable"", ""testInvokeMethod_VarArgsWithNullValues""]",[],[],[],[],
deepseek-v4-pro,488,ok,/home/lpy/workspace/misc/course/Introduction-to-Software-Testing/artifacts/sample_runs/deepseek-v4-pro/cand488_717f163a6df9,717f163a6df989499dc5df2f1de2e1b6a23ba1e8,Add Streams.of(Iterator),src/test/java/org/apache/commons/lang3/stream/StreamsTest.java,20,20,20,1.0000,2,2,2,1.0000,0,0,0,1.0000,0,0,0,1.0000,57,57,1.0000,"{""assertAll"": 2, ""assertEquals"": 34, ""assertEvenNumbers"": 3, ""assertNotNull"": 1, ""assertThat"": 8, ""assertThrows"": 7, ""assertTrue"": 2}","{""assertAll"": 2, ""assertEquals"": 34, ""assertEvenNumbers"": 3, ""assertNotNull"": 1, ""assertThat"": 8, ""assertThrows"": 7, ""assertTrue"": 2}",1.0000,7,7,"[""testOfIteratorNotNull"", ""testOfIteratorNull""]","[""testOfIteratorNotNull"", ""testOfIteratorNull""]",[],[],[],[],
deepseek-v4-pro,489,ok,/home/lpy/workspace/misc/course/Introduction-to-Software-Testing/artifacts/sample_runs/deepseek-v4-pro/cand489_75fa90e96c3e,75fa90e96c3ea16f92e1a178b257534990ac1616,Use final.,src/test/java/org/apache/commons/lang3/CharSequenceUtilsTest.java,7,7,7,1.0000,0,0,0,1.0000,0,0,0,1.0000,1,1,1,1.0000,20,20,1.0000,"{""assertArrayEquals"": 2, ""assertEquals"": 8, ""assertFalse"": 1, ""assertNotNull"": 1, ""assertNull"": 3, ""assertThrows"": 3, ""assertTrue"": 2}","{""assertArrayEquals"": 2, ""assertEquals"": 8, ""assertFalse"": 1, ""assertNotNull"": 1, ""assertNull"": 3, ""assertThrows"": 3, ""assertTrue"": 2}",1.0000,3,3,[],[],[],[],"[""testNewLastIndexOf""]","[""testNewLastIndexOf""]",
deepseek-v4-pro,490,ok,/home/lpy/workspace/misc/course/Introduction-to-Software-Testing/artifacts/sample_runs/deepseek-v4-pro/cand490_79380dba9197,79380dba919716065f5e16465671782119449a36,DurationUtils.toMillisInt() throws ArithmeticException on long overflows before clamping (#1657),src/test/java/org/apache/commons/lang3/time/DurationUtilsTest.java,17,17,17,1.0000,2,2,2,1.0000,0,0,0,1.0000,0,0,0,1.0000,83,83,1.0000,"{""assertEquals"": 71, ""assertFalse"": 2, ""assertNullPointerException"": 1, ""assertThrows"": 1, ""assertTrue"": 8}","{""assertEquals"": 71, ""assertFalse"": 2, ""assertNullPointerException"": 1, ""assertThrows"": 1, ""assertTrue"": 8}",1.0000,1,1,"[""testToMillisIntOverflowToMaxInteger"", ""testToMillisIntUnderflowToMinInteger""]","[""testToMillisIntOverflowToMaxInteger"", ""testToMillisIntUnderflowToMinInteger""]",[],[],[],[],
deepseek-v4-pro,491,ok,/home/lpy/workspace/misc/course/Introduction-to-Software-Testing/artifacts/sample_runs/deepseek-v4-pro/cand491_b1b409ae4096,b1b409ae4096664a33787bf52be32d9d2eb0cb31,[LANG-1724] Customise text pattern in DiffResult#toString(),src/test/java/org/apache/commons/lang3/builder/DiffResultTest.java,10,10,10,1.0000,1,1,1,1.0000,1,1,1,1.0000,6,6,6,1.0000,15,15,1.0000,"{""assertEquals"": 10, ""assertThrows"": 4, ""assertTrue"": 1}","{""assertEquals"": 10, ""assertThrows"": 4, ""assertTrue"": 1}",1.0000,4,4,"[""testDefaultStyle""]","[""testDefaultStyle""]","[""testNullStyle""]","[""testNullStyle""]","[""testIterator"", ""testLeftAndRightGetters"", ""testListIsNonModifiable"", ""testNullLhs"", ""testNullList"", ""testNullRhs""]","[""testIterator"", ""testLeftAndRightGetters"", ""testListIsNonModifiable"", ""testNullLhs"", ""testNullList"", ""testNullRhs""]",
deepseek-v4-pro,492,ok,/home/lpy/workspace/misc/course/Introduction-to-Software-Testing/artifacts/sample_runs/deepseek-v4-pro/cand492_c1ffdbab5871,c1ffdbab58712cca8463b3edc88f9d5a09b0ca9c,fix checkstyle violations,src/test/java/org/apache/commons/lang3/ClassUtilsTest.java,62,62,62,1.0000,0,0,0,1.0000,0,0,0,1.0000,0,0,0,1.0000,753,753,1.0000,"{""assertArrayEquals"": 2, ""assertEquals"": 335, ""assertFalse"": 171, ""assertGetClassReturnsClass"": 19, ""assertGetClassThrowsClassNotFound"": 10, ""assertGetClassThrowsException"": 3, ""assertGetClassThrowsNullPointerException"": 2, ""assertNotNull"": 1, ""assertNotSame"": 1, ""assertNull"": 15, ""assertSame"": 1, ""assertTrue"": 188, ""fail"": 5}","{""assertArrayEquals"": 2, ""assertEquals"": 335, ""assertFalse"": 171, ""assertGetClassReturnsClass"": 19, ""assertGetClassThrowsClassNotFound"": 10, ""assertGetClassThrowsException"": 3, ""assertGetClassThrowsNullPointerException"": 2, ""assertNotNull"": 1, ""assertNotSame"": 1, ""assertNull"": 15, ""assertSame"": 1, ""assertTrue"": 188, ""fail"": 5}",1.0000,2,2,[],[],[],[],[],[],
deepseek-v4-pro,493,ok,/home/lpy/workspace/misc/course/Introduction-to-Software-Testing/artifacts/sample_runs/deepseek-v4-pro/cand493_c503d742f094,c503d742f094dc2048b72c3f78f5e2e6070a44e1,LANG-1252: better naming and java 6 specifics around handling a leading +,src/test/java/org/apache/commons/lang3/math/NumberUtilsTest.java,96,96,96,1.0000,2,2,2,1.0000,1,1,1,1.0000,3,3,3,1.0000,521,520,1.0019,"{""assertEquals"": 207, ""assertFalse"": 18, ""assertNotNull"": 2, ""assertTrue"": 284, ""fail"": 10}","{""assertEquals"": 207, ""assertFalse"": 18, ""assertNotNull"": 2, ""assertTrue"": 284, ""fail"": 9}",1.0000,32,32,"[""testIsCreatable"", ""testLANG1252""]","[""testIsCreatable"", ""testLANG1252""]","[""testIsNumber""]","[""testIsNumber""]","[""testLANG971"", ""testLANG972"", ""testLANG992""]","[""testLANG971"", ""testLANG972"", ""testLANG992""]",
deepseek-v4-pro,494,ok,/home/lpy/workspace/misc/course/Introduction-to-Software-Testing/artifacts/sample_runs/deepseek-v4-pro/cand494_c9a5e54a7c0b,c9a5e54a7c0b4c0be46940d136677a2c9f052ed7,Add final modifier to local variables.,src/test/java/org/apache/commons/lang3/concurrent/MemoizerTest.java,6,6,6,1.0000,0,0,0,1.0000,0,0,0,1.0000,6,6,6,1.0000,6,6,1.0000,"{""assertEquals"": 3, ""fail"": 3}","{""assertEquals"": 3, ""fail"": 3}",1.0000,4,4,[],[],[],[],"[""testDefaultBehaviourNotToRecalculateExecutionExceptions"", ""testDoesNotRecalculateWhenSetToFalse"", ""testDoesRecalculateWhenSetToTrue"", ""testOnlyCallComputableOnceIfDoesNotThrowException"", ""testWhenComputableThrowsError"", ""testWhenComputableThrowsRuntimeException""]","[""testDefaultBehaviourNotToRecalculateExecutionExceptions"", ""testDoesNotRecalculateWhenSetToFalse"", ""testDoesRecalculateWhenSetToTrue"", ""testOnlyCallComputableOnceIfDoesNotThrowException"", ""testWhenComputableThrowsError"", ""testWhenComputableThrowsRuntimeException""]",
deepseek-v4-pro,495,ok,/home/lpy/workspace/misc/course/Introduction-to-Software-Testing/artifacts/sample_runs/deepseek-v4-pro/cand495_f048e90a3cd1,f048e90a3cd1a9c516ae2b177985affdd4b1b990,Remove whitespace so that svn recognizes Id keyword,src/test/java/org/apache/commons/lang3/time/FastDatePrinterTest.java,14,14,14,1.0000,0,0,0,1.0000,0,0,0,1.0000,0,0,0,1.0000,44,44,1.0000,"{""assertEquals"": 41, ""assertFalse"": 1, ""assertNotNull"": 1, ""assertTrue"": 1}","{""assertEquals"": 41, ""assertFalse"": 1, ""assertNotNull"": 1, ""assertTrue"": 1}",1.0000,0,0,[],[],[],[],[],[],
deepseek-v4-pro,496,ok,/home/lpy/workspace/misc/course/Introduction-to-Software-Testing/artifacts/sample_runs/deepseek-v4-pro/cand496_faa1a1eea544,faa1a1eea544dbdf5c2fa88c622e6e3eedd09837,Internal refactoring,src/test/java/org/apache/commons/lang3/builder/DiffBuilderTest.java,33,33,33,1.0000,0,0,0,1.0000,0,0,0,1.0000,16,16,16,1.0000,82,82,1.0000,"{""assertArrayEquals"": 18, ""assertEquals"": 51, ""assertNotEquals"": 1, ""assertNotSame"": 2, ""assertSame"": 1, ""assertThat"": 5, ""assertThrows"": 4}","{""assertArrayEquals"": 18, ""assertEquals"": 51, ""assertNotEquals"": 1, ""assertNotSame"": 2, ""assertSame"": 1, ""assertThat"": 5, ""assertThrows"": 4}",1.0000,4,4,[],[],[],[],"[""testBoolean"", ""testBooleanArray"", ""testByte"", ""testByteArray"", ""testByteArrayEqualAsObject"", ""testCharArray"", ""testDiffResult"", ""testDoubleArray"", ""testFloatArray"", ""testIntArray"", ""testLongArray"", ""testObjectArray"", ""testObjectArrayEqual"", ""testSameObjectIgnoresAppends"", ""testShortArray"", ""testSimilarObjectIgnoresAppends""]","[""testBoolean"", ""testBooleanArray"", ""testByte"", ""testByteArray"", ""testByteArrayEqualAsObject"", ""testCharArray"", ""testDiffResult"", ""testDoubleArray"", ""testFloatArray"", ""testIntArray"", ""testLongArray"", ""testObjectArray"", ""testObjectArrayEqual"", ""testSameObjectIgnoresAppends"", ""testShortArray"", ""testSimilarObjectIgnoresAppends""]",
deepseek-v4-pro,497,ok,/home/lpy/workspace/misc/course/Introduction-to-Software-Testing/artifacts/sample_runs/deepseek-v4-pro/cand497_00e530042f48,00e530042f481d1000be27584cf05be939a42bb0,[LANG-1745] RandomStringUtils.random() with a negative character index should throw IllegalArgumentException (#1247),src/test/java/org/apache/commons/lang3/RandomStringUtilsTest.java,24,24,24,1.0000,6,6,6,1.0000,1,1,1,1.0000,0,0,0,1.0000,100,100,1.0000,"{""assertEquals"": 22, ""assertFalse"": 12, ""assertNotEquals"": 3, ""assertNotNull"": 1, ""assertThat"": 20, ""assertThrows"": 18, ""assertTrue"": 23, ""fail"": 1}","{""assertEquals"": 22, ""assertFalse"": 12, ""assertNotEquals"": 3, ""assertNotNull"": 1, ""assertThat"": 20, ""assertThrows"": 18, ""assertTrue"": 23, ""fail"": 1}",1.0000,18,18,"[""testExceptionsRandom"", ""testExceptionsRandomAlphabetic"", ""testExceptionsRandomAscii"", ""testExceptionsRandomGraph"", ""testExceptionsRandomNumeric"", ""testExceptionsRandomPrint""]","[""testExceptionsRandom"", ""testExceptionsRandomAlphabetic"", ""testExceptionsRandomAscii"", ""testExceptionsRandomGraph"", ""testExceptionsRandomNumeric"", ""testExceptionsRandomPrint""]","[""testExceptions""]","[""testExceptions""]",[],[],
deepseek-v4-pro,498,ok,/home/lpy/workspace/misc/course/Introduction-to-Software-Testing/artifacts/sample_runs/deepseek-v4-pro/cand498_055c20ab9820,055c20ab982090d48cf216e3a37055d2e668c538,[LANG-1529] Deprecate org.apache.commons.lang3.ArrayUtils.removeAllOccurences(*) for org.apache.commons.lang3.ArrayUtils.removeAllOccurrences(*).,src/test/java/org/apache/commons/lang3/ArrayUtilsTest.java,328,328,328,1.0000,0,0,0,1.0000,0,0,0,1.0000,1,1,1,1.0000,1950,1950,1.0000,"{""assertArrayEquals"": 100, ""assertEquals"": 1187, ""assertFalse"": 200, ""assertIsEquals"": 9, ""assertNotEquals"": 1, ""assertNotNull"": 2, ""assertNotSame"": 30, ""assertNull"": 80, ""assertSame"": 71, ""assertThrows"": 19, ""assertTrue"": 251}","{""assertArrayEquals"": 100, ""assertEquals"": 1187, ""assertFalse"": 200, ""assertIsEquals"": 9, ""assertNotEquals"": 1, ""assertNotNull"": 2, ""assertNotSame"": 30, ""assertNull"": 80, ""assertSame"": 71, ""assertThrows"": 19, ""assertTrue"": 251}",1.0000,19,19,[],[],[],[],"[""testShuffleBoolean""]","[""testShuffleBoolean""]",
deepseek-v4-pro,499,ok,/home/lpy/workspace/misc/course/Introduction-to-Software-Testing/artifacts/sample_runs/deepseek-v4-pro/cand499_09c662429ba4,09c662429ba43ccadb1f16cfae82b23458ec5c1d,Add fluent-style ArrayUtils.sort(Object[]).,src/test/java/org/apache/commons/lang3/ArrayUtilsTest.java,332,332,332,1.0000,0,0,0,1.0000,0,0,0,1.0000,0,0,0,1.0000,3280,3280,1.0000,"{""assertArrayEquals"": 111, ""assertEquals"": 1197, ""assertFalse"": 1010, ""assertIsEquals"": 9, ""assertNotEquals"": 1, ""assertNotNull"": 2, ""assertNotSame"": 30, ""assertNull"": 93, ""assertSame"": 71, ""assertThrows"": 19, ""assertTrue"": 737}","{""assertArrayEquals"": 111, ""assertEquals"": 1197, ""assertFalse"": 1010, ""assertIsEquals"": 9, ""assertNotEquals"": 1, ""assertNotNull"": 2, ""assertNotSame"": 30, ""assertNull"": 93, ""assertSame"": 71, ""assertThrows"": 19, ""assertTrue"": 737}",1.0000,19,19,[],[],[],[],[],[],
deepseek-v4-pro,500,ok,/home/lpy/workspace/misc/course/Introduction-to-Software-Testing/artifacts/sample_runs/deepseek-v4-pro/cand500_0e2ebd347c4a,0e2ebd347c4a4afd6c4cf539678d2a23d3df9570,[LANG-1541] ArrayUtils.contains() and indexOf() fails to handle Double.NaN #647.,src/test/java/org/apache/commons/lang3/ArrayUtilsTest.java,334,334,334,1.0000,2,2,2,1.0000,0,0,0,1.0000,0,0,0,1.0000,3286,3286,1.0000,"{""assertArrayEquals"": 111, ""assertEquals"": 1200, ""assertFalse"": 1010, ""assertIsEquals"": 9, ""assertNotEquals"": 1, ""assertNotNull"": 2, ""assertNotSame"": 30, ""assertNull"": 93, ""assertSame"": 71, ""assertThrows"": 19, ""assertTrue"": 740}","{""assertArrayEquals"": 111, ""assertEquals"": 1200, ""assertFalse"": 1010, ""assertIsEquals"": 9, ""assertNotEquals"": 1, ""assertNotNull"": 2, ""assertNotSame"": 30, ""assertNull"": 93, ""assertSame"": 71, ""assertThrows"": 19, ""assertTrue"": 740}",1.0000,19,19,"[""testContainsDoubleNaN"", ""testIndexOfDoubleNaN""]","[""testContainsDoubleNaN"", ""testIndexOfDoubleNaN""]",[],[],[],[],
deepseek-v4-pro,501,ok,/home/lpy/workspace/misc/course/Introduction-to-Software-Testing/artifacts/sample_runs/deepseek-v4-pro/cand501_0f211efaf122,0f211efaf1228c3371b2a81de095661a94907f5e,org.apache.commons.lang3.concurrent.AtomicSafeInitializer.get() can spin internally if the FailableSupplier given to org.apache.commons.lang3.concurrent.AbstractConcurrentInitializer.AbstractBuilder.setInitializer(FailableSupplier) throws a RuntimeException,src/test/java/org/apache/commons/lang3/concurrent/AtomicSafeInitializerTest.java,4,4,4,1.0000,2,2,2,1.0000,0,0,0,1.0000,0,0,0,1.0000,11,11,1.0000,"{""assertEquals"": 5, ""assertNull"": 2, ""assertThrows"": 4}","{""assertEquals"": 5, ""assertNull"": 2, ""assertThrows"": 4}",1.0000,4,4,"[""testInitializerThrowsChecked"", ""testInitializerThrowsUnchecked""]","[""testInitializerThrowsChecked"", ""testInitializerThrowsUnchecked""]",[],[],[],[],
deepseek-v4-pro,502,ok,/home/lpy/workspace/misc/course/Introduction-to-Software-Testing/artifacts/sample_runs/deepseek-v4-pro/cand502_16d587d73c51,16d587d73c51c772495d95f9aa3aa14782eff355,Add support for detection of Aarch64.,src/test/java/org/apache/commons/lang3/ArchUtilsTest.java,5,5,5,1.0000,0,0,0,1.0000,0,0,0,1.0000,2,2,2,1.0000,66,66,1.0000,"{""assertEquals"": 2, ""assertEqualsArchNotNull"": 8, ""assertEqualsTypeNotNull"": 8, ""assertFalse"": 11, ""assertNotEquals"": 2, ""assertNotEqualsArchNotNull"": 8, ""assertNotEqualsTypeNotNull"": 4, ""assertNotNull"": 9, ""assertNull"": 1, ""assertTrue"": 13}","{""assertEquals"": 2, ""assertEqualsArchNotNull"": 8, ""assertEqualsTypeNotNull"": 8, ""assertFalse"": 11, ""assertNotEquals"": 2, ""assertNotEqualsArchNotNull"": 8, ""assertNotEqualsTypeNotNull"": 4, ""assertNotNull"": 9, ""assertNull"": 1, ""assertTrue"": 13}",1.0000,0,0,[],[],[],[],"[""testArch"", ""testIs64BitJVM""]","[""testArch"", ""testIs64BitJVM""]",
deepseek-v4-pro,503,ok,/home/lpy/workspace/misc/course/Introduction-to-Software-Testing/artifacts/sample_runs/deepseek-v4-pro/cand503_1903d88e0b21,1903d88e0b214fa369fe0c49c71e4c3b480f2f7d,Add Processor.Type.getLabel() and Processor.toString(),src/test/java/org/apache/commons/lang3/ArchUtilsTest.java,5,6,5,0.8333,0,1,0,0.0000,0,0,0,1.0000,1,1,1,1.0000,69,70,0.9857,"{""assertEquals"": 2, ""assertEqualsArchNotNull"": 8, ""assertEqualsTypeNotNull"": 8, ""assertFalse"": 11, ""assertNotEquals"": 3, ""assertNotEqualsArchNotNull"": 8, ""assertNotEqualsTypeNotNull"": 4, ""assertNotNull"": 9, ""assertNull"": 2, ""assertTrue"": 14}","{""assertEquals"": 2, ""assertEqualsArchNotNull"": 8, ""assertEqualsTypeNotNull"": 8, ""assertFalse"": 12, ""assertNotEquals"": 3, ""assertNotEqualsArchNotNull"": 8, ""assertNotEqualsTypeNotNull"": 4, ""assertNotNull"": 9, ""assertNull"": 2, ""assertTrue"": 14}",1.0000,0,0,[],"[""testTypeLabels""]",[],[],"[""testGetProcessor""]","[""testGetProcessor""]",
deepseek-v4-pro,504,ok,/home/lpy/workspace/misc/course/Introduction-to-Software-Testing/artifacts/sample_runs/deepseek-v4-pro/cand504_2188eb0e2e15,2188eb0e2e15431b7c4a65f7168392c888f0ecd1,"Add Validate.isTrue(boolean, Supplier<String>)",src/test/java/org/apache/commons/lang3/ValidateTest.java,93,93,93,1.0000,0,0,0,1.0000,0,0,0,1.0000,1,1,1,1.0000,254,254,1.0000,"{""assertEquals"": 114, ""assertFalse"": 1, ""assertNotNull"": 1, ""assertSame"": 22, ""assertThrows"": 115, ""assertTrue"": 1}","{""assertEquals"": 114, ""assertFalse"": 1, ""assertNotNull"": 1, ""assertSame"": 22, ""assertThrows"": 115, ""assertTrue"": 1}",1.0000,115,115,[],[],[],[],"[""shouldThrowExceptionWithDoubleInsertedIntoTemplateMessageForFalseExpression""]","[""shouldThrowExceptionWithDoubleInsertedIntoTemplateMessageForFalseExpression""]",
deepseek-v4-pro,505,ok,/home/lpy/workspace/misc/course/Introduction-to-Software-Testing/artifacts/sample_runs/deepseek-v4-pro/cand505_3935fa2f193a,3935fa2f193a0cc652300677beeb61b535eedf4c,"Add ExceptionUtils.asRuntimeException(T), and deprecate rethrow(T)",src/test/java/org/apache/commons/lang3/exception/ExceptionUtilsTest.java,64,64,64,1.0000,2,2,2,1.0000,1,1,1,1.0000,0,0,0,1.0000,294,294,1.0000,"{""assertArrayEquals"": 1, ""assertEquals"": 148, ""assertFalse"": 11, ""assertNotNull"": 1, ""assertNull"": 40, ""assertSame"": 68, ""assertThrows"": 11, ""assertTrue"": 14}","{""assertArrayEquals"": 1, ""assertEquals"": 148, ""assertFalse"": 11, ""assertNotNull"": 1, ""assertNull"": 40, ""assertSame"": 68, ""assertThrows"": 11, ""assertTrue"": 14}",1.0000,11,11,"[""testAsRuntimeException"", ""testRethrow""]","[""testAsRuntimeException"", ""testRethrow""]","[""testThrow""]","[""testThrow""]",[],[],
deepseek-v4-pro,506,ok,/home/lpy/workspace/misc/course/Introduction-to-Software-Testing/artifacts/sample_runs/deepseek-v4-pro/cand506_3bda8be03638,3bda8be03638b5248df2252832388775601692ff,"Add fluent-style ArrayUtils.sort(Object[], Comparable).",src/test/java/org/apache/commons/lang3/ArrayUtilsTest.java,334,334,334,1.0000,0,0,0,1.0000,0,0,0,1.0000,0,0,0,1.0000,3287,3287,1.0000,"{""assertArrayEquals"": 111, ""assertEquals"": 1201, ""assertFalse"": 1010, ""assertIsEquals"": 9, ""assertNotEquals"": 1, ""assertNotNull"": 2, ""assertNotSame"": 30, ""assertNull"": 93, ""assertSame"": 71, ""assertThrows"": 19, ""assertTrue"": 740}","{""assertArrayEquals"": 111, ""assertEquals"": 1201, ""assertFalse"": 1010, ""assertIsEquals"": 9, ""assertNotEquals"": 1, ""assertNotNull"": 2, ""assertNotSame"": 30, ""assertNull"": 93, ""assertSame"": 71, ""assertThrows"": 19, ""assertTrue"": 740}",1.0000,19,19,[],[],[],[],[],[],
deepseek-v4-pro,507,ok,/home/lpy/workspace/misc/course/Introduction-to-Software-Testing/artifacts/sample_runs/deepseek-v4-pro/cand507_3d7e9d964d26,3d7e9d964d26053b94370e95afc8453923e3c672,"Add ObjectUtils.toString(Supplier<Object>, Supplier<String>)",src/test/java/org/apache/commons/lang3/ObjectUtilsTest.java,57,57,57,1.0000,3,3,3,1.0000,2,2,2,1.0000,0,0,0,1.0000,283,283,1.0000,"{""assertArrayEquals"": 1, ""assertEquals"": 86, ""assertFalse"": 42, ""assertNotNull"": 2, ""assertNotSame"": 2, ""assertNull"": 27, ""assertSame"": 30, ""assertThrows"": 24, ""assertTrue"": 68, ""fail"": 1}","{""assertArrayEquals"": 1, ""assertEquals"": 86, ""assertFalse"": 42, ""assertNotNull"": 2, ""assertNotSame"": 2, ""assertNull"": 27, ""assertSame"": 30, ""assertThrows"": 24, ""assertTrue"": 68, ""fail"": 1}",1.0000,24,24,"[""testToString_Object_String"", ""testToString_String_Supplier"", ""testToString_Supplier_Supplier""]","[""testToString_Object_String"", ""testToString_String_Supplier"", ""testToString_Supplier_Supplier""]","[""testToString_ObjectString"", ""testToString_SupplierString""]","[""testToString_ObjectString"", ""testToString_SupplierString""]",[],[],
deepseek-v4-pro,508,ok,/home/lpy/workspace/misc/course/Introduction-to-Software-Testing/artifacts/sample_runs/deepseek-v4-pro/cand508_4949adec480d,4949adec480ddccdee4f7d09231e85e84fec00a1,Add ReflectionDiffBuilder.Builder,src/test/java/org/apache/commons/lang3/builder/ReflectionDiffBuilderTest.java,11,13,11,0.8462,0,2,0,0.0000,0,0,0,1.0000,2,2,2,1.0000,14,19,0.7368,"{""assertEquals"": 12, ""assertNotNull"": 2}","{""assertEquals"": 15, ""assertNotNull"": 4}",1.0000,0,0,[],"[""testGetExcludeFieldNamesWithNullExcludedFieldNamesCtor"", ""testGetExcludeFieldNamesWithNullValuesInExcludedFieldNamesCtor""]",[],[],"[""testGetExcludeFieldNamesWithNullExcludedFieldNames"", ""testGetExcludeFieldNamesWithNullValuesInExcludedFieldNames""]","[""testGetExcludeFieldNamesWithNullExcludedFieldNames"", ""testGetExcludeFieldNamesWithNullValuesInExcludedFieldNames""]",
deepseek-v4-pro,509,ok,/home/lpy/workspace/misc/course/Introduction-to-Software-Testing/artifacts/sample_runs/deepseek-v4-pro/cand509_5c6de5a7a022,5c6de5a7a0226b96e839381cc4ff96eb66fd5295,Add and use null-safe Streams.of(T[]).,src/test/java/org/apache/commons/lang3/stream/StreamsTest.java,8,8,8,1.0000,1,1,1,1.0000,0,0,0,1.0000,0,0,0,1.0000,35,35,1.0000,"{""assertAll"": 2, ""assertEquals"": 14, ""assertEvenNumbers"": 3, ""assertNotNull"": 1, ""assertThat"": 8, ""assertThrows"": 7}","{""assertAll"": 2, ""assertEquals"": 14, ""assertEvenNumbers"": 3, ""assertNotNull"": 1, ""assertThat"": 8, ""assertThrows"": 7}",1.0000,7,7,"[""testOf""]","[""testOf""]",[],[],[],[],
deepseek-v4-pro,510,ok,/home/lpy/workspace/misc/course/Introduction-to-Software-Testing/artifacts/sample_runs/deepseek-v4-pro/cand510_64d6a28a12d9,64d6a28a12d99a02e41cdd746ec0df221c93bcea,Comment: Remove unnecessary Latin acronym,src/test/java/org/apache/commons/lang3/math/NumberUtilsTest.java,120,120,120,1.0000,0,0,0,1.0000,0,0,0,1.0000,0,0,0,1.0000,738,738,1.0000,"{""assertCreateNumberZero"": 7, ""assertEquals"": 551, ""assertFalse"": 30, ""assertInstanceOf"": 41, ""assertNotNull"": 5, ""assertNull"": 7, ""assertThrows"": 42, ""assertTrue"": 55}","{""assertCreateNumberZero"": 7, ""assertEquals"": 551, ""assertFalse"": 30, ""assertInstanceOf"": 41, ""assertNotNull"": 5, ""assertNull"": 7, ""assertThrows"": 42, ""assertTrue"": 55}",1.0000,42,42,[],[],[],[],[],[],
deepseek-v4-pro,512,ok,/home/lpy/workspace/misc/course/Introduction-to-Software-Testing/artifacts/sample_runs/deepseek-v4-pro/cand512_7f7c3d63c895,7f7c3d63c895d52fafd602459e269b92a6c93791,Add ObjectUtils.identityHashCodeHex(Object).,src/test/java/org/apache/commons/lang3/ObjectUtilsTest.java,55,55,55,1.0000,2,2,2,1.0000,0,0,0,1.0000,0,0,0,1.0000,238,238,1.0000,"{""assertArrayEquals"": 1, ""assertEquals"": 83, ""assertFalse"": 34, ""assertNotNull"": 2, ""assertNotSame"": 2, ""assertNull"": 23, ""assertSame"": 30, ""assertThrows"": 24, ""assertTrue"": 38, ""fail"": 1}","{""assertArrayEquals"": 1, ""assertEquals"": 83, ""assertFalse"": 34, ""assertNotNull"": 2, ""assertNotSame"": 2, ""assertNull"": 23, ""assertSame"": 30, ""assertThrows"": 24, ""assertTrue"": 38, ""fail"": 1}",1.0000,24,24,"[""testHashCodeHex"", ""testIdentityHashCodeHex""]","[""testHashCodeHex"", ""testIdentityHashCodeHex""]",[],[],[],[],
deepseek-v4-pro,513,ok,/home/lpy/workspace/misc/course/Introduction-to-Software-Testing/artifacts/sample_runs/deepseek-v4-pro/cand513_86c76dd5ea04,86c76dd5ea04d1881a52d79113d6dbb1d57c38a6,LANG-1107 Fix parsing edge cases in FastDateParser,src/test/java/org/apache/commons/lang3/time/FastDateParserTest.java,34,34,34,1.0000,1,1,1,1.0000,0,0,0,1.0000,0,0,0,1.0000,63,63,1.0000,"{""assertEquals"": 54, ""assertFalse"": 2, ""assertTrue"": 3, ""fail"": 4}","{""assertEquals"": 54, ""assertFalse"": 2, ""assertTrue"": 3, ""fail"": 4}",1.0000,1,1,"[""testTimeZoneStrategyPattern""]","[""testTimeZoneStrategyPattern""]",[],[],[],[],
deepseek-v4-pro,514,ok,/home/lpy/workspace/misc/course/Introduction-to-Software-Testing/artifacts/sample_runs/deepseek-v4-pro/cand514_8b27dec0340e,8b27dec0340e501fee098278d358d7ddd62ad2ad,"Add SystemProperties.getBoolean(Class, String, BooleanSupplier)",src/test/java/org/apache/commons/lang3/SystemPropertiesTest.java,57,57,57,1.0000,3,3,3,1.0000,0,0,0,1.0000,0,0,0,1.0000,300,300,1.0000,"{""assertDoesNotThrow"": 197, ""assertEquals"": 32, ""assertFalse"": 6, ""assertNotNull"": 43, ""assertNull"": 18, ""assertTrue"": 4}","{""assertDoesNotThrow"": 197, ""assertEquals"": 32, ""assertFalse"": 6, ""assertNotNull"": 43, ""assertNull"": 18, ""assertTrue"": 4}",1.0000,0,0,"[""testGetBooleanClass"", ""testGetIntClass"", ""testGetLongClass""]","[""testGetBooleanClass"", ""testGetIntClass"", ""testGetLongClass""]",[],[],[],[],
deepseek-v4-pro,515,ok,/home/lpy/workspace/misc/course/Introduction-to-Software-Testing/artifacts/sample_runs/deepseek-v4-pro/cand515_8e1df6b9bf6a,8e1df6b9bf6afc0e3f3a99d4d99bb9d78d148c81,"Add ComparableUtils.max(A, A) and ComparableUtils.min(A, A).",src/test/java/org/apache/commons/lang3/compare/ComparableUtilsTest.java,16,16,16,1.0000,2,2,2,1.0000,0,0,0,1.0000,0,0,0,1.0000,53,53,1.0000,"{""assertEquals"": 20, ""assertFalse"": 17, ""assertTrue"": 16}","{""assertEquals"": 20, ""assertFalse"": 17, ""assertTrue"": 16}",1.0000,0,0,"[""testMax"", ""testMin""]","[""testMax"", ""testMin""]",[],[],[],[],
deepseek-v4-pro,516,ok,/home/lpy/workspace/misc/course/Introduction-to-Software-Testing/artifacts/sample_runs/deepseek-v4-pro/cand516_9b383f3fadcc,9b383f3fadccab020874aa5c69704790e03c4f4f,Add org.apache.commons.lang3.SystemProperties.isPropertySet(String),src/test/java/org/apache/commons/lang3/SystemPropertiesTest.java,54,54,54,1.0000,2,2,2,1.0000,0,0,0,1.0000,1,1,1,1.0000,285,285,1.0000,"{""assertDoesNotThrow"": 197, ""assertEquals"": 24, ""assertFalse"": 5, ""assertNotNull"": 43, ""assertNull"": 15, ""assertTrue"": 1}","{""assertDoesNotThrow"": 197, ""assertEquals"": 24, ""assertFalse"": 5, ""assertNotNull"": 43, ""assertNull"": 15, ""assertTrue"": 1}",1.0000,0,0,"[""testIsPropertySet"", ""testIsPropertySetEdges""]","[""testIsPropertySet"", ""testIsPropertySetEdges""]",[],[],"[""testGetPropertyStringString""]","[""testGetPropertyStringString""]",
deepseek-v4-pro,517,ok,/home/lpy/workspace/misc/course/Introduction-to-Software-Testing/artifacts/sample_runs/deepseek-v4-pro/cand517_9f89fd4626bb,9f89fd4626bbb4e34a905835e397bcffbad59307,LANG-740: Implementation of a Memomizer (closes #203),src/test/java/org/apache/commons/lang3/concurrent/MemoizerTest.java,6,6,6,1.0000,0,0,0,1.0000,0,0,0,1.0000,6,6,6,1.0000,6,6,1.0000,"{""assertEquals"": 3, ""fail"": 3}","{""assertEquals"": 3, ""fail"": 3}",1.0000,4,4,[],[],[],[],"[""testDefaultBehaviourNotToRecalculateExecutionExceptions"", ""testDoesNotRecalculateWhenSetToFalse"", ""testDoesRecalculateWhenSetToTrue"", ""testOnlyCallComputableOnceIfDoesNotThrowException"", ""testWhenComputableThrowsError"", ""testWhenComputableThrowsRuntimeException""]","[""testDefaultBehaviourNotToRecalculateExecutionExceptions"", ""testDoesNotRecalculateWhenSetToFalse"", ""testDoesRecalculateWhenSetToTrue"", ""testOnlyCallComputableOnceIfDoesNotThrowException"", ""testWhenComputableThrowsError"", ""testWhenComputableThrowsRuntimeException""]",
deepseek-v4-pro,518,ok,/home/lpy/workspace/misc/course/Introduction-to-Software-Testing/artifacts/sample_runs/deepseek-v4-pro/cand518_a410aab65159,a410aab6515931489dc2594d4e0f0ecac2c66071,[LANG-1427] Add API org.apache.commons.lang3.SystemUtils.isJavaVersionAtMost(JavaVersion),src/test/java/org/apache/commons/lang3/SystemUtilsTest.java,18,18,18,1.0000,1,1,1,1.0000,0,0,0,1.0000,1,1,1,1.0000,381,381,1.0000,"{""assertEquals"": 7, ""assertFalse"": 266, ""assertNotNull"": 6, ""assertNull"": 1, ""assertTrue"": 101}","{""assertEquals"": 7, ""assertFalse"": 266, ""assertNotNull"": 6, ""assertNull"": 1, ""assertTrue"": 101}",1.0000,0,0,"[""testIsJavaVersionAtMost""]","[""testIsJavaVersionAtMost""]",[],[],"[""testIsJavaVersionAtLeast""]","[""testIsJavaVersionAtLeast""]",
deepseek-v4-pro,519,ok,/home/lpy/workspace/misc/course/Introduction-to-Software-Testing/artifacts/sample_runs/deepseek-v4-pro/cand519_a752091be667,a752091be667ed09ddd4d5ca28339067f713e902,Add and use org.apache.commons.lang3.SystemProperties.getJavaSpecificationVersion(Supplier<String>),src/test/java/org/apache/commons/lang3/SystemPropertiesTest.java,47,47,47,1.0000,1,1,1,1.0000,0,0,0,1.0000,0,0,0,1.0000,69,69,1.0000,"{""assertDoesNotThrow"": 5, ""assertEquals"": 10, ""assertFalse"": 2, ""assertNotNull"": 43, ""assertNull"": 9}","{""assertDoesNotThrow"": 5, ""assertEquals"": 10, ""assertFalse"": 2, ""assertNotNull"": 43, ""assertNull"": 9}",1.0000,0,0,"[""testGetJavaSpecificationVersionSupplier""]","[""testGetJavaSpecificationVersionSupplier""]",[],[],[],[],
deepseek-v4-pro,520,ok,/home/lpy/workspace/misc/course/Introduction-to-Software-Testing/artifacts/sample_runs/deepseek-v4-pro/cand520_ab1424015085,ab1424015085472b2d3865668e370aec8a102331,LANG-977: NumericEntityEscaper incorrectly encodes supplementary characters. Thanks to Chris Karcher.,src/test/java/org/apache/commons/lang3/StringEscapeUtilsTest.java,26,26,26,1.0000,0,0,0,1.0000,0,0,0,1.0000,6,6,6,1.0000,139,139,1.0000,"{""assertEquals"": 85, ""assertEscapeJava"": 17, ""assertFalse"": 1, ""assertNotNull"": 1, ""assertTrue"": 4, ""assertUnescapeJava"": 12, ""fail"": 19}","{""assertEquals"": 85, ""assertEscapeJava"": 17, ""assertFalse"": 1, ""assertNotNull"": 1, ""assertTrue"": 4, ""assertUnescapeJava"": 12, ""fail"": 19}",1.0000,0,0,[],[],[],[],"[""testEscapeCsvString"", ""testEscapeCsvWriter"", ""testEscapeXmlSupplementaryCharacters"", ""testUnescapeCsvString"", ""testUnescapeCsvWriter"", ""testUnescapeXmlSupplementaryCharacters""]","[""testEscapeCsvString"", ""testEscapeCsvWriter"", ""testEscapeXmlSupplementaryCharacters"", ""testUnescapeCsvString"", ""testUnescapeCsvWriter"", ""testUnescapeXmlSupplementaryCharacters""]",
deepseek-v4-pro,521,ok,/home/lpy/workspace/misc/course/Introduction-to-Software-Testing/artifacts/sample_runs/deepseek-v4-pro/cand521_c2260f094d78,c2260f094d78c236bb8a2e3e153d422c7d7ad6bf,[LANG-1772] Restrict size of cache to prevent overflow errors (#1379),src/test/java/org/apache/commons/lang3/RandomStringUtilsTest.java,28,28,28,1.0000,1,1,1,1.0000,0,0,0,1.0000,0,0,0,1.0000,144,144,1.0000,"{""assertEquals"": 49, ""assertNotEquals"": 14, ""assertNotNull"": 1, ""assertThrows"": 34, ""assertTrue"": 45, ""fail"": 1}","{""assertEquals"": 49, ""assertNotEquals"": 14, ""assertNotNull"": 1, ""assertThrows"": 34, ""assertTrue"": 45, ""fail"": 1}",1.0000,34,34,"[""testHugeStrings""]","[""testHugeStrings""]",[],[],[],[],
deepseek-v4-pro,522,ok,/home/lpy/workspace/misc/course/Introduction-to-Software-Testing/artifacts/sample_runs/deepseek-v4-pro/cand522_c290aebffa83,c290aebffa83b382a24d74117755904017f82b7c,"Add and use MethodUtils.getMethodObject(Class<?>, String, Class<?>...)",src/test/java/org/apache/commons/lang3/reflect/MethodUtilsTest.java,44,44,44,1.0000,1,1,1,1.0000,0,0,0,1.0000,0,0,0,1.0000,216,216,1.0000,"{""assertArrayEquals"": 8, ""assertEquals"": 128, ""assertFalse"": 2, ""assertNotNull"": 15, ""assertNotSame"": 1, ""assertNull"": 19, ""assertSame"": 4, ""assertThat"": 3, ""assertThrows"": 28, ""assertTrue"": 8}","{""assertArrayEquals"": 8, ""assertEquals"": 128, ""assertFalse"": 2, ""assertNotNull"": 15, ""assertNotSame"": 1, ""assertNull"": 19, ""assertSame"": 4, ""assertThat"": 3, ""assertThrows"": 28, ""assertTrue"": 8}",1.0000,28,28,"[""testGetMethodObject""]","[""testGetMethodObject""]",[],[],[],[],
deepseek-v4-pro,523,ok,/home/lpy/workspace/misc/course/Introduction-to-Software-Testing/artifacts/sample_runs/deepseek-v4-pro/cand523_dc6ff345793c,dc6ff345793c9c2d2d26919722c3eb79ffbab689,"Add ArrayFill.fill(T[], FailableIntFunction))",src/test/java/org/apache/commons/lang3/ArrayFillTest.java,17,17,17,1.0000,1,1,1,1.0000,0,0,0,1.0000,0,0,0,1.0000,30,30,1.0000,"{""assertArrayEquals"": 3, ""assertEquals"": 9, ""assertNull"": 1, ""assertSame"": 17}","{""assertArrayEquals"": 3, ""assertEquals"": 9, ""assertNull"": 1, ""assertSame"": 17}",1.0000,0,0,"[""testFillFunction""]","[""testFillFunction""]",[],[],[],[],
deepseek-v4-pro,524,ok,/home/lpy/workspace/misc/course/Introduction-to-Software-Testing/artifacts/sample_runs/deepseek-v4-pro/cand524_ebca9c9ee89c,ebca9c9ee89c5654f2e748ef12e755abdc286d34,Add support for RISC-V in ArchUtils #1128,src/test/java/org/apache/commons/lang3/ArchUtilsTest.java,6,6,6,1.0000,0,0,0,1.0000,0,0,0,1.0000,1,1,1,1.0000,81,81,1.0000,"{""assertEquals"": 2, ""assertEqualsArchNotNull"": 10, ""assertEqualsTypeNotNull"": 10, ""assertFalse"": 14, ""assertNotEquals"": 3, ""assertNotEqualsArchNotNull"": 10, ""assertNotEqualsTypeNotNull"": 4, ""assertNotNull"": 9, ""assertNull"": 2, ""assertTrue"": 17}","{""assertEquals"": 2, ""assertEqualsArchNotNull"": 10, ""assertEqualsTypeNotNull"": 10, ""assertFalse"": 14, ""assertNotEquals"": 3, ""assertNotEqualsArchNotNull"": 10, ""assertNotEqualsTypeNotNull"": 4, ""assertNotNull"": 9, ""assertNull"": 2, ""assertTrue"": 17}",1.0000,0,0,[],[],[],[],"[""testArch""]","[""testArch""]",
deepseek-v4-pro,525,ok,/home/lpy/workspace/misc/course/Introduction-to-Software-Testing/artifacts/sample_runs/deepseek-v4-pro/cand525_ede98ffdb928,ede98ffdb928586528a8b2876b049cb8bf362926,Return ToStringStyle.nullText instead of NPE for ReflectionToStringBuilder.toString(Object) and friends.,src/test/java/org/apache/commons/lang3/builder/ReflectionToStringBuilderTest.java,1,1,1,1.0000,0,0,0,1.0000,0,0,0,1.0000,1,1,1,1.0000,1,1,1.0000,"{""assertEquals"": 1}","{""assertEquals"": 1}",1.0000,0,0,[],[],[],[],"[""testConstructorWithNullObject""]","[""testConstructorWithNullObject""]",
deepseek-v4-pro,526,ok,/home/lpy/workspace/misc/course/Introduction-to-Software-Testing/artifacts/sample_runs/deepseek-v4-pro/cand526_eff43864b34a,eff43864b34ab2be2eae4e9ac0e780d34fab57b3,[LANG-1680] FastDateFormat does not support the 'L'-Pattern from SimpleDateFormat.,src/test/java/org/apache/commons/lang3/time/DateUtilsTest.java,65,65,65,1.0000,0,0,0,1.0000,0,0,0,1.0000,2,2,2,1.0000,478,478,1.0000,"{""assertCalendarsEquals"": 5, ""assertDate"": 81, ""assertEquals"": 235, ""assertFalse"": 12, ""assertNotNull"": 1, ""assertNotSame"": 40, ""assertThrows"": 79, ""assertTrue"": 10, ""assertWeekIterator"": 15}","{""assertCalendarsEquals"": 5, ""assertDate"": 81, ""assertEquals"": 235, ""assertFalse"": 12, ""assertNotNull"": 1, ""assertNotSame"": 40, ""assertThrows"": 79, ""assertTrue"": 10, ""assertWeekIterator"": 15}",1.0000,79,79,[],[],[],[],"[""testGetStandaloneLongMonthNames"", ""testGetStandaloneShortMonthNames""]","[""testGetStandaloneLongMonthNames"", ""testGetStandaloneShortMonthNames""]",
deepseek-v4-pro,528,ok,/home/lpy/workspace/misc/course/Introduction-to-Software-Testing/artifacts/sample_runs/deepseek-v4-pro/cand528_fd54d42f78ae,fd54d42f78ae17a96fc005d2fcd080807343aad7,LANG-1004: DurationFormatUtils#formatDurationHMS implementation does not correspond to Javadoc and vice versa. Thanks to Michael Osipov,src/test/java/org/apache/commons/lang3/time/DurationFormatUtilsTest.java,25,25,25,1.0000,0,0,0,1.0000,0,0,0,1.0000,2,2,2,1.0000,176,176,1.0000,"{""assertArrayEquals"": 3, ""assertEqualDuration"": 38, ""assertEquals"": 127, ""assertFalse"": 4, ""assertNotNull"": 1, ""assertTrue"": 3}","{""assertArrayEquals"": 3, ""assertEqualDuration"": 38, ""assertEquals"": 127, ""assertFalse"": 4, ""assertNotNull"": 1, ""assertTrue"": 3}",1.0000,7,7,[],[],[],[],"[""testFormatDurationHMS"", ""testLexx""]","[""testFormatDurationHMS"", ""testLexx""]",
deepseek-v4-pro,529,ok,/home/lpy/workspace/misc/course/Introduction-to-Software-Testing/artifacts/sample_runs/deepseek-v4-pro/cand529_2ccc58e34472,2ccc58e34472cbc0c4b9163bbd7f6b22dfda0089,[LANG-1615] - ArrayUtils contains && indexOf fails to handle Float.NaN (#651),src/test/java/org/apache/commons/lang3/ArrayUtilsTest.java,336,336,336,1.0000,2,2,2,1.0000,0,0,0,1.0000,0,0,0,1.0000,3293,3293,1.0000,"{""assertArrayEquals"": 111, ""assertEquals"": 1204, ""assertFalse"": 1010, ""assertIsEquals"": 9, ""assertNotEquals"": 1, ""assertNotNull"": 2, ""assertNotSame"": 30, ""assertNull"": 93, ""assertSame"": 71, ""assertThrows"": 19, ""assertTrue"": 743}","{""assertArrayEquals"": 111, ""assertEquals"": 1204, ""assertFalse"": 1010, ""assertIsEquals"": 9, ""assertNotEquals"": 1, ""assertNotNull"": 2, ""assertNotSame"": 30, ""assertNull"": 93, ""assertSame"": 71, ""assertThrows"": 19, ""assertTrue"": 743}",1.0000,19,19,"[""testContainsFloatNaN"", ""testIndexOfFloatNaN""]","[""testContainsFloatNaN"", ""testIndexOfFloatNaN""]",[],[],[],[],
deepseek-v4-pro,530,ok,/home/lpy/workspace/misc/course/Introduction-to-Software-Testing/artifacts/sample_runs/deepseek-v4-pro/cand530_5f72c77386d0,5f72c77386d0ee148b0d05239c0160e0af93fe33,Default values in new SystemProperties APIs are now Strings instead of Suppliers,src/test/java/org/apache/commons/lang3/SystemPropertiesTest.java,49,49,49,1.0000,0,0,0,1.0000,0,0,0,1.0000,2,2,2,1.0000,261,261,1.0000,"{""assertDoesNotThrow"": 197, ""assertEquals"": 10, ""assertFalse"": 3, ""assertNotNull"": 42, ""assertNull"": 9}","{""assertDoesNotThrow"": 197, ""assertEquals"": 10, ""assertFalse"": 3, ""assertNotNull"": 42, ""assertNull"": 9}",1.0000,0,0,[],[],[],[],"[""testGetJavaSpecificationVersionSupplier"", ""testGetUserName""]","[""testGetJavaSpecificationVersionSupplier"", ""testGetUserName""]",
deepseek-v4-pro,532,ok,/home/lpy/workspace/misc/course/Introduction-to-Software-Testing/artifacts/sample_runs/deepseek-v4-pro/cand532_8e2d1bed8623,8e2d1bed8623e0f5b281504d151476689f21690a,CompareToBuilder lacks cycle guard on Object[] recursion. (#1669),src/test/java/org/apache/commons/lang3/builder/CompareToBuilderTest.java,50,50,50,1.0000,2,2,2,1.0000,0,0,0,1.0000,0,0,0,1.0000,343,343,1.0000,"{""assertEquals"": 102, ""assertEqualsIfAccessible"": 2, ""assertNullPointerException"": 1, ""assertReflectionCompareContract"": 6, ""assertThrows"": 2, ""assertTrue"": 212, ""assertTrueIfAccessible"": 11, ""assertXYZCompareOrder"": 7}","{""assertEquals"": 102, ""assertEqualsIfAccessible"": 2, ""assertNullPointerException"": 1, ""assertReflectionCompareContract"": 6, ""assertThrows"": 2, ""assertTrue"": 212, ""assertTrueIfAccessible"": 11, ""assertXYZCompareOrder"": 7}",1.0000,2,2,"[""testCycleMutuallyReferentialObjectArrays"", ""testCycleTwoDistinctSelfReferentialObjectArrays""]","[""testCycleMutuallyReferentialObjectArrays"", ""testCycleTwoDistinctSelfReferentialObjectArrays""]",[],[],[],[],
deepseek-v4-pro,533,ok,/home/lpy/workspace/misc/course/Introduction-to-Software-Testing/artifacts/sample_runs/deepseek-v4-pro/cand533_8f7eb6ce207f,8f7eb6ce207f354c83157b95bdf9848d59944650,Simplify lambads. Fix Javadoc.,src/test/java/org/apache/commons/lang3/FunctionsTest.java,17,17,17,1.0000,0,0,0,1.0000,0,0,0,1.0000,2,2,2,1.0000,110,110,1.0000,"{""assertEquals"": 12, ""assertNotNull"": 24, ""assertSame"": 27, ""assertThrows"": 35, ""assertTrue"": 12}","{""assertEquals"": 12, ""assertNotNull"": 24, ""assertSame"": 27, ""assertThrows"": 35, ""assertTrue"": 12}",1.0000,35,35,[],[],[],[],"[""testAsCallable"", ""testAsConsumer""]","[""testAsCallable"", ""testAsConsumer""]",
deepseek-v4-pro,534,ok,/home/lpy/workspace/misc/course/Introduction-to-Software-Testing/artifacts/sample_runs/deepseek-v4-pro/cand534_929c5f6e6825,929c5f6e682598ca14cadd07a791c0ce578632ee,Simplify expressions.,src/test/java/org/apache/commons/lang3/stream/StreamsTest.java,8,8,8,1.0000,0,0,0,1.0000,0,0,0,1.0000,0,0,0,1.0000,35,35,1.0000,"{""assertAll"": 2, ""assertEquals"": 14, ""assertEvenNumbers"": 3, ""assertNotNull"": 1, ""assertThat"": 8, ""assertThrows"": 7}","{""assertAll"": 2, ""assertEquals"": 14, ""assertEvenNumbers"": 3, ""assertNotNull"": 1, ""assertThat"": 8, ""assertThrows"": 7}",1.0000,7,7,[],[],[],[],[],[],
deepseek-v4-pro,535,ok,/home/lpy/workspace/misc/course/Introduction-to-Software-Testing/artifacts/sample_runs/deepseek-v4-pro/cand535_96c8ea2fb371,96c8ea2fb3719e2f6e3d7a4d7b46718f26515a86,"add @SafeVarargs to some methods with vararg parameters to suppress ""Type safety: Potential heap pollution via varargs parameter array"" warnings",src/test/java/org/apache/commons/lang3/ArrayUtilsTest.java,256,256,256,1.0000,0,0,0,1.0000,0,0,0,1.0000,0,0,0,1.0000,1605,1605,1.0000,"{""assertArrayEquals"": 53, ""assertEquals"": 973, ""assertFalse"": 171, ""assertIsEquals"": 9, ""assertNotNull"": 1, ""assertNotSame"": 20, ""assertNull"": 10, ""assertSame"": 71, ""assertTrue"": 281, ""fail"": 16}","{""assertArrayEquals"": 53, ""assertEquals"": 973, ""assertFalse"": 171, ""assertIsEquals"": 9, ""assertNotNull"": 1, ""assertNotSame"": 20, ""assertNull"": 10, ""assertSame"": 71, ""assertTrue"": 281, ""fail"": 16}",1.0000,2,2,[],[],[],[],[],[],
deepseek-v4-pro,536,ok,/home/lpy/workspace/misc/course/Introduction-to-Software-Testing/artifacts/sample_runs/deepseek-v4-pro/cand536_e3e020fe2f20,e3e020fe2f20430b40673ebb951bc8141014e46b,"Unnecessary @SuppressWarnings(""unchecked"")",src/test/java/org/apache/commons/lang3/tuple/ImmutableTripleTest.java,17,17,17,1.0000,0,0,0,1.0000,0,0,0,1.0000,1,1,1,1.0000,59,59,1.0000,"{""assertEquals"": 42, ""assertNotEquals"": 3, ""assertNotNull"": 1, ""assertNull"": 7, ""assertSame"": 1, ""assertThrows"": 5}","{""assertEquals"": 42, ""assertNotEquals"": 3, ""assertNotNull"": 1, ""assertNull"": 7, ""assertSame"": 1, ""assertThrows"": 5}",1.0000,5,5,[],[],[],[],"[""testSerialization""]","[""testSerialization""]",
deepseek-v4-pro,537,ok,/home/lpy/workspace/misc/course/Introduction-to-Software-Testing/artifacts/sample_runs/deepseek-v4-pro/cand537_ef5de64ed438,ef5de64ed438be8074ccb017c74c122d47b7195a,Clean caches between tests,src/test/java/org/apache/commons/lang3/time/FastDateParserTest.java,31,31,31,1.0000,0,0,0,1.0000,0,0,0,1.0000,0,0,0,1.0000,74,74,1.0000,"{""assertEquals"": 65, ""assertFalse"": 2, ""assertNotEquals"": 1, ""assertNotNull"": 1, ""assertThrows"": 2, ""assertTrue"": 1, ""fail"": 2}","{""assertEquals"": 65, ""assertFalse"": 2, ""assertNotEquals"": 1, ""assertNotNull"": 1, ""assertThrows"": 2, ""assertTrue"": 1, ""fail"": 2}",1.0000,2,2,[],[],[],[],[],[],
deepseek-v4-pro,538,ok,/home/lpy/workspace/misc/course/Introduction-to-Software-Testing/artifacts/sample_runs/deepseek-v4-pro/cand538_14d34506c993,14d34506c993dcefa0860e4a98fa30062d851997,MethodUtils cannot find or invoke vararg methods when widening primitive types following the JLS 5.1.2. Widening Primitive Conversion.,src/test/java/org/apache/commons/lang3/reflect/MethodUtilsTest.java,57,57,57,1.0000,0,0,0,1.0000,0,0,0,1.0000,2,2,2,1.0000,320,320,1.0000,"{""assertArrayEquals"": 15, ""assertEquals"": 187, ""assertFalse"": 8, ""assertNotNull"": 21, ""assertNotSame"": 2, ""assertNull"": 27, ""assertNullPointerException"": 13, ""assertSame"": 6, ""assertThrows"": 21, ""assertTrue"": 20}","{""assertArrayEquals"": 15, ""assertEquals"": 187, ""assertFalse"": 8, ""assertNotNull"": 21, ""assertNotSame"": 2, ""assertNull"": 27, ""assertNullPointerException"": 13, ""assertSame"": 6, ""assertThrows"": 21, ""assertTrue"": 20}",1.0000,21,21,[],[],[],[],"[""testInvokeMethod"", ""testInvokeStaticMethod""]","[""testInvokeMethod"", ""testInvokeStaticMethod""]",
deepseek-v4-pro,539,ok,/home/lpy/workspace/misc/course/Introduction-to-Software-Testing/artifacts/sample_runs/deepseek-v4-pro/cand539_1f75a8f7cc28,1f75a8f7cc28fef663eaca75e831c9da11ea2b0e,LANG-877: Performance improvements for StringEscapeUtils. This fixes #49 from github. Thanks to Fabian Lange.,src/test/java/org/apache/commons/lang3/CharUtilsTest.java,24,24,24,1.0000,0,0,0,1.0000,0,0,0,1.0000,1,1,1,1.0000,138,138,1.0000,"{""assertEquals"": 58, ""assertFalse"": 39, ""assertNotNull"": 1, ""assertSame"": 7, ""assertTrue"": 33}","{""assertEquals"": 58, ""assertFalse"": 39, ""assertNotNull"": 1, ""assertSame"": 7, ""assertTrue"": 33}",1.0000,0,0,[],[],[],[],"[""testToUnicodeEscaped_char""]","[""testToUnicodeEscaped_char""]",
deepseek-v4-pro,540,ok,/home/lpy/workspace/misc/course/Introduction-to-Software-Testing/artifacts/sample_runs/deepseek-v4-pro/cand540_76cc69c3f08c,76cc69c3f08cbf31efd56f631504496307ab7a5c,LANG-1109 - Number percentage formatting with fractional digits,src/test/java/org/apache/commons/lang3/time/FastDateParserTest.java,34,34,34,1.0000,1,1,1,1.0000,0,0,0,1.0000,0,0,0,1.0000,63,63,1.0000,"{""assertEquals"": 54, ""assertFalse"": 2, ""assertTrue"": 3, ""fail"": 4}","{""assertEquals"": 54, ""assertFalse"": 2, ""assertTrue"": 3, ""fail"": 4}",1.0000,1,1,"[""testTimeZoneStrategyPattern""]","[""testTimeZoneStrategyPattern""]",[],[],[],[],
deepseek-v4-pro,541,ok,/home/lpy/workspace/misc/course/Introduction-to-Software-Testing/artifacts/sample_runs/deepseek-v4-pro/cand541_ad648cf8a8a9,ad648cf8a8a90bdee129266ca7b686a5b9a87561,LANG-1336: Add NUL Byte To CharUtils. Thanks to Beluga Behr.,src/test/java/org/apache/commons/lang3/StringUtilsTest.java,144,144,144,1.0000,0,0,0,1.0000,0,0,0,1.0000,3,3,3,1.0000,1519,1519,1.0000,"{""assertAbbreviateWithAbbrevMarkerAndOffset"": 21, ""assertAbbreviateWithOffset"": 21, ""assertArrayEquals"": 8, ""assertEquals"": 1195, ""assertFalse"": 30, ""assertNotNull"": 2, ""assertNull"": 150, ""assertSame"": 3, ""assertTrue"": 53, ""fail"": 36}","{""assertAbbreviateWithAbbrevMarkerAndOffset"": 21, ""assertAbbreviateWithOffset"": 21, ""assertArrayEquals"": 8, ""assertEquals"": 1195, ""assertFalse"": 30, ""assertNotNull"": 2, ""assertNull"": 150, ""assertSame"": 3, ""assertTrue"": 53, ""fail"": 36}",1.0000,13,13,[],[],[],[],"[""testUnwrap_StringChar"", ""testWrapIfMissing_StringChar"", ""testWrap_StringChar""]","[""testUnwrap_StringChar"", ""testWrapIfMissing_StringChar"", ""testWrap_StringChar""]",
deepseek-v4-pro,542,ok,/home/lpy/workspace/misc/course/Introduction-to-Software-Testing/artifacts/sample_runs/deepseek-v4-pro/cand542_0abfa791934a,0abfa791934a846a563ee6d4e89eb5e3f92f63de,"[LANG-1486] Generify builder classes Diffable, DiffBuilder, and DiffResult",src/test/java/org/apache/commons/lang3/builder/DiffBuilderTest.java,31,31,31,1.0000,0,0,0,1.0000,0,0,0,1.0000,31,31,31,1.0000,79,79,1.0000,"{""assertArrayEquals"": 18, ""assertEquals"": 50, ""assertNotEquals"": 1, ""assertNotSame"": 2, ""assertSame"": 1, ""assertThat"": 5, ""assertThrows"": 2}","{""assertArrayEquals"": 18, ""assertEquals"": 50, ""assertNotEquals"": 1, ""assertNotSame"": 2, ""assertSame"": 1, ""assertThat"": 5, ""assertThrows"": 2}",1.0000,2,2,[],[],[],[],"[""testBoolean"", ""testBooleanArray"", ""testByte"", ""testByteArray"", ""testByteArrayEqualAsObject"", ""testChar"", ""testCharArray"", ""testDiffResult"", ""testDouble"", ""testDoubleArray"", ""testFloat"", ""testFloatArray"", ""testInt"", ""testIntArray"", ""testLong"", ""testLongArray"", ""testNullLhs"", ""testNullRhs"", ""testObject"", ""testObjectArray"", ""testObjectArrayEqual"", ""testObjectsNotSameButEqual"", ""testObjectsNotSameNorEqual"", ""testObjectsSameAndEqual"", ""testSameObjectIgnoresAppends"", ""testShort"", ""testShortArray"", ""testSimilarObjectIgnoresAppends"", ""testStylePassedToDiffResult"", ""testTriviallyEqualTestDisabled"", ""testTriviallyEqualTestEnabled""]","[""testBoolean"", ""testBooleanArray"", ""testByte"", ""testByteArray"", ""testByteArrayEqualAsObject"", ""testChar"", ""testCharArray"", ""testDiffResult"", ""testDouble"", ""testDoubleArray"", ""testFloat"", ""testFloatArray"", ""testInt"", ""testIntArray"", ""testLong"", ""testLongArray"", ""testNullLhs"", ""testNullRhs"", ""testObject"", ""testObjectArray"", ""testObjectArrayEqual"", ""testObjectsNotSameButEqual"", ""testObjectsNotSameNorEqual"", ""testObjectsSameAndEqual"", ""testSameObjectIgnoresAppends"", ""testShort"", ""testShortArray"", ""testSimilarObjectIgnoresAppends"", ""testStylePassedToDiffResult"", ""testTriviallyEqualTestDisabled"", ""testTriviallyEqualTestEnabled""]",
deepseek-v4-pro,544,ok,/home/lpy/workspace/misc/course/Introduction-to-Software-Testing/artifacts/sample_runs/deepseek-v4-pro/cand544_b62fc004d1a6,b62fc004d1a60757090ba9a177202eed0db57cc0,Add some tests that use reflection,src/test/java/org/apache/commons/lang3/builder/ReflectionDiffBuilderTest.java,16,16,16,1.0000,1,1,1,1.0000,0,0,0,1.0000,4,4,4,1.0000,34,34,1.0000,"{""assertEquals"": 25, ""assertNotNull"": 9}","{""assertEquals"": 25, ""assertNotNull"": 9}",1.0000,0,0,"[""testRetention""]","[""testRetention""]",[],[],"[""testGetExcludeFieldNamesWithNullExcludedFieldNames"", ""testGetExcludeFieldNamesWithNullExcludedFieldNamesCtor"", ""testGetExcludeFieldNamesWithNullValuesInExcludedFieldNames"", ""testGetExcludeFieldNamesWithNullValuesInExcludedFieldNamesCtor""]","[""testGetExcludeFieldNamesWithNullExcludedFieldNames"", ""testGetExcludeFieldNamesWithNullExcludedFieldNamesCtor"", ""testGetExcludeFieldNamesWithNullValuesInExcludedFieldNames"", ""testGetExcludeFieldNamesWithNullValuesInExcludedFieldNamesCtor""]",
deepseek-v4-pro,546,ok,/home/lpy/workspace/misc/course/Introduction-to-Software-Testing/artifacts/sample_runs/deepseek-v4-pro/cand546_62d7aacb4f3e,62d7aacb4f3eb318045496f115a7171f0bc2c6c1,LANG-1659 - Method to check if an object it's an array. (#754),src/test/java/org/apache/commons/lang3/ObjectUtilsTest.java,56,56,56,1.0000,1,1,1,1.0000,0,0,0,1.0000,0,0,0,1.0000,268,268,1.0000,"{""assertArrayEquals"": 1, ""assertEquals"": 83, ""assertFalse"": 38, ""assertNotNull"": 2, ""assertNotSame"": 2, ""assertNull"": 23, ""assertSame"": 30, ""assertThrows"": 24, ""assertTrue"": 64, ""fail"": 1}","{""assertArrayEquals"": 1, ""assertEquals"": 83, ""assertFalse"": 38, ""assertNotNull"": 2, ""assertNotSame"": 2, ""assertNull"": 23, ""assertSame"": 30, ""assertThrows"": 24, ""assertTrue"": 64, ""fail"": 1}",1.0000,24,24,"[""testArray""]","[""testArray""]",[],[],[],[],
deepseek-v4-pro,547,ok,/home/lpy/workspace/misc/course/Introduction-to-Software-Testing/artifacts/sample_runs/deepseek-v4-pro/cand547_b4b51a8fc9ee,b4b51a8fc9eed7274a045b2f3192d77782b0e4fa,"<action issue=""LANG-1001"" type=""fix"" dev=""ggregory"" due-to=""Michael Osipov"">ISO 8601 misspelled throughout the Javadocs</action>",src/test/java/org/apache/commons/lang3/time/DurationFormatUtilsTest.java,19,19,19,1.0000,0,0,0,1.0000,0,0,0,1.0000,0,0,0,1.0000,181,181,1.0000,"{""assertArrayEquals"": 4, ""assertEqualDuration"": 38, ""assertEquals"": 130, ""assertFalse"": 4, ""assertNotNull"": 1, ""assertTrue"": 4}","{""assertArrayEquals"": 4, ""assertEqualDuration"": 38, ""assertEquals"": 130, ""assertFalse"": 4, ""assertNotNull"": 1, ""assertTrue"": 4}",1.0000,1,1,[],[],[],[],[],[],
deepseek-v4-pro,548,ok,/home/lpy/workspace/misc/course/Introduction-to-Software-Testing/artifacts/sample_runs/deepseek-v4-pro/cand548_177911e47146,177911e47146db0df2e35839d6bd03ad1315916c,"Add ObjectUtils.getIfNull(Object, Object) and deprecate defaultIfNull(Object, Object)",src/test/java/org/apache/commons/lang3/ObjectUtilsTest.java,59,59,59,1.0000,2,2,2,1.0000,0,0,0,1.0000,0,0,0,1.0000,298,298,1.0000,"{""assertArrayEquals"": 1, ""assertEquals"": 89, ""assertFalse"": 42, ""assertInstanceOf"": 1, ""assertNotNull"": 6, ""assertNotSame"": 2, ""assertNull"": 29, ""assertSame"": 36, ""assertThrows"": 24, ""assertTrue"": 67, ""fail"": 1}","{""assertArrayEquals"": 1, ""assertEquals"": 89, ""assertFalse"": 42, ""assertInstanceOf"": 1, ""assertNotNull"": 6, ""assertNotSame"": 2, ""assertNull"": 29, ""assertSame"": 36, ""assertThrows"": 24, ""assertTrue"": 67, ""fail"": 1}",1.0000,24,24,"[""testGetIfNullObject"", ""testGetIfNullSupplier""]","[""testGetIfNullObject"", ""testGetIfNullSupplier""]",[],[],[],[],
deepseek-v4-pro,549,ok,/home/lpy/workspace/misc/course/Introduction-to-Software-Testing/artifacts/sample_runs/deepseek-v4-pro/cand549_c9e825e823e3,c9e825e823e30c5b1e3ddc9de5e8fd0094d52ee5,Add and use LocaleUtils.toLocale(Locale) to avoid NPEs and use the default locale when an input locale is null.,src/test/java/org/apache/commons/lang3/LocaleUtilsTest.java,18,18,18,1.0000,2,2,2,1.0000,0,0,0,1.0000,2,2,2,1.0000,133,133,1.0000,"{""assertCountriesByLanguage"": 5, ""assertEquals"": 26, ""assertFalse"": 1, ""assertLanguageByCountry"": 5, ""assertLocaleLookupList"": 17, ""assertNotNull"": 9, ""assertNull"": 2, ""assertSame"": 4, ""assertThrows"": 22, ""assertTrue"": 10, ""assertUnmodifiableCollection"": 6, ""assertValidToLocale"": 26}","{""assertCountriesByLanguage"": 5, ""assertEquals"": 26, ""assertFalse"": 1, ""assertLanguageByCountry"": 5, ""assertLocaleLookupList"": 17, ""assertNotNull"": 9, ""assertNull"": 2, ""assertSame"": 4, ""assertThrows"": 22, ""assertTrue"": 10, ""assertUnmodifiableCollection"": 6, ""assertValidToLocale"": 26}",1.0000,22,22,"[""testToLocale_Locale_defaults"", ""testToLocales""]","[""testToLocale_Locale_defaults"", ""testToLocales""]",[],[],"[""testParseAllLocales"", ""testToLocale_1Part""]","[""testParseAllLocales"", ""testToLocale_1Part""]",
deepseek-v4-pro,550,ok,/home/lpy/workspace/misc/course/Introduction-to-Software-Testing/artifacts/sample_runs/deepseek-v4-pro/cand550_d048a3750291,d048a375029149f4fabeae6050583a4521d6e2fd,LANG-940: Fix deprecation warnings,src/test/java/org/apache/commons/lang3/ObjectUtilsTest.java,36,36,36,1.0000,0,0,0,1.0000,0,0,0,1.0000,2,2,2,1.0000,160,160,1.0000,"{""assertEquals"": 75, ""assertFalse"": 7, ""assertNotNull"": 2, ""assertNotSame"": 2, ""assertNull"": 16, ""assertSame"": 28, ""assertTrue"": 15, ""fail"": 15}","{""assertEquals"": 75, ""assertFalse"": 7, ""assertNotNull"": 2, ""assertNotSame"": 2, ""assertNull"": 16, ""assertSame"": 28, ""assertTrue"": 15, ""fail"": 15}",1.0000,7,7,[],[],[],[],"[""testToString_Object"", ""testToString_ObjectString""]","[""testToString_Object"", ""testToString_ObjectString""]",
deepseek-v4-pro,552,ok,/home/lpy/workspace/misc/course/Introduction-to-Software-Testing/artifacts/sample_runs/deepseek-v4-pro/cand552_3700641b4e74,3700641b4e745a1804b4409c58dee15b459dad16,Correct Javadocs of methods that use Validate.notNull() and replace some uses of Validate.isTrue() with Validate.notNull(). (#525),src/test/java/org/apache/commons/lang3/reflect/MethodUtilsTest.java,42,42,42,1.0000,0,0,0,1.0000,0,0,0,1.0000,3,3,3,1.0000,194,194,1.0000,"{""assertArrayEquals"": 8, ""assertEquals"": 118, ""assertFalse"": 2, ""assertNotNull"": 15, ""assertNotSame"": 1, ""assertNull"": 18, ""assertSame"": 4, ""assertThat"": 3, ""assertThrows"": 17, ""assertTrue"": 8}","{""assertArrayEquals"": 8, ""assertEquals"": 118, ""assertFalse"": 2, ""assertNotNull"": 15, ""assertNotSame"": 1, ""assertNull"": 18, ""assertSame"": 4, ""assertThat"": 3, ""assertThrows"": 17, ""assertTrue"": 8}",1.0000,17,17,[],[],[],[],"[""testGetAnnotationIllegalArgumentException1"", ""testGetMethodsListWithAnnotationIllegalArgumentException1"", ""testGetMethodsWithAnnotationIllegalArgumentException1""]","[""testGetAnnotationIllegalArgumentException1"", ""testGetMethodsListWithAnnotationIllegalArgumentException1"", ""testGetMethodsWithAnnotationIllegalArgumentException1""]",
deepseek-v4-pro,553,ok,/home/lpy/workspace/misc/course/Introduction-to-Software-Testing/artifacts/sample_runs/deepseek-v4-pro/cand553_57ddce119516,57ddce119516f451168f4489f55f399fd9309b53,"Add NumberRange, DoubleRange, IntegerRange, LongRange.",src/test/java/org/apache/commons/lang3/RangeTest.java,28,28,28,1.0000,1,1,1,1.0000,0,0,0,1.0000,1,1,1,1.0000,172,172,1.0000,"{""assertEquals"": 30, ""assertFalse"": 73, ""assertNotEquals"": 4, ""assertNotNull"": 1, ""assertSame"": 5, ""assertThrows"": 6, ""assertTrue"": 53}","{""assertEquals"": 30, ""assertFalse"": 73, ""assertNotEquals"": 4, ""assertNotNull"": 1, ""assertSame"": 5, ""assertThrows"": 6, ""assertTrue"": 53}",1.0000,6,6,"[""testOfWithCompare""]","[""testOfWithCompare""]",[],[],"[""testBetweenWithCompare""]","[""testBetweenWithCompare""]",
deepseek-v4-pro,555,ok,/home/lpy/workspace/misc/course/Introduction-to-Software-Testing/artifacts/sample_runs/deepseek-v4-pro/cand555_234c6a9b84cb,234c6a9b84cb4bfb03e54c717df3ccd940b9884a,LANG-1733: Add null handling features working with Java 8 specs (#1215),src/test/java/org/apache/commons/lang3/function/ConsumersTest.java,2,2,2,1.0000,1,1,1,1.0000,0,0,0,1.0000,0,0,0,1.0000,3,3,1.0000,"{""assertEquals"": 2, ""assertTrue"": 1}","{""assertEquals"": 2, ""assertTrue"": 1}",1.0000,0,0,"[""testAccept""]","[""testAccept""]",[],[],[],[],
deepseek-v4-pro,556,ok,/home/lpy/workspace/misc/course/Introduction-to-Software-Testing/artifacts/sample_runs/deepseek-v4-pro/cand556_24e64686834e,24e64686834ecd4a0dda80c91b53b15e227fc898,[LANG-1498] Add support of lambda value evaluation for defaulting methods #416.,src/test/java/org/apache/commons/lang3/ObjectUtilsTest.java,46,46,46,1.0000,0,0,0,1.0000,0,0,0,1.0000,1,1,1,1.0000,193,193,1.0000,"{""assertArrayEquals"": 1, ""assertEquals"": 66, ""assertFalse"": 25, ""assertNotNull"": 2, ""assertNotSame"": 2, ""assertNull"": 16, ""assertSame"": 30, ""assertThrows"": 19, ""assertTrue"": 32}","{""assertArrayEquals"": 1, ""assertEquals"": 66, ""assertFalse"": 25, ""assertNotNull"": 2, ""assertNotSame"": 2, ""assertNull"": 16, ""assertSame"": 30, ""assertThrows"": 19, ""assertTrue"": 32}",1.0000,19,19,[],[],[],[],"[""testDefaultIfNull""]","[""testDefaultIfNull""]",
deepseek-v4-pro,557,ok,/home/lpy/workspace/misc/course/Introduction-to-Software-Testing/artifacts/sample_runs/deepseek-v4-pro/cand557_2ebf9a21d2dc,2ebf9a21d2dc99ab2f434111cac9dcd6da99d574,"LANG-1192 partial: implement format 'u' for FastDateFormat, day number of week",src/test/java/org/apache/commons/lang3/time/FastDateParserTest.java,37,37,37,1.0000,1,1,1,1.0000,0,0,0,1.0000,0,0,0,1.0000,69,69,1.0000,"{""assertEquals"": 60, ""assertFalse"": 1, ""assertTrue"": 2, ""fail"": 6}","{""assertEquals"": 60, ""assertFalse"": 1, ""assertTrue"": 2, ""fail"": 6}",1.0000,1,1,"[""testDayNumberOfWeek""]","[""testDayNumberOfWeek""]",[],[],[],[],
deepseek-v4-pro,559,ok,/home/lpy/workspace/misc/course/Introduction-to-Software-Testing/artifacts/sample_runs/deepseek-v4-pro/cand559_4c1cbdbb8002,4c1cbdbb8002074959f3291371b34f4b0ce1f359,Flip args on new API,src/test/java/org/apache/commons/lang3/function/ConsumersTest.java,2,2,2,1.0000,0,0,0,1.0000,0,0,0,1.0000,1,1,1,1.0000,3,3,1.0000,"{""assertEquals"": 2, ""assertTrue"": 1}","{""assertEquals"": 2, ""assertTrue"": 1}",1.0000,0,0,[],[],[],[],"[""testAccept""]","[""testAccept""]",
deepseek-v4-pro,560,ok,/home/lpy/workspace/misc/course/Introduction-to-Software-Testing/artifacts/sample_runs/deepseek-v4-pro/cand560_50ce8c44e160,50ce8c44e1601acffa39f5568f0fc140aade0564,"LANG-1384: Version ""11"" is available.",src/test/java/org/apache/commons/lang3/JavaVersionTest.java,3,3,3,1.0000,0,0,0,1.0000,0,0,0,1.0000,1,1,1,1.0000,22,22,1.0000,"{""assertEquals"": 16, ""assertFalse"": 3, ""assertNull"": 1, ""assertTrue"": 2}","{""assertEquals"": 16, ""assertFalse"": 3, ""assertNull"": 1, ""assertTrue"": 2}",1.0000,0,0,[],[],[],[],"[""testGetJavaVersion""]","[""testGetJavaVersion""]",
deepseek-v4-pro,562,ok,/home/lpy/workspace/misc/course/Introduction-to-Software-Testing/artifacts/sample_runs/deepseek-v4-pro/cand562_b9f04d9be3e7,b9f04d9be3e7ff300520da194fe29ed5c1861787,LANG-1197: Prepare Java 9 detection,src/test/java/org/apache/commons/lang3/JavaVersionTest.java,3,3,3,1.0000,0,0,0,1.0000,0,0,0,1.0000,1,1,1,1.0000,19,19,1.0000,"{""assertEquals"": 13, ""assertFalse"": 3, ""assertNull"": 1, ""assertTrue"": 2}","{""assertEquals"": 13, ""assertFalse"": 3, ""assertNull"": 1, ""assertTrue"": 2}",1.0000,0,0,[],[],[],[],"[""testGetJavaVersion""]","[""testGetJavaVersion""]",
deepseek-v4-pro,563,ok,/home/lpy/workspace/misc/course/Introduction-to-Software-Testing/artifacts/sample_runs/deepseek-v4-pro/cand563_c49ed131f71d,c49ed131f71dae68c1856d58918b322aa4ba6017,[LANG-1784] Add Functions|Failable methods for null-safe mapping and chaining #1435,src/test/java/org/apache/commons/lang3/function/FailableTest.java,177,177,177,1.0000,3,3,3,1.0000,3,3,3,1.0000,0,0,0,1.0000,575,575,1.0000,"{""assertEquals"": 67, ""assertFalse"": 41, ""assertInstanceOf"": 8, ""assertNotNull"": 36, ""assertNull"": 40, ""assertNullPointerException"": 39, ""assertSame"": 90, ""assertThrows"": 209, ""assertTrue"": 45}","{""assertEquals"": 67, ""assertFalse"": 41, ""assertInstanceOf"": 8, ""assertNotNull"": 36, ""assertNull"": 40, ""assertNullPointerException"": 39, ""assertSame"": 90, ""assertThrows"": 209, ""assertTrue"": 45}",1.0000,209,209,"[""testApplyNonNull"", ""testApplyNonNull2"", ""testApplyNonNull3""]","[""testApplyNonNull"", ""testApplyNonNull2"", ""testApplyNonNull3""]","[""testApplyNotNull"", ""testApplyNotNull2"", ""testApplyNotNull3""]","[""testApplyNotNull"", ""testApplyNotNull2"", ""testApplyNotNull3""]",[],[],
deepseek-v4-pro,565,ok,/home/lpy/workspace/misc/course/Introduction-to-Software-Testing/artifacts/sample_runs/deepseek-v4-pro/cand565_ebe7bb58a541,ebe7bb58a541bf397333f466d412e617266ee5aa,LANG-1316: Deprecate classes/methods moved to commons-text,src/test/java/org/apache/commons/lang3/RandomStringUtilsTest.java,18,18,18,1.0000,0,0,0,1.0000,0,0,0,1.0000,0,0,0,1.0000,89,89,1.0000,"{""assertEquals"": 21, ""assertFalse"": 1, ""assertNotNull"": 1, ""assertThat"": 18, ""assertTrue"": 31, ""fail"": 17}","{""assertEquals"": 21, ""assertFalse"": 1, ""assertNotNull"": 1, ""assertThat"": 18, ""assertTrue"": 31, ""fail"": 17}",1.0000,0,0,[],[],[],[],[],[],
deepseek-v4-pro,566,ok,/home/lpy/workspace/misc/course/Introduction-to-Software-Testing/artifacts/sample_runs/deepseek-v4-pro/cand566_f161ff66698b,f161ff66698bea44784926fc6aa9073d96a00cec,Simplify exception handling,src/test/java/org/apache/commons/lang3/ObjectUtilsTest.java,57,57,57,1.0000,0,0,0,1.0000,0,0,0,1.0000,2,2,2,1.0000,288,288,1.0000,"{""assertArrayEquals"": 1, ""assertEquals"": 87, ""assertFalse"": 42, ""assertNotNull"": 6, ""assertNotSame"": 2, ""assertNull"": 27, ""assertSame"": 30, ""assertThrows"": 24, ""assertTrue"": 68, ""fail"": 1}","{""assertArrayEquals"": 1, ""assertEquals"": 87, ""assertFalse"": 42, ""assertNotNull"": 6, ""assertNotSame"": 2, ""assertNull"": 27, ""assertSame"": 30, ""assertThrows"": 24, ""assertTrue"": 68, ""fail"": 1}",1.0000,24,24,[],[],[],[],"[""testCloneOfUncloneable"", ""testPossibleCloneOfUncloneable""]","[""testCloneOfUncloneable"", ""testPossibleCloneOfUncloneable""]",
deepseek-v4-pro,567,ok,/home/lpy/workspace/misc/course/Introduction-to-Software-Testing/artifacts/sample_runs/deepseek-v4-pro/cand567_f3e64b3b0e67,f3e64b3b0e67d7faa0f10b698e08207f972a15b1,StrBuilder.setLength(int) shrink-branch leaves residual chars in buffer tail (#1671),src/test/java/org/apache/commons/lang3/ArrayFillTest.java,28,28,28,1.0000,5,5,5,1.0000,0,0,0,1.0000,0,0,0,1.0000,55,55,1.0000,"{""assertArrayEquals"": 4, ""assertEquals"": 22, ""assertNull"": 3, ""assertSame"": 26}","{""assertArrayEquals"": 4, ""assertEquals"": 22, ""assertNull"": 3, ""assertSame"": 26}",1.0000,0,0,"[""testClearCharArrayRange"", ""testClearCharArrayRangeNull"", ""testFillCharArrayRange"", ""testFillCharArrayRangeEmpty"", ""testFillCharArrayRangeNull""]","[""testClearCharArrayRange"", ""testClearCharArrayRangeNull"", ""testFillCharArrayRange"", ""testFillCharArrayRangeEmpty"", ""testFillCharArrayRangeNull""]",[],[],[],[],
deepseek-v4-pro,568,ok,/home/lpy/workspace/misc/course/Introduction-to-Software-Testing/artifacts/sample_runs/deepseek-v4-pro/cand568_22b6781a0b96,22b6781a0b96418198dc9146e5191e51d381102f,"Added missing support for ISO 8601 parsing and printing using ""ZZ"" pattern (code now matches Javadoc). Addresses LANG-1000.",src/test/java/org/apache/commons/lang3/time/FastDatePrinterTest.java,15,15,15,1.0000,1,1,1,1.0000,0,0,0,1.0000,0,0,0,1.0000,47,47,1.0000,"{""assertEquals"": 44, ""assertFalse"": 1, ""assertNotNull"": 1, ""assertTrue"": 1}","{""assertEquals"": 44, ""assertFalse"": 1, ""assertNotNull"": 1, ""assertTrue"": 1}",1.0000,0,0,"[""testTimeZoneAsZ""]","[""testTimeZoneAsZ""]",[],[],[],[],
deepseek-v4-pro,569,ok,/home/lpy/workspace/misc/course/Introduction-to-Software-Testing/artifacts/sample_runs/deepseek-v4-pro/cand569_4369537d8b13,4369537d8b1387b94a1126a36a4fc400a35d35cc,"ArrayUtils.toPrimitive(Boolean...) null array elements map to false, like Boolean.parseBoolean(null) and its callers return false.",src/test/java/org/apache/commons/lang3/ArrayUtilsTest.java,337,337,337,1.0000,0,0,0,1.0000,0,0,0,1.0000,1,1,1,1.0000,3293,3293,1.0000,"{""assertArrayEquals"": 112, ""assertEquals"": 1199, ""assertFalse"": 1010, ""assertIsEquals"": 9, ""assertNotEquals"": 1, ""assertNotNull"": 2, ""assertNotSame"": 30, ""assertNull"": 98, ""assertSame"": 71, ""assertThrows"": 18, ""assertTrue"": 743}","{""assertArrayEquals"": 112, ""assertEquals"": 1199, ""assertFalse"": 1010, ""assertIsEquals"": 9, ""assertNotEquals"": 1, ""assertNotNull"": 2, ""assertNotSame"": 30, ""assertNull"": 98, ""assertSame"": 71, ""assertThrows"": 18, ""assertTrue"": 743}",1.0000,18,18,[],[],[],[],"[""testToPrimitive_boolean""]","[""testToPrimitive_boolean""]",
deepseek-v4-pro,570,ok,/home/lpy/workspace/misc/course/Introduction-to-Software-Testing/artifacts/sample_runs/deepseek-v4-pro/cand570_6e797a40a7fb,6e797a40a7fb7d0e5abf555c0d179dd3937bdecb,LANG-1443: Add more SystemUtils.IS_JAVA_XX variants (#415),src/test/java/org/apache/commons/lang3/JavaVersionTest.java,3,3,3,1.0000,0,0,0,1.0000,0,0,0,1.0000,1,1,1,1.0000,24,24,1.0000,"{""assertEquals"": 18, ""assertFalse"": 3, ""assertNull"": 1, ""assertTrue"": 2}","{""assertEquals"": 18, ""assertFalse"": 3, ""assertNull"": 1, ""assertTrue"": 2}",1.0000,0,0,[],[],[],[],"[""testGetJavaVersion""]","[""testGetJavaVersion""]",
deepseek-v4-pro,571,ok,/home/lpy/workspace/misc/course/Introduction-to-Software-Testing/artifacts/sample_runs/deepseek-v4-pro/cand571_70fa706916dc,70fa706916dc59209281699477575e4d5292b936,Add JavaVersion.JAVA_25,src/test/java/org/apache/commons/lang3/JavaVersionTest.java,3,3,3,1.0000,0,0,0,1.0000,0,0,0,1.0000,1,1,1,1.0000,36,36,1.0000,"{""assertEquals"": 30, ""assertFalse"": 3, ""assertNull"": 1, ""assertTrue"": 2}","{""assertEquals"": 30, ""assertFalse"": 3, ""assertNull"": 1, ""assertTrue"": 2}",1.0000,0,0,[],[],[],[],"[""testGetJavaVersion""]","[""testGetJavaVersion""]",
deepseek-v4-pro,572,ok,/home/lpy/workspace/misc/course/Introduction-to-Software-Testing/artifacts/sample_runs/deepseek-v4-pro/cand572_85f91f420890,85f91f4208903bb7ca608d51c941214b667d3c06,"Add ArrayUtils.containsAny(int[], int...)",src/test/java/org/apache/commons/lang3/ArrayUtilsTest.java,342,342,342,1.0000,2,2,2,1.0000,1,1,1,1.0000,0,0,0,1.0000,3313,3313,1.0000,"{""assertArrayEquals"": 113, ""assertEquals"": 1199, ""assertFalse"": 1014, ""assertInstanceOf"": 1, ""assertIsEquals"": 9, ""assertNotEquals"": 1, ""assertNotNull"": 2, ""assertNotSame"": 30, ""assertNull"": 98, ""assertSame"": 71, ""assertThrows"": 24, ""assertTrue"": 751}","{""assertArrayEquals"": 113, ""assertEquals"": 1199, ""assertFalse"": 1014, ""assertInstanceOf"": 1, ""assertIsEquals"": 9, ""assertNotEquals"": 1, ""assertNotNull"": 2, ""assertNotSame"": 30, ""assertNull"": 98, ""assertSame"": 71, ""assertThrows"": 24, ""assertTrue"": 751}",1.0000,24,24,"[""testContainsAnyInt"", ""testContainsAnyObject""]","[""testContainsAnyInt"", ""testContainsAnyObject""]","[""testContainsAny""]","[""testContainsAny""]",[],[],
deepseek-v4-pro,573,ok,/home/lpy/workspace/misc/course/Introduction-to-Software-Testing/artifacts/sample_runs/deepseek-v4-pro/cand573_892826578a7c,892826578a7cefb901b8fe2e304aa1ce7470267a,Add SystemUtils.IS_JAVA_22,src/test/java/org/apache/commons/lang3/JavaVersionTest.java,3,3,3,1.0000,0,0,0,1.0000,0,0,0,1.0000,3,3,3,1.0000,33,33,1.0000,"{""assertEquals"": 27, ""assertFalse"": 3, ""assertNull"": 1, ""assertTrue"": 2}","{""assertEquals"": 27, ""assertFalse"": 3, ""assertNull"": 1, ""assertTrue"": 2}",1.0000,0,0,[],[],[],[],"[""testAtLeast"", ""testGetJavaVersion"", ""testToString""]","[""testAtLeast"", ""testGetJavaVersion"", ""testToString""]",
deepseek-v4-pro,574,ok,/home/lpy/workspace/misc/course/Introduction-to-Software-Testing/artifacts/sample_runs/deepseek-v4-pro/cand574_a618b844c5a2,a618b844c5a261ced37385ab3947de6e215d46f7,"[LANG-1365] Fix NullPointerException in isJavaVersionAtLeast on Java 10, add SystemUtils.IS_JAVA_10, add JavaVersion.JAVA_10.",src/test/java/org/apache/commons/lang3/JavaVersionTest.java,3,3,3,1.0000,0,0,0,1.0000,0,0,0,1.0000,1,1,1,1.0000,20,20,1.0000,"{""assertEquals"": 14, ""assertFalse"": 3, ""assertNull"": 1, ""assertTrue"": 2}","{""assertEquals"": 14, ""assertFalse"": 3, ""assertNull"": 1, ""assertTrue"": 2}",1.0000,0,0,[],[],[],[],"[""testGetJavaVersion""]","[""testGetJavaVersion""]",
deepseek-v4-pro,575,ok,/home/lpy/workspace/misc/course/Introduction-to-Software-Testing/artifacts/sample_runs/deepseek-v4-pro/cand575_aeca68f2a5e5,aeca68f2a5e5b87ab5bb94e1139ca42e547f0bd4,Make ArraySorter null-safe,src/test/java/org/apache/commons/lang3/ArraySorterTest.java,9,9,9,1.0000,0,0,0,1.0000,0,0,0,1.0000,9,9,9,1.0000,18,18,1.0000,"{""assertArrayEquals"": 9, ""assertNull"": 9}","{""assertArrayEquals"": 9, ""assertNull"": 9}",1.0000,0,0,[],[],[],[],"[""testSortByteArray"", ""testSortCharArray"", ""testSortComparable"", ""testSortDoubleArray"", ""testSortFloatArray"", ""testSortIntArray"", ""testSortLongArray"", ""testSortObjects"", ""testSortShortArray""]","[""testSortByteArray"", ""testSortCharArray"", ""testSortComparable"", ""testSortDoubleArray"", ""testSortFloatArray"", ""testSortIntArray"", ""testSortLongArray"", ""testSortObjects"", ""testSortShortArray""]",
deepseek-v4-pro,576,ok,/home/lpy/workspace/misc/course/Introduction-to-Software-Testing/artifacts/sample_runs/deepseek-v4-pro/cand576_e7437aa445b3,e7437aa445b31dc17eab30ece032d736e33f3761,Add SystemUtils.IS_JAVA_23,src/test/java/org/apache/commons/lang3/JavaVersionTest.java,3,3,3,1.0000,0,0,0,1.0000,0,0,0,1.0000,1,1,1,1.0000,34,34,1.0000,"{""assertEquals"": 28, ""assertFalse"": 3, ""assertNull"": 1, ""assertTrue"": 2}","{""assertEquals"": 28, ""assertFalse"": 3, ""assertNull"": 1, ""assertTrue"": 2}",1.0000,0,0,[],[],[],[],"[""testGetJavaVersion""]","[""testGetJavaVersion""]",
deepseek-v4-pro,577,ok,/home/lpy/workspace/misc/course/Introduction-to-Software-Testing/artifacts/sample_runs/deepseek-v4-pro/cand577_ea344865514a,ea344865514a8b75eb4e9d1a159fc8434e5bb7fa,Add and use ObjectUtils.requireNonEmpty().,src/test/java/org/apache/commons/lang3/BooleanUtilsTest.java,74,74,74,1.0000,0,0,0,1.0000,0,0,0,1.0000,6,6,6,1.0000,286,286,1.0000,"{""assertArrayEquals"": 2, ""assertEquals"": 96, ""assertFalse"": 33, ""assertNotNull"": 1, ""assertNull"": 17, ""assertSame"": 9, ""assertThrows"": 25, ""assertTrue"": 103}","{""assertArrayEquals"": 2, ""assertEquals"": 96, ""assertFalse"": 33, ""assertNotNull"": 1, ""assertNull"": 17, ""assertSame"": 9, ""assertThrows"": 25, ""assertTrue"": 103}",1.0000,25,25,[],[],[],[],"[""testAnd_object_nullInput"", ""testAnd_primitive_nullInput"", ""testOr_object_nullInput"", ""testOr_primitive_nullInput"", ""testXor_object_nullInput"", ""testXor_primitive_nullInput""]","[""testAnd_object_nullInput"", ""testAnd_primitive_nullInput"", ""testOr_object_nullInput"", ""testOr_primitive_nullInput"", ""testXor_object_nullInput"", ""testXor_primitive_nullInput""]",
deepseek-v4-pro,578,ok,/home/lpy/workspace/misc/course/Introduction-to-Software-Testing/artifacts/sample_runs/deepseek-v4-pro/cand578_f664abb5e255,f664abb5e255e734860ab11778d982491f317f14,Add JavaVersion.JAVA_24,src/test/java/org/apache/commons/lang3/JavaVersionTest.java,3,3,3,1.0000,0,0,0,1.0000,0,0,0,1.0000,1,1,1,1.0000,35,35,1.0000,"{""assertEquals"": 29, ""assertFalse"": 3, ""assertNull"": 1, ""assertTrue"": 2}","{""assertEquals"": 29, ""assertFalse"": 3, ""assertNull"": 1, ""assertTrue"": 2}",1.0000,0,0,[],[],[],[],"[""testGetJavaVersion""]","[""testGetJavaVersion""]",
deepseek-v4-pro,579,ok,/home/lpy/workspace/misc/course/Introduction-to-Software-Testing/artifacts/sample_runs/deepseek-v4-pro/cand579_aa4eef85cfd8,aa4eef85cfd88e55677df238b44c6cc463d0af91,[LANG-1724] Customize text pattern in DiffResult#toString(),src/test/java/org/apache/commons/lang3/builder/DiffBuilderTest.java,34,34,34,1.0000,2,2,2,1.0000,1,1,1,1.0000,0,0,0,1.0000,83,83,1.0000,"{""assertArrayEquals"": 18, ""assertEquals"": 52, ""assertNotEquals"": 1, ""assertNotSame"": 2, ""assertSame"": 1, ""assertThat"": 5, ""assertThrows"": 4}","{""assertArrayEquals"": 18, ""assertEquals"": 52, ""assertNotEquals"": 1, ""assertNotSame"": 2, ""assertSame"": 1, ""assertThat"": 5, ""assertThrows"": 4}",1.0000,4,4,"[""testByteArrayEqualAsObject1"", ""testByteArrayEqualAsObjectDeprecated""]","[""testByteArrayEqualAsObject1"", ""testByteArrayEqualAsObjectDeprecated""]","[""testByteArrayEqualAsObject""]","[""testByteArrayEqualAsObject""]",[],[],
deepseek-v4-pro,580,ok,/home/lpy/workspace/misc/course/Introduction-to-Software-Testing/artifacts/sample_runs/deepseek-v4-pro/cand580_de67dec07741,de67dec0774115848a9f37feda05b522a716d1fb,LANG-1021: Provide methods to retrieve all fields/methods annotated with a specific type. Thanks to Alexander Müller.,src/test/java/org/apache/commons/lang3/reflect/FieldUtilsTest.java,56,64,56,0.8750,0,8,0,0.0000,0,0,0,1.0000,0,0,0,1.0000,313,319,0.9812,"{""assertArrayEquals"": 3, ""assertEquals"": 162, ""assertFalse"": 11, ""assertNotNull"": 1, ""assertNull"": 23, ""assertTrue"": 8, ""fail"": 105}","{""assertArrayEquals"": 5, ""assertEquals"": 164, ""assertFalse"": 11, ""assertNotNull"": 1, ""assertNull"": 23, ""assertTrue"": 10, ""fail"": 105}",1.0000,21,27,[],"[""testGetFieldsListWithAnnotation"", ""testGetFieldsListWithAnnotationIllegalArgumentException1"", ""testGetFieldsListWithAnnotationIllegalArgumentException2"", ""testGetFieldsListWithAnnotationIllegalArgumentException3"", ""testGetFieldsWithAnnotation"", ""testGetFieldsWithAnnotationIllegalArgumentException1"", ""testGetFieldsWithAnnotationIllegalArgumentException2"", ""testGetFieldsWithAnnotationIllegalArgumentException3""]",[],[],[],[],
deepseek-v4-pro,581,ok,/home/lpy/workspace/misc/course/Introduction-to-Software-Testing/artifacts/sample_runs/deepseek-v4-pro/cand581_95a0e2b09bc4,95a0e2b09bc4a3a363e5ab1c853d002fb74ad7af,Refactor system property access into a new SystemProperties class,src/test/java/org/apache/commons/lang3/text/StrLookupTest.java,6,6,6,1.0000,0,0,0,1.0000,0,0,0,1.0000,1,1,1,1.0000,17,17,1.0000,"{""assertEquals"": 5, ""assertNull"": 12}","{""assertEquals"": 5, ""assertNull"": 12}",1.0000,0,0,[],[],[],[],"[""testSystemPropertiesLookup""]","[""testSystemPropertiesLookup""]",
deepseek-v4-pro,584,ok,/home/lpy/workspace/misc/course/Introduction-to-Software-Testing/artifacts/sample_runs/deepseek-v4-pro/cand584_25e91c424228,25e91c4242283d118ba978d4f38cd18e10c890dc,Move new internal Calendar APIs to CalendarUtils and refactor.,src/test/java/org/apache/commons/lang3/time/CalendarUtilsTest.java,5,5,5,1.0000,2,2,2,1.0000,0,0,0,1.0000,0,0,0,1.0000,29,29,1.0000,"{""assertEquals"": 29}","{""assertEquals"": 29}",1.0000,0,0,"[""testGetStandaloneLongMonthNames"", ""testGetStandaloneShortMonthNames""]","[""testGetStandaloneLongMonthNames"", ""testGetStandaloneShortMonthNames""]",[],[],[],[],
deepseek-v4-pro,585,ok,/home/lpy/workspace/misc/course/Introduction-to-Software-Testing/artifacts/sample_runs/deepseek-v4-pro/cand585_fa380309554c,fa380309554ce4e0c1efdbec1e3b489444ecbf72,Use Objects#requireNonNull(),src/test/java/org/apache/commons/lang3/text/StrSubstitutorTest.java,40,40,40,1.0000,0,0,0,1.0000,0,0,0,1.0000,2,2,2,1.0000,102,102,1.0000,"{""assertEquals"": 55, ""assertFalse"": 6, ""assertNull"": 11, ""assertSame"": 6, ""assertThrows"": 6, ""assertTrue"": 18}","{""assertEquals"": 55, ""assertFalse"": 6, ""assertNull"": 11, ""assertSame"": 6, ""assertThrows"": 6, ""assertTrue"": 18}",1.0000,6,6,[],[],[],[],"[""testGetSetPrefix"", ""testGetSetSuffix""]","[""testGetSetPrefix"", ""testGetSetSuffix""]",
deepseek-v4-pro,586,ok,/home/lpy/workspace/misc/course/Introduction-to-Software-Testing/artifacts/sample_runs/deepseek-v4-pro/cand586_127869e88f24,127869e88f248da9bea3ba20beb620c7f2479abb,LANG-1680 Add support for standalone month formats (#892),src/test/java/org/apache/commons/lang3/time/DateUtilsTest.java,65,65,65,1.0000,2,2,2,1.0000,0,0,0,1.0000,0,0,0,1.0000,478,478,1.0000,"{""assertCalendarsEquals"": 5, ""assertDate"": 81, ""assertEquals"": 235, ""assertFalse"": 12, ""assertNotNull"": 1, ""assertNotSame"": 40, ""assertThrows"": 79, ""assertTrue"": 10, ""assertWeekIterator"": 15}","{""assertCalendarsEquals"": 5, ""assertDate"": 81, ""assertEquals"": 235, ""assertFalse"": 12, ""assertNotNull"": 1, ""assertNotSame"": 40, ""assertThrows"": 79, ""assertTrue"": 10, ""assertWeekIterator"": 15}",1.0000,79,79,"[""testGetStandaloneLongMonthNames"", ""testGetStandaloneShortMonthNames""]","[""testGetStandaloneLongMonthNames"", ""testGetStandaloneShortMonthNames""]",[],[],[],[],
deepseek-v4-pro,588,ok,/home/lpy/workspace/misc/course/Introduction-to-Software-Testing/artifacts/sample_runs/deepseek-v4-pro/cand588_6c61b0916ef7,6c61b0916ef77600d09c3e299498ce60058035a0,Add Suppliers.nul(),src/test/java/org/apache/commons/lang3/function/SuppliersTest.java,1,1,1,1.0000,0,0,0,1.0000,0,0,0,1.0000,1,1,1,1.0000,4,4,1.0000,"{""assertEquals"": 1, ""assertNull"": 3}","{""assertEquals"": 1, ""assertNull"": 3}",1.0000,0,0,[],[],[],[],"[""testGet""]","[""testGet""]",
deepseek-v4-pro,589,ok,/home/lpy/workspace/misc/course/Introduction-to-Software-Testing/artifacts/sample_runs/deepseek-v4-pro/cand589_aae5a3522fd5,aae5a3522fd585513693d6c550044247eae28a51,Use Objects#requireNonNull(),src/test/java/org/apache/commons/lang3/ArrayUtilsTest.java,338,338,338,1.0000,0,0,0,1.0000,0,0,0,1.0000,1,1,1,1.0000,3301,3301,1.0000,"{""assertArrayEquals"": 112, ""assertEquals"": 1199, ""assertFalse"": 1013, ""assertIsEquals"": 9, ""assertNotEquals"": 1, ""assertNotNull"": 2, ""assertNotSame"": 30, ""assertNull"": 98, ""assertSame"": 71, ""assertThrows"": 18, ""assertTrue"": 748}","{""assertArrayEquals"": 112, ""assertEquals"": 1199, ""assertFalse"": 1013, ""assertIsEquals"": 9, ""assertNotEquals"": 1, ""assertNotNull"": 2, ""assertNotSame"": 30, ""assertNull"": 98, ""assertSame"": 71, ""assertThrows"": 18, ""assertTrue"": 748}",1.0000,18,18,[],[],[],[],"[""testIsSortedNullComparator""]","[""testIsSortedNullComparator""]",
deepseek-v4-pro,590,ok,/home/lpy/workspace/misc/course/Introduction-to-Software-Testing/artifacts/sample_runs/deepseek-v4-pro/cand590_022d08cfd314,022d08cfd31475073c664da109ad50bfe9539d82,Fix DefaultExceptionContext.addValue that overwrites information in a recursive situation (LANG-605). Allow explicit replacement of a label with the new replaceValue methods.,src/test/java/org/apache/commons/lang3/exception/ContextedExceptionTest.java,0,0,0,1.0000,0,0,0,1.0000,0,0,0,1.0000,0,0,0,1.0000,46,46,1.0000,"{""assertEquals"": 1, ""assertTrue"": 45}","{""assertEquals"": 1, ""assertTrue"": 45}",1.0000,0,0,[],[],[],[],[],[],
deepseek-v4-pro,592,ok,/home/lpy/workspace/misc/course/Introduction-to-Software-Testing/artifacts/sample_runs/deepseek-v4-pro/cand592_670a832d4d78,670a832d4d78c0206180ec2106a5e09592f65cc0,[LANG-1503] Add factory methods to Pair classes with Map.Entry input. #454.,src/test/java/org/apache/commons/lang3/tuple/ImmutablePairTest.java,18,18,18,1.0000,2,2,2,1.0000,1,1,1,1.0000,1,1,1,1.0000,46,46,1.0000,"{""assertEquals"": 31, ""assertNotEquals"": 3, ""assertNotNull"": 1, ""assertNull"": 10, ""assertSame"": 1}","{""assertEquals"": 31, ""assertNotEquals"": 3, ""assertNotNull"": 1, ""assertNull"": 10, ""assertSame"": 1}",1.0000,0,0,"[""testPairOfMapEntry"", ""testPairOfObjects""]","[""testPairOfMapEntry"", ""testPairOfObjects""]","[""testPairOf""]","[""testPairOf""]","[""testBasic""]","[""testBasic""]",
deepseek-v4-pro,593,ok,/home/lpy/workspace/misc/course/Introduction-to-Software-Testing/artifacts/sample_runs/deepseek-v4-pro/cand593_680f9d5492e2,680f9d5492e2c9c27e5c1178744a9edf36a0272b,Add missing javadoc/tests for some null arguments (#869),src/test/java/org/apache/commons/lang3/builder/ToStringBuilderTest.java,95,95,95,1.0000,1,1,1,1.0000,0,0,0,1.0000,0,0,0,1.0000,314,314,1.0000,"{""assertEquals"": 286, ""assertNotNull"": 4, ""assertReflectionArray"": 19, ""assertSame"": 1, ""assertThrows"": 4}","{""assertEquals"": 286, ""assertNotNull"": 4, ""assertReflectionArray"": 19, ""assertSame"": 1, ""assertThrows"": 4}",1.0000,4,4,"[""testAppendAsObjectToStringNullPointerException""]","[""testAppendAsObjectToStringNullPointerException""]",[],[],[],[],
deepseek-v4-pro,594,ok,/home/lpy/workspace/misc/course/Introduction-to-Software-Testing/artifacts/sample_runs/deepseek-v4-pro/cand594_cae8364d9e44,cae8364d9e44065272eea22f5a64e78443b8f641,Use final.,src/test/java/org/apache/commons/lang3/StringUtilsTest.java,153,153,153,1.0000,0,0,0,1.0000,0,0,0,1.0000,1,1,1,1.0000,1588,1588,1.0000,"{""assertAbbreviateWithAbbrevMarkerAndOffset"": 21, ""assertAbbreviateWithOffset"": 21, ""assertArrayEquals"": 12, ""assertEquals"": 1225, ""assertFalse"": 30, ""assertNotEquals"": 2, ""assertNotNull"": 2, ""assertNull"": 188, ""assertSame"": 7, ""assertThrows"": 47, ""assertTrue"": 33}","{""assertAbbreviateWithAbbrevMarkerAndOffset"": 21, ""assertAbbreviateWithOffset"": 21, ""assertArrayEquals"": 12, ""assertEquals"": 1225, ""assertFalse"": 30, ""assertNotEquals"": 2, ""assertNotNull"": 2, ""assertNull"": 188, ""assertSame"": 7, ""assertThrows"": 47, ""assertTrue"": 33}",1.0000,47,47,[],[],[],[],"[""testGeorgianSample""]","[""testGeorgianSample""]",
deepseek-v4-pro,595,ok,/home/lpy/workspace/misc/course/Introduction-to-Software-Testing/artifacts/sample_runs/deepseek-v4-pro/cand595_13354cd13269,13354cd13269bdf9d1cbe7356f770f8ed8eb2f09,[LANG-1458] Add EMPTY_ARRAY constants to classes in org.apache.commons.lang3.tuple,src/test/java/org/apache/commons/lang3/tuple/PairTest.java,11,11,11,1.0000,2,2,2,1.0000,0,0,0,1.0000,0,0,0,1.0000,27,27,1.0000,"{""assertEquals"": 17, ""assertNotEquals"": 2, ""assertNull"": 1, ""assertTrue"": 7}","{""assertEquals"": 17, ""assertNotEquals"": 2, ""assertNull"": 1, ""assertTrue"": 7}",1.0000,0,0,"[""testEmptyArrayGenerics"", ""testEmptyArrayLength""]","[""testEmptyArrayGenerics"", ""testEmptyArrayLength""]",[],[],[],[],
deepseek-v4-pro,596,ok,/home/lpy/workspace/misc/course/Introduction-to-Software-Testing/artifacts/sample_runs/deepseek-v4-pro/cand596_27101b4739dd,27101b4739dd443c35b8ffb287a5b004188d1703,Add and use APIs to avoid compiler warnings and use of @SuppressWarnings.,src/test/java/org/apache/commons/lang3/ArrayUtilsTest.java,337,337,337,1.0000,1,1,1,1.0000,0,0,0,1.0000,4,4,4,1.0000,3293,3293,1.0000,"{""assertArrayEquals"": 111, ""assertEquals"": 1203, ""assertFalse"": 1010, ""assertIsEquals"": 9, ""assertNotEquals"": 1, ""assertNotNull"": 2, ""assertNotSame"": 30, ""assertNull"": 94, ""assertSame"": 71, ""assertThrows"": 19, ""assertTrue"": 743}","{""assertArrayEquals"": 111, ""assertEquals"": 1203, ""assertFalse"": 1010, ""assertIsEquals"": 9, ""assertNotEquals"": 1, ""assertNotNull"": 2, ""assertNotSame"": 30, ""assertNull"": 94, ""assertSame"": 71, ""assertThrows"": 19, ""assertTrue"": 743}",1.0000,19,19,"[""testGetComponentType""]","[""testGetComponentType""]",[],[],"[""testIndexesOfDouble"", ""testIndexesOfDoubleWithStartIndex"", ""testIndexesOfFloat"", ""testIndexesOfFloatWithStartIndex""]","[""testIndexesOfDouble"", ""testIndexesOfDoubleWithStartIndex"", ""testIndexesOfFloat"", ""testIndexesOfFloatWithStartIndex""]",
deepseek-v4-pro,597,ok,/home/lpy/workspace/misc/course/Introduction-to-Software-Testing/artifacts/sample_runs/deepseek-v4-pro/cand597_5e62bf80f345,5e62bf80f345ff28d494c2b407a9e8691a9fb684,"LANG-1115: Add support for varargs in ConstructorUtils, MemberUtils, and MethodUtils This closes #89 from github.",src/test/java/org/apache/commons/lang3/ArrayUtilsTest.java,254,255,254,0.9961,0,1,0,0.0000,0,0,0,1.0000,0,0,0,1.0000,1598,1604,0.9963,"{""assertArrayEquals"": 48, ""assertEquals"": 973, ""assertFalse"": 171, ""assertIsEquals"": 9, ""assertNotNull"": 1, ""assertNotSame"": 20, ""assertNull"": 9, ""assertSame"": 71, ""assertTrue"": 280, ""fail"": 16}","{""assertArrayEquals"": 53, ""assertEquals"": 973, ""assertFalse"": 171, ""assertIsEquals"": 9, ""assertNotNull"": 1, ""assertNotSame"": 20, ""assertNull"": 10, ""assertSame"": 71, ""assertTrue"": 280, ""fail"": 16}",1.0000,2,2,[],"[""testCreatePrimitiveArray""]",[],[],[],[],
deepseek-v4-pro,598,ok,/home/lpy/workspace/misc/course/Introduction-to-Software-Testing/artifacts/sample_runs/deepseek-v4-pro/cand598_764b9bba5284,764b9bba528487fb575b84766998086c24bb1f48,Use final.,src/test/java/org/apache/commons/lang3/ArrayUtilsTest.java,336,336,336,1.0000,0,0,0,1.0000,0,0,0,1.0000,4,4,4,1.0000,3293,3293,1.0000,"{""assertArrayEquals"": 111, ""assertEquals"": 1204, ""assertFalse"": 1010, ""assertIsEquals"": 9, ""assertNotEquals"": 1, ""assertNotNull"": 2, ""assertNotSame"": 30, ""assertNull"": 93, ""assertSame"": 71, ""assertThrows"": 19, ""assertTrue"": 743}","{""assertArrayEquals"": 111, ""assertEquals"": 1204, ""assertFalse"": 1010, ""assertIsEquals"": 9, ""assertNotEquals"": 1, ""assertNotNull"": 2, ""assertNotSame"": 30, ""assertNull"": 93, ""assertSame"": 71, ""assertThrows"": 19, ""assertTrue"": 743}",1.0000,19,19,[],[],[],[],"[""testContainsDoubleNaN"", ""testContainsFloatNaN"", ""testIndexOfDoubleNaN"", ""testIndexOfFloatNaN""]","[""testContainsDoubleNaN"", ""testContainsFloatNaN"", ""testIndexOfDoubleNaN"", ""testIndexOfFloatNaN""]",
deepseek-v4-pro,599,ok,/home/lpy/workspace/misc/course/Introduction-to-Software-Testing/artifacts/sample_runs/deepseek-v4-pro/cand599_90c736c3a052,90c736c3a052abad03f8b95233f1b0a6227722c5,Remove trailing spaces.,src/test/java/org/apache/commons/lang3/tuple/ImmutablePairTest.java,17,17,17,1.0000,0,0,0,1.0000,0,0,0,1.0000,0,0,0,1.0000,41,41,1.0000,"{""assertEquals"": 28, ""assertNotEquals"": 3, ""assertNotNull"": 1, ""assertNull"": 8, ""assertSame"": 1}","{""assertEquals"": 28, ""assertNotEquals"": 3, ""assertNotNull"": 1, ""assertNull"": 8, ""assertSame"": 1}",1.0000,0,0,[],[],[],[],[],[],
deepseek-v4-pro,600,ok,/home/lpy/workspace/misc/course/Introduction-to-Software-Testing/artifacts/sample_runs/deepseek-v4-pro/cand600_2238145f563e,2238145f563e911c02d6179afb27e883c0ec6b37,array_style (#537),src/test/java/org/apache/commons/lang3/text/StrTokenizerTest.java,55,55,55,1.0000,0,0,0,1.0000,0,0,0,1.0000,8,8,8,1.0000,238,238,1.0000,"{""assertEquals"": 153, ""assertFalse"": 52, ""assertNotSame"": 2, ""assertNull"": 18, ""assertThrows"": 6, ""assertTrue"": 7}","{""assertEquals"": 153, ""assertFalse"": 52, ""assertNotSame"": 2, ""assertNull"": 18, ""assertThrows"": 6, ""assertTrue"": 7}",1.0000,6,6,[],[],[],[],"[""test1"", ""test2"", ""test3"", ""test4"", ""test5"", ""test6"", ""test7"", ""test8""]","[""test1"", ""test2"", ""test3"", ""test4"", ""test5"", ""test6"", ""test7"", ""test8""]",
deepseek-v4-pro,601,ok,/home/lpy/workspace/misc/course/Introduction-to-Software-Testing/artifacts/sample_runs/deepseek-v4-pro/cand601_86cf126f1373,86cf126f1373c783766cd2957f536d721b68f297,[LANG-1458] Add EMPTY_ARRAY constants to classes in org.apache.commons.lang3.tuple,src/test/java/org/apache/commons/lang3/tuple/ImmutablePairTest.java,17,17,17,1.0000,2,2,2,1.0000,0,0,0,1.0000,0,0,0,1.0000,41,41,1.0000,"{""assertEquals"": 28, ""assertNotEquals"": 3, ""assertNotNull"": 1, ""assertNull"": 8, ""assertSame"": 1}","{""assertEquals"": 28, ""assertNotEquals"": 3, ""assertNotNull"": 1, ""assertNull"": 8, ""assertSame"": 1}",1.0000,0,0,"[""testEmptyArrayGenerics"", ""testEmptyArrayLength""]","[""testEmptyArrayGenerics"", ""testEmptyArrayLength""]",[],[],[],[],
deepseek-v4-pro,602,ok,/home/lpy/workspace/misc/course/Introduction-to-Software-Testing/artifacts/sample_runs/deepseek-v4-pro/cand602_a98a6a99d941,a98a6a99d9415c116087b07f1d777dbe20b889da,Add and use Duration in APIs.,src/test/java/org/apache/commons/lang3/ObjectUtilsTest.java,51,51,51,1.0000,1,1,1,1.0000,0,0,0,1.0000,0,0,0,1.0000,224,224,1.0000,"{""assertArrayEquals"": 1, ""assertEquals"": 76, ""assertFalse"": 31, ""assertNotNull"": 2, ""assertNotSame"": 2, ""assertNull"": 20, ""assertSame"": 30, ""assertThrows"": 20, ""assertTrue"": 41, ""fail"": 1}","{""assertArrayEquals"": 1, ""assertEquals"": 76, ""assertFalse"": 31, ""assertNotNull"": 2, ""assertNotSame"": 2, ""assertNull"": 20, ""assertSame"": 30, ""assertThrows"": 20, ""assertTrue"": 41, ""fail"": 1}",1.0000,20,20,"[""testWaitDuration""]","[""testWaitDuration""]",[],[],[],[],
deepseek-v4-pro,603,ok,/home/lpy/workspace/misc/course/Introduction-to-Software-Testing/artifacts/sample_runs/deepseek-v4-pro/cand603_bc22af91e7e8,bc22af91e7e8fd7a530de48cd164056ef05829e0,"Adding Builder interface, and refactoring the builder classes and BasicThreadFactory to implement this interface. Patch from Michael Wooten in LANG-601",src/test/java/org/apache/commons/lang3/builder/CompareToBuilderTest.java,0,0,0,1.0000,0,0,0,1.0000,0,0,0,1.0000,0,0,0,1.0000,336,336,1.0000,"{""assertReflectionCompareContract"": 6, ""assertTrue"": 320, ""assertXYZCompareOrder"": 7, ""fail"": 3}","{""assertReflectionCompareContract"": 6, ""assertTrue"": 320, ""assertXYZCompareOrder"": 7, ""fail"": 3}",1.0000,0,0,[],[],[],[],[],[],
deepseek-v4-pro,604,ok,/home/lpy/workspace/misc/course/Introduction-to-Software-Testing/artifacts/sample_runs/deepseek-v4-pro/cand604_e299a185d42c,e299a185d42cd1b33ab21123f85de117a68c3d49,Make final var when is possible. (#816),src/test/java/org/apache/commons/lang3/reflect/TypeUtilsTest.java,28,28,28,1.0000,0,0,0,1.0000,0,0,0,1.0000,1,1,1,1.0000,213,213,1.0000,"{""assertArrayEquals"": 3, ""assertEquals"": 63, ""assertFalse"": 56, ""assertNull"": 16, ""assertTrue"": 75}","{""assertArrayEquals"": 3, ""assertEquals"": 63, ""assertFalse"": 56, ""assertNull"": 16, ""assertTrue"": 75}",1.0000,0,0,[],[],[],[],"[""testIsAssignable""]","[""testIsAssignable""]",
deepseek-v4-pro,605,ok,/home/lpy/workspace/misc/course/Introduction-to-Software-Testing/artifacts/sample_runs/deepseek-v4-pro/cand605_ef26a6676332,ef26a667633275fa656b74b841f9e74a3a6879ab,LANG-536 - Add isSorted() to ArrayUtils. Patch supplied by James Sawle. Closes #32 in GitHub.,src/test/java/org/apache/commons/lang3/ArrayUtilsTest.java,205,205,205,1.0000,11,11,11,1.0000,0,0,0,1.0000,0,0,0,1.0000,1202,1202,1.0000,"{""assertArrayEquals"": 43, ""assertEquals"": 586, ""assertFalse"": 171, ""assertIsEquals"": 9, ""assertNotNull"": 1, ""assertNotSame"": 20, ""assertNull"": 9, ""assertSame"": 69, ""assertTrue"": 278, ""fail"": 16}","{""assertArrayEquals"": 43, ""assertEquals"": 586, ""assertFalse"": 171, ""assertIsEquals"": 9, ""assertNotNull"": 1, ""assertNotSame"": 20, ""assertNull"": 9, ""assertSame"": 69, ""assertTrue"": 278, ""fail"": 16}",1.0000,1,1,"[""testIsSorted"", ""testIsSortedBool"", ""testIsSortedByte"", ""testIsSortedChar"", ""testIsSortedComparator"", ""testIsSortedDouble"", ""testIsSortedFloat"", ""testIsSortedInt"", ""testIsSortedLong"", ""testIsSortedNullComparator"", ""testIsSortedShort""]","[""testIsSorted"", ""testIsSortedBool"", ""testIsSortedByte"", ""testIsSortedChar"", ""testIsSortedComparator"", ""testIsSortedDouble"", ""testIsSortedFloat"", ""testIsSortedInt"", ""testIsSortedLong"", ""testIsSortedNullComparator"", ""testIsSortedShort""]",[],[],[],[],
deepseek-v4-pro,606,ok,/home/lpy/workspace/misc/course/Introduction-to-Software-Testing/artifacts/sample_runs/deepseek-v4-pro/cand606_33bd83496412,33bd8349641240def753858ea7809f38650cc662,Convert JavaDoc license headers to block comments,src/test/java/org/apache/commons/lang3/ConversionTest.java,42,42,42,1.0000,0,0,0,1.0000,0,0,0,1.0000,0,0,0,1.0000,575,575,1.0000,"{""assertArrayEquals"": 107, ""assertBinaryEquals"": 103, ""assertEquals"": 351, ""fail"": 14}","{""assertArrayEquals"": 107, ""assertBinaryEquals"": 103, ""assertEquals"": 351, ""fail"": 14}",1.0000,0,0,[],[],[],[],[],[],
deepseek-v4-pro,608,ok,/home/lpy/workspace/misc/course/Introduction-to-Software-Testing/artifacts/sample_runs/deepseek-v4-pro/cand608_02132ee97bf0,02132ee97bf0d57c85aa45bb64d6eb8dfbe0cf5e,Add method ConcurrentInitializer#isInitialized() (#1120),src/test/java/org/apache/commons/lang3/concurrent/AbstractConcurrentInitializerTest.java,4,4,4,1.0000,1,1,1,1.0000,0,0,0,1.0000,0,0,0,1.0000,6,6,1.0000,"{""assertEquals"": 2, ""assertFalse"": 1, ""assertNotNull"": 2, ""assertTrue"": 1}","{""assertEquals"": 2, ""assertFalse"": 1, ""assertNotNull"": 2, ""assertTrue"": 1}",1.0000,0,0,"[""testisInitialized""]","[""testisInitialized""]",[],[],[],[],
deepseek-v4-pro,609,ok,/home/lpy/workspace/misc/course/Introduction-to-Software-Testing/artifacts/sample_runs/deepseek-v4-pro/cand609_2da006dbbede,2da006dbbede3f18d0898819edae9a5c71eac947,Fix camel case and comment typos.,src/test/java/org/apache/commons/lang3/StringEscapeUtilsTest.java,32,32,32,1.0000,0,0,0,1.0000,0,0,0,1.0000,0,0,0,1.0000,154,154,1.0000,"{""assertEquals"": 94, ""assertEscapeJava"": 17, ""assertFalse"": 1, ""assertNotNull"": 1, ""assertNull"": 10, ""assertThrows"": 15, ""assertTrue"": 4, ""assertUnescapeJava"": 12}","{""assertEquals"": 94, ""assertEscapeJava"": 17, ""assertFalse"": 1, ""assertNotNull"": 1, ""assertNull"": 10, ""assertThrows"": 15, ""assertTrue"": 4, ""assertUnescapeJava"": 12}",1.0000,15,15,[],[],[],[],[],[],
deepseek-v4-pro,610,ok,/home/lpy/workspace/misc/course/Introduction-to-Software-Testing/artifacts/sample_runs/deepseek-v4-pro/cand610_f013141f60df,f013141f60df0bbbd57388c7bdd01a764ddfc1fd,Explicit type parameters can be removed,src/test/java/org/apache/commons/lang3/reflect/MethodUtilsTest.java,40,40,40,1.0000,0,0,0,1.0000,0,0,0,1.0000,2,2,2,1.0000,173,173,1.0000,"{""assertArrayEquals"": 7, ""assertEquals"": 114, ""assertFalse"": 2, ""assertNotNull"": 11, ""assertNotSame"": 1, ""assertNull"": 14, ""assertSame"": 4, ""assertThat"": 3, ""assertTrue"": 9, ""fail"": 8}","{""assertArrayEquals"": 7, ""assertEquals"": 114, ""assertFalse"": 2, ""assertNotNull"": 11, ""assertNotSame"": 1, ""assertNull"": 14, ""assertSame"": 4, ""assertThat"": 3, ""assertTrue"": 9, ""fail"": 8}",1.0000,9,9,[],[],[],[],"[""testInvokeMethod"", ""testInvokeStaticMethod""]","[""testInvokeMethod"", ""testInvokeStaticMethod""]",
deepseek-v4-pro,611,ok,/home/lpy/workspace/misc/course/Introduction-to-Software-Testing/artifacts/sample_runs/deepseek-v4-pro/cand611_94faa31bcf5c,94faa31bcf5c4fcb20818a3a0d23ae789932d2df,refactor FastDateParser,src/test/java/org/apache/commons/lang3/time/FastDateParserTest.java,35,35,35,1.0000,1,1,1,1.0000,0,0,0,1.0000,0,0,0,1.0000,65,65,1.0000,"{""assertEquals"": 56, ""assertFalse"": 1, ""assertTrue"": 2, ""fail"": 6}","{""assertEquals"": 56, ""assertFalse"": 1, ""assertTrue"": 2, ""fail"": 6}",1.0000,1,1,"[""testJpLocales""]","[""testJpLocales""]",[],[],[],[],
deepseek-v4-pro,612,ok,/home/lpy/workspace/misc/course/Introduction-to-Software-Testing/artifacts/sample_runs/deepseek-v4-pro/cand612_40134ecdb327,40134ecdb327d1b82936f7ee3fa925b7b181c726,LANG-1153 Implement ParsePosition api for FastDateParser,src/test/java/org/apache/commons/lang3/time/FastDateParserTest.java,35,35,35,1.0000,1,1,1,1.0000,0,0,0,1.0000,0,0,0,1.0000,65,65,1.0000,"{""assertEquals"": 56, ""assertFalse"": 1, ""assertTrue"": 2, ""fail"": 6}","{""assertEquals"": 56, ""assertFalse"": 1, ""assertTrue"": 2, ""fail"": 6}",1.0000,1,1,"[""testJpLocales""]","[""testJpLocales""]",[],[],[],[],
deepseek-v4-pro,613,ok,/home/lpy/workspace/misc/course/Introduction-to-Software-Testing/artifacts/sample_runs/deepseek-v4-pro/cand613_aeb6f86bcdec,aeb6f86bcdec061ee9c6be96066fa19c56523490,"EqualsExlcude notation, HashCodeExclude notation and ToStringExludeNotation",src/test/java/org/apache/commons/lang3/builder/EqualsBuilderTest.java,49,49,49,1.0000,1,1,1,1.0000,0,0,0,1.0000,0,0,0,1.0000,256,256,1.0000,"{""assertEquals"": 7, ""assertFalse"": 12, ""assertNull"": 3, ""assertTrue"": 234}","{""assertEquals"": 7, ""assertFalse"": 12, ""assertNull"": 3, ""assertTrue"": 234}",1.0000,0,0,"[""testToEqualsExclude""]","[""testToEqualsExclude""]",[],[],[],[],
deepseek-v4-pro,614,ok,/home/lpy/workspace/misc/course/Introduction-to-Software-Testing/artifacts/sample_runs/deepseek-v4-pro/cand614_f96d4df26e3b,f96d4df26e3b16ce6407b854e6c89e882c51e435,LANG-609: Added AtomicInitializer class. Introduced new ConcurrentInitializer interface which is now implemented by all all initializer classes.,src/test/java/org/apache/commons/lang3/concurrent/ConcurrentUtilsTest.java,31,31,31,1.0000,5,5,5,1.0000,0,0,0,1.0000,0,0,0,1.0000,46,46,1.0000,"{""assertEquals"": 18, ""assertNull"": 6, ""assertSame"": 11, ""fail"": 11}","{""assertEquals"": 18, ""assertNull"": 6, ""assertSame"": 11, ""fail"": 11}",1.0000,6,6,"[""testInitialize"", ""testInitializeNull"", ""testInitializeUnchecked"", ""testInitializeUncheckedEx"", ""testInitializeUncheckedNull""]","[""testInitialize"", ""testInitializeNull"", ""testInitializeUnchecked"", ""testInitializeUncheckedEx"", ""testInitializeUncheckedNull""]",[],[],[],[],
gpt-5.5,1,ok,/home/lpy/workspace/misc/course/Introduction-to-Software-Testing/artifacts/sample_runs/gpt-5.5/cand001_0095d8adf26b,0095d8adf26b9469115b1be0358cb09d1fcb5fd4,LANG-1034: Recursive and reflective EqualsBuilder (closes #202),src/test/java/org/apache/commons/lang3/builder/EqualsBuilderTest.java,52,52,52,1.0000,3,3,3,1.0000,0,0,0,1.0000,0,0,0,1.0000,269,269,1.0000,"{""assertEquals"": 7, ""assertFalse"": 17, ""assertNull"": 3, ""assertTrue"": 242}","{""assertEquals"": 7, ""assertFalse"": 17, ""assertNull"": 3, ""assertTrue"": 242}",1.0000,0,0,"[""testObjectRecursive"", ""testObjectRecursiveCycle"", ""testObjectRecursiveCycleSelfreference""]","[""testObjectRecursive"", ""testObjectRecursiveCycle"", ""testObjectRecursiveCycleSelfreference""]",[],[],[],[],
gpt-5.5,2,ok,/home/lpy/workspace/misc/course/Introduction-to-Software-Testing/artifacts/sample_runs/gpt-5.5/cand002_01d67b1bda06,01d67b1bda06b33752fe3232594988561ff0c324,"Removing isExactlyOneTrue, since there is no consensus about this method. See also LANG-922.",src/test/java/org/apache/commons/lang3/BooleanUtilsTest.java,71,71,71,1.0000,0,0,0,1.0000,9,9,9,1.0000,0,0,0,1.0000,249,249,1.0000,"{""assertEquals"": 107, ""assertFalse"": 32, ""assertNotNull"": 1, ""assertSame"": 9, ""assertTrue"": 100}","{""assertEquals"": 107, ""assertFalse"": 32, ""assertNotNull"": 1, ""assertSame"": 9, ""assertTrue"": 100}",1.0000,25,25,[],[],"[""testIsExactlyOneTrue_object_emptyInput"", ""testIsExactlyOneTrue_object_nullElementInput"", ""testIsExactlyOneTrue_object_nullInput"", ""testIsExactlyOneTrue_object_validInput_2items"", ""testIsExactlyOneTrue_object_validInput_3items"", ""testIsExactlyOneTrue_primitive_emptyInput"", ""testIsExactlyOneTrue_primitive_nullInput"", ""testIsExactlyOneTrue_primitive_validInput_2items"", ""testIsExactlyOneTrue_primitive_validInput_3items""]","[""testIsExactlyOneTrue_object_emptyInput"", ""testIsExactlyOneTrue_object_nullElementInput"", ""testIsExactlyOneTrue_object_nullInput"", ""testIsExactlyOneTrue_object_validInput_2items"", ""testIsExactlyOneTrue_object_validInput_3items"", ""testIsExactlyOneTrue_primitive_emptyInput"", ""testIsExactlyOneTrue_primitive_nullInput"", ""testIsExactlyOneTrue_primitive_validInput_2items"", ""testIsExactlyOneTrue_primitive_validInput_3items""]",[],[],
gpt-5.5,3,ok,/home/lpy/workspace/misc/course/Introduction-to-Software-Testing/artifacts/sample_runs/gpt-5.5/cand003_02a98515a337,02a98515a337991f0ce05271ac90121fa204d9db,"LANG-1119: Add StringUtils.rotate(String, int)",src/test/java/org/apache/commons/lang3/StringUtilsTest.java,126,126,126,1.0000,1,1,1,1.0000,0,0,0,1.0000,0,0,0,1.0000,1172,1172,1.0000,"{""assertAbbreviateWithOffset"": 21, ""assertArrayEquals"": 5, ""assertEquals"": 923, ""assertFalse"": 46, ""assertNotNull"": 2, ""assertNull"": 117, ""assertSame"": 2, ""assertTrue"": 50, ""fail"": 6}","{""assertAbbreviateWithOffset"": 21, ""assertArrayEquals"": 5, ""assertEquals"": 923, ""assertFalse"": 46, ""assertNotNull"": 2, ""assertNull"": 117, ""assertSame"": 2, ""assertTrue"": 50, ""fail"": 6}",1.0000,12,12,"[""testRotate_StringInt""]","[""testRotate_StringInt""]",[],[],[],[],
gpt-5.5,4,ok,/home/lpy/workspace/misc/course/Introduction-to-Software-Testing/artifacts/sample_runs/gpt-5.5/cand004_03fe88ab71cf,03fe88ab71cf2eadaa39654786c3fba713742768,LANG-1149 Added alternative checked exception wrapping/unwrapping methods,src/test/java/org/apache/commons/lang3/exception/ExceptionUtilsTest.java,34,34,34,1.0000,4,4,4,1.0000,0,0,0,1.0000,0,0,0,1.0000,168,168,1.0000,"{""assertEquals"": 98, ""assertFalse"": 2, ""assertNotNull"": 1, ""assertSame"": 46, ""assertTrue"": 12, ""fail"": 9}","{""assertEquals"": 98, ""assertFalse"": 2, ""assertNotNull"": 1, ""assertSame"": 46, ""assertTrue"": 12, ""fail"": 9}",1.0000,1,1,"[""testWrapAndUnwrapCheckedException"", ""testWrapAndUnwrapError"", ""testWrapAndUnwrapRuntimeException"", ""testWrapAndUnwrapThrowable""]","[""testWrapAndUnwrapCheckedException"", ""testWrapAndUnwrapError"", ""testWrapAndUnwrapRuntimeException"", ""testWrapAndUnwrapThrowable""]",[],[],[],[],
gpt-5.5,5,ok,/home/lpy/workspace/misc/course/Introduction-to-Software-Testing/artifacts/sample_runs/gpt-5.5/cand005_05763470e5a0,05763470e5a067eb153533d47baa73174ad9bd46,clarify behavior of #isNumber() with blanks,src/test/java/org/apache/commons/lang3/math/NumberUtilsTest.java,90,90,90,1.0000,0,0,0,1.0000,0,0,0,1.0000,1,1,1,1.0000,509,509,1.0000,"{""assertEquals"": 198, ""assertFalse"": 16, ""assertNotNull"": 2, ""assertTrue"": 284, ""fail"": 9}","{""assertEquals"": 198, ""assertFalse"": 16, ""assertNotNull"": 2, ""assertTrue"": 284, ""fail"": 9}",1.0000,28,28,[],[],[],[],"[""testIsNumber""]","[""testIsNumber""]",
gpt-5.5,6,ok,/home/lpy/workspace/misc/course/Introduction-to-Software-Testing/artifacts/sample_runs/gpt-5.5/cand006_061450a927ba,061450a927ba1cc65f7b984f4ff41866ec2eceac,"incorporated feedback from Fabian, formatting adjusted, count >> 1 replaced with count / 2",src/test/java/org/apache/commons/lang3/ThreadUtilsTest.java,27,27,27,1.0000,0,0,0,1.0000,0,0,0,1.0000,1,1,1,1.0000,40,40,1.0000,"{""assertEquals"": 24, ""assertFalse"": 1, ""assertNotNull"": 3, ""assertNull"": 4, ""assertSame"": 1, ""assertTrue"": 7}","{""assertEquals"": 24, ""assertFalse"": 1, ""assertNotNull"": 3, ""assertNull"": 4, ""assertSame"": 1, ""assertTrue"": 7}",1.0000,13,13,[],[],[],[],"[""testComplexThreadGroups""]","[""testComplexThreadGroups""]",
gpt-5.5,7,ok,/home/lpy/workspace/misc/course/Introduction-to-Software-Testing/artifacts/sample_runs/gpt-5.5/cand007_06506aecf9e4,06506aecf9e46441d08edab311e19e599d273fab,tabs replaced by spaces new tests added,src/test/java/org/apache/commons/lang3/ArrayUtilsTest.java,266,266,266,1.0000,1,1,1,1.0000,0,0,0,1.0000,1,1,1,1.0000,1552,1552,1.0000,"{""assertArrayEquals"": 46, ""assertEquals"": 929, ""assertFalse"": 171, ""assertIsEquals"": 9, ""assertNotNull"": 1, ""assertNotSame"": 20, ""assertNull"": 9, ""assertSame"": 71, ""assertTrue"": 280, ""fail"": 16}","{""assertArrayEquals"": 46, ""assertEquals"": 929, ""assertFalse"": 171, ""assertIsEquals"": 9, ""assertNotNull"": 1, ""assertNotSame"": 20, ""assertNull"": 9, ""assertSame"": 71, ""assertTrue"": 280, ""fail"": 16}",1.0000,15,15,"[""testSwapCharOutOfBounds""]","[""testSwapCharOutOfBounds""]",[],[],"[""testSwapChar""]","[""testSwapChar""]",
gpt-5.5,8,ok,/home/lpy/workspace/misc/course/Introduction-to-Software-Testing/artifacts/sample_runs/gpt-5.5/cand008_06aea7e74cfe,06aea7e74cfe4a1578cb76672f1562132090c205,LANG-1475 Fix unwrap StringIndexOutOfBoundsException,src/test/java/org/apache/commons/lang3/StringUtilsTest.java,147,147,147,1.0000,0,0,0,1.0000,0,0,0,1.0000,2,2,2,1.0000,1543,1543,1.0000,"{""assertAbbreviateWithAbbrevMarkerAndOffset"": 21, ""assertAbbreviateWithOffset"": 21, ""assertArrayEquals"": 12, ""assertEquals"": 1190, ""assertFalse"": 30, ""assertNotNull"": 2, ""assertNull"": 184, ""assertSame"": 3, ""assertThrows"": 47, ""assertTrue"": 33}","{""assertAbbreviateWithAbbrevMarkerAndOffset"": 21, ""assertAbbreviateWithOffset"": 21, ""assertArrayEquals"": 12, ""assertEquals"": 1190, ""assertFalse"": 30, ""assertNotNull"": 2, ""assertNull"": 184, ""assertSame"": 3, ""assertThrows"": 47, ""assertTrue"": 33}",1.0000,47,47,[],[],[],[],"[""testUnwrap_StringChar"", ""testUnwrap_StringString""]","[""testUnwrap_StringChar"", ""testUnwrap_StringString""]",
gpt-5.5,9,ok,/home/lpy/workspace/misc/course/Introduction-to-Software-Testing/artifacts/sample_runs/gpt-5.5/cand009_07914b39281e,07914b39281e4be500d430b2c25e85499748788f,[LANG-1784] Add Failable methods for null-safe mapping and chaining #1435,src/test/java/org/apache/commons/lang3/function/FailableTest.java,174,177,174,0.9831,0,3,0,0.0000,0,0,0,1.0000,2,2,2,1.0000,524,575,0.9113,"{""assertEquals"": 42, ""assertFalse"": 41, ""assertInstanceOf"": 8, ""assertNotNull"": 36, ""assertNull"": 31, ""assertNullPointerException"": 39, ""assertSame"": 90, ""assertThrows"": 192, ""assertTrue"": 45}","{""assertEquals"": 67, ""assertFalse"": 41, ""assertInstanceOf"": 8, ""assertNotNull"": 36, ""assertNull"": 40, ""assertNullPointerException"": 39, ""assertSame"": 90, ""assertThrows"": 209, ""assertTrue"": 45}",1.0000,192,209,[],"[""testApplyNotNull"", ""testApplyNotNull2"", ""testApplyNotNull3""]",[],[],"[""testBiPredicate"", ""testPredicate""]","[""testBiPredicate"", ""testPredicate""]",
gpt-5.5,10,ok,/home/lpy/workspace/misc/course/Introduction-to-Software-Testing/artifacts/sample_runs/gpt-5.5/cand010_089b43a0a6de,089b43a0a6de2d6ae49840aec3805aee2c309001,[LANG-1426] Corrected usage examples in Javadocs (#458),src/test/java/org/apache/commons/lang3/StringUtilsTest.java,149,149,149,1.0000,0,0,0,1.0000,0,0,0,1.0000,1,1,1,1.0000,1558,1558,1.0000,"{""assertAbbreviateWithAbbrevMarkerAndOffset"": 21, ""assertAbbreviateWithOffset"": 21, ""assertArrayEquals"": 12, ""assertEquals"": 1203, ""assertFalse"": 30, ""assertNotEquals"": 2, ""assertNotNull"": 2, ""assertNull"": 184, ""assertSame"": 3, ""assertThrows"": 47, ""assertTrue"": 33}","{""assertAbbreviateWithAbbrevMarkerAndOffset"": 21, ""assertAbbreviateWithOffset"": 21, ""assertArrayEquals"": 12, ""assertEquals"": 1203, ""assertFalse"": 30, ""assertNotEquals"": 2, ""assertNotNull"": 2, ""assertNull"": 184, ""assertSame"": 3, ""assertThrows"": 47, ""assertTrue"": 33}",1.0000,47,47,[],[],[],[],"[""testTruncate_StringIntInt""]","[""testTruncate_StringIntInt""]",
gpt-5.5,11,ok,/home/lpy/workspace/misc/course/Introduction-to-Software-Testing/artifacts/sample_runs/gpt-5.5/cand011_08aa21f9217d,08aa21f9217df0a28d48be5be5db03ddf4867140,"LANG-1408: add toDouble(BigDecimal), toDouble(BigDecimal, double)",src/test/java/org/apache/commons/lang3/math/NumberUtilsTest.java,104,104,104,1.0000,2,2,2,1.0000,0,0,0,1.0000,1,1,1,1.0000,563,563,1.0000,"{""assertEquals"": 221, ""assertFalse"": 18, ""assertNotNull"": 2, ""assertTrue"": 312, ""fail"": 10}","{""assertEquals"": 221, ""assertFalse"": 18, ""assertNotNull"": 2, ""assertTrue"": 312, ""fail"": 10}",1.0000,32,32,"[""testBigIntegerToDoubleBigInteger"", ""testBigIntegerToDoubleBigIntegerD""]","[""testBigIntegerToDoubleBigInteger"", ""testBigIntegerToDoubleBigIntegerD""]",[],[],"[""testStringToDoubleString""]","[""testStringToDoubleString""]",
gpt-5.5,12,ok,/home/lpy/workspace/misc/course/Introduction-to-Software-Testing/artifacts/sample_runs/gpt-5.5/cand012_0abcf0d32b22,0abcf0d32b22401e2c8e358317694d2ff044faed,Modify the error comment,src/test/java/org/apache/commons/lang3/RandomUtilsTest.java,29,29,29,1.0000,0,0,0,1.0000,0,0,0,1.0000,0,0,0,1.0000,37,37,1.0000,"{""assertArrayEquals"": 1, ""assertEquals"": 6, ""assertFalse"": 1, ""assertNotNull"": 1, ""assertThrows"": 9, ""assertTrue"": 19}","{""assertArrayEquals"": 1, ""assertEquals"": 6, ""assertFalse"": 1, ""assertNotNull"": 1, ""assertThrows"": 9, ""assertTrue"": 19}",1.0000,9,9,[],[],[],[],[],[],
gpt-5.5,13,ok,/home/lpy/workspace/misc/course/Introduction-to-Software-Testing/artifacts/sample_runs/gpt-5.5/cand013_0b4a9d95df61,0b4a9d95df610bfcc83c375110ac100d08662ba1,LocaleUtils.parseLocale(String) operator precedence bug allows invalid language with numeric country (#1658),src/test/java/org/apache/commons/lang3/LocaleUtilsTest.java,26,26,26,1.0000,2,2,2,1.0000,0,0,0,1.0000,0,0,0,1.0000,162,162,1.0000,"{""assertCountriesByLanguage"": 5, ""assertEquals"": 45, ""assertFalse"": 1, ""assertIllegalArgumentException"": 21, ""assertLanguageByCountry"": 5, ""assertLocaleLookupList"": 17, ""assertNotEquals"": 4, ""assertNotNull"": 9, ""assertNull"": 2, ""assertSame"": 4, ""assertThrows"": 1, ""assertTrue"": 11, ""assertUnmodifiableCollection"": 6, ""assertValidToLocale"": 31}","{""assertCountriesByLanguage"": 5, ""assertEquals"": 45, ""assertFalse"": 1, ""assertIllegalArgumentException"": 21, ""assertLanguageByCountry"": 5, ""assertLocaleLookupList"": 17, ""assertNotEquals"": 4, ""assertNotNull"": 9, ""assertNull"": 2, ""assertSame"": 4, ""assertThrows"": 1, ""assertTrue"": 11, ""assertUnmodifiableCollection"": 6, ""assertValidToLocale"": 31}",1.0000,1,1,"[""testIllegalLanguageWithNumericCountry"", ""testIllegalSingleCharLanguageWithNumericCountry""]","[""testIllegalLanguageWithNumericCountry"", ""testIllegalSingleCharLanguageWithNumericCountry""]",[],[],[],[],
gpt-5.5,14,ok,/home/lpy/workspace/misc/course/Introduction-to-Software-Testing/artifacts/sample_runs/gpt-5.5/cand014_0b70b01a9f1d,0b70b01a9f1d9664bb5eac737175f58f06979b60,LANG-1352: EnumUtils.getEnumIgnoreCase and isValidEnumIgnoreCase methods added (closes #286),src/test/java/org/apache/commons/lang3/EnumUtilsTest.java,32,40,32,0.8000,0,8,0,0.0000,2,2,2,1.0000,0,0,0,1.0000,149,166,0.8976,"{""assertArrayEquals"": 31, ""assertEquals"": 112, ""assertFalse"": 1, ""assertNull"": 2, ""assertTrue"": 3}","{""assertArrayEquals"": 31, ""assertEquals"": 115, ""assertFalse"": 5, ""assertNull"": 6, ""assertTrue"": 9}",1.0000,22,25,[],"[""test_getEnumIgnoreCase"", ""test_getEnumIgnoreCase_nonEnumClass"", ""test_getEnumIgnoreCase_nullClass"", ""test_getEnum_nonEnumClass"", ""test_isValidEnum"", ""test_isValidEnumIgnoreCase"", ""test_isValidEnumIgnoreCase_nullClass"", ""test_isValidEnum_nullClass""]","[""test_isEnum"", ""test_isEnum_nullClass""]","[""test_isEnum"", ""test_isEnum_nullClass""]",[],[],
gpt-5.5,15,ok,/home/lpy/workspace/misc/course/Introduction-to-Software-Testing/artifacts/sample_runs/gpt-5.5/cand015_0de9354f505f,0de9354f505f415c7ad35fe735cebab4900a698a,"LANG-922 - Add isOneTrue(booleans...) to BooleanUtils to preserve old behavior of BooleanUtils.xor(booleans...). Added isOneTrue for primitives and wrappers, isOneFalse still missing.",src/test/java/org/apache/commons/lang3/BooleanUtilsTest.java,80,80,80,1.0000,9,9,9,1.0000,0,0,0,1.0000,0,0,0,1.0000,273,273,1.0000,"{""assertEquals"": 107, ""assertFalse"": 46, ""assertNotNull"": 1, ""assertSame"": 9, ""assertTrue"": 110}","{""assertEquals"": 107, ""assertFalse"": 46, ""assertNotNull"": 1, ""assertSame"": 9, ""assertTrue"": 110}",1.0000,30,30,"[""testIsOneTrue_object_emptyInput"", ""testIsOneTrue_object_nullElementInput"", ""testIsOneTrue_object_nullInput"", ""testIsOneTrue_object_validInput_2items"", ""testIsOneTrue_object_validInput_3items"", ""testIsOneTrue_primitive_emptyInput"", ""testIsOneTrue_primitive_nullInput"", ""testIsOneTrue_primitive_validInput_2items"", ""testIsOneTrue_primitive_validInput_3items""]","[""testIsOneTrue_object_emptyInput"", ""testIsOneTrue_object_nullElementInput"", ""testIsOneTrue_object_nullInput"", ""testIsOneTrue_object_validInput_2items"", ""testIsOneTrue_object_validInput_3items"", ""testIsOneTrue_primitive_emptyInput"", ""testIsOneTrue_primitive_nullInput"", ""testIsOneTrue_primitive_validInput_2items"", ""testIsOneTrue_primitive_validInput_3items""]",[],[],[],[],
gpt-5.5,16,ok,/home/lpy/workspace/misc/course/Introduction-to-Software-Testing/artifacts/sample_runs/gpt-5.5/cand016_0fe9685c8a78,0fe9685c8a78ba2d780a3ec1e1a323990dc6d218,LANG-1023 WordUtils.wrap: Customizable breakable characters (not just space/whitespace),src/test/java/org/apache/commons/lang3/text/WordUtilsTest.java,14,14,14,1.0000,1,1,1,1.0000,0,0,0,1.0000,0,0,0,1.0000,212,212,1.0000,"{""assertEquals"": 194, ""assertFalse"": 14, ""assertNotNull"": 1, ""assertTrue"": 3}","{""assertEquals"": 194, ""assertFalse"": 14, ""assertNotNull"": 1, ""assertTrue"": 3}",1.0000,0,0,"[""testWrap_StringIntStringBooleanString""]","[""testWrap_StringIntStringBooleanString""]",[],[],[],[],
gpt-5.5,17,ok,/home/lpy/workspace/misc/course/Introduction-to-Software-Testing/artifacts/sample_runs/gpt-5.5/cand017_10325422e5a4,10325422e5a4735aa87a4d47bdb377e09fe963d2,LANG-1276: StrBuilder#replaceAll ArrayIndexOutOfBoundsException (closes #200),src/test/java/org/apache/commons/lang3/text/StrBuilderTest.java,91,91,91,1.0000,0,0,0,1.0000,0,0,0,1.0000,1,1,1,1.0000,665,665,1.0000,"{""assertEquals"": 512, ""assertFalse"": 27, ""assertNotNull"": 2, ""assertNotSame"": 2, ""assertSame"": 12, ""assertTrue"": 72, ""fail"": 38}","{""assertEquals"": 512, ""assertFalse"": 27, ""assertNotNull"": 2, ""assertNotSame"": 2, ""assertSame"": 12, ""assertTrue"": 72, ""fail"": 38}",1.0000,0,0,[],[],[],[],"[""testReplaceAll_StrMatcher_String""]","[""testReplaceAll_StrMatcher_String""]",
gpt-5.5,18,ok,/home/lpy/workspace/misc/course/Introduction-to-Software-Testing/artifacts/sample_runs/gpt-5.5/cand018_10641f9ae7d1,10641f9ae7d1d2f30aec5bc146a8d5b49c22d0a0,Using Validate where possible in builder package.,src/test/java/org/apache/commons/lang3/builder/HashCodeBuilderTest.java,44,44,44,1.0000,2,2,2,1.0000,1,1,1,1.0000,0,0,0,1.0000,108,108,1.0000,"{""assertEquals"": 106, ""assertNull"": 2}","{""assertEquals"": 106, ""assertNull"": 2}",1.0000,9,9,"[""testConstructorExEvenFirst"", ""testConstructorExEvenSecond""]","[""testConstructorExEvenFirst"", ""testConstructorExEvenSecond""]","[""testConstructorExEven""]","[""testConstructorExEven""]",[],[],
gpt-5.5,19,ok,/home/lpy/workspace/misc/course/Introduction-to-Software-Testing/artifacts/sample_runs/gpt-5.5/cand019_10e18ae9b47d,10e18ae9b47dfe04573884739823d64825105694,LANG-1100: Avoid memory allocation when using date formating to StringBuffer,src/test/java/org/apache/commons/lang3/time/FastDatePrinterTest.java,17,17,17,1.0000,1,1,1,1.0000,0,0,0,1.0000,0,0,0,1.0000,53,53,1.0000,"{""assertEquals"": 51, ""assertFalse"": 1, ""assertTrue"": 1}","{""assertEquals"": 51, ""assertFalse"": 1, ""assertTrue"": 1}",1.0000,1,1,"[""testLang1103""]","[""testLang1103""]",[],[],[],[],
gpt-5.5,20,ok,/home/lpy/workspace/misc/course/Introduction-to-Software-Testing/artifacts/sample_runs/gpt-5.5/cand020_110ab39cb236,110ab39cb236fd7e6f517c8dc3b389fa215c0020,Use final.,src/test/java/org/apache/commons/lang3/function/ObjectsTest.java,4,4,4,1.0000,0,0,0,1.0000,0,0,0,1.0000,4,4,4,1.0000,23,23,1.0000,"{""assertEquals"": 5, ""assertFalse"": 2, ""assertSame"": 6, ""assertTrue"": 4, ""fail"": 6}","{""assertEquals"": 5, ""assertFalse"": 2, ""assertSame"": 6, ""assertTrue"": 4, ""fail"": 6}",1.0000,0,0,[],[],[],[],"[""testRequireNonNullObject"", ""testRequireNonNullObjectFailableSupplierString"", ""testRequireNonNullObjectString"", ""testRequireNonNullObjectSupplierString""]","[""testRequireNonNullObject"", ""testRequireNonNullObjectFailableSupplierString"", ""testRequireNonNullObjectString"", ""testRequireNonNullObjectSupplierString""]",
gpt-5.5,21,ok,/home/lpy/workspace/misc/course/Introduction-to-Software-Testing/artifacts/sample_runs/gpt-5.5/cand021_127050d2b54b,127050d2b54bd6224bc53573228e8774dc7be28b,"NumberUtils.isCreatable(String) should match NumberUtils.createNumber(String), exactly (#1626)",src/test/java/org/apache/commons/lang3/math/NumberUtilsTest.java,125,125,125,1.0000,0,0,0,1.0000,0,0,0,1.0000,1,1,1,1.0000,735,735,1.0000,"{""assertCreateNumberZero"": 7, ""assertEquals"": 551, ""assertFalse"": 25, ""assertIllegalArgumentException"": 12, ""assertInstanceOf"": 41, ""assertNotNull"": 5, ""assertNull"": 7, ""assertNullPointerException"": 12, ""assertThrows"": 18, ""assertTrue"": 57}","{""assertCreateNumberZero"": 7, ""assertEquals"": 551, ""assertFalse"": 25, ""assertIllegalArgumentException"": 12, ""assertInstanceOf"": 41, ""assertNotNull"": 5, ""assertNull"": 7, ""assertNullPointerException"": 12, ""assertThrows"": 18, ""assertTrue"": 57}",1.0000,18,18,[],[],[],[],"[""testIsCreatable""]","[""testIsCreatable""]",
gpt-5.5,22,ok,/home/lpy/workspace/misc/course/Introduction-to-Software-Testing/artifacts/sample_runs/gpt-5.5/cand022_1418a770ba43,1418a770ba436d15693c3bb29a67e501c2008274,[LANG-1452] RecursiveToStringStyle and MultilineRecursiveToStringStyle shouldn't recurse into a java.math.BigDecimal (#1584),src/test/java/org/apache/commons/lang3/builder/RecursiveToStringStyleTest.java,13,13,13,1.0000,4,4,4,1.0000,0,0,0,1.0000,0,0,0,1.0000,55,55,1.0000,"{""assertEquals"": 55}","{""assertEquals"": 55}",1.0000,0,0,"[""testAtomicsArray"", ""testBigDecimal"", ""testBigInteger"", ""testMutableWrapperArray""]","[""testAtomicsArray"", ""testBigDecimal"", ""testBigInteger"", ""testMutableWrapperArray""]",[],[],[],[],
gpt-5.5,23,ok,/home/lpy/workspace/misc/course/Introduction-to-Software-Testing/artifacts/sample_runs/gpt-5.5/cand023_1521bf3e9f3e,1521bf3e9f3e2f944fc2331b0ac19c9f5f0fde6d,"Instead of throwing a NullPointerException, ArrayUtils.toStringArray(Object[]) should return ""null"" for null elements like ArrayUtils.toStringArray(Object[], String) returns its valueForNullElements.",src/test/java/org/apache/commons/lang3/ArrayUtilsTest.java,344,344,344,1.0000,0,0,0,1.0000,0,0,0,1.0000,1,1,1,1.0000,3327,3327,1.0000,"{""assertArrayEquals"": 114, ""assertEquals"": 1199, ""assertFalse"": 1020, ""assertInstanceOf"": 1, ""assertIsEquals"": 9, ""assertNotEquals"": 1, ""assertNotNull"": 2, ""assertNotSame"": 30, ""assertNull"": 98, ""assertSame"": 71, ""assertThrows"": 23, ""assertTrue"": 759}","{""assertArrayEquals"": 114, ""assertEquals"": 1199, ""assertFalse"": 1020, ""assertInstanceOf"": 1, ""assertIsEquals"": 9, ""assertNotEquals"": 1, ""assertNotNull"": 2, ""assertNotSame"": 30, ""assertNull"": 98, ""assertSame"": 71, ""assertThrows"": 23, ""assertTrue"": 759}",1.0000,23,23,[],[],[],[],"[""testToStringArray_array""]","[""testToStringArray_array""]",
gpt-5.5,24,ok,/home/lpy/workspace/misc/course/Introduction-to-Software-Testing/artifacts/sample_runs/gpt-5.5/cand024_152b1777fddc,152b1777fddc5127e77f9b14637d6abae18eaf05,Rename new method,src/test/java/org/apache/commons/lang3/stream/StreamsTest.java,16,16,16,1.0000,2,2,2,1.0000,2,2,2,1.0000,0,0,0,1.0000,53,53,1.0000,"{""assertAll"": 2, ""assertEquals"": 30, ""assertEvenNumbers"": 3, ""assertNotNull"": 1, ""assertThat"": 8, ""assertThrows"": 7, ""assertTrue"": 2}","{""assertAll"": 2, ""assertEquals"": 30, ""assertEvenNumbers"": 3, ""assertNotNull"": 1, ""assertThat"": 8, ""assertThrows"": 7, ""assertTrue"": 2}",1.0000,7,7,"[""testOfCollectionNotNull"", ""testOfCollectionNull""]","[""testOfCollectionNotNull"", ""testOfCollectionNull""]","[""testToStreamNotNull"", ""testToStreamNull""]","[""testToStreamNotNull"", ""testToStreamNull""]",[],[],
gpt-5.5,25,ok,/home/lpy/workspace/misc/course/Introduction-to-Software-Testing/artifacts/sample_runs/gpt-5.5/cand025_155abe805b80,155abe805b80bbb8276b75a8c4faffd2578bb68a,Use Java 8 API to manage thread local,src/test/java/org/apache/commons/lang3/builder/HashCodeBuilderTest.java,46,46,46,1.0000,0,0,0,1.0000,0,0,0,1.0000,1,1,1,1.0000,124,124,1.0000,"{""assertEquals"": 111, ""assertNotEquals"": 2, ""assertThrows"": 9, ""assertTrue"": 2}","{""assertEquals"": 111, ""assertNotEquals"": 2, ""assertThrows"": 9, ""assertTrue"": 2}",1.0000,9,9,[],[],[],[],"[""testReflectionObjectCycle""]","[""testReflectionObjectCycle""]",
gpt-5.5,26,ok,/home/lpy/workspace/misc/course/Introduction-to-Software-Testing/artifacts/sample_runs/gpt-5.5/cand026_155cec1085f9,155cec1085f9bd5383241e4c93fb40117081aaba,LANG-701 - Added new joinWith method to support varargs,src/test/java/org/apache/commons/lang3/StringUtilsTest.java,128,128,128,1.0000,2,2,2,1.0000,0,0,0,1.0000,0,0,0,1.0000,1178,1178,1.0000,"{""assertAbbreviateWithOffset"": 21, ""assertArrayEquals"": 5, ""assertEquals"": 929, ""assertFalse"": 46, ""assertNotNull"": 2, ""assertNull"": 117, ""assertSame"": 2, ""assertTrue"": 50, ""fail"": 6}","{""assertAbbreviateWithOffset"": 21, ""assertArrayEquals"": 5, ""assertEquals"": 929, ""assertFalse"": 46, ""assertNotNull"": 2, ""assertNull"": 117, ""assertSame"": 2, ""assertTrue"": 50, ""fail"": 6}",1.0000,13,13,"[""testJoinWith"", ""testJoinWithThrowsException""]","[""testJoinWith"", ""testJoinWithThrowsException""]",[],[],[],[],
gpt-5.5,27,ok,/home/lpy/workspace/misc/course/Introduction-to-Software-Testing/artifacts/sample_runs/gpt-5.5/cand027_17a6d163c62d,17a6d163c62d7bbfc9e19c11e0d52ae06b5160b1,Adding a createStarted() method per request in LANG-1138,src/test/java/org/apache/commons/lang3/time/StopWatchTest.java,9,9,9,1.0000,1,1,1,1.0000,0,0,0,1.0000,0,0,0,1.0000,45,45,1.0000,"{""assertEquals"": 5, ""assertFalse"": 7, ""assertTrue"": 19, ""fail"": 14}","{""assertEquals"": 5, ""assertFalse"": 7, ""assertTrue"": 19, ""fail"": 14}",1.0000,0,0,"[""testStopWatchStatic""]","[""testStopWatchStatic""]",[],[],[],[],
gpt-5.5,28,ok,/home/lpy/workspace/misc/course/Introduction-to-Software-Testing/artifacts/sample_runs/gpt-5.5/cand028_184c9e83211a,184c9e83211a0552698a934d45d3ebca2c789881,WordUtils.wrap() zero-width wrapOn regex match causes infinite loop. (#1649),src/test/java/org/apache/commons/lang3/text/WordUtilsTest.java,17,17,17,1.0000,1,1,1,1.0000,0,0,0,1.0000,0,0,0,1.0000,214,214,1.0000,"{""assertEquals"": 172, ""assertFalse"": 14, ""assertNotNull"": 2, ""assertNull"": 22, ""assertTimeout"": 1, ""assertTrue"": 3}","{""assertEquals"": 172, ""assertFalse"": 14, ""assertNotNull"": 2, ""assertNull"": 22, ""assertTimeout"": 1, ""assertTrue"": 3}",1.0000,0,0,"[""testZeroWidthWrapOnRegex""]","[""testZeroWidthWrapOnRegex""]",[],[],[],[],
gpt-5.5,29,ok,/home/lpy/workspace/misc/course/Introduction-to-Software-Testing/artifacts/sample_runs/gpt-5.5/cand029_1974c83561d0,1974c83561d09cf73a575f992fbd8416e3354d20,incorporated feedback from Peter,src/test/java/org/apache/commons/lang3/ThreadUtilsTest.java,27,27,27,1.0000,0,0,0,1.0000,0,0,0,1.0000,1,1,1,1.0000,40,40,1.0000,"{""assertEquals"": 24, ""assertFalse"": 1, ""assertNotNull"": 3, ""assertNull"": 4, ""assertSame"": 1, ""assertTrue"": 7}","{""assertEquals"": 24, ""assertFalse"": 1, ""assertNotNull"": 3, ""assertNull"": 4, ""assertSame"": 1, ""assertTrue"": 7}",1.0000,13,13,[],[],[],[],"[""testComplexThreadGroups""]","[""testComplexThreadGroups""]",
gpt-5.5,30,ok,/home/lpy/workspace/misc/course/Introduction-to-Software-Testing/artifacts/sample_runs/gpt-5.5/cand030_1a002c67f2d3,1a002c67f2d3c198411a62165e53b31d6b414aa3,LANG-1225: Add RandomStringUtils#randomGraph and #randomPrint which match corresponding regular expression class,src/test/java/org/apache/commons/lang3/RandomStringUtilsTest.java,11,11,11,1.0000,0,0,0,1.0000,0,0,0,1.0000,1,1,1,1.0000,62,62,1.0000,"{""assertEquals"": 21, ""assertFalse"": 1, ""assertNotNull"": 1, ""assertTrue"": 24, ""fail"": 15}","{""assertEquals"": 21, ""assertFalse"": 1, ""assertNotNull"": 1, ""assertTrue"": 24, ""fail"": 15}",1.0000,0,0,[],[],[],[],"[""testRandomStringUtils""]","[""testRandomStringUtils""]",
gpt-5.5,31,ok,/home/lpy/workspace/misc/course/Introduction-to-Software-Testing/artifacts/sample_runs/gpt-5.5/cand031_1a20867d01ef,1a20867d01ef8ee5b32b0620125b7c38a10b80c5,LANG-1310: MethodUtils.invokeMethod throws ArrayStoreException if using varargs arguments and smaller types than the method defines (closes #256),src/test/java/org/apache/commons/lang3/reflect/MethodUtilsTest.java,29,29,29,1.0000,0,0,0,1.0000,0,0,0,1.0000,3,3,3,1.0000,132,132,1.0000,"{""assertArrayEquals"": 3, ""assertEquals"": 101, ""assertFalse"": 2, ""assertNotNull"": 3, ""assertNotSame"": 1, ""assertNull"": 2, ""assertSame"": 4, ""assertThat"": 3, ""assertTrue"": 5, ""fail"": 8}","{""assertArrayEquals"": 3, ""assertEquals"": 101, ""assertFalse"": 2, ""assertNotNull"": 3, ""assertNotSame"": 1, ""assertNull"": 2, ""assertSame"": 4, ""assertThat"": 3, ""assertTrue"": 5, ""fail"": 8}",1.0000,6,6,[],[],[],[],"[""testGetMatchingAccessibleMethod"", ""testInvokeMethod"", ""testInvokeStaticMethod""]","[""testGetMatchingAccessibleMethod"", ""testInvokeMethod"", ""testInvokeStaticMethod""]",
gpt-5.5,32,ok,/home/lpy/workspace/misc/course/Introduction-to-Software-Testing/artifacts/sample_runs/gpt-5.5/cand032_1a3a12dc7388,1a3a12dc7388a177c4ae64f5e3c96a7d462c003d,[LANG-1784] Add Functions methods for null-safe mapping and chaining #1435,src/test/java/org/apache/commons/lang3/function/FunctionsTest.java,5,5,5,1.0000,3,3,3,1.0000,0,0,0,1.0000,0,0,0,1.0000,23,23,1.0000,"{""assertEquals"": 4, ""assertFalse"": 1, ""assertNull"": 11, ""assertThrows"": 6, ""assertTrue"": 1}","{""assertEquals"": 4, ""assertFalse"": 1, ""assertNull"": 11, ""assertThrows"": 6, ""assertTrue"": 1}",1.0000,6,6,"[""testApplyNotNull"", ""testApplyNotNull2"", ""testApplyNotNull3""]","[""testApplyNotNull"", ""testApplyNotNull2"", ""testApplyNotNull3""]",[],[],[],[],
gpt-5.5,33,ok,/home/lpy/workspace/misc/course/Introduction-to-Software-Testing/artifacts/sample_runs/gpt-5.5/cand033_1a60c21395fe,1a60c21395fe7648188d1c91f62ac7baefa12742,Applying the copy of the HashCodeBuilder code to stop cyclic references over to EqualsBuilder per LANG-606 and Oliver Sauder's patch,src/test/java/org/apache/commons/lang3/builder/EqualsBuilderTest.java,0,0,0,1.0000,0,0,0,1.0000,0,0,0,1.0000,0,0,0,1.0000,241,241,1.0000,"{""assertEquals"": 4, ""assertFalse"": 8, ""assertNull"": 3, ""assertTrue"": 226}","{""assertEquals"": 4, ""assertFalse"": 8, ""assertNull"": 3, ""assertTrue"": 226}",1.0000,0,0,[],[],[],[],[],[],
gpt-5.5,34,ok,/home/lpy/workspace/misc/course/Introduction-to-Software-Testing/artifacts/sample_runs/gpt-5.5/cand034_1a77a547dd72,1a77a547dd72e82a8967e462406436a1c2e341a2,"Add allNull() and anyNull() methods to ObjectUtils, as well as their associated tests. (#522)",src/test/java/org/apache/commons/lang3/ObjectUtilsTest.java,50,50,50,1.0000,2,2,2,1.0000,0,0,0,1.0000,0,0,0,1.0000,223,223,1.0000,"{""assertArrayEquals"": 1, ""assertEquals"": 76, ""assertFalse"": 31, ""assertNotNull"": 2, ""assertNotSame"": 2, ""assertNull"": 20, ""assertSame"": 30, ""assertThrows"": 19, ""assertTrue"": 41, ""fail"": 1}","{""assertArrayEquals"": 1, ""assertEquals"": 76, ""assertFalse"": 31, ""assertNotNull"": 2, ""assertNotSame"": 2, ""assertNull"": 20, ""assertSame"": 30, ""assertThrows"": 19, ""assertTrue"": 41, ""fail"": 1}",1.0000,19,19,"[""testAllNull"", ""testAnyNull""]","[""testAllNull"", ""testAnyNull""]",[],[],[],[],
gpt-5.5,35,ok,/home/lpy/workspace/misc/course/Introduction-to-Software-Testing/artifacts/sample_runs/gpt-5.5/cand035_1b9d938d66a1,1b9d938d66a172b200fd90d4a61707852bdb4b8f,"LANG-1118 Fix StringUtils.repeat(char, int) dealing with negative repeat value",src/test/java/org/apache/commons/lang3/StringUtilsTest.java,125,125,125,1.0000,1,1,1,1.0000,0,0,0,1.0000,0,0,0,1.0000,1160,1160,1.0000,"{""assertAbbreviateWithOffset"": 21, ""assertArrayEquals"": 5, ""assertEquals"": 911, ""assertFalse"": 46, ""assertNotNull"": 2, ""assertNull"": 117, ""assertSame"": 2, ""assertTrue"": 50, ""fail"": 6}","{""assertAbbreviateWithOffset"": 21, ""assertArrayEquals"": 5, ""assertEquals"": 911, ""assertFalse"": 46, ""assertNotNull"": 2, ""assertNull"": 117, ""assertSame"": 2, ""assertTrue"": 50, ""fail"": 6}",1.0000,12,12,"[""testRepeat_CharInt""]","[""testRepeat_CharInt""]",[],[],[],[],
gpt-5.5,36,ok,/home/lpy/workspace/misc/course/Introduction-to-Software-Testing/artifacts/sample_runs/gpt-5.5/cand036_1e455838963a,1e455838963a99f7e76e334850c00293262f9573,LANG-1778 fix by reversing order (#1414),src/test/java/org/apache/commons/lang3/reflect/MethodUtilsTest.java,44,44,44,1.0000,0,0,0,1.0000,0,0,0,1.0000,1,1,1,1.0000,222,222,1.0000,"{""assertArrayEquals"": 8, ""assertEquals"": 131, ""assertFalse"": 2, ""assertNotNull"": 17, ""assertNotSame"": 1, ""assertNull"": 19, ""assertNullPointerException"": 14, ""assertSame"": 4, ""assertThrows"": 14, ""assertTrue"": 12}","{""assertArrayEquals"": 8, ""assertEquals"": 131, ""assertFalse"": 2, ""assertNotNull"": 17, ""assertNotSame"": 1, ""assertNull"": 19, ""assertNullPointerException"": 14, ""assertSame"": 4, ""assertThrows"": 14, ""assertTrue"": 12}",1.0000,14,14,[],[],[],[],"[""testGetMatchingMethod""]","[""testGetMatchingMethod""]",
gpt-5.5,37,ok,/home/lpy/workspace/misc/course/Introduction-to-Software-Testing/artifacts/sample_runs/gpt-5.5/cand037_1f35e7c99b66,1f35e7c99b66b8d46c4ad96558e694a10aa38062,[LANG-586] Clear ThreadLocal for HashCodeBuilder as well,src/test/java/org/apache/commons/lang3/builder/HashCodeBuilderTest.java,0,0,0,1.0000,0,0,0,1.0000,0,0,0,1.0000,0,0,0,1.0000,113,113,1.0000,"{""assertEquals"": 104, ""assertNull"": 2, ""fail"": 7}","{""assertEquals"": 104, ""assertNull"": 2, ""fail"": 7}",1.0000,0,0,[],[],[],[],[],[],
gpt-5.5,38,ok,/home/lpy/workspace/misc/course/Introduction-to-Software-Testing/artifacts/sample_runs/gpt-5.5/cand038_1f56bd103d53,1f56bd103d53c8c6ba7502c6586c26be01bfdb80,LANG-1261: ArrayUtils#contains and ArrayUtils#indexOf should compare objects with different types,src/test/java/org/apache/commons/lang3/ArrayUtilsTest.java,256,256,256,1.0000,1,1,1,1.0000,0,0,0,1.0000,0,0,0,1.0000,1605,1605,1.0000,"{""assertArrayEquals"": 53, ""assertEquals"": 973, ""assertFalse"": 171, ""assertIsEquals"": 9, ""assertNotNull"": 1, ""assertNotSame"": 20, ""assertNull"": 10, ""assertSame"": 71, ""assertTrue"": 281, ""fail"": 16}","{""assertArrayEquals"": 53, ""assertEquals"": 973, ""assertFalse"": 171, ""assertIsEquals"": 9, ""assertNotNull"": 1, ""assertNotSame"": 20, ""assertNull"": 10, ""assertSame"": 71, ""assertTrue"": 281, ""fail"": 16}",1.0000,2,2,"[""testContains_LANG_1261""]","[""testContains_LANG_1261""]",[],[],[],[],
gpt-5.5,40,ok,/home/lpy/workspace/misc/course/Introduction-to-Software-Testing/artifacts/sample_runs/gpt-5.5/cand040_23f18044d1cc,23f18044d1cc750ce07a59662f636468e616d4d5,Update documentation related to the issue LANG-696 (#449),src/test/java/org/apache/commons/lang3/ClassUtilsTest.java,62,62,62,1.0000,0,0,0,1.0000,0,0,0,1.0000,3,3,3,1.0000,763,763,1.0000,"{""assertArrayEquals"": 10, ""assertEquals"": 342, ""assertFalse"": 171, ""assertGetClassReturnsClass"": 19, ""assertGetClassThrowsClassNotFound"": 10, ""assertGetClassThrowsException"": 3, ""assertGetClassThrowsNullPointerException"": 2, ""assertNotNull"": 1, ""assertNotSame"": 1, ""assertNull"": 17, ""assertSame"": 1, ""assertThrows"": 6, ""assertTrue"": 180}","{""assertArrayEquals"": 10, ""assertEquals"": 342, ""assertFalse"": 171, ""assertGetClassReturnsClass"": 19, ""assertGetClassThrowsClassNotFound"": 10, ""assertGetClassThrowsException"": 3, ""assertGetClassThrowsNullPointerException"": 2, ""assertNotNull"": 1, ""assertNotSame"": 1, ""assertNull"": 17, ""assertSame"": 1, ""assertThrows"": 6, ""assertTrue"": 180}",1.0000,6,6,[],[],[],[],"[""test_getShortCanonicalName_String"", ""test_getShortClassName_Class"", ""test_getShortClassName_Object""]","[""test_getShortCanonicalName_String"", ""test_getShortClassName_Class"", ""test_getShortClassName_Object""]",
gpt-5.5,41,ok,/home/lpy/workspace/misc/course/Introduction-to-Software-Testing/artifacts/sample_runs/gpt-5.5/cand041_23f508095004,23f508095004cc7215cdd6fc4b15e8d6192f8d1d,Adding Vincent Ricard's patch to CharRange.java providing an iterator that lets you walk the chars in the range. LANG-454,src/test/java/org/apache/commons/lang3/CharRangeTest.java,0,0,0,1.0000,0,0,0,1.0000,0,0,0,1.0000,0,0,0,1.0000,180,180,1.0000,"{""assertEquals"": 157, ""assertFalse"": 6, ""assertNotNull"": 6, ""assertTrue"": 8, ""fail"": 3}","{""assertEquals"": 157, ""assertFalse"": 6, ""assertNotNull"": 6, ""assertTrue"": 8, ""fail"": 3}",1.0000,0,0,[],[],[],[],[],[],
gpt-5.5,43,ok,/home/lpy/workspace/misc/course/Introduction-to-Software-Testing/artifacts/sample_runs/gpt-5.5/cand043_242b815437b9,242b815437b9a988c2ce9e980295ca8a9e302e7a,LANG-1185 Add some tests for StringUtils replaceAll and replaceFirst methods,src/test/java/org/apache/commons/lang3/StringUtilsTest.java,136,136,136,1.0000,2,2,2,1.0000,2,2,2,1.0000,0,0,0,1.0000,1254,1254,1.0000,"{""assertAbbreviateWithOffset"": 21, ""assertArrayEquals"": 5, ""assertEquals"": 994, ""assertFalse"": 46, ""assertNotNull"": 2, ""assertNull"": 124, ""assertSame"": 2, ""assertTrue"": 50, ""fail"": 10}","{""assertAbbreviateWithOffset"": 21, ""assertArrayEquals"": 5, ""assertEquals"": 994, ""assertFalse"": 46, ""assertNotNull"": 2, ""assertNull"": 124, ""assertSame"": 2, ""assertTrue"": 50, ""fail"": 10}",1.0000,13,13,"[""testReplaceAll"", ""testReplaceFirst""]","[""testReplaceAll"", ""testReplaceFirst""]","[""testReplaceAll_StringStringString"", ""testReplaceFirst_StringStringString""]","[""testReplaceAll_StringStringString"", ""testReplaceFirst_StringStringString""]",[],[],
gpt-5.5,44,ok,/home/lpy/workspace/misc/course/Introduction-to-Software-Testing/artifacts/sample_runs/gpt-5.5/cand044_24957f9934ce,24957f9934cee310debd2005bdbd78e21e857e7e,Use final.,src/test/java/org/apache/commons/lang3/math/NumberUtilsTest.java,113,113,113,1.0000,0,0,0,1.0000,0,0,0,1.0000,0,0,0,1.0000,676,676,1.0000,"{""assertCreateNumberZero"": 7, ""assertEquals"": 530, ""assertFalse"": 18, ""assertNotNull"": 2, ""assertNull"": 7, ""assertThrows"": 40, ""assertTrue"": 72}","{""assertCreateNumberZero"": 7, ""assertEquals"": 530, ""assertFalse"": 18, ""assertNotNull"": 2, ""assertNull"": 7, ""assertThrows"": 40, ""assertTrue"": 72}",1.0000,40,40,[],[],[],[],[],[],
gpt-5.5,45,ok,/home/lpy/workspace/misc/course/Introduction-to-Software-Testing/artifacts/sample_runs/gpt-5.5/cand045_2521d9619fe1,2521d9619fe1f052ced8ea1107851ac98a1b7488,refactored to Generics and added isArrayIndexValid,src/test/java/org/apache/commons/lang3/ArrayUtilsTest.java,309,309,309,1.0000,1,1,1,1.0000,0,0,0,1.0000,0,0,0,1.0000,1806,1806,1.0000,"{""assertArrayEquals"": 57, ""assertEquals"": 1037, ""assertFalse"": 201, ""assertIsEquals"": 9, ""assertNotNull"": 2, ""assertNotSame"": 20, ""assertNull"": 82, ""assertSame"": 71, ""assertTrue"": 310, ""fail"": 17}","{""assertArrayEquals"": 57, ""assertEquals"": 1037, ""assertFalse"": 201, ""assertIsEquals"": 9, ""assertNotNull"": 2, ""assertNotSame"": 20, ""assertNull"": 82, ""assertSame"": 71, ""assertTrue"": 310, ""fail"": 17}",1.0000,2,2,"[""testIsArrayIndexValid""]","[""testIsArrayIndexValid""]",[],[],[],[],
gpt-5.5,46,ok,/home/lpy/workspace/misc/course/Introduction-to-Software-Testing/artifacts/sample_runs/gpt-5.5/cand046_2550d4cfa283,2550d4cfa283603a23283c5495bfab75deff02dc,"Rewriting OctalUnescaper as a hand rolled parser (all of 4 characters), instead of trying to handle the conversion via repeated attempts to convert the numbers. This fixes bugs, see LANG-929, and also changes the behaviour for 'illegal' octals such as \999. Instead of throwing NumberFormatException, it will now ignore them. This seems the better behaviour.",src/test/java/org/apache/commons/lang3/text/translate/OctalUnescaperTest.java,1,1,1,1.0000,0,0,0,1.0000,1,1,1,1.0000,1,1,1,1.0000,12,12,1.0000,"{""assertEquals"": 12}","{""assertEquals"": 12}",1.0000,0,0,[],[],"[""testOutOfRange""]","[""testOutOfRange""]","[""testBetween""]","[""testBetween""]",
gpt-5.5,47,ok,/home/lpy/workspace/misc/course/Introduction-to-Software-Testing/artifacts/sample_runs/gpt-5.5/cand047_26bc45fdeeed,26bc45fdeeeda2bee38cc2a08ce99e41fd48e0d6,"Fix checkstyle violations (tabs, missing spaces after commas, missing javadocs)",src/test/java/org/apache/commons/lang3/FunctionsTest.java,15,15,15,1.0000,0,0,0,1.0000,0,0,0,1.0000,4,4,4,1.0000,100,100,1.0000,"{""assertEquals"": 10, ""assertNotNull"": 20, ""assertSame"": 27, ""assertThrows"": 33, ""assertTrue"": 10}","{""assertEquals"": 10, ""assertNotNull"": 20, ""assertSame"": 27, ""assertThrows"": 33, ""assertTrue"": 10}",1.0000,33,33,[],[],[],[],"[""testAsBiFunction"", ""testAsCallable"", ""testAsFunction"", ""testAsSupplier""]","[""testAsBiFunction"", ""testAsCallable"", ""testAsFunction"", ""testAsSupplier""]",
gpt-5.5,48,ok,/home/lpy/workspace/misc/course/Introduction-to-Software-Testing/artifacts/sample_runs/gpt-5.5/cand048_26ead6134ad5,26ead6134ad55bf1350e41f05f4d0cbe6d0be4be,[LANG-1814] ArrayUtils.subarray(..) may overflow index arithmetic and violate contract for extreme index values #1585,src/test/java/org/apache/commons/lang3/ArrayUtilsTest.java,356,356,356,1.0000,0,0,0,1.0000,0,0,0,1.0000,9,9,9,1.0000,3435,3435,1.0000,"{""assertArrayEquals"": 153, ""assertEquals"": 1226, ""assertFalse"": 1034, ""assertIllegalArgumentException"": 8, ""assertInstanceOf"": 1, ""assertIsEquals"": 9, ""assertNotEquals"": 1, ""assertNotNull"": 2, ""assertNotSame"": 30, ""assertNull"": 98, ""assertNullPointerException"": 14, ""assertSame"": 79, ""assertThrows"": 1, ""assertTrue"": 779}","{""assertArrayEquals"": 153, ""assertEquals"": 1226, ""assertFalse"": 1034, ""assertIllegalArgumentException"": 8, ""assertInstanceOf"": 1, ""assertIsEquals"": 9, ""assertNotEquals"": 1, ""assertNotNull"": 2, ""assertNotSame"": 30, ""assertNull"": 98, ""assertNullPointerException"": 14, ""assertSame"": 79, ""assertThrows"": 1, ""assertTrue"": 779}",1.0000,1,1,[],[],[],[],"[""testSubarrChar"", ""testSubarrayBoolean"", ""testSubarrayByte"", ""testSubarrayDouble"", ""testSubarrayFloat"", ""testSubarrayInt"", ""testSubarrayLong"", ""testSubarrayObject"", ""testSubarrayShort""]","[""testSubarrChar"", ""testSubarrayBoolean"", ""testSubarrayByte"", ""testSubarrayDouble"", ""testSubarrayFloat"", ""testSubarrayInt"", ""testSubarrayLong"", ""testSubarrayObject"", ""testSubarrayShort""]",
gpt-5.5,49,ok,/home/lpy/workspace/misc/course/Introduction-to-Software-Testing/artifacts/sample_runs/gpt-5.5/cand049_28f46460d63b,28f46460d63b4c7806a2b9cce382b2b79ba6fd50,ClassUtils.toCleanName(String) resolves malformed array suffixes instead (#1670),src/test/java/org/apache/commons/lang3/ClassUtilsTest.java,73,73,73,1.0000,3,3,3,1.0000,0,0,0,1.0000,0,0,0,1.0000,850,850,1.0000,"{""assertArrayEquals"": 10, ""assertEquals"": 398, ""assertFalse"": 171, ""assertGetClassReturnsClass"": 19, ""assertGetClassThrowsClassNotFound"": 11, ""assertGetClassThrowsException"": 3, ""assertGetClassThrowsNullPointerException"": 2, ""assertIllegalArgumentException"": 3, ""assertNotNull"": 4, ""assertNotSame"": 1, ""assertNull"": 18, ""assertSame"": 3, ""assertThrows"": 26, ""assertTrue"": 180, ""fail"": 1}","{""assertArrayEquals"": 10, ""assertEquals"": 398, ""assertFalse"": 171, ""assertGetClassReturnsClass"": 19, ""assertGetClassThrowsClassNotFound"": 11, ""assertGetClassThrowsException"": 3, ""assertGetClassThrowsNullPointerException"": 2, ""assertIllegalArgumentException"": 3, ""assertNotNull"": 4, ""assertNotSame"": 1, ""assertNull"": 18, ""assertSame"": 3, ""assertThrows"": 26, ""assertTrue"": 180, ""fail"": 1}",1.0000,26,26,"[""testGetClassStringMalformedMiddleJunkRejected"", ""testGetClassStringMalformedUnpairedBracketsRejected"", ""testGetClassStringWellFormedArrayStillResolves""]","[""testGetClassStringMalformedMiddleJunkRejected"", ""testGetClassStringMalformedUnpairedBracketsRejected"", ""testGetClassStringWellFormedArrayStillResolves""]",[],[],[],[],
gpt-5.5,51,ok,/home/lpy/workspace/misc/course/Introduction-to-Software-Testing/artifacts/sample_runs/gpt-5.5/cand051_2cad60b6c25c,2cad60b6c25c87a6a59d3d315ec7d72c552fbc58,removed ArrayUtils.get,src/test/java/org/apache/commons/lang3/ArrayUtilsTest.java,308,308,308,1.0000,0,0,0,1.0000,1,1,1,1.0000,0,0,0,1.0000,1801,1801,1.0000,"{""assertArrayEquals"": 57, ""assertEquals"": 1035, ""assertFalse"": 201, ""assertIsEquals"": 9, ""assertNotNull"": 1, ""assertNotSame"": 20, ""assertNull"": 80, ""assertSame"": 71, ""assertTrue"": 310, ""fail"": 17}","{""assertArrayEquals"": 57, ""assertEquals"": 1035, ""assertFalse"": 201, ""assertIsEquals"": 9, ""assertNotNull"": 1, ""assertNotSame"": 20, ""assertNull"": 80, ""assertSame"": 71, ""assertTrue"": 310, ""fail"": 17}",1.0000,2,2,[],[],"[""testGet""]","[""testGet""]",[],[],
gpt-5.5,53,ok,/home/lpy/workspace/misc/course/Introduction-to-Software-Testing/artifacts/sample_runs/gpt-5.5/cand053_2f153733c7df,2f153733c7dfe33f38438be3fd3269e0c3ab7005,Rename method and fix typo. (#940),src/test/java/org/apache/commons/lang3/time/DurationUtilsTest.java,11,11,11,1.0000,1,1,1,1.0000,0,0,0,1.0000,1,1,1,1.0000,63,63,1.0000,"{""assertEquals"": 53, ""assertFalse"": 2, ""assertThrows"": 1, ""assertTrue"": 7}","{""assertEquals"": 53, ""assertFalse"": 2, ""assertThrows"": 1, ""assertTrue"": 7}",1.0000,1,1,"[""testGetNanosOfMiili""]","[""testGetNanosOfMiili""]",[],[],"[""testGetNanosOfMilli""]","[""testGetNanosOfMilli""]",
gpt-5.5,54,ok,/home/lpy/workspace/misc/course/Introduction-to-Software-Testing/artifacts/sample_runs/gpt-5.5/cand054_313d877d57ab,313d877d57abefdbb1ad0c42781bf719b83d5a35,"Two fixes in RandomStringUtils.random(int, int, int, boolean, boolean, (#1638)",src/test/java/org/apache/commons/lang3/RandomStringUtilsTest.java,32,32,32,1.0000,2,2,2,1.0000,0,0,0,1.0000,0,0,0,1.0000,151,151,1.0000,"{""assertDoesNotThrow"": 1, ""assertEquals"": 50, ""assertIllegalArgumentException"": 34, ""assertNotEquals"": 14, ""assertNotNull"": 1, ""assertThrows"": 3, ""assertTimeout"": 1, ""assertTrue"": 46, ""fail"": 1}","{""assertDoesNotThrow"": 1, ""assertEquals"": 50, ""assertIllegalArgumentException"": 34, ""assertNotEquals"": 14, ""assertNotNull"": 1, ""assertThrows"": 3, ""assertTimeout"": 1, ""assertTrue"": 46, ""fail"": 1}",1.0000,3,3,"[""testCustomLetterCharsArrayDoesNotThrowIAE"", ""testOnlyRejectedCodePoints""]","[""testCustomLetterCharsArrayDoesNotThrowIAE"", ""testOnlyRejectedCodePoints""]",[],[],[],[],
gpt-5.5,55,ok,/home/lpy/workspace/misc/course/Introduction-to-Software-Testing/artifacts/sample_runs/gpt-5.5/cand055_31466db6ecd1,31466db6ecd115aa74616e14a75721b45c0f59f9,Add sugar to RandomIUtils,src/test/java/org/apache/commons/lang3/RandomUtilsTest.java,27,27,27,1.0000,4,4,4,1.0000,0,0,0,1.0000,0,0,0,1.0000,22,22,1.0000,"{""assertArrayEquals"": 1, ""assertEquals"": 5, ""assertTrue"": 16}","{""assertArrayEquals"": 1, ""assertEquals"": 5, ""assertTrue"": 16}",1.0000,9,9,"[""testNextDoubleRandomResult"", ""testNextFloatRandomResult"", ""testNextIntRandomResult"", ""testNextLongRandomResult""]","[""testNextDoubleRandomResult"", ""testNextFloatRandomResult"", ""testNextIntRandomResult"", ""testNextLongRandomResult""]",[],[],[],[],
gpt-5.5,56,ok,/home/lpy/workspace/misc/course/Introduction-to-Software-Testing/artifacts/sample_runs/gpt-5.5/cand056_31d7eea1c620,31d7eea1c6205066b91c79f19219a436b26e9060,[LANG-1570] JavaVersion enum constants for Java 14 and 15. (#553),src/test/java/org/apache/commons/lang3/JavaVersionTest.java,3,3,3,1.0000,0,0,0,1.0000,0,0,0,1.0000,1,1,1,1.0000,26,26,1.0000,"{""assertEquals"": 20, ""assertFalse"": 3, ""assertNull"": 1, ""assertTrue"": 2}","{""assertEquals"": 20, ""assertFalse"": 3, ""assertNull"": 1, ""assertTrue"": 2}",1.0000,0,0,[],[],[],[],"[""testGetJavaVersion""]","[""testGetJavaVersion""]",
gpt-5.5,57,ok,/home/lpy/workspace/misc/course/Introduction-to-Software-Testing/artifacts/sample_runs/gpt-5.5/cand057_35fb9fca83af,35fb9fca83af4ffbaf6f1163a927d8751938fda3,LANG-1172: Support dash as a delimiter in locales (#766),src/test/java/org/apache/commons/lang3/LocaleUtilsTest.java,18,18,18,1.0000,0,0,0,1.0000,0,0,0,1.0000,2,2,2,1.0000,134,134,1.0000,"{""assertCountriesByLanguage"": 5, ""assertEquals"": 26, ""assertFalse"": 1, ""assertLanguageByCountry"": 5, ""assertLocaleLookupList"": 17, ""assertNotNull"": 9, ""assertNull"": 2, ""assertSame"": 4, ""assertThrows"": 21, ""assertTrue"": 10, ""assertUnmodifiableCollection"": 6, ""assertValidToLocale"": 28}","{""assertCountriesByLanguage"": 5, ""assertEquals"": 26, ""assertFalse"": 1, ""assertLanguageByCountry"": 5, ""assertLocaleLookupList"": 17, ""assertNotNull"": 9, ""assertNull"": 2, ""assertSame"": 4, ""assertThrows"": 21, ""assertTrue"": 10, ""assertUnmodifiableCollection"": 6, ""assertValidToLocale"": 28}",1.0000,21,21,[],[],[],[],"[""testToLocale_2Part"", ""testToLocale_3Part""]","[""testToLocale_2Part"", ""testToLocale_3Part""]",
gpt-5.5,58,ok,/home/lpy/workspace/misc/course/Introduction-to-Software-Testing/artifacts/sample_runs/gpt-5.5/cand058_36111ba5829b,36111ba5829bdd4249c7418c1aec17c149ef86a3,[LANG-1568] More failable functional interfaces to match JRE functional interfaces.,src/test/java/org/apache/commons/lang3/FunctionsTest.java,107,107,107,1.0000,3,3,3,1.0000,0,0,0,1.0000,0,0,0,1.0000,235,235,1.0000,"{""assertEquals"": 26, ""assertFalse"": 1, ""assertNotNull"": 36, ""assertNull"": 27, ""assertSame"": 61, ""assertThrows"": 72, ""assertTrue"": 12}","{""assertEquals"": 26, ""assertFalse"": 1, ""assertNotNull"": 36, ""assertNull"": 27, ""assertSame"": 61, ""assertThrows"": 72, ""assertTrue"": 12}",1.0000,72,72,"[""testDoublePredicate"", ""testIntPredicate"", ""testLongPredicate""]","[""testDoublePredicate"", ""testIntPredicate"", ""testLongPredicate""]",[],[],[],[],
gpt-5.5,59,ok,/home/lpy/workspace/misc/course/Introduction-to-Software-Testing/artifacts/sample_runs/gpt-5.5/cand059_3a35c53c6c9a,3a35c53c6c9a3b9a1feedaf39b72e405ecaf9df8,Add DurationUtils.zeroIfNull(Duration).,src/test/java/org/apache/commons/lang3/time/DurationUtilsTest.java,5,5,5,1.0000,1,1,1,1.0000,0,0,0,1.0000,0,0,0,1.0000,36,36,1.0000,"{""assertEquals"": 33, ""assertFalse"": 2, ""assertTrue"": 1}","{""assertEquals"": 33, ""assertFalse"": 2, ""assertTrue"": 1}",1.0000,0,0,"[""testZeroIfNull""]","[""testZeroIfNull""]",[],[],[],[],
gpt-5.5,60,ok,/home/lpy/workspace/misc/course/Introduction-to-Software-Testing/artifacts/sample_runs/gpt-5.5/cand060_3acffccf1502,3acffccf15027bcf87e25a432f085c45e103b0ec,"LANG-1139: Add null safe methods in StringUtils to replace by regular expression :   - StringUtils.replaceAll(String, String, String)   - StringUtils.replaceFirst(String, String, String)",src/test/java/org/apache/commons/lang3/StringUtilsTest.java,130,130,130,1.0000,2,2,2,1.0000,0,0,0,1.0000,0,0,0,1.0000,1204,1204,1.0000,"{""assertAbbreviateWithOffset"": 21, ""assertArrayEquals"": 5, ""assertEquals"": 951, ""assertFalse"": 46, ""assertNotNull"": 2, ""assertNull"": 119, ""assertSame"": 2, ""assertTrue"": 50, ""fail"": 8}","{""assertAbbreviateWithOffset"": 21, ""assertArrayEquals"": 5, ""assertEquals"": 951, ""assertFalse"": 46, ""assertNotNull"": 2, ""assertNull"": 119, ""assertSame"": 2, ""assertTrue"": 50, ""fail"": 8}",1.0000,13,13,"[""testReplaceAll_StringStringString"", ""testReplaceFirst_StringStringString""]","[""testReplaceAll_StringStringString"", ""testReplaceFirst_StringStringString""]",[],[],[],[],
gpt-5.5,61,ok,/home/lpy/workspace/misc/course/Introduction-to-Software-Testing/artifacts/sample_runs/gpt-5.5/cand061_3ce3b27dbd57,3ce3b27dbd579a918e97e1fb09e9b0153cc71a60,Fixing Checkstyle problems.,src/test/java/org/apache/commons/lang3/StreamsTest.java,6,6,6,1.0000,0,0,0,1.0000,0,0,0,1.0000,1,1,1,1.0000,23,23,1.0000,"{""assertEquals"": 7, ""assertEvenNumbers"": 3, ""assertSame"": 6, ""fail"": 7}","{""assertEquals"": 7, ""assertEvenNumbers"": 3, ""assertSame"": 6, ""fail"": 7}",1.0000,0,0,[],[],[],[],"[""testSimpleStreamFilter""]","[""testSimpleStreamFilter""]",
gpt-5.5,62,ok,/home/lpy/workspace/misc/course/Introduction-to-Software-Testing/artifacts/sample_runs/gpt-5.5/cand062_3d4ed4a8ac63,3d4ed4a8ac63db1e51601ffc31fed44dccbb276c,Fixing Checkstyle warnings. Closes #532.,src/test/java/org/apache/commons/lang3/LocksTest.java,1,1,1,1.0000,0,0,0,1.0000,0,0,0,1.0000,1,1,1,1.0000,3,3,1.0000,"{""assertTrue"": 3}","{""assertTrue"": 3}",1.0000,0,0,[],[],[],[],"[""testReadLock""]","[""testReadLock""]",
gpt-5.5,63,ok,/home/lpy/workspace/misc/course/Introduction-to-Software-Testing/artifacts/sample_runs/gpt-5.5/cand063_3df7f4440e74,3df7f4440e7447bc55e95400ec511323e708c652,[LANG-1823] LocaleUtils.toLocale cannot parse valid JDK Locale string containing '#'  (#1630),src/test/java/org/apache/commons/lang3/LocaleUtilsTest.java,24,24,24,1.0000,2,2,2,1.0000,0,0,0,1.0000,1,1,1,1.0000,160,160,1.0000,"{""assertCountriesByLanguage"": 5, ""assertEquals"": 45, ""assertFalse"": 1, ""assertIllegalArgumentException"": 19, ""assertLanguageByCountry"": 5, ""assertLocaleLookupList"": 17, ""assertNotEquals"": 4, ""assertNotNull"": 9, ""assertNull"": 2, ""assertSame"": 4, ""assertThrows"": 1, ""assertTrue"": 11, ""assertUnmodifiableCollection"": 6, ""assertValidToLocale"": 31}","{""assertCountriesByLanguage"": 5, ""assertEquals"": 45, ""assertFalse"": 1, ""assertIllegalArgumentException"": 19, ""assertLanguageByCountry"": 5, ""assertLocaleLookupList"": 17, ""assertNotEquals"": 4, ""assertNotNull"": 9, ""assertNull"": 2, ""assertSame"": 4, ""assertThrows"": 1, ""assertTrue"": 11, ""assertUnmodifiableCollection"": 6, ""assertValidToLocale"": 31}",1.0000,1,1,"[""testLang1823"", ""testSpecialCases""]","[""testLang1823"", ""testSpecialCases""]",[],[],"[""testParseAllLocales""]","[""testParseAllLocales""]",
gpt-5.5,64,ok,/home/lpy/workspace/misc/course/Introduction-to-Software-Testing/artifacts/sample_runs/gpt-5.5/cand064_3fa5334ac08f,3fa5334ac08fc7ce1a86d5b34fbcd8cfea85ed23,"LANG-1027 don't fail if java version is unknown, lang is too much used to make apps and libs failling cause of an unknown java version.",src/test/java/org/apache/commons/lang3/JavaVersionTest.java,3,3,3,1.0000,0,0,0,1.0000,0,0,0,1.0000,1,1,1,1.0000,19,19,1.0000,"{""assertEquals"": 13, ""assertFalse"": 3, ""assertNull"": 1, ""assertTrue"": 2}","{""assertEquals"": 13, ""assertFalse"": 3, ""assertNull"": 1, ""assertTrue"": 2}",1.0000,0,0,[],[],[],[],"[""testGetJavaVersion""]","[""testGetJavaVersion""]",
gpt-5.5,66,ok,/home/lpy/workspace/misc/course/Introduction-to-Software-Testing/artifacts/sample_runs/gpt-5.5/cand066_421db380d060,421db380d060e9f037a8ecbc446c414efaa6923f,Switched capitalize back to using toTitleCase. Added a test for this using the 'Lj' letter. LANG-1142,src/test/java/org/apache/commons/lang3/StringUtilsTest.java,132,132,132,1.0000,0,0,0,1.0000,0,0,0,1.0000,1,1,1,1.0000,1184,1184,1.0000,"{""assertAbbreviateWithOffset"": 21, ""assertArrayEquals"": 5, ""assertEquals"": 934, ""assertFalse"": 46, ""assertNotNull"": 2, ""assertNull"": 118, ""assertSame"": 2, ""assertTrue"": 50, ""fail"": 6}","{""assertAbbreviateWithOffset"": 21, ""assertArrayEquals"": 5, ""assertEquals"": 934, ""assertFalse"": 46, ""assertNotNull"": 2, ""assertNull"": 118, ""assertSame"": 2, ""assertTrue"": 50, ""fail"": 6}",1.0000,13,13,[],[],[],[],"[""testCapitalize""]","[""testCapitalize""]",
gpt-5.5,67,ok,/home/lpy/workspace/misc/course/Introduction-to-Software-Testing/artifacts/sample_runs/gpt-5.5/cand067_4240de53b325,4240de53b3252e4cf0d45fe55feae4e009565d6b,"Applying Srihari Reddy's patch from LANG-405, based on Dave Meikle's original patch. This adds a truncateMiddle method to StringUtils.",src/test/java/org/apache/commons/lang3/StringUtilsTest.java,0,0,0,1.0000,0,0,0,1.0000,0,0,0,1.0000,0,0,0,1.0000,828,828,1.0000,"{""assertAbbreviateWithOffset"": 21, ""assertEquals"": 746, ""assertFalse"": 13, ""assertNotNull"": 2, ""assertNull"": 18, ""assertSame"": 2, ""assertTrue"": 20, ""fail"": 6}","{""assertAbbreviateWithOffset"": 21, ""assertEquals"": 746, ""assertFalse"": 13, ""assertNotNull"": 2, ""assertNull"": 18, ""assertSame"": 2, ""assertTrue"": 20, ""fail"": 6}",1.0000,0,0,[],[],[],[],[],[],
gpt-5.5,68,ok,/home/lpy/workspace/misc/course/Introduction-to-Software-Testing/artifacts/sample_runs/gpt-5.5/cand068_434575ed0a71,434575ed0a71439b8abe8ef59948bf15847fd9c0,Adding toCalendar method per LANG-632,src/test/java/org/apache/commons/lang3/time/DateUtilsTest.java,0,0,0,1.0000,0,0,0,1.0000,0,0,0,1.0000,0,0,0,1.0000,404,404,1.0000,"{""assertDate"": 79, ""assertEquals"": 229, ""assertNotNull"": 1, ""assertNotSame"": 39, ""assertWeekIterator"": 15, ""fail"": 41}","{""assertDate"": 79, ""assertEquals"": 229, ""assertNotNull"": 1, ""assertNotSame"": 39, ""assertWeekIterator"": 15, ""fail"": 41}",1.0000,0,0,[],[],[],[],[],[],
gpt-5.5,69,ok,/home/lpy/workspace/misc/course/Introduction-to-Software-Testing/artifacts/sample_runs/gpt-5.5/cand069_45acc1c97094,45acc1c97094cd68928f634ce4896e4b05ee92ac,LANG-1691: ClassUtils.getShortCanonicalName - using canonicalName rather than class name (#949),src/test/java/org/apache/commons/lang3/ClassUtilsTest.java,66,66,66,1.0000,0,0,0,1.0000,0,0,0,1.0000,2,2,2,1.0000,802,802,1.0000,"{""assertArrayEquals"": 10, ""assertEquals"": 378, ""assertFalse"": 171, ""assertGetClassReturnsClass"": 19, ""assertGetClassThrowsClassNotFound"": 10, ""assertGetClassThrowsException"": 3, ""assertGetClassThrowsNullPointerException"": 2, ""assertNotNull"": 1, ""assertNotSame"": 1, ""assertNull"": 18, ""assertSame"": 3, ""assertThrows"": 6, ""assertTrue"": 180}","{""assertArrayEquals"": 10, ""assertEquals"": 378, ""assertFalse"": 171, ""assertGetClassReturnsClass"": 19, ""assertGetClassThrowsClassNotFound"": 10, ""assertGetClassThrowsException"": 3, ""assertGetClassThrowsNullPointerException"": 2, ""assertNotNull"": 1, ""assertNotSame"": 1, ""assertNull"": 18, ""assertSame"": 3, ""assertThrows"": 6, ""assertTrue"": 180}",1.0000,6,6,[],[],[],[],"[""test_getShortCanonicalName_Class"", ""test_getShortCanonicalName_Object""]","[""test_getShortCanonicalName_Class"", ""test_getShortCanonicalName_Object""]",
gpt-5.5,70,ok,/home/lpy/workspace/misc/course/Introduction-to-Software-Testing/artifacts/sample_runs/gpt-5.5/cand070_46b15a2ecb05,46b15a2ecb05bdc281bc6109bb2db99b566d4a10,Rename method for next release.,src/test/java/org/apache/commons/lang3/stream/StreamsTest.java,15,15,15,1.0000,0,0,0,1.0000,0,0,0,1.0000,2,2,2,1.0000,47,47,1.0000,"{""assertAll"": 2, ""assertEquals"": 26, ""assertEvenNumbers"": 3, ""assertNotNull"": 1, ""assertThat"": 8, ""assertThrows"": 7}","{""assertAll"": 2, ""assertEquals"": 26, ""assertEvenNumbers"": 3, ""assertNotNull"": 1, ""assertThat"": 8, ""assertThrows"": 7}",1.0000,7,7,[],[],[],[],"[""testNullSafeStreamNotNull"", ""testNullSafeStreamNull""]","[""testNullSafeStreamNotNull"", ""testNullSafeStreamNull""]",
gpt-5.5,71,ok,/home/lpy/workspace/misc/course/Introduction-to-Software-Testing/artifacts/sample_runs/gpt-5.5/cand071_49ef6b530c89,49ef6b530c89c5f7181aa3fbdb957155a6802b05,PMD: Implement equals(),src/test/java/org/apache/commons/lang3/builder/HashCodeBuilderTest.java,46,46,46,1.0000,1,1,1,1.0000,0,0,0,1.0000,0,0,0,1.0000,124,124,1.0000,"{""assertEquals"": 111, ""assertNotEquals"": 2, ""assertNull"": 2, ""assertThrows"": 9}","{""assertEquals"": 111, ""assertNotEquals"": 2, ""assertNull"": 2, ""assertThrows"": 9}",1.0000,9,9,"[""testEquals""]","[""testEquals""]",[],[],[],[],
gpt-5.5,72,ok,/home/lpy/workspace/misc/course/Introduction-to-Software-Testing/artifacts/sample_runs/gpt-5.5/cand072_4a934610e7d9,4a934610e7d911df707a23ad338ab2e4aa14daa4,LANG-1495 Update EnumUtils.java (#475),src/test/java/org/apache/commons/lang3/EnumUtilsTest.java,41,43,41,0.9535,0,2,0,0.0000,0,0,0,1.0000,0,0,0,1.0000,191,211,0.9052,"{""assertArrayEquals"": 31, ""assertEquals"": 115, ""assertFalse"": 5, ""assertNull"": 6, ""assertThrows"": 25, ""assertTrue"": 9}","{""assertArrayEquals"": 31, ""assertEquals"": 133, ""assertFalse"": 5, ""assertNull"": 8, ""assertThrows"": 25, ""assertTrue"": 9}",1.0000,25,25,[],"[""test_getEnumIgnoreCase_defaultEnum"", ""test_getEnum_defaultEnum""]",[],[],[],[],
gpt-5.5,73,ok,/home/lpy/workspace/misc/course/Introduction-to-Software-Testing/artifacts/sample_runs/gpt-5.5/cand073_4c3f1dd00ee7,4c3f1dd00ee7b8800478edb2b50dd687103b5f2a,"StringUtils.repeat(String, [String,] int) now throws IllegalArgumentException (#1644)",src/test/java/org/apache/commons/lang3/StringUtilsTest.java,156,156,156,1.0000,0,0,0,1.0000,0,0,0,1.0000,2,2,2,1.0000,1511,1511,1.0000,"{""assertArrayEquals"": 17, ""assertEquals"": 1195, ""assertFalse"": 31, ""assertIllegalArgumentException"": 36, ""assertNotEquals"": 2, ""assertNotNull"": 2, ""assertNull"": 183, ""assertSame"": 7, ""assertThrows"": 10, ""assertTrue"": 28}","{""assertArrayEquals"": 17, ""assertEquals"": 1195, ""assertFalse"": 31, ""assertIllegalArgumentException"": 36, ""assertNotEquals"": 2, ""assertNotNull"": 2, ""assertNull"": 183, ""assertSame"": 7, ""assertThrows"": 10, ""assertTrue"": 28}",1.0000,10,10,[],[],[],[],"[""testRepeat_StringInt"", ""testRepeat_StringStringInt""]","[""testRepeat_StringInt"", ""testRepeat_StringStringInt""]",
gpt-5.5,74,ok,/home/lpy/workspace/misc/course/Introduction-to-Software-Testing/artifacts/sample_runs/gpt-5.5/cand074_4f31ae757ce3,4f31ae757ce3e2ebee99af485050e4aa3a23f4f4,"Applying Valentin Rocher's patch from LANG-559, adding isInstanceOf and isAssignableFrom methods.",src/test/java/org/apache/commons/lang3/ValidateTest.java,0,0,0,1.0000,0,0,0,1.0000,0,0,0,1.0000,0,0,0,1.0000,153,153,1.0000,"{""assertEquals"": 67, ""assertNotNull"": 1, ""assertSame"": 22, ""fail"": 63}","{""assertEquals"": 67, ""assertNotNull"": 1, ""assertSame"": 22, ""fail"": 63}",1.0000,0,0,[],[],[],[],[],[],
gpt-5.5,75,ok,/home/lpy/workspace/misc/course/Introduction-to-Software-Testing/artifacts/sample_runs/gpt-5.5/cand075_4ff5e2b9f98e,4ff5e2b9f98e5ca9dd105a2d08477e0371ae8832,Extract a map method.,src/test/java/org/apache/commons/lang3/concurrent/UncheckedFutureTest.java,8,8,8,1.0000,1,1,1,1.0000,0,0,0,1.0000,0,0,0,1.0000,8,8,1.0000,"{""assertEquals"": 3, ""assertThrows"": 5}","{""assertEquals"": 3, ""assertThrows"": 5}",1.0000,5,5,"[""testMap""]","[""testMap""]",[],[],[],[],
gpt-5.5,76,ok,/home/lpy/workspace/misc/course/Introduction-to-Software-Testing/artifacts/sample_runs/gpt-5.5/cand076_526a03a8701f,526a03a8701f85e422786f0a4d1fadd3f0c249c1,"DateUtils.parseDateWithLeniency(String, Locale, String[], boolean) doesn't reset its time zone (#1660)",src/test/java/org/apache/commons/lang3/time/DateUtilsTest.java,75,75,75,1.0000,1,1,1,1.0000,0,0,0,1.0000,0,0,0,1.0000,473,473,1.0000,"{""assertCalendarsEquals"": 5, ""assertDate"": 81, ""assertEquals"": 222, ""assertFalse"": 12, ""assertIllegalArgumentException"": 15, ""assertNotNull"": 3, ""assertNotSame"": 40, ""assertNullPointerException"": 48, ""assertThrows"": 18, ""assertTrue"": 14, ""assertWeekIterator"": 15}","{""assertCalendarsEquals"": 5, ""assertDate"": 81, ""assertEquals"": 222, ""assertFalse"": 12, ""assertIllegalArgumentException"": 15, ""assertNotNull"": 3, ""assertNotSame"": 40, ""assertNullPointerException"": 48, ""assertThrows"": 18, ""assertTrue"": 14, ""assertWeekIterator"": 15}",1.0000,18,18,"[""testFailedTimeZonePatternDoesNotPoisonNextPatternInstant""]","[""testFailedTimeZonePatternDoesNotPoisonNextPatternInstant""]",[],[],[],[],
gpt-5.5,77,ok,/home/lpy/workspace/misc/course/Introduction-to-Software-Testing/artifacts/sample_runs/gpt-5.5/cand077_52c06bea2f2b,52c06bea2f2b6c277c517dc9f5bb0d62d17e073c,fix LANG-1816 (#1589),src/test/java/org/apache/commons/lang3/ArrayUtilsTest.java,356,356,356,1.0000,0,0,0,1.0000,0,0,0,1.0000,3,3,3,1.0000,3443,3443,1.0000,"{""assertArrayEquals"": 153, ""assertEquals"": 1231, ""assertFalse"": 1034, ""assertIllegalArgumentException"": 8, ""assertInstanceOf"": 1, ""assertIsEquals"": 9, ""assertNotEquals"": 1, ""assertNotNull"": 2, ""assertNotSame"": 30, ""assertNull"": 98, ""assertNullPointerException"": 14, ""assertSame"": 79, ""assertThrows"": 1, ""assertTrue"": 782}","{""assertArrayEquals"": 153, ""assertEquals"": 1231, ""assertFalse"": 1034, ""assertIllegalArgumentException"": 8, ""assertInstanceOf"": 1, ""assertIsEquals"": 9, ""assertNotEquals"": 1, ""assertNotNull"": 2, ""assertNotSame"": 30, ""assertNull"": 98, ""assertNullPointerException"": 14, ""assertSame"": 79, ""assertThrows"": 1, ""assertTrue"": 782}",1.0000,1,1,[],[],[],[],"[""testContainsDoubleNaN"", ""testIndexOfDoubleNaN"", ""testIndexOfDoubleTolerance""]","[""testContainsDoubleNaN"", ""testIndexOfDoubleNaN"", ""testIndexOfDoubleTolerance""]",
gpt-5.5,78,ok,/home/lpy/workspace/misc/course/Introduction-to-Software-Testing/artifacts/sample_runs/gpt-5.5/cand078_54e63005446a,54e63005446a2b0a4255ba16838122c5808ef886,[LANG-1141] StrLookup for system properties now sees updated values.,src/test/java/org/apache/commons/lang3/text/StrLookupTest.java,6,6,6,1.0000,2,2,2,1.0000,1,1,1,1.0000,0,0,0,1.0000,17,17,1.0000,"{""assertEquals"": 16, ""fail"": 1}","{""assertEquals"": 16, ""fail"": 1}",1.0000,0,0,"[""testSystemPropertiesLookupReplacedProperties"", ""testSystemPropertiesLookupUpdatedProperty""]","[""testSystemPropertiesLookupReplacedProperties"", ""testSystemPropertiesLookupUpdatedProperty""]","[""testSystemPropertiesLookupNotSingleton""]","[""testSystemPropertiesLookupNotSingleton""]",[],[],
gpt-5.5,79,ok,/home/lpy/workspace/misc/course/Introduction-to-Software-Testing/artifacts/sample_runs/gpt-5.5/cand079_54ff33b2ad26,54ff33b2ad26e3969cc59d7f2723563dee3e37dc,LANG-1151: Performance improvements for NumberUtils.isParsable (closes #99),src/test/java/org/apache/commons/lang3/math/NumberUtilsTest.java,95,95,95,1.0000,0,0,0,1.0000,0,0,0,1.0000,1,1,1,1.0000,517,517,1.0000,"{""assertEquals"": 204, ""assertFalse"": 18, ""assertNotNull"": 2, ""assertTrue"": 284, ""fail"": 9}","{""assertEquals"": 204, ""assertFalse"": 18, ""assertNotNull"": 2, ""assertTrue"": 284, ""fail"": 9}",1.0000,32,32,[],[],[],[],"[""testIsParsable""]","[""testIsParsable""]",
gpt-5.5,80,ok,/home/lpy/workspace/misc/course/Introduction-to-Software-Testing/artifacts/sample_runs/gpt-5.5/cand080_55a2a03aa308,55a2a03aa30836c814b9c2d50d5081a52f01d83c,[LANG-1177] Added indexesOf methods and simplified removeAllOccurences (#471),src/test/java/org/apache/commons/lang3/ArrayUtilsTest.java,328,328,328,1.0000,20,20,20,1.0000,0,0,0,1.0000,0,0,0,1.0000,1950,1950,1.0000,"{""assertArrayEquals"": 100, ""assertEquals"": 1187, ""assertFalse"": 200, ""assertIsEquals"": 9, ""assertNotEquals"": 1, ""assertNotNull"": 2, ""assertNotSame"": 30, ""assertNull"": 80, ""assertSame"": 71, ""assertThrows"": 19, ""assertTrue"": 251}","{""assertArrayEquals"": 100, ""assertEquals"": 1187, ""assertFalse"": 200, ""assertIsEquals"": 9, ""assertNotEquals"": 1, ""assertNotNull"": 2, ""assertNotSame"": 30, ""assertNull"": 80, ""assertSame"": 71, ""assertThrows"": 19, ""assertTrue"": 251}",1.0000,19,19,"[""testIndexesOf"", ""testIndexesOfBoolean"", ""testIndexesOfBooleanWithStartIndex"", ""testIndexesOfByte"", ""testIndexesOfByteWithStartIndex"", ""testIndexesOfChar"", ""testIndexesOfCharWithStartIndex"", ""testIndexesOfDouble"", ""testIndexesOfDoubleTolerance"", ""testIndexesOfDoubleWithStartIndex"", ""testIndexesOfDoubleWithStartIndexTolerance"", ""testIndexesOfFloat"", ""testIndexesOfFloatWithStartIndex"", ""testIndexesOfIntWithStartIndex"", ""testIndexesOfLong"", ""testIndexesOfLongWithStartIndex"", ""testIndexesOfShort"", ""testIndexesOfShortWithStartIndex"", ""testIndexesOfWithStartIndex"", ""textIndexesOfInt""]","[""testIndexesOf"", ""testIndexesOfBoolean"", ""testIndexesOfBooleanWithStartIndex"", ""testIndexesOfByte"", ""testIndexesOfByteWithStartIndex"", ""testIndexesOfChar"", ""testIndexesOfCharWithStartIndex"", ""testIndexesOfDouble"", ""testIndexesOfDoubleTolerance"", ""testIndexesOfDoubleWithStartIndex"", ""testIndexesOfDoubleWithStartIndexTolerance"", ""testIndexesOfFloat"", ""testIndexesOfFloatWithStartIndex"", ""testIndexesOfIntWithStartIndex"", ""testIndexesOfLong"", ""testIndexesOfLongWithStartIndex"", ""testIndexesOfShort"", ""testIndexesOfShortWithStartIndex"", ""testIndexesOfWithStartIndex"", ""textIndexesOfInt""]",[],[],[],[],
gpt-5.5,81,ok,/home/lpy/workspace/misc/course/Introduction-to-Software-Testing/artifacts/sample_runs/gpt-5.5/cand081_5689c91cf2a3,5689c91cf2a3a27f0a3a8a362857f2cf0919d4f6,"Add DurationUtils.isPositive(Duration) and toDuration(long,TimeUnit).",src/test/java/org/apache/commons/lang3/time/DurationUtilsTest.java,4,4,4,1.0000,2,2,2,1.0000,0,0,0,1.0000,0,0,0,1.0000,34,34,1.0000,"{""assertEquals"": 31, ""assertFalse"": 2, ""assertTrue"": 1}","{""assertEquals"": 31, ""assertFalse"": 2, ""assertTrue"": 1}",1.0000,0,0,"[""testIsPositive"", ""testToDuration""]","[""testIsPositive"", ""testToDuration""]",[],[],[],[],
gpt-5.5,82,ok,/home/lpy/workspace/misc/course/Introduction-to-Software-Testing/artifacts/sample_runs/gpt-5.5/cand082_5713c6c42e43,5713c6c42e43977df17a7a6c0d39a8ff4f4540b6,Bugfix/class utils to canonical name length check (#1495),src/test/java/org/apache/commons/lang3/ClassUtilsTest.java,70,70,70,1.0000,2,2,2,1.0000,0,0,0,1.0000,1,1,1,1.0000,844,844,1.0000,"{""assertArrayEquals"": 10, ""assertEquals"": 397, ""assertFalse"": 171, ""assertGetClassReturnsClass"": 19, ""assertGetClassThrowsClassNotFound"": 10, ""assertGetClassThrowsException"": 3, ""assertGetClassThrowsNullPointerException"": 2, ""assertIllegalArgumentException"": 3, ""assertNotNull"": 2, ""assertNotSame"": 1, ""assertNull"": 18, ""assertSame"": 3, ""assertThrows"": 24, ""assertTrue"": 180, ""fail"": 1}","{""assertArrayEquals"": 10, ""assertEquals"": 397, ""assertFalse"": 171, ""assertGetClassReturnsClass"": 19, ""assertGetClassThrowsClassNotFound"": 10, ""assertGetClassThrowsException"": 3, ""assertGetClassThrowsNullPointerException"": 2, ""assertIllegalArgumentException"": 3, ""assertNotNull"": 2, ""assertNotSame"": 1, ""assertNull"": 18, ""assertSame"": 3, ""assertThrows"": 24, ""assertTrue"": 180, ""fail"": 1}",1.0000,24,24,"[""testGetClassLengthIllegal"", ""testGetClassLongestCheck""]","[""testGetClassLengthIllegal"", ""testGetClassLongestCheck""]",[],[],"[""testGetClassByNormalNameArrays""]","[""testGetClassByNormalNameArrays""]",
gpt-5.5,83,ok,/home/lpy/workspace/misc/course/Introduction-to-Software-Testing/artifacts/sample_runs/gpt-5.5/cand083_571b8e301722,571b8e301722205c4fff30cdfd502020f2a56be8,"Adding concat(Object...) and concatWith(String, Object...) methods to provide vararg'd versions of the more prominent join methods. This ties into the String.concat method. LANG-396",src/test/java/org/apache/commons/lang3/StringUtilsTest.java,0,0,0,1.0000,0,0,0,1.0000,0,0,0,1.0000,0,0,0,1.0000,865,865,1.0000,"{""assertAbbreviateWithOffset"": 21, ""assertEquals"": 780, ""assertFalse"": 13, ""assertNotNull"": 2, ""assertNull"": 21, ""assertSame"": 2, ""assertTrue"": 20, ""fail"": 6}","{""assertAbbreviateWithOffset"": 21, ""assertEquals"": 780, ""assertFalse"": 13, ""assertNotNull"": 2, ""assertNull"": 21, ""assertSame"": 2, ""assertTrue"": 20, ""fail"": 6}",1.0000,0,0,[],[],[],[],[],[],
gpt-5.5,85,ok,/home/lpy/workspace/misc/course/Introduction-to-Software-Testing/artifacts/sample_runs/gpt-5.5/cand085_5904c573ffac,5904c573ffacaa5d8836ffc2b346f400c8901ed1,NumberUtils.createNumber(String): Float shortcut can bypass exact (#1635),src/test/java/org/apache/commons/lang3/math/NumberUtilsTest.java,126,126,126,1.0000,0,0,0,1.0000,0,0,0,1.0000,4,4,4,1.0000,761,761,1.0000,"{""assertCreateNumberZero"": 7, ""assertEquals"": 554, ""assertFalse"": 25, ""assertIllegalArgumentException"": 12, ""assertInstanceOf"": 64, ""assertNotNull"": 5, ""assertNull"": 7, ""assertNullPointerException"": 12, ""assertThrows"": 18, ""assertTrue"": 57}","{""assertCreateNumberZero"": 7, ""assertEquals"": 554, ""assertFalse"": 25, ""assertIllegalArgumentException"": 12, ""assertInstanceOf"": 64, ""assertNotNull"": 5, ""assertNull"": 7, ""assertNullPointerException"": 12, ""assertThrows"": 18, ""assertTrue"": 57}",1.0000,18,18,[],[],[],[],"[""testCreateBigDecimal"", ""testCreateDouble"", ""testCreateNumber"", ""testIsCreatable""]","[""testCreateBigDecimal"", ""testCreateDouble"", ""testCreateNumber"", ""testIsCreatable""]",
gpt-5.5,86,ok,/home/lpy/workspace/misc/course/Introduction-to-Software-Testing/artifacts/sample_runs/gpt-5.5/cand086_5914a8e80a54,5914a8e80a547301b76bf8ef691053e4dfc901a7,TimedSemaphore.shutdown() must wake threads blocked in acquire(). (#1639),src/test/java/org/apache/commons/lang3/concurrent/TimedSemaphoreTest.java,18,18,18,1.0000,1,1,1,1.0000,0,0,0,1.0000,0,0,0,1.0000,33,33,1.0000,"{""assertEquals"": 16, ""assertFalse"": 6, ""assertIllegalArgumentException"": 1, ""assertNotNull"": 1, ""assertThrows"": 2, ""assertTimeout"": 1, ""assertTimeoutPreemptively"": 1, ""assertTrue"": 5}","{""assertEquals"": 16, ""assertFalse"": 6, ""assertIllegalArgumentException"": 1, ""assertNotNull"": 1, ""assertThrows"": 2, ""assertTimeout"": 1, ""assertTimeoutPreemptively"": 1, ""assertTrue"": 5}",1.0000,2,2,"[""testShutdownWakesBlockedAcquireThreads""]","[""testShutdownWakesBlockedAcquireThreads""]",[],[],[],[],
gpt-5.5,87,ok,/home/lpy/workspace/misc/course/Introduction-to-Software-Testing/artifacts/sample_runs/gpt-5.5/cand087_59d201f7be16,59d201f7be16f724e52023330258f44876e545a2,Add gets the current day of year. (#968),src/test/java/org/apache/commons/lang3/time/CalendarUtilsTest.java,6,6,6,1.0000,1,1,1,1.0000,0,0,0,1.0000,0,0,0,1.0000,30,30,1.0000,"{""assertEquals"": 30}","{""assertEquals"": 30}",1.0000,0,0,"[""testGetDayOfYear""]","[""testGetDayOfYear""]",[],[],[],[],
gpt-5.5,88,ok,/home/lpy/workspace/misc/course/Introduction-to-Software-Testing/artifacts/sample_runs/gpt-5.5/cand088_5aa87b52f1b3,5aa87b52f1b3f958e1c13ce3b811379ad6f71d9b,"Corrected Javadoc (mentioned in LANG-1058), added examples to unit test.",src/test/java/org/apache/commons/lang3/StringUtilsTest.java,124,124,124,1.0000,0,0,0,1.0000,0,0,0,1.0000,1,1,1,1.0000,1157,1157,1.0000,"{""assertAbbreviateWithOffset"": 21, ""assertArrayEquals"": 5, ""assertEquals"": 908, ""assertFalse"": 46, ""assertNotNull"": 2, ""assertNull"": 117, ""assertSame"": 2, ""assertTrue"": 50, ""fail"": 6}","{""assertAbbreviateWithOffset"": 21, ""assertArrayEquals"": 5, ""assertEquals"": 908, ""assertFalse"": 46, ""assertNotNull"": 2, ""assertNull"": 117, ""assertSame"": 2, ""assertTrue"": 50, ""fail"": 6}",1.0000,12,12,[],[],[],[],"[""testCaseFunctions""]","[""testCaseFunctions""]",
gpt-5.5,89,ok,/home/lpy/workspace/misc/course/Introduction-to-Software-Testing/artifacts/sample_runs/gpt-5.5/cand089_5b0d49b81393,5b0d49b81393c524727f9195eecbfe7610fc1f6a,LANG-1447: use isJavaVersionAtLeast in implementation,src/test/java/org/apache/commons/lang3/reflect/FieldUtilsTest.java,64,64,64,1.0000,0,0,0,1.0000,0,0,0,1.0000,4,4,4,1.0000,350,350,1.0000,"{""assertArrayEquals"": 5, ""assertEquals"": 164, ""assertFalse"": 11, ""assertNotNull"": 1, ""assertNull"": 23, ""assertThrows"": 134, ""assertTrue"": 11, ""fail"": 1}","{""assertArrayEquals"": 5, ""assertEquals"": 164, ""assertFalse"": 11, ""assertNotNull"": 1, ""assertNull"": 23, ""assertThrows"": 134, ""assertTrue"": 11, ""fail"": 1}",1.0000,134,134,[],[],[],[],"[""testRemoveFinalModifier"", ""testRemoveFinalModifierAccessNotNeeded"", ""testRemoveFinalModifierWithAccess"", ""testRemoveFinalModifierWithoutAccess""]","[""testRemoveFinalModifier"", ""testRemoveFinalModifierAccessNotNeeded"", ""testRemoveFinalModifierWithAccess"", ""testRemoveFinalModifierWithoutAccess""]",
gpt-5.5,90,ok,/home/lpy/workspace/misc/course/Introduction-to-Software-Testing/artifacts/sample_runs/gpt-5.5/cand090_5b6030595205,5b6030595205f5f843549f1f12a0e1037bf4a50f,Fix Javadoc @since tags,src/test/java/org/apache/commons/lang3/exception/ExceptionUtilsTest.java,60,60,60,1.0000,0,0,0,1.0000,0,0,0,1.0000,0,0,0,1.0000,289,289,1.0000,"{""assertArrayEquals"": 1, ""assertEquals"": 148, ""assertFalse"": 9, ""assertNotNull"": 1, ""assertNull"": 40, ""assertSame"": 67, ""assertThrows"": 10, ""assertTrue"": 13}","{""assertArrayEquals"": 1, ""assertEquals"": 148, ""assertFalse"": 9, ""assertNotNull"": 1, ""assertNull"": 40, ""assertSame"": 67, ""assertThrows"": 10, ""assertTrue"": 13}",1.0000,10,10,[],[],[],[],[],[],
gpt-5.5,91,ok,/home/lpy/workspace/misc/course/Introduction-to-Software-Testing/artifacts/sample_runs/gpt-5.5/cand091_5b7608d15499,5b7608d1549989d92dd159392c19d9ba8ce0e62e,consistent treatment for negative indices for swap method,src/test/java/org/apache/commons/lang3/ArrayUtilsTest.java,254,254,254,1.0000,0,0,0,1.0000,12,12,12,1.0000,6,6,6,1.0000,1593,1593,1.0000,"{""assertArrayEquals"": 48, ""assertEquals"": 968, ""assertFalse"": 171, ""assertIsEquals"": 9, ""assertNotNull"": 1, ""assertNotSame"": 20, ""assertNull"": 9, ""assertSame"": 71, ""assertTrue"": 280, ""fail"": 16}","{""assertArrayEquals"": 48, ""assertEquals"": 968, ""assertFalse"": 171, ""assertIsEquals"": 9, ""assertNotNull"": 1, ""assertNotSame"": 20, ""assertNull"": 9, ""assertSame"": 71, ""assertTrue"": 280, ""fail"": 16}",1.0000,2,2,[],[],"[""testSwapCharOutOfRange"", ""testSwapCharOutOfRangeLen"", ""testSwapDoubleOutOfRange"", ""testSwapDoubleOutOfRangeLen"", ""testSwapFloatOutOfRange"", ""testSwapFloatOutOfRangeLen"", ""testSwapIntOutOfRange"", ""testSwapIntOutOfRangeLen"", ""testSwapLongOutOfRange"", ""testSwapLongOutOfRangeLen"", ""testSwapObjectOutOfRange"", ""testSwapObjectOutOfRangeLen""]","[""testSwapCharOutOfRange"", ""testSwapCharOutOfRangeLen"", ""testSwapDoubleOutOfRange"", ""testSwapDoubleOutOfRangeLen"", ""testSwapFloatOutOfRange"", ""testSwapFloatOutOfRangeLen"", ""testSwapIntOutOfRange"", ""testSwapIntOutOfRangeLen"", ""testSwapLongOutOfRange"", ""testSwapLongOutOfRangeLen"", ""testSwapObjectOutOfRange"", ""testSwapObjectOutOfRangeLen""]","[""testSwapCharRange"", ""testSwapDoubleRange"", ""testSwapFloatRange"", ""testSwapIntRange"", ""testSwapLongRange"", ""testSwapObjectRange""]","[""testSwapCharRange"", ""testSwapDoubleRange"", ""testSwapFloatRange"", ""testSwapIntRange"", ""testSwapLongRange"", ""testSwapObjectRange""]",
gpt-5.5,92,ok,/home/lpy/workspace/misc/course/Introduction-to-Software-Testing/artifacts/sample_runs/gpt-5.5/cand092_5e9fd18a887e,5e9fd18a887eb071a42983a8c6df1ae3062f3a88,Fix cloning of array types.,src/test/java/org/apache/commons/lang3/ObjectUtilsTest.java,0,0,0,1.0000,0,0,0,1.0000,0,0,0,1.0000,0,0,0,1.0000,81,81,1.0000,"{""assertEquals"": 34, ""assertFalse"": 4, ""assertNotNull"": 2, ""assertNotSame"": 2, ""assertNull"": 8, ""assertSame"": 19, ""assertTrue"": 8, ""fail"": 4}","{""assertEquals"": 34, ""assertFalse"": 4, ""assertNotNull"": 2, ""assertNotSame"": 2, ""assertNull"": 8, ""assertSame"": 19, ""assertTrue"": 8, ""fail"": 4}",1.0000,0,0,[],[],[],[],[],[],
gpt-5.5,93,ok,/home/lpy/workspace/misc/course/Introduction-to-Software-Testing/artifacts/sample_runs/gpt-5.5/cand093_5fef9575646f,5fef9575646f6583fd2d9ee01368b3deefe6ce82,LANG-1195: Enhance MethodUtils to allow invocation of private methods (closes #141),src/test/java/org/apache/commons/lang3/reflect/MethodUtilsTest.java,29,29,29,1.0000,3,3,3,1.0000,0,0,0,1.0000,0,0,0,1.0000,132,132,1.0000,"{""assertArrayEquals"": 3, ""assertEquals"": 100, ""assertFalse"": 4, ""assertNotNull"": 3, ""assertNotSame"": 1, ""assertNull"": 2, ""assertSame"": 4, ""assertThat"": 3, ""assertTrue"": 5, ""fail"": 7}","{""assertArrayEquals"": 3, ""assertEquals"": 100, ""assertFalse"": 4, ""assertNotNull"": 3, ""assertNotSame"": 1, ""assertNull"": 2, ""assertSame"": 4, ""assertThat"": 3, ""assertTrue"": 5, ""fail"": 7}",1.0000,6,6,"[""testDistance"", ""testInvokeMethodForceAccessNoArgs"", ""testInvokeMethodForceAccessWithArgs""]","[""testDistance"", ""testInvokeMethodForceAccessNoArgs"", ""testInvokeMethodForceAccessWithArgs""]",[],[],[],[],
gpt-5.5,94,ok,/home/lpy/workspace/misc/course/Introduction-to-Software-Testing/artifacts/sample_runs/gpt-5.5/cand094_61c2d8f84931,61c2d8f849315e249ddcd0cf8b868595974fc644,[LANG-1774] Improve handling of ClassUtils.getShortCanonicalName for invalid input data (#1437),src/test/java/org/apache/commons/lang3/ClassUtilsTest.java,66,66,66,1.0000,0,0,0,1.0000,0,0,0,1.0000,1,1,1,1.0000,827,827,1.0000,"{""assertArrayEquals"": 10, ""assertEquals"": 390, ""assertFalse"": 171, ""assertGetClassReturnsClass"": 19, ""assertGetClassThrowsClassNotFound"": 10, ""assertGetClassThrowsException"": 3, ""assertGetClassThrowsNullPointerException"": 2, ""assertIllegalArgumentException"": 3, ""assertNotNull"": 1, ""assertNotSame"": 1, ""assertNull"": 18, ""assertSame"": 3, ""assertThrows"": 16, ""assertTrue"": 180}","{""assertArrayEquals"": 10, ""assertEquals"": 390, ""assertFalse"": 171, ""assertGetClassReturnsClass"": 19, ""assertGetClassThrowsClassNotFound"": 10, ""assertGetClassThrowsException"": 3, ""assertGetClassThrowsNullPointerException"": 2, ""assertIllegalArgumentException"": 3, ""assertNotNull"": 1, ""assertNotSame"": 1, ""assertNull"": 18, ""assertSame"": 3, ""assertThrows"": 16, ""assertTrue"": 180}",1.0000,16,16,[],[],[],[],"[""test_getShortCanonicalName_String""]","[""test_getShortCanonicalName_String""]",
gpt-5.5,95,ok,/home/lpy/workspace/misc/course/Introduction-to-Software-Testing/artifacts/sample_runs/gpt-5.5/cand095_6240a05c1291,6240a05c12914083adbe8c7c53e7e40ef42931dd,LANG-1016: NumberUtils#isParsable method(s). Apply Juan PabloSantos Rodríguez patch for handling negative numbers.,src/test/java/org/apache/commons/lang3/math/NumberUtilsTest.java,86,86,86,1.0000,0,0,0,1.0000,0,0,0,1.0000,1,1,1,1.0000,496,496,1.0000,"{""assertEquals"": 197, ""assertFalse"": 16, ""assertNotNull"": 2, ""assertTrue"": 272, ""fail"": 9}","{""assertEquals"": 197, ""assertFalse"": 16, ""assertNotNull"": 2, ""assertTrue"": 272, ""fail"": 9}",1.0000,28,28,[],[],[],[],"[""testIsParsable""]","[""testIsParsable""]",
gpt-5.5,96,ok,/home/lpy/workspace/misc/course/Introduction-to-Software-Testing/artifacts/sample_runs/gpt-5.5/cand096_633ce6049680,633ce604968078151e03363d5c67042af74310e3,Always return false to contains a null word,src/test/java/org/apache/commons/lang3/text/WordUtilsTest.java,13,13,13,1.0000,0,0,0,1.0000,0,0,0,1.0000,1,1,1,1.0000,203,203,1.0000,"{""assertEquals"": 185, ""assertFalse"": 14, ""assertNotNull"": 1, ""assertTrue"": 3}","{""assertEquals"": 185, ""assertFalse"": 14, ""assertNotNull"": 1, ""assertTrue"": 3}",1.0000,0,0,[],[],[],[],"[""testContainsAllWords_StringString""]","[""testContainsAllWords_StringString""]",
gpt-5.5,97,ok,/home/lpy/workspace/misc/course/Introduction-to-Software-Testing/artifacts/sample_runs/gpt-5.5/cand097_6363fced4b38,6363fced4b3837afb8a36ed109264b016097d8d8,Better method names.,src/test/java/org/apache/commons/lang3/concurrent/LocksTest.java,1,1,1,1.0000,0,0,0,1.0000,0,0,0,1.0000,0,0,0,1.0000,3,3,1.0000,"{""assertTrue"": 3}","{""assertTrue"": 3}",1.0000,0,0,[],[],[],[],[],[],
gpt-5.5,98,ok,/home/lpy/workspace/misc/course/Introduction-to-Software-Testing/artifacts/sample_runs/gpt-5.5/cand098_63f1d6b83bc1,63f1d6b83bc10a2880f5ec17a172fab284d2eff5,LANG-1055: StrSubstitutor.replaceSystemProperties does not work consistently. This fixes #43 from github. Thanks to Jonathan Baker.,src/test/java/org/apache/commons/lang3/text/StrLookupTest.java,5,5,5,1.0000,1,1,1,1.0000,0,0,0,1.0000,0,0,0,1.0000,18,18,1.0000,"{""assertEquals"": 17, ""fail"": 1}","{""assertEquals"": 17, ""fail"": 1}",1.0000,0,0,"[""testSystemPropertiesLookupNotSingleton""]","[""testSystemPropertiesLookupNotSingleton""]",[],[],[],[],
gpt-5.5,99,ok,/home/lpy/workspace/misc/course/Introduction-to-Software-Testing/artifacts/sample_runs/gpt-5.5/cand099_63f644daa847,63f644daa847e193d9f70791ef2337816f6409a6,[LANG-1637] Fix 2 digit week year formatting (#688),src/test/java/org/apache/commons/lang3/time/FastDatePrinterTest.java,23,23,23,1.0000,1,1,1,1.0000,0,0,0,1.0000,0,0,0,1.0000,74,74,1.0000,"{""assertEquals"": 71, ""assertNotEquals"": 1, ""assertThrows"": 1, ""assertTrue"": 1}","{""assertEquals"": 71, ""assertNotEquals"": 1, ""assertThrows"": 1, ""assertTrue"": 1}",1.0000,1,1,"[""testWeekYear""]","[""testWeekYear""]",[],[],[],[],
gpt-5.5,100,ok,/home/lpy/workspace/misc/course/Introduction-to-Software-Testing/artifacts/sample_runs/gpt-5.5/cand100_643302af8c0e,643302af8c0e10ed7ee1d9ca3c60fa0f61eaaf08,"Applying Chandrashekar M's patch to LANG-583, adding isNotEmpty(array) methods to ArrayUtils.",src/test/java/org/apache/commons/lang3/ArrayUtilsTest.java,0,0,0,1.0000,0,0,0,1.0000,0,0,0,1.0000,0,0,0,1.0000,964,964,1.0000,"{""assertEquals"": 722, ""assertFalse"": 18, ""assertIsEquals"": 9, ""assertNotNull"": 1, ""assertNotSame"": 1, ""assertNull"": 9, ""assertSame"": 69, ""assertTrue"": 119, ""fail"": 16}","{""assertEquals"": 722, ""assertFalse"": 18, ""assertIsEquals"": 9, ""assertNotNull"": 1, ""assertNotSame"": 1, ""assertNull"": 9, ""assertSame"": 69, ""assertTrue"": 119, ""fail"": 16}",1.0000,0,0,[],[],[],[],[],[],
gpt-5.5,101,ok,/home/lpy/workspace/misc/course/Introduction-to-Software-Testing/artifacts/sample_runs/gpt-5.5/cand101_65970408668e,65970408668e105fc880cb8e79e645085df7cd3b,[LANG-1754] Use getAllSuperclassesAndInterfaces() in getMatchingMethod(). (#1289),src/test/java/org/apache/commons/lang3/reflect/MethodUtilsTest.java,44,44,44,1.0000,0,0,0,1.0000,0,0,0,1.0000,1,1,1,1.0000,217,217,1.0000,"{""assertArrayEquals"": 8, ""assertEquals"": 129, ""assertFalse"": 2, ""assertNotNull"": 15, ""assertNotSame"": 1, ""assertNull"": 19, ""assertSame"": 4, ""assertThat"": 3, ""assertThrows"": 28, ""assertTrue"": 8}","{""assertArrayEquals"": 8, ""assertEquals"": 129, ""assertFalse"": 2, ""assertNotNull"": 15, ""assertNotSame"": 1, ""assertNull"": 19, ""assertSame"": 4, ""assertThat"": 3, ""assertThrows"": 28, ""assertTrue"": 8}",1.0000,28,28,[],[],[],[],"[""testGetMatchingMethod""]","[""testGetMatchingMethod""]",
gpt-5.5,102,ok,/home/lpy/workspace/misc/course/Introduction-to-Software-Testing/artifacts/sample_runs/gpt-5.5/cand102_695342cb1cef,695342cb1cef42f30fd1a8496f181c92b21ae82d,LANG-1287: RandomStringUtils#random can enter infinite loop if end parameter is to small (closes #211),src/test/java/org/apache/commons/lang3/RandomStringUtilsTest.java,17,17,17,1.0000,0,0,0,1.0000,0,0,0,1.0000,1,1,1,1.0000,88,88,1.0000,"{""assertEquals"": 21, ""assertFalse"": 1, ""assertNotNull"": 1, ""assertThat"": 18, ""assertTrue"": 30, ""fail"": 17}","{""assertEquals"": 21, ""assertFalse"": 1, ""assertNotNull"": 1, ""assertThat"": 18, ""assertTrue"": 30, ""fail"": 17}",1.0000,0,0,[],[],[],[],"[""testExceptions""]","[""testExceptions""]",
gpt-5.5,103,ok,/home/lpy/workspace/misc/course/Introduction-to-Software-Testing/artifacts/sample_runs/gpt-5.5/cand103_6996806101b6,6996806101b69a87ffcfc4fa9237c075105d722f,[LANG-1596] ArrayUtils.toPrimitive(Object) does not support boolean and other types (#607),src/test/java/org/apache/commons/lang3/ArrayUtilsTest.java,332,332,332,1.0000,1,1,1,1.0000,0,0,0,1.0000,1,1,1,1.0000,3279,3279,1.0000,"{""assertArrayEquals"": 111, ""assertEquals"": 1196, ""assertFalse"": 1010, ""assertIsEquals"": 9, ""assertNotEquals"": 1, ""assertNotNull"": 2, ""assertNotSame"": 30, ""assertNull"": 93, ""assertSame"": 71, ""assertThrows"": 19, ""assertTrue"": 737}","{""assertArrayEquals"": 111, ""assertEquals"": 1196, ""assertFalse"": 1010, ""assertIsEquals"": 9, ""assertNotEquals"": 1, ""assertNotNull"": 2, ""assertNotSame"": 30, ""assertNull"": 93, ""assertSame"": 71, ""assertThrows"": 19, ""assertTrue"": 737}",1.0000,19,19,"[""testCreatePrimitiveArrayViaObjectArray""]","[""testCreatePrimitiveArrayViaObjectArray""]",[],[],"[""testCreatePrimitiveArray""]","[""testCreatePrimitiveArray""]",
gpt-5.5,104,ok,/home/lpy/workspace/misc/course/Introduction-to-Software-Testing/artifacts/sample_runs/gpt-5.5/cand104_6a65b76f2ab9,6a65b76f2ab90cad2c297ff0d9f747ebb982e515,"[LANG-1723]: Throw NumberFormatException instead of IndexOutOfBoundsException in NumberUtils.getMantissa(String, int) (#1145)",src/test/java/org/apache/commons/lang3/math/NumberUtilsTest.java,114,114,114,1.0000,0,0,0,1.0000,0,0,0,1.0000,1,1,1,1.0000,681,681,1.0000,"{""assertCreateNumberZero"": 7, ""assertEquals"": 533, ""assertFalse"": 18, ""assertNotNull"": 2, ""assertNull"": 7, ""assertThrows"": 42, ""assertTrue"": 72}","{""assertCreateNumberZero"": 7, ""assertEquals"": 533, ""assertFalse"": 18, ""assertNotNull"": 2, ""assertNull"": 7, ""assertThrows"": 42, ""assertTrue"": 72}",1.0000,42,42,[],[],[],[],"[""testInvalidNumber""]","[""testInvalidNumber""]",
gpt-5.5,105,ok,/home/lpy/workspace/misc/course/Introduction-to-Software-Testing/artifacts/sample_runs/gpt-5.5/cand105_6b3993188e2a,6b3993188e2a6396f94461c0e7fbd5738ecaa14c,Use less confusing method name,src/test/java/org/apache/commons/lang3/BooleanUtilsTest.java,80,80,80,1.0000,9,9,9,1.0000,9,9,9,1.0000,0,0,0,1.0000,273,273,1.0000,"{""assertEquals"": 107, ""assertFalse"": 46, ""assertNotNull"": 1, ""assertSame"": 9, ""assertTrue"": 110}","{""assertEquals"": 107, ""assertFalse"": 46, ""assertNotNull"": 1, ""assertSame"": 9, ""assertTrue"": 110}",1.0000,30,30,"[""testIsExactlyOneTrue_object_emptyInput"", ""testIsExactlyOneTrue_object_nullElementInput"", ""testIsExactlyOneTrue_object_nullInput"", ""testIsExactlyOneTrue_object_validInput_2items"", ""testIsExactlyOneTrue_object_validInput_3items"", ""testIsExactlyOneTrue_primitive_emptyInput"", ""testIsExactlyOneTrue_primitive_nullInput"", ""testIsExactlyOneTrue_primitive_validInput_2items"", ""testIsExactlyOneTrue_primitive_validInput_3items""]","[""testIsExactlyOneTrue_object_emptyInput"", ""testIsExactlyOneTrue_object_nullElementInput"", ""testIsExactlyOneTrue_object_nullInput"", ""testIsExactlyOneTrue_object_validInput_2items"", ""testIsExactlyOneTrue_object_validInput_3items"", ""testIsExactlyOneTrue_primitive_emptyInput"", ""testIsExactlyOneTrue_primitive_nullInput"", ""testIsExactlyOneTrue_primitive_validInput_2items"", ""testIsExactlyOneTrue_primitive_validInput_3items""]","[""testIsOneTrue_object_emptyInput"", ""testIsOneTrue_object_nullElementInput"", ""testIsOneTrue_object_nullInput"", ""testIsOneTrue_object_validInput_2items"", ""testIsOneTrue_object_validInput_3items"", ""testIsOneTrue_primitive_emptyInput"", ""testIsOneTrue_primitive_nullInput"", ""testIsOneTrue_primitive_validInput_2items"", ""testIsOneTrue_primitive_validInput_3items""]","[""testIsOneTrue_object_emptyInput"", ""testIsOneTrue_object_nullElementInput"", ""testIsOneTrue_object_nullInput"", ""testIsOneTrue_object_validInput_2items"", ""testIsOneTrue_object_validInput_3items"", ""testIsOneTrue_primitive_emptyInput"", ""testIsOneTrue_primitive_nullInput"", ""testIsOneTrue_primitive_validInput_2items"", ""testIsOneTrue_primitive_validInput_3items""]",[],[],
gpt-5.5,106,ok,/home/lpy/workspace/misc/course/Introduction-to-Software-Testing/artifacts/sample_runs/gpt-5.5/cand106_6b4cb166081e,6b4cb166081e019b87cd2b5a273a1567d3aff545,Adding nullToEmpty methods to ArrayUtils per LANG-534 and Levon Karayan's patch.,src/test/java/org/apache/commons/lang3/ArrayUtilsTest.java,0,0,0,1.0000,0,0,0,1.0000,0,0,0,1.0000,0,0,0,1.0000,1036,1036,1.0000,"{""assertEquals"": 776, ""assertFalse"": 18, ""assertIsEquals"": 9, ""assertNotNull"": 1, ""assertNotSame"": 1, ""assertNull"": 9, ""assertSame"": 69, ""assertTrue"": 137, ""fail"": 16}","{""assertEquals"": 776, ""assertFalse"": 18, ""assertIsEquals"": 9, ""assertNotNull"": 1, ""assertNotSame"": 1, ""assertNull"": 9, ""assertSame"": 69, ""assertTrue"": 137, ""fail"": 16}",1.0000,0,0,[],[],[],[],[],[],
gpt-5.5,107,ok,/home/lpy/workspace/misc/course/Introduction-to-Software-Testing/artifacts/sample_runs/gpt-5.5/cand107_6e78b38f0555,6e78b38f055516bfef2b7b1e2b83e96a7a67f2ec,Avoid JDK-8015417 in Strings.equals(),src/test/java/org/apache/commons/lang3/StringsTest.java,6,6,6,1.0000,2,2,2,1.0000,0,0,0,1.0000,0,0,0,1.0000,15,15,1.0000,"{""assertFalse"": 6, ""assertNotNull"": 2, ""assertTrue"": 7}","{""assertFalse"": 6, ""assertNotNull"": 2, ""assertTrue"": 7}",1.0000,0,0,"[""testEqualsCharSequence"", ""testEqualsStrings""]","[""testEqualsCharSequence"", ""testEqualsStrings""]",[],[],[],[],
gpt-5.5,109,ok,/home/lpy/workspace/misc/course/Introduction-to-Software-Testing/artifacts/sample_runs/gpt-5.5/cand109_6f2c93ceeecc,6f2c93ceeecc48f4eca2c52345a7bf33329211c1,LANG-1721: Fix wrong number check that cause StringIndexOutOfBoundsException (#1140),src/test/java/org/apache/commons/lang3/math/NumberUtilsTest.java,114,114,114,1.0000,1,1,1,1.0000,0,0,0,1.0000,0,0,0,1.0000,680,680,1.0000,"{""assertCreateNumberZero"": 7, ""assertEquals"": 533, ""assertFalse"": 18, ""assertNotNull"": 2, ""assertNull"": 7, ""assertThrows"": 41, ""assertTrue"": 72}","{""assertCreateNumberZero"": 7, ""assertEquals"": 533, ""assertFalse"": 18, ""assertNotNull"": 2, ""assertNull"": 7, ""assertThrows"": 41, ""assertTrue"": 72}",1.0000,41,41,"[""testInvalidNumber""]","[""testInvalidNumber""]",[],[],[],[],
gpt-5.5,112,ok,/home/lpy/workspace/misc/course/Introduction-to-Software-Testing/artifacts/sample_runs/gpt-5.5/cand112_75bb10331c02,75bb10331c02d979561b5804d41641bf82192d2d,Fixing and adding DateUtils exception javadocs with new tests when needed (#871),src/test/java/org/apache/commons/lang3/time/DateUtilsTest.java,63,63,63,1.0000,0,0,0,1.0000,0,0,0,1.0000,15,15,15,1.0000,452,452,1.0000,"{""assertCalendarsEquals"": 5, ""assertDate"": 81, ""assertEquals"": 209, ""assertFalse"": 12, ""assertNotNull"": 1, ""assertNotSame"": 40, ""assertThrows"": 79, ""assertTrue"": 10, ""assertWeekIterator"": 15}","{""assertCalendarsEquals"": 5, ""assertDate"": 81, ""assertEquals"": 209, ""assertFalse"": 12, ""assertNotNull"": 1, ""assertNotSame"": 40, ""assertThrows"": 79, ""assertTrue"": 10, ""assertWeekIterator"": 15}",1.0000,79,79,[],[],[],[],"[""testAddDays"", ""testAddHours"", ""testAddMilliseconds"", ""testAddMinutes"", ""testAddMonths"", ""testAddSeconds"", ""testAddWeeks"", ""testAddYears"", ""testSetDays"", ""testSetHours"", ""testSetMilliseconds"", ""testSetMinutes"", ""testSetMonths"", ""testSetSeconds"", ""testSetYears""]","[""testAddDays"", ""testAddHours"", ""testAddMilliseconds"", ""testAddMinutes"", ""testAddMonths"", ""testAddSeconds"", ""testAddWeeks"", ""testAddYears"", ""testSetDays"", ""testSetHours"", ""testSetMilliseconds"", ""testSetMinutes"", ""testSetMonths"", ""testSetSeconds"", ""testSetYears""]",
gpt-5.5,113,ok,/home/lpy/workspace/misc/course/Introduction-to-Software-Testing/artifacts/sample_runs/gpt-5.5/cand113_7721302ae5d7,7721302ae5d70d2986d74ae7e7df648bf849997d,LANG-1402: refactored to return default value on negative index,src/test/java/org/apache/commons/lang3/ArrayUtilsTest.java,309,309,309,1.0000,0,0,0,1.0000,0,0,0,1.0000,1,1,1,1.0000,1806,1806,1.0000,"{""assertArrayEquals"": 57, ""assertEquals"": 1037, ""assertFalse"": 201, ""assertIsEquals"": 9, ""assertNotNull"": 2, ""assertNotSame"": 20, ""assertNull"": 82, ""assertSame"": 71, ""assertTrue"": 310, ""fail"": 17}","{""assertArrayEquals"": 57, ""assertEquals"": 1037, ""assertFalse"": 201, ""assertIsEquals"": 9, ""assertNotNull"": 2, ""assertNotSame"": 20, ""assertNull"": 82, ""assertSame"": 71, ""assertTrue"": 310, ""fail"": 17}",1.0000,2,2,[],[],[],[],"[""testGet""]","[""testGet""]",
gpt-5.5,114,ok,/home/lpy/workspace/misc/course/Introduction-to-Software-Testing/artifacts/sample_runs/gpt-5.5/cand114_78ce2d79f2b1,78ce2d79f2b1341bfc366b1fde487d960493a08a,More precise exceptions,src/test/java/org/apache/commons/lang3/event/EventListenerSupportTest.java,10,10,10,1.0000,0,0,0,1.0000,0,0,0,1.0000,1,1,1,1.0000,25,25,1.0000,"{""assertEquals"": 15, ""assertSame"": 6, ""assertThrows"": 4}","{""assertEquals"": 15, ""assertSame"": 6, ""assertThrows"": 4}",1.0000,4,4,[],[],[],[],"[""testSubclassInvocationHandling""]","[""testSubclassInvocationHandling""]",
gpt-5.5,115,ok,/home/lpy/workspace/misc/course/Introduction-to-Software-Testing/artifacts/sample_runs/gpt-5.5/cand115_78e2f4c1223d,78e2f4c1223d45db3c5f7c20bf51586fbb566948,"LANG-1059 Capitalize javadoc is incorrect Add test to show that first character is upcased, not the first (alphabetic) letter that is found",src/test/java/org/apache/commons/lang3/StringUtilsTest.java,132,132,132,1.0000,0,0,0,1.0000,0,0,0,1.0000,1,1,1,1.0000,1183,1183,1.0000,"{""assertAbbreviateWithOffset"": 21, ""assertArrayEquals"": 5, ""assertEquals"": 933, ""assertFalse"": 46, ""assertNotNull"": 2, ""assertNull"": 118, ""assertSame"": 2, ""assertTrue"": 50, ""fail"": 6}","{""assertAbbreviateWithOffset"": 21, ""assertArrayEquals"": 5, ""assertEquals"": 933, ""assertFalse"": 46, ""assertNotNull"": 2, ""assertNull"": 118, ""assertSame"": 2, ""assertTrue"": 50, ""fail"": 6}",1.0000,13,13,[],[],[],[],"[""testCapitalize""]","[""testCapitalize""]",
gpt-5.5,116,ok,/home/lpy/workspace/misc/course/Introduction-to-Software-Testing/artifacts/sample_runs/gpt-5.5/cand116_7cc1ac1c30d9,7cc1ac1c30d9ad2b285d11ed26b121e1f794e57e,ClassUtils now throws `IllegalArgumentException` when array is greater than JVM spec limit (255) (#1494),src/test/java/org/apache/commons/lang3/ClassUtilsTest.java,68,68,68,1.0000,3,3,3,1.0000,1,1,1,1.0000,0,0,0,1.0000,835,835,1.0000,"{""assertArrayEquals"": 10, ""assertEquals"": 395, ""assertFalse"": 171, ""assertGetClassReturnsClass"": 19, ""assertGetClassThrowsClassNotFound"": 10, ""assertGetClassThrowsException"": 3, ""assertGetClassThrowsNullPointerException"": 2, ""assertIllegalArgumentException"": 3, ""assertNotNull"": 1, ""assertNotSame"": 1, ""assertNull"": 18, ""assertSame"": 3, ""assertThrows"": 18, ""assertTrue"": 180, ""fail"": 1}","{""assertArrayEquals"": 10, ""assertEquals"": 395, ""assertFalse"": 171, ""assertGetClassReturnsClass"": 19, ""assertGetClassThrowsClassNotFound"": 10, ""assertGetClassThrowsException"": 3, ""assertGetClassThrowsNullPointerException"": 2, ""assertIllegalArgumentException"": 3, ""assertNotNull"": 1, ""assertNotSame"": 1, ""assertNull"": 18, ""assertSame"": 3, ""assertThrows"": 18, ""assertTrue"": 180, ""fail"": 1}",1.0000,18,18,"[""testGetClassArray"", ""testGetClassArrayIllegal"", ""testGetClassInner""]","[""testGetClassArray"", ""testGetClassArrayIllegal"", ""testGetClassInner""]","[""testGetInnerClass""]","[""testGetInnerClass""]",[],[],
gpt-5.5,117,ok,/home/lpy/workspace/misc/course/Introduction-to-Software-Testing/artifacts/sample_runs/gpt-5.5/cand117_7d061e33e59e,7d061e33e59e23dc4b03378f35f50a7d70f033b3,LANG-1370 Fix EventCountCircuitBreaker increment batch,src/test/java/org/apache/commons/lang3/concurrent/EventCountCircuitBreakerTest.java,18,18,18,1.0000,1,1,1,1.0000,0,0,0,1.0000,0,0,0,1.0000,35,35,1.0000,"{""assertArrayEquals"": 1, ""assertEquals"": 7, ""assertFalse"": 9, ""assertNotEquals"": 1, ""assertTrue"": 17}","{""assertArrayEquals"": 1, ""assertEquals"": 7, ""assertFalse"": 9, ""assertNotEquals"": 1, ""assertTrue"": 17}",1.0000,0,0,"[""testOpeningWhenThresholdReachedThroughBatch""]","[""testOpeningWhenThresholdReachedThroughBatch""]",[],[],[],[],
gpt-5.5,118,ok,/home/lpy/workspace/misc/course/Introduction-to-Software-Testing/artifacts/sample_runs/gpt-5.5/cand118_7d7e8af45032,7d7e8af45032f1f3a29a18888cd3b0ca6085a156,Better common primitives as getters,src/test/java/org/apache/commons/lang3/SystemPropertiesTest.java,46,46,46,1.0000,0,0,0,1.0000,0,0,0,1.0000,3,3,3,1.0000,60,60,1.0000,"{""assertDoesNotThrow"": 5, ""assertEquals"": 12, ""assertNotNull"": 34, ""assertNull"": 9}","{""assertDoesNotThrow"": 5, ""assertEquals"": 12, ""assertNotNull"": 34, ""assertNull"": 9}",1.0000,0,0,[],[],[],[],"[""testGetBoolean"", ""testGetInt"", ""testGetLong""]","[""testGetBoolean"", ""testGetInt"", ""testGetLong""]",
gpt-5.5,119,ok,/home/lpy/workspace/misc/course/Introduction-to-Software-Testing/artifacts/sample_runs/gpt-5.5/cand119_7db3e126dd48,7db3e126dd480698eb523e72e8dc4e5ed7e7a5c7,Add ArrayFill.clear(char[]|byte[]) (#1667),src/test/java/org/apache/commons/lang3/ArrayFillTest.java,23,23,23,1.0000,4,4,4,1.0000,0,0,0,1.0000,0,0,0,1.0000,39,39,1.0000,"{""assertArrayEquals"": 3, ""assertEquals"": 12, ""assertNull"": 1, ""assertSame"": 23}","{""assertArrayEquals"": 3, ""assertEquals"": 12, ""assertNull"": 1, ""assertSame"": 23}",1.0000,0,0,"[""testClearByteArray"", ""testClearByteArrayNull"", ""testClearCharArray"", ""testClearCharArrayNull""]","[""testClearByteArray"", ""testClearByteArrayNull"", ""testClearCharArray"", ""testClearCharArrayNull""]",[],[],[],[],
gpt-5.5,120,ok,/home/lpy/workspace/misc/course/Introduction-to-Software-Testing/artifacts/sample_runs/gpt-5.5/cand120_7e0d6dbd2a65,7e0d6dbd2a65d8b36a4c9042565d06af34d489a0,Improve container detection by mimicing systemd (#1323),src/test/java/org/apache/commons/lang3/RuntimeEnvironmentTest.java,1,1,1,1.0000,0,0,0,1.0000,0,0,0,1.0000,1,1,1,1.0000,1,1,1.0000,"{""assertEquals"": 1}","{""assertEquals"": 1}",1.0000,0,0,[],[],[],[],"[""testIsContainer""]","[""testIsContainer""]",
gpt-5.5,121,ok,/home/lpy/workspace/misc/course/Introduction-to-Software-Testing/artifacts/sample_runs/gpt-5.5/cand121_7f7d4b881d78,7f7d4b881d78dcb8d5a0149965f934df268919d7,Handle error messages with special characters.,src/test/java/org/apache/commons/lang3/ValidateTest.java,93,93,93,1.0000,1,1,1,1.0000,0,0,0,1.0000,0,0,0,1.0000,254,252,1.0079,"{""assertEquals"": 114, ""assertFalse"": 1, ""assertNotNull"": 1, ""assertSame"": 22, ""assertThrows"": 115, ""assertTrue"": 1}","{""assertEquals"": 113, ""assertFalse"": 1, ""assertNotNull"": 1, ""assertSame"": 22, ""assertThrows"": 114, ""assertTrue"": 1}",1.0000,115,114,"[""shouldThrowExceptionWithGivenMessageContainingSpecialCharacterForFalseExpression""]","[""shouldThrowExceptionWithGivenMessageContainingSpecialCharacterForFalseExpression""]",[],[],[],[],
gpt-5.5,122,ok,/home/lpy/workspace/misc/course/Introduction-to-Software-Testing/artifacts/sample_runs/gpt-5.5/cand122_7f90306f909e,7f90306f909e6dba46be275c0f492c8de353b492,[LANG-1568] More failable functional interfaces to match JRE functional interfaces.,src/test/java/org/apache/commons/lang3/FunctionsTest.java,30,104,30,0.2885,6,80,6,0.0750,5,5,5,1.0000,15,15,15,1.0000,232,232,1.0000,"{""assertEquals"": 26, ""assertFalse"": 1, ""assertNotNull"": 36, ""assertNull"": 27, ""assertSame"": 61, ""assertThrows"": 69, ""assertTrue"": 12}","{""assertEquals"": 26, ""assertFalse"": 1, ""assertNotNull"": 36, ""assertNull"": 27, ""assertSame"": 61, ""assertThrows"": 69, ""assertTrue"": 12}",1.0000,69,69,"[""testApplyDoubleBinaryOperator"", ""testBiConsumer"", ""testBiFunction"", ""testBiPredicate"", ""testFunction"", ""testPredicate""]","[""testApplyDoubleBinaryOperator"", ""testBiConsumer"", ""testBiFunction"", ""testBiPredicate"", ""testFunction"", ""testPredicate"", ""testThrows_FailableBiConsumer_Object_Throwable"", ""testThrows_FailableBiConsumer_String_IOException"", ""testThrows_FailableBiFunction_Object_Throwable"", ""testThrows_FailableBiFunction_String_IOException"", ""testThrows_FailableBiPredicate_Object_Throwable"", ""testThrows_FailableBiPredicate_String_IOException"", ""testThrows_FailableBooleanSupplier_Object_Throwable"", ""testThrows_FailableBooleanSupplier_String_IOException"", ""testThrows_FailableCallable_Object_Throwable"", ""testThrows_FailableCallable_String_IOException"", ""testThrows_FailableConsumer_Object_Throwable"", ""testThrows_FailableConsumer_String_IOException"", ""testThrows_FailableDoubleBinaryOperator_Object_Throwable"", ""testThrows_FailableDoubleBinaryOperator_String_IOException"", ""testThrows_FailableDoubleConsumer_Object_Throwable"", ""testThrows_FailableDoubleConsumer_String_IOException"", ""testThrows_FailableDoubleFunction_Object_Throwable"", ""testThrows_FailableDoubleFunction_String_IOException"", ""testThrows_FailableDoubleSupplier_Object_Throwable"", ""testThrows_FailableDoubleSupplier_String_IOException"", ""testThrows_FailableDoubleToIntFunction_Object_Throwable"", ""testThrows_FailableDoubleToIntFunction_String_IOException"", ""testThrows_FailableDoubleToLongFunction_Object_Throwable"", ""testThrows_FailableDoubleToLongFunction_String_IOException"", ""testThrows_FailableFunction_Object_Throwable"", ""testThrows_FailableFunction_String_IOException"", ""testThrows_FailableIntBinaryOperator_Object_Throwable"", ""testThrows_FailableIntBinaryOperator_String_IOException"", ""testThrows_FailableIntConsumer_Object_Throwable"", ""testThrows_FailableIntConsumer_String_IOException"", ""testThrows_FailableIntFunction_Object_Throwable"", ""testThrows_FailableIntFunction_String_IOException"", ""testThrows_FailableIntSupplier_Object_Throwable"", ""testThrows_FailableIntSupplier_String_IOException"", ""testThrows_FailableIntToDoubleFunction_Object_Throwable"", ""testThrows_FailableIntToDoubleFunction_String_IOException"", ""testThrows_FailableIntToLongFunction_Object_Throwable"", ""testThrows_FailableIntToLongFunction_String_IOException"", ""testThrows_FailableLongBinaryOperator_Object_Throwable"", ""testThrows_FailableLongBinaryOperator_String_IOException"", ""testThrows_FailableLongConsumer_Object_Throwable"", ""testThrows_FailableLongConsumer_String_IOException"", ""testThrows_FailableLongFunction_Object_Throwable"", ""testThrows_FailableLongFunction_String_IOException"", ""testThrows_FailableLongSupplier_Object_Throwable"", ""testThrows_FailableLongSupplier_String_IOException"", ""testThrows_FailableLongToDoubleFunction_Object_Throwable"", ""testThrows_FailableLongToDoubleFunction_String_IOException"", ""testThrows_FailableLongToIntFunction_Object_Throwable"", ""testThrows_FailableLongToIntFunction_String_IOException"", ""testThrows_FailableObjDoubleConsumer_Object_Throwable"", ""testThrows_FailableObjDoubleConsumer_String_IOException"", ""testThrows_FailableObjIntConsumer_Object_Throwable"", ""testThrows_FailableObjIntConsumer_String_IOException"", ""testThrows_FailableObjLongConsumer_Object_Throwable"", ""testThrows_FailableObjLongConsumer_String_IOException"", ""testThrows_FailablePredicate_Object_Throwable"", ""testThrows_FailablePredicate_String_IOException"", ""testThrows_FailableRunnable_Object_Throwable"", ""testThrows_FailableRunnable_String_IOException"", ""testThrows_FailableSupplier_Object_Throwable"", ""testThrows_FailableSupplier_String_IOException"", ""testThrows_FailableToDoubleBiFunction_Object_Throwable"", ""testThrows_FailableToDoubleBiFunction_String_IOException"", ""testThrows_FailableToDoubleFunction_Object_Throwable"", ""testThrows_FailableToDoubleFunction_String_IOException"", ""testThrows_FailableToIntBiFunction_Object_Throwable"", ""testThrows_FailableToIntBiFunction_String_IOException"", ""testThrows_FailableToIntFunction_Object_Throwable"", ""testThrows_FailableToIntFunction_String_IOException"", ""testThrows_FailableToLongBiFunction_Object_Throwable"", ""testThrows_FailableToLongBiFunction_String_IOException"", ""testThrows_FailableToLongFunction_Object_Throwable"", ""testThrows_FailableToLongFunction_String_IOException""]","[""testAsBiConsumer"", ""testAsBiFunction"", ""testAsBiPredicate"", ""testAsFunction"", ""testAsPredicate""]","[""testAsBiConsumer"", ""testAsBiFunction"", ""testAsBiPredicate"", ""testAsFunction"", ""testAsPredicate""]","[""testAcceptBiConsumer"", ""testAcceptDoubleConsumer"", ""testAcceptIntConsumer"", ""testAcceptLongConsumer"", ""testAcceptObjDoubleConsumer"", ""testAcceptObjIntConsumer"", ""testAcceptObjLongConsumer"", ""testApplyBiFunction"", ""testApplyFunction"", ""testAsConsumer"", ""testGetAsBooleanSupplier"", ""testGetAsDoubleSupplier"", ""testGetAsIntSupplier"", ""testGetAsLongSupplier"", ""testGetSupplier""]","[""testAcceptBiConsumer"", ""testAcceptDoubleConsumer"", ""testAcceptIntConsumer"", ""testAcceptLongConsumer"", ""testAcceptObjDoubleConsumer"", ""testAcceptObjIntConsumer"", ""testAcceptObjLongConsumer"", ""testApplyBiFunction"", ""testApplyFunction"", ""testAsConsumer"", ""testGetAsBooleanSupplier"", ""testGetAsDoubleSupplier"", ""testGetAsIntSupplier"", ""testGetAsLongSupplier"", ""testGetSupplier""]",
gpt-5.5,123,ok,/home/lpy/workspace/misc/course/Introduction-to-Software-Testing/artifacts/sample_runs/gpt-5.5/cand123_8089a0c2d320,8089a0c2d3207ed26531f877352336baf1c6c5bb,"[LANG-1806] NumberUtils.isParsable(""1.f"") should return true (#1560)",src/test/java/org/apache/commons/lang3/math/NumberUtilsTest.java,125,125,125,1.0000,5,5,5,1.0000,1,1,1,1.0000,2,2,2,1.0000,735,735,1.0000,"{""assertCreateNumberZero"": 7, ""assertEquals"": 551, ""assertFalse"": 25, ""assertIllegalArgumentException"": 12, ""assertInstanceOf"": 41, ""assertNotNull"": 5, ""assertNull"": 7, ""assertNullPointerException"": 12, ""assertThrows"": 18, ""assertTrue"": 57}","{""assertCreateNumberZero"": 7, ""assertEquals"": 551, ""assertFalse"": 25, ""assertIllegalArgumentException"": 12, ""assertInstanceOf"": 41, ""assertNotNull"": 5, ""assertNull"": 7, ""assertNullPointerException"": 12, ""assertThrows"": 18, ""assertTrue"": 57}",1.0000,18,18,"[""testIsParsableDoubleTrue"", ""testIsParsableFalse"", ""testIsParsableFloatTrue"", ""testIsParsableNull"", ""testIsParsableTrue""]","[""testIsParsableDoubleTrue"", ""testIsParsableFalse"", ""testIsParsableFloatTrue"", ""testIsParsableNull"", ""testIsParsableTrue""]","[""testIsParsable""]","[""testIsParsable""]","[""testLang1729IsParsableDouble"", ""testLang1729IsParsableFloat""]","[""testLang1729IsParsableDouble"", ""testLang1729IsParsableFloat""]",
gpt-5.5,124,ok,/home/lpy/workspace/misc/course/Introduction-to-Software-Testing/artifacts/sample_runs/gpt-5.5/cand124_809e2bed22f0,809e2bed22f02264e0ac58bba070f6d84386cfc5,[LANG-1275] Added a tryAcquire() method to TimedSemaphore.,src/test/java/org/apache/commons/lang3/concurrent/TimedSemaphoreTest.java,17,17,17,1.0000,2,2,2,1.0000,0,0,0,1.0000,0,0,0,1.0000,27,27,1.0000,"{""assertEquals"": 16, ""assertFalse"": 4, ""assertNotNull"": 1, ""assertTrue"": 5, ""fail"": 1}","{""assertEquals"": 16, ""assertFalse"": 4, ""assertNotNull"": 1, ""assertTrue"": 5, ""fail"": 1}",1.0000,3,3,"[""testTryAcquire"", ""testTryAcquireAfterShutdown""]","[""testTryAcquire"", ""testTryAcquireAfterShutdown""]",[],[],[],[],
gpt-5.5,125,ok,/home/lpy/workspace/misc/course/Introduction-to-Software-Testing/artifacts/sample_runs/gpt-5.5/cand125_8252b04a4572,8252b04a45722648ce2225853de9882b3b0de034,[LANG-613] ConstructorUtils.getAccessibleConstructor() Does Not Check the Accessibility of Enclosing Classes,src/test/java/org/apache/commons/lang3/reflect/ConstructorUtilsTest.java,7,7,7,1.0000,0,0,0,1.0000,0,0,0,1.0000,1,1,1,1.0000,26,26,1.0000,"{""assertEquals"": 16, ""assertNotNull"": 3, ""assertNull"": 3, ""assertTrue"": 1, ""fail"": 3}","{""assertEquals"": 16, ""assertNotNull"": 3, ""assertNull"": 3, ""assertTrue"": 1, ""fail"": 3}",1.0000,0,0,[],[],[],[],"[""testGetAccessibleConstructor""]","[""testGetAccessibleConstructor""]",
gpt-5.5,126,ok,/home/lpy/workspace/misc/course/Introduction-to-Software-Testing/artifacts/sample_runs/gpt-5.5/cand126_83dd32b901de,83dd32b901dea25a571adcd6a976464c8a36601c,Adding Streams.toArray,src/test/java/org/apache/commons/lang3/StreamsTest.java,7,7,7,1.0000,1,1,1,1.0000,0,0,0,1.0000,0,0,0,1.0000,28,28,1.0000,"{""assertEquals"": 11, ""assertEvenNumbers"": 3, ""assertNotNull"": 1, ""assertSame"": 6, ""fail"": 7}","{""assertEquals"": 11, ""assertEvenNumbers"": 3, ""assertNotNull"": 1, ""assertSame"": 6, ""fail"": 7}",1.0000,0,0,"[""testToArray""]","[""testToArray""]",[],[],[],[],
gpt-5.5,127,ok,/home/lpy/workspace/misc/course/Introduction-to-Software-Testing/artifacts/sample_runs/gpt-5.5/cand127_85959a457076,85959a457076b740380c4d6f3d83098edd17a9e7,Syntax for optional tokens in DurationFormatUtils (#1062),src/test/java/org/apache/commons/lang3/time/DurationFormatUtilsTest.java,32,32,32,1.0000,7,7,7,1.0000,0,0,0,1.0000,1,1,1,1.0000,217,217,1.0000,"{""assertArrayEquals"": 3, ""assertEqualDuration"": 38, ""assertEquals"": 159, ""assertFalse"": 1, ""assertNotEquals"": 3, ""assertNotNull"": 1, ""assertThrows"": 10, ""assertTrue"": 2}","{""assertArrayEquals"": 3, ""assertEqualDuration"": 38, ""assertEquals"": 159, ""assertFalse"": 1, ""assertNotEquals"": 3, ""assertNotNull"": 1, ""assertThrows"": 10, ""assertTrue"": 2}",1.0000,10,10,"[""testAlternatingLiteralOptionals"", ""testEmptyOptionals"", ""testLiteralPrefixOptionalToken"", ""testMultipleOptionalBlocks"", ""testOptionalLiteralSpecialCharacters"", ""testOptionalToken"", ""testUnmatchedOptionalTokens""]","[""testAlternatingLiteralOptionals"", ""testEmptyOptionals"", ""testLiteralPrefixOptionalToken"", ""testMultipleOptionalBlocks"", ""testOptionalLiteralSpecialCharacters"", ""testOptionalToken"", ""testUnmatchedOptionalTokens""]",[],[],"[""testLexx""]","[""testLexx""]",
gpt-5.5,129,ok,/home/lpy/workspace/misc/course/Introduction-to-Software-Testing/artifacts/sample_runs/gpt-5.5/cand129_8d6bc0ca625f,8d6bc0ca625f3a1a98b486541fa613b2fac4b41c,LANG-1018: Fix precision loss on NumberUtils.createNumber(String) (closes #156),src/test/java/org/apache/commons/lang3/math/NumberUtilsTest.java,95,95,95,1.0000,0,0,0,1.0000,0,0,0,1.0000,1,1,1,1.0000,518,518,1.0000,"{""assertEquals"": 205, ""assertFalse"": 18, ""assertNotNull"": 2, ""assertTrue"": 284, ""fail"": 9}","{""assertEquals"": 205, ""assertFalse"": 18, ""assertNotNull"": 2, ""assertTrue"": 284, ""fail"": 9}",1.0000,32,32,[],[],[],[],"[""testCreateNumber""]","[""testCreateNumber""]",
gpt-5.5,130,ok,/home/lpy/workspace/misc/course/Introduction-to-Software-Testing/artifacts/sample_runs/gpt-5.5/cand130_8d95ae41975a,8d95ae41975a2307501aa0f4a7eba296c59edce9,LANG-1258: Add ArrayUtils#toStringArray(Object[]) method,src/test/java/org/apache/commons/lang3/ArrayUtilsTest.java,257,257,257,1.0000,1,1,1,1.0000,0,0,0,1.0000,0,0,0,1.0000,1607,1607,1.0000,"{""assertArrayEquals"": 54, ""assertEquals"": 973, ""assertFalse"": 171, ""assertIsEquals"": 9, ""assertNotNull"": 1, ""assertNotSame"": 20, ""assertNull"": 11, ""assertSame"": 71, ""assertTrue"": 281, ""fail"": 16}","{""assertArrayEquals"": 54, ""assertEquals"": 973, ""assertFalse"": 171, ""assertIsEquals"": 9, ""assertNotNull"": 1, ""assertNotSame"": 20, ""assertNull"": 11, ""assertSame"": 71, ""assertTrue"": 281, ""fail"": 16}",1.0000,2,2,"[""testToStringArray""]","[""testToStringArray""]",[],[],[],[],
gpt-5.5,132,ok,/home/lpy/workspace/misc/course/Introduction-to-Software-Testing/artifacts/sample_runs/gpt-5.5/cand132_8f675dd3cbfb,8f675dd3cbfb8f552bdbbe1cfc646ba5b367983b,[LANG-587] avoid NPE in ClassUtils.toClass(Object[]),src/test/java/org/apache/commons/lang3/ClassUtilsTest.java,0,0,0,1.0000,0,0,0,1.0000,0,0,0,1.0000,0,0,0,1.0000,525,525,1.0000,"{""assertEquals"": 215, ""assertFalse"": 148, ""assertGetClassReturnsClass"": 19, ""assertGetClassThrowsClassNotFound"": 10, ""assertGetClassThrowsException"": 3, ""assertGetClassThrowsNullPointerException"": 2, ""assertNotNull"": 1, ""assertNotSame"": 1, ""assertNull"": 6, ""assertSame"": 1, ""assertTrue"": 114, ""fail"": 5}","{""assertEquals"": 215, ""assertFalse"": 148, ""assertGetClassReturnsClass"": 19, ""assertGetClassThrowsClassNotFound"": 10, ""assertGetClassThrowsException"": 3, ""assertGetClassThrowsNullPointerException"": 2, ""assertNotNull"": 1, ""assertNotSame"": 1, ""assertNull"": 6, ""assertSame"": 1, ""assertTrue"": 114, ""fail"": 5}",1.0000,0,0,[],[],[],[],[],[],
gpt-5.5,133,ok,/home/lpy/workspace/misc/course/Introduction-to-Software-Testing/artifacts/sample_runs/gpt-5.5/cand133_8f8cc04e6550,8f8cc04e65506fbe79bbc5efa6f7d44d65f0dbf1,[LANG-1700] Improve handling of parameterized types and variable unrolling (#1549),src/test/java/org/apache/commons/lang3/reflect/TypeUtilsTest.java,53,53,53,1.0000,1,1,1,1.0000,0,0,0,1.0000,0,0,0,1.0000,383,383,1.0000,"{""assertArrayEquals"": 4, ""assertEquals"": 81, ""assertFalse"": 111, ""assertIllegalArgumentException"": 1, ""assertNotEquals"": 5, ""assertNotNull"": 2, ""assertNull"": 20, ""assertNullPointerException"": 13, ""assertTrue"": 146}","{""assertArrayEquals"": 4, ""assertEquals"": 81, ""assertFalse"": 111, ""assertIllegalArgumentException"": 1, ""assertNotEquals"": 5, ""assertNotNull"": 2, ""assertNull"": 20, ""assertNullPointerException"": 13, ""assertTrue"": 146}",1.0000,0,0,"[""test_LANG_1700""]","[""test_LANG_1700""]",[],[],[],[],
gpt-5.5,135,ok,/home/lpy/workspace/misc/course/Introduction-to-Software-Testing/artifacts/sample_runs/gpt-5.5/cand135_929df5d5c00a,929df5d5c00a92ce540ff087ead4a6adc7bab366,Conversion.hexTo*() methods now throw IllegalArgumentException instead of StringIndexOutOfBoundsException,src/test/java/org/apache/commons/lang3/ConversionTest.java,44,44,44,1.0000,0,0,0,1.0000,0,0,0,1.0000,4,4,4,1.0000,577,577,1.0000,"{""assertArrayEquals"": 209, ""assertEquals"": 350, ""assertIllegalArgumentException"": 9, ""assertIndexOutOfBoundsException"": 1, ""assertThrows"": 8}","{""assertArrayEquals"": 209, ""assertEquals"": 350, ""assertIllegalArgumentException"": 9, ""assertIndexOutOfBoundsException"": 1, ""assertThrows"": 8}",1.0000,8,8,[],[],[],[],"[""testHexToByte"", ""testHexToInt"", ""testHexToLong"", ""testHexToShort""]","[""testHexToByte"", ""testHexToInt"", ""testHexToLong"", ""testHexToShort""]",
gpt-5.5,136,ok,/home/lpy/workspace/misc/course/Introduction-to-Software-Testing/artifacts/sample_runs/gpt-5.5/cand136_92d6be66ff13,92d6be66ff13ff452a06f8e2b7d4cc4b056e74dd,Whitespace and lambda clean ups.,src/test/java/org/apache/commons/lang3/concurrent/locks/LockingVisitorsTest.java,5,5,5,1.0000,0,0,0,1.0000,0,0,0,1.0000,1,1,1,1.0000,9,9,1.0000,"{""assertNotNull"": 2, ""assertNotSame"": 2, ""assertTrue"": 5}","{""assertNotNull"": 2, ""assertNotSame"": 2, ""assertTrue"": 5}",1.0000,0,0,[],[],[],[],"[""testResultValidation""]","[""testResultValidation""]",
gpt-5.5,137,ok,/home/lpy/workspace/misc/course/Introduction-to-Software-Testing/artifacts/sample_runs/gpt-5.5/cand137_9379d0d36acd,9379d0d36acdf78455e81518b3b1476c7691f056,LANG-1402: added get methods to ArrayUtils,src/test/java/org/apache/commons/lang3/ArrayUtilsTest.java,308,308,308,1.0000,1,1,1,1.0000,0,0,0,1.0000,0,0,0,1.0000,1802,1802,1.0000,"{""assertArrayEquals"": 57, ""assertEquals"": 1037, ""assertFalse"": 198, ""assertIsEquals"": 9, ""assertNotNull"": 2, ""assertNotSame"": 20, ""assertNull"": 82, ""assertSame"": 71, ""assertTrue"": 309, ""fail"": 17}","{""assertArrayEquals"": 57, ""assertEquals"": 1037, ""assertFalse"": 198, ""assertIsEquals"": 9, ""assertNotNull"": 2, ""assertNotSame"": 20, ""assertNull"": 82, ""assertSame"": 71, ""assertTrue"": 309, ""fail"": 17}",1.0000,2,2,"[""testGet""]","[""testGet""]",[],[],[],[],
gpt-5.5,138,ok,/home/lpy/workspace/misc/course/Introduction-to-Software-Testing/artifacts/sample_runs/gpt-5.5/cand138_96235eaae06c,96235eaae06c8b74ac24dc5814b4f4c6b6541ead,"Applying Alexander Muthmann's patch from LANG-848, adding isBlank/isEmpty CharSequence... variants",src/test/java/org/apache/commons/lang3/StringUtilsTest.java,108,108,108,1.0000,8,8,8,1.0000,0,0,0,1.0000,0,0,0,1.0000,1098,1098,1.0000,"{""assertAbbreviateWithOffset"": 21, ""assertArrayEquals"": 13, ""assertEquals"": 942, ""assertFalse"": 34, ""assertNotNull"": 2, ""assertNull"": 25, ""assertSame"": 2, ""assertTrue"": 48, ""fail"": 11}","{""assertAbbreviateWithOffset"": 21, ""assertArrayEquals"": 13, ""assertEquals"": 942, ""assertFalse"": 34, ""assertNotNull"": 2, ""assertNull"": 25, ""assertSame"": 2, ""assertTrue"": 48, ""fail"": 11}",1.0000,0,0,"[""testisAnyBlank"", ""testisAnyEmpty"", ""testisBlank"", ""testisEmpty"", ""testisNoneBlank"", ""testisNoneEmpty"", ""testisNotBlank"", ""testisNotEmpty""]","[""testisAnyBlank"", ""testisAnyEmpty"", ""testisBlank"", ""testisEmpty"", ""testisNoneBlank"", ""testisNoneEmpty"", ""testisNotBlank"", ""testisNotEmpty""]",[],[],[],[],
gpt-5.5,140,ok,/home/lpy/workspace/misc/course/Introduction-to-Software-Testing/artifacts/sample_runs/gpt-5.5/cand140_972aa7b29a7c,972aa7b29a7cb7306b9e0737bac86fa42d6218ac,fix: default ttl in recursive replacement (#1297),src/test/java/org/apache/commons/lang3/StringUtilsTest.java,159,159,159,1.0000,0,0,0,1.0000,0,0,0,1.0000,1,1,1,1.0000,1608,1608,1.0000,"{""assertAbbreviateWithAbbrevMarkerAndOffset"": 21, ""assertAbbreviateWithOffset"": 20, ""assertArrayEquals"": 12, ""assertEquals"": 1239, ""assertFalse"": 31, ""assertNotEquals"": 2, ""assertNotNull"": 2, ""assertNull"": 192, ""assertSame"": 7, ""assertThat"": 2, ""assertThrows"": 50, ""assertTrue"": 30}","{""assertAbbreviateWithAbbrevMarkerAndOffset"": 21, ""assertAbbreviateWithOffset"": 20, ""assertArrayEquals"": 12, ""assertEquals"": 1239, ""assertFalse"": 31, ""assertNotEquals"": 2, ""assertNotNull"": 2, ""assertNull"": 192, ""assertSame"": 7, ""assertThat"": 2, ""assertThrows"": 50, ""assertTrue"": 30}",1.0000,50,50,[],[],[],[],"[""testReplace_StringStringArrayStringArrayBoolean""]","[""testReplace_StringStringArrayStringArrayBoolean""]",
gpt-5.5,141,ok,/home/lpy/workspace/misc/course/Introduction-to-Software-Testing/artifacts/sample_runs/gpt-5.5/cand141_9828dc73d4f2,9828dc73d4f2dbdd03a7a36f5264e5b265673e52,LANG-1695: Allow trailing decimal point in NumberUtils.isParsable (#1531),src/test/java/org/apache/commons/lang3/math/NumberUtilsTest.java,121,121,121,1.0000,0,0,0,1.0000,0,0,0,1.0000,1,1,1,1.0000,744,744,1.0000,"{""assertCreateNumberZero"": 7, ""assertEquals"": 551, ""assertFalse"": 33, ""assertIllegalArgumentException"": 12, ""assertInstanceOf"": 41, ""assertNotNull"": 5, ""assertNull"": 7, ""assertNullPointerException"": 12, ""assertThrows"": 18, ""assertTrue"": 58}","{""assertCreateNumberZero"": 7, ""assertEquals"": 551, ""assertFalse"": 33, ""assertIllegalArgumentException"": 12, ""assertInstanceOf"": 41, ""assertNotNull"": 5, ""assertNull"": 7, ""assertNullPointerException"": 12, ""assertThrows"": 18, ""assertTrue"": 58}",1.0000,18,18,[],[],[],[],"[""testIsParsable""]","[""testIsParsable""]",
gpt-5.5,142,ok,/home/lpy/workspace/misc/course/Introduction-to-Software-Testing/artifacts/sample_runs/gpt-5.5/cand142_9b3257e4d1a6,9b3257e4d1a63e0a4d971a331eaf7b9a08d98040,LANG-1307: Added getDigits method to StringUtils (closes #225),src/test/java/org/apache/commons/lang3/StringUtilsTest.java,143,143,143,1.0000,1,1,1,1.0000,0,0,0,1.0000,0,0,0,1.0000,1503,1503,1.0000,"{""assertAbbreviateWithAbbrevMarkerAndOffset"": 21, ""assertAbbreviateWithOffset"": 21, ""assertArrayEquals"": 8, ""assertEquals"": 1195, ""assertFalse"": 20, ""assertNotNull"": 2, ""assertNull"": 150, ""assertSame"": 3, ""assertTrue"": 47, ""fail"": 36}","{""assertAbbreviateWithAbbrevMarkerAndOffset"": 21, ""assertAbbreviateWithOffset"": 21, ""assertArrayEquals"": 8, ""assertEquals"": 1195, ""assertFalse"": 20, ""assertNotNull"": 2, ""assertNull"": 150, ""assertSame"": 3, ""assertTrue"": 47, ""fail"": 36}",1.0000,13,13,"[""testGetDigits""]","[""testGetDigits""]",[],[],[],[],
gpt-5.5,143,ok,/home/lpy/workspace/misc/course/Introduction-to-Software-Testing/artifacts/sample_runs/gpt-5.5/cand143_9c0379850b86,9c0379850b869e3a02320f9a5149eaad2c4cb76b,Convert defaultIfEmpty from String to CharSequence.,src/test/java/org/apache/commons/lang3/StringUtilsTest.java,0,0,0,1.0000,0,0,0,1.0000,0,0,0,1.0000,0,0,0,1.0000,847,847,1.0000,"{""assertAbbreviateWithOffset"": 21, ""assertEquals"": 762, ""assertFalse"": 13, ""assertNotNull"": 2, ""assertNull"": 21, ""assertSame"": 2, ""assertTrue"": 20, ""fail"": 6}","{""assertAbbreviateWithOffset"": 21, ""assertEquals"": 762, ""assertFalse"": 13, ""assertNotNull"": 2, ""assertNull"": 21, ""assertSame"": 2, ""assertTrue"": 20, ""fail"": 6}",1.0000,0,0,[],[],[],[],[],[],
gpt-5.5,144,ok,/home/lpy/workspace/misc/course/Introduction-to-Software-Testing/artifacts/sample_runs/gpt-5.5/cand144_9c506279188a,9c506279188a90dbbe124386cc52016682d17b5c,LANG-1134: New methods for lang3.Validate (closes #190),src/test/java/org/apache/commons/lang3/ValidateTest.java,97,97,97,1.0000,0,0,0,1.0000,0,0,0,1.0000,10,10,10,1.0000,339,339,1.0000,"{""assertEquals"": 157, ""assertFalse"": 1, ""assertNotNull"": 1, ""assertSame"": 22, ""assertTrue"": 2, ""fail"": 156}","{""assertEquals"": 157, ""assertFalse"": 1, ""assertNotNull"": 1, ""assertSame"": 22, ""assertTrue"": 2, ""fail"": 156}",1.0000,0,0,[],[],[],[],"[""testDifferentObject1"", ""testDifferentObject2"", ""testGreaterObject1"", ""testGreaterObject2"", ""testGreaterOrEqualObject1"", ""testGreaterOrEqualObject2"", ""testSmallerObject1"", ""testSmallerObject2"", ""testSmallerOrEqualObject1"", ""testSmallerOrEqualObject2""]","[""testDifferentObject1"", ""testDifferentObject2"", ""testGreaterObject1"", ""testGreaterObject2"", ""testGreaterOrEqualObject1"", ""testGreaterOrEqualObject2"", ""testSmallerObject1"", ""testSmallerObject2"", ""testSmallerOrEqualObject1"", ""testSmallerOrEqualObject2""]",
gpt-5.5,145,ok,/home/lpy/workspace/misc/course/Introduction-to-Software-Testing/artifacts/sample_runs/gpt-5.5/cand145_9d5ad944277b,9d5ad944277b0e6f4003953fc33710cae9d95d0b,Add fill method for boolean arrays in ArrayFill utility class (#1386),src/test/java/org/apache/commons/lang3/ArrayFillTest.java,19,19,19,1.0000,2,2,2,1.0000,0,0,0,1.0000,0,0,0,1.0000,33,33,1.0000,"{""assertArrayEquals"": 3, ""assertEquals"": 10, ""assertNull"": 1, ""assertSame"": 19}","{""assertArrayEquals"": 3, ""assertEquals"": 10, ""assertNull"": 1, ""assertSame"": 19}",1.0000,0,0,"[""testFillBooleanArray"", ""testFillBooleanArrayNull""]","[""testFillBooleanArray"", ""testFillBooleanArrayNull""]",[],[],[],[],
gpt-5.5,146,ok,/home/lpy/workspace/misc/course/Introduction-to-Software-Testing/artifacts/sample_runs/gpt-5.5/cand146_9feaf9d7ffe3,9feaf9d7ffe3f4438ccdace378f49f1d4dadd418,LANG-1485 : Add getters for lhs and rhs objects in DiffResult (#451),src/test/java/org/apache/commons/lang3/builder/DiffResultTest.java,10,10,10,1.0000,1,1,1,1.0000,0,0,0,1.0000,0,0,0,1.0000,15,15,1.0000,"{""assertEquals"": 10, ""assertThrows"": 4, ""assertTrue"": 1}","{""assertEquals"": 10, ""assertThrows"": 4, ""assertTrue"": 1}",1.0000,4,4,"[""testLeftAndRightGetters""]","[""testLeftAndRightGetters""]",[],[],[],[],
gpt-5.5,147,ok,/home/lpy/workspace/misc/course/Introduction-to-Software-Testing/artifacts/sample_runs/gpt-5.5/cand147_a32c188c32fd,a32c188c32fd0c4a8149bcda524d704dd609da6e,Code refactor to simplify Functions and new tests (#463),src/test/java/org/apache/commons/lang3/FunctionsTest.java,17,17,17,1.0000,2,2,2,1.0000,0,0,0,1.0000,1,1,1,1.0000,110,110,1.0000,"{""assertEquals"": 12, ""assertNotNull"": 24, ""assertSame"": 27, ""assertThrows"": 35, ""assertTrue"": 12}","{""assertEquals"": 12, ""assertNotNull"": 24, ""assertSame"": 27, ""assertThrows"": 35, ""assertTrue"": 12}",1.0000,35,35,"[""testAsBiPredicate"", ""testAsPredicate""]","[""testAsBiPredicate"", ""testAsPredicate""]",[],[],"[""testAsSupplier""]","[""testAsSupplier""]",
gpt-5.5,148,ok,/home/lpy/workspace/misc/course/Introduction-to-Software-Testing/artifacts/sample_runs/gpt-5.5/cand148_a3995141bf1b,a3995141bf1b8a478e86fdbecc95f2b98f892647,swap and shift for arrays,src/test/java/org/apache/commons/lang3/ArrayUtilsTest.java,209,265,209,0.7887,0,56,0,0.0000,0,0,0,1.0000,0,0,0,1.0000,1206,1552,0.7771,"{""assertArrayEquals"": 43, ""assertEquals"": 586, ""assertFalse"": 171, ""assertIsEquals"": 9, ""assertNotNull"": 1, ""assertNotSame"": 20, ""assertNull"": 9, ""assertSame"": 71, ""assertTrue"": 280, ""fail"": 16}","{""assertArrayEquals"": 43, ""assertEquals"": 932, ""assertFalse"": 171, ""assertIsEquals"": 9, ""assertNotNull"": 1, ""assertNotSame"": 20, ""assertNull"": 9, ""assertSame"": 71, ""assertTrue"": 280, ""fail"": 16}",1.0000,2,14,[],"[""testShiftAllByte"", ""testShiftAllChar"", ""testShiftAllDouble"", ""testShiftAllFloat"", ""testShiftAllInt"", ""testShiftAllLong"", ""testShiftAllObject"", ""testShiftAllShort"", ""testShiftByte"", ""testShiftChar"", ""testShiftDouble"", ""testShiftFloat"", ""testShiftInt"", ""testShiftLong"", ""testShiftObject"", ""testShiftRangeByte"", ""testShiftRangeChar"", ""testShiftRangeDouble"", ""testShiftRangeFloat"", ""testShiftRangeInt"", ""testShiftRangeLong"", ""testShiftRangeNoElemByte"", ""testShiftRangeNoElemChar"", ""testShiftRangeNoElemDouble"", ""testShiftRangeNoElemFloat"", ""testShiftRangeNoElemInt"", ""testShiftRangeNoElemLong"", ""testShiftRangeNoElemObject"", ""testShiftRangeNoElemShort"", ""testShiftRangeObject"", ""testShiftRangeShort"", ""testShiftShort"", ""testSwapChar"", ""testSwapCharOutOfRange"", ""testSwapCharOutOfRangeLen"", ""testSwapCharRange"", ""testSwapDouble"", ""testSwapDoubleOutOfRange"", ""testSwapDoubleOutOfRangeLen"", ""testSwapDoubleRange"", ""testSwapFloat"", ""testSwapFloatOutOfRange"", ""testSwapFloatOutOfRangeLen"", ""testSwapFloatRange"", ""testSwapInt"", ""testSwapIntOutOfRange"", ""testSwapIntOutOfRangeLen"", ""testSwapIntRange"", ""testSwapLong"", ""testSwapLongOutOfRange"", ""testSwapLongOutOfRangeLen"", ""testSwapLongRange"", ""testSwapObject"", ""testSwapObjectOutOfRange"", ""testSwapObjectOutOfRangeLen"", ""testSwapObjectRange""]",[],[],[],[],
gpt-5.5,149,ok,/home/lpy/workspace/misc/course/Introduction-to-Software-Testing/artifacts/sample_runs/gpt-5.5/cand149_a48071b0d489,a48071b0d489420bfdc0c2ed7254d1dba243f700,Added new addListener() method that takes a boolean for if duplicates are allowed. Added test method to make sure that duplicate listeners are not added.,src/test/java/org/apache/commons/lang3/event/EventListenerSupportTest.java,10,10,10,1.0000,1,1,1,1.0000,0,0,0,1.0000,0,0,0,1.0000,21,21,1.0000,"{""assertEquals"": 15, ""assertSame"": 6}","{""assertEquals"": 15, ""assertSame"": 6}",1.0000,4,4,"[""testAddListenerNoDuplicates""]","[""testAddListenerNoDuplicates""]",[],[],[],[],
gpt-5.5,150,ok,/home/lpy/workspace/misc/course/Introduction-to-Software-Testing/artifacts/sample_runs/gpt-5.5/cand150_a9a0dd8a72c5,a9a0dd8a72c51b14f0e5ea4bddfbf228685ff977,LANG-771 Fix DateUtils.ceiling increment on exact boundary (#1609),src/test/java/org/apache/commons/lang3/time/DateUtilsTest.java,74,74,74,1.0000,0,0,0,1.0000,0,0,0,1.0000,1,1,1,1.0000,470,470,1.0000,"{""assertCalendarsEquals"": 5, ""assertDate"": 81, ""assertEquals"": 221, ""assertFalse"": 12, ""assertIllegalArgumentException"": 15, ""assertNotNull"": 1, ""assertNotSame"": 40, ""assertNullPointerException"": 48, ""assertThrows"": 18, ""assertTrue"": 14, ""assertWeekIterator"": 15}","{""assertCalendarsEquals"": 5, ""assertDate"": 81, ""assertEquals"": 221, ""assertFalse"": 12, ""assertIllegalArgumentException"": 15, ""assertNotNull"": 1, ""assertNotSame"": 40, ""assertNullPointerException"": 48, ""assertThrows"": 18, ""assertTrue"": 14, ""assertWeekIterator"": 15}",1.0000,18,18,[],[],[],[],"[""testCeiling""]","[""testCeiling""]",
gpt-5.5,151,ok,/home/lpy/workspace/misc/course/Introduction-to-Software-Testing/artifacts/sample_runs/gpt-5.5/cand151_a9ae686ec85e,a9ae686ec85e4fc326f56a23de8cd0481f7d9c89,[LANG-920] Add ArrayUtils#nullToEmpty(Class<?>[]),src/test/java/org/apache/commons/lang3/ArrayUtilsTest.java,147,147,147,1.0000,1,1,1,1.0000,0,0,0,1.0000,0,0,0,1.0000,1045,1045,1.0000,"{""assertArrayEquals"": 43, ""assertEquals"": 481, ""assertFalse"": 153, ""assertIsEquals"": 9, ""assertNotNull"": 1, ""assertNotSame"": 1, ""assertNull"": 9, ""assertSame"": 69, ""assertTrue"": 263, ""fail"": 16}","{""assertArrayEquals"": 43, ""assertEquals"": 481, ""assertFalse"": 153, ""assertIsEquals"": 9, ""assertNotNull"": 1, ""assertNotSame"": 1, ""assertNull"": 9, ""assertSame"": 69, ""assertTrue"": 263, ""fail"": 16}",1.0000,0,0,"[""testNullToEmptyClass""]","[""testNullToEmptyClass""]",[],[],[],[],
gpt-5.5,152,ok,/home/lpy/workspace/misc/course/Introduction-to-Software-Testing/artifacts/sample_runs/gpt-5.5/cand152_aa47951bd022,aa47951bd0223d674d2b85d06ccc6f7f1749a682,fix: Make stopInstant be in sync with stopTimeNanos for split (#1610),src/test/java/org/apache/commons/lang3/time/StopWatchTest.java,30,30,30,1.0000,2,2,2,1.0000,0,0,0,1.0000,0,0,0,1.0000,135,135,1.0000,"{""assertEquals"": 41, ""assertFalse"": 9, ""assertNotEquals"": 1, ""assertNotNull"": 4, ""assertNull"": 1, ""assertThrows"": 18, ""assertTrue"": 61}","{""assertEquals"": 41, ""assertFalse"": 9, ""assertNotEquals"": 1, ""assertNotNull"": 4, ""assertNull"": 1, ""assertThrows"": 18, ""assertTrue"": 61}",1.0000,18,18,"[""testSplitGetStopInstant"", ""testSplitWithLabelGetStopInstant""]","[""testSplitGetStopInstant"", ""testSplitWithLabelGetStopInstant""]",[],[],[],[],
gpt-5.5,153,ok,/home/lpy/workspace/misc/course/Introduction-to-Software-Testing/artifacts/sample_runs/gpt-5.5/cand153_ad433ecc1684,ad433ecc1684683e3eba11dc198cc0d853299410,Make internal API null-safe and Javadoc.,src/test/java/org/apache/commons/lang3/CharSequenceUtilsTest.java,7,7,7,1.0000,0,0,0,1.0000,0,0,0,1.0000,1,1,1,1.0000,21,21,1.0000,"{""assertArrayEquals"": 3, ""assertEquals"": 8, ""assertFalse"": 1, ""assertNotNull"": 1, ""assertNull"": 3, ""assertThrows"": 3, ""assertTrue"": 2}","{""assertArrayEquals"": 3, ""assertEquals"": 8, ""assertFalse"": 1, ""assertNotNull"": 1, ""assertNull"": 3, ""assertThrows"": 3, ""assertTrue"": 2}",1.0000,3,3,[],[],[],[],"[""testToCharArray""]","[""testToCharArray""]",
gpt-5.5,155,ok,/home/lpy/workspace/misc/course/Introduction-to-Software-Testing/artifacts/sample_runs/gpt-5.5/cand155_b11591895eed,b11591895eed00e9f6e0bcb19178dedbaab4a971,FormattableUtils.append re-parses literal output as format string (#1661),src/test/java/org/apache/commons/lang3/text/FormattableUtilsTest.java,7,7,7,1.0000,2,2,2,1.0000,0,0,0,1.0000,0,0,0,1.0000,63,63,1.0000,"{""assertEquals"": 62, ""assertIllegalArgumentException"": 1}","{""assertEquals"": 62, ""assertIllegalArgumentException"": 1}",1.0000,0,0,"[""testPercentLiteral"", ""testPercentLiteralX2""]","[""testPercentLiteral"", ""testPercentLiteralX2""]",[],[],[],[],
gpt-5.5,156,ok,/home/lpy/workspace/misc/course/Introduction-to-Software-Testing/artifacts/sample_runs/gpt-5.5/cand156_b1762bd557c3,b1762bd557c3d7605490e026bdf31096d83b4dde,LANG-1183 Making replacePattern/removePattern methods null safe in StringUtils,src/test/java/org/apache/commons/lang3/StringUtilsTest.java,134,134,134,1.0000,0,0,0,1.0000,0,0,0,1.0000,2,2,2,1.0000,1231,1231,1.0000,"{""assertAbbreviateWithOffset"": 21, ""assertArrayEquals"": 5, ""assertEquals"": 975, ""assertFalse"": 46, ""assertNotNull"": 2, ""assertNull"": 122, ""assertSame"": 2, ""assertTrue"": 50, ""fail"": 8}","{""assertAbbreviateWithOffset"": 21, ""assertArrayEquals"": 5, ""assertEquals"": 975, ""assertFalse"": 46, ""assertNotNull"": 2, ""assertNull"": 122, ""assertSame"": 2, ""assertTrue"": 50, ""fail"": 8}",1.0000,13,13,[],[],[],[],"[""testRemovePattern"", ""testReplacePattern""]","[""testRemovePattern"", ""testReplacePattern""]",
gpt-5.5,157,ok,/home/lpy/workspace/misc/course/Introduction-to-Software-Testing/artifacts/sample_runs/gpt-5.5/cand157_b199af8d8290,b199af8d8290097e7535fef6f35146e2c783e143,LANG-1043 - isAllUpperCase should only check Alpha characters Document and test additional cases,src/test/java/org/apache/commons/lang3/StringUtilsTest.java,124,124,124,1.0000,0,0,0,1.0000,0,0,0,1.0000,2,2,2,1.0000,1153,1153,1.0000,"{""assertAbbreviateWithOffset"": 21, ""assertArrayEquals"": 5, ""assertEquals"": 905, ""assertFalse"": 46, ""assertNotNull"": 2, ""assertNull"": 116, ""assertSame"": 2, ""assertTrue"": 50, ""fail"": 6}","{""assertAbbreviateWithOffset"": 21, ""assertArrayEquals"": 5, ""assertEquals"": 905, ""assertFalse"": 46, ""assertNotNull"": 2, ""assertNull"": 116, ""assertSame"": 2, ""assertTrue"": 50, ""fail"": 6}",1.0000,12,12,[],[],[],[],"[""testIsAllLowerCase"", ""testIsAllUpperCase""]","[""testIsAllLowerCase"", ""testIsAllUpperCase""]",
gpt-5.5,159,ok,/home/lpy/workspace/misc/course/Introduction-to-Software-Testing/artifacts/sample_runs/gpt-5.5/cand159_b3c31a379e9a,b3c31a379e9ad7cd22cb7f0669b82361ced84992,LANG-1252: replacing system call for java 1.6 to SystemUtils.IS_JAVA_1_6,src/test/java/org/apache/commons/lang3/math/NumberUtilsTest.java,97,97,97,1.0000,0,0,0,1.0000,0,0,0,1.0000,1,1,1,1.0000,521,521,1.0000,"{""assertEquals"": 207, ""assertFalse"": 18, ""assertNotNull"": 2, ""assertTrue"": 284, ""fail"": 10}","{""assertEquals"": 207, ""assertFalse"": 18, ""assertNotNull"": 2, ""assertTrue"": 284, ""fail"": 10}",1.0000,32,32,[],[],[],[],"[""testLANG1252""]","[""testLANG1252""]",
gpt-5.5,160,ok,/home/lpy/workspace/misc/course/Introduction-to-Software-Testing/artifacts/sample_runs/gpt-5.5/cand160_b4842f559f0d,b4842f559f0d8b8b5a98a19b1f3795a42c1a2614,"LANG-1185 Add remove by regular expression methods in StringUtils :   - String StringUtils.removeAll(String text, String regex);   - String StringUtils.removeFirst(String text, String regex);",src/test/java/org/apache/commons/lang3/StringUtilsTest.java,136,136,136,1.0000,2,2,2,1.0000,0,0,0,1.0000,0,0,0,1.0000,1252,1252,1.0000,"{""assertAbbreviateWithOffset"": 21, ""assertArrayEquals"": 5, ""assertEquals"": 992, ""assertFalse"": 46, ""assertNotNull"": 2, ""assertNull"": 124, ""assertSame"": 2, ""assertTrue"": 50, ""fail"": 10}","{""assertAbbreviateWithOffset"": 21, ""assertArrayEquals"": 5, ""assertEquals"": 992, ""assertFalse"": 46, ""assertNotNull"": 2, ""assertNull"": 124, ""assertSame"": 2, ""assertTrue"": 50, ""fail"": 10}",1.0000,13,13,"[""testRemoveAll"", ""testRemoveFirst""]","[""testRemoveAll"", ""testRemoveFirst""]",[],[],[],[],
gpt-5.5,161,ok,/home/lpy/workspace/misc/course/Introduction-to-Software-Testing/artifacts/sample_runs/gpt-5.5/cand161_b55d278cce19,b55d278cce19df99fd50f2ae800c5de2fc0991f7,Fix ThresholdCircuitBreaker (#1100),src/test/java/org/apache/commons/lang3/concurrent/ThresholdCircuitBreakerTest.java,5,5,5,1.0000,0,0,0,1.0000,0,0,0,1.0000,4,4,4,1.0000,5,5,1.0000,"{""assertEquals"": 1, ""assertFalse"": 2, ""assertTrue"": 2}","{""assertEquals"": 1, ""assertFalse"": 2, ""assertTrue"": 2}",1.0000,0,0,[],[],[],[],"[""testClosingThresholdCircuitBreaker"", ""testThreshold"", ""testThresholdCircuitBreakingException"", ""testThresholdEqualsZero""]","[""testClosingThresholdCircuitBreaker"", ""testThreshold"", ""testThresholdCircuitBreakingException"", ""testThresholdEqualsZero""]",
gpt-5.5,162,ok,/home/lpy/workspace/misc/course/Introduction-to-Software-Testing/artifacts/sample_runs/gpt-5.5/cand162_b5f5449cf338,b5f5449cf338376d12404d0190054525987f4276,fixed CharSequenceUtils to check for supplementary chars,src/test/java/org/apache/commons/lang3/CharSequenceUtilsTest.java,8,8,8,1.0000,2,2,2,1.0000,0,0,0,1.0000,0,0,0,1.0000,22,22,1.0000,"{""assertArrayEquals"": 2, ""assertEquals"": 14, ""assertFalse"": 1, ""assertNotNull"": 1, ""assertTrue"": 2, ""fail"": 2}","{""assertArrayEquals"": 2, ""assertEquals"": 14, ""assertFalse"": 1, ""assertNotNull"": 1, ""assertTrue"": 2, ""fail"": 2}",1.0000,2,2,"[""testIndexOfSupplementaryCharacters"", ""testLastIndexOfSupplementaryCharacters""]","[""testIndexOfSupplementaryCharacters"", ""testLastIndexOfSupplementaryCharacters""]",[],[],[],[],
gpt-5.5,163,ok,/home/lpy/workspace/misc/course/Introduction-to-Software-Testing/artifacts/sample_runs/gpt-5.5/cand163_b62244517285,b6224451728562b0a4b33b63e8589753b1e2a57c,Fix ClassNotFoundException message variable (#1577),src/test/java/org/apache/commons/lang3/ClassUtilsTest.java,70,70,70,1.0000,0,0,0,1.0000,0,0,0,1.0000,1,1,1,1.0000,846,846,1.0000,"{""assertArrayEquals"": 10, ""assertEquals"": 398, ""assertFalse"": 171, ""assertGetClassReturnsClass"": 19, ""assertGetClassThrowsClassNotFound"": 11, ""assertGetClassThrowsException"": 3, ""assertGetClassThrowsNullPointerException"": 2, ""assertIllegalArgumentException"": 3, ""assertNotNull"": 2, ""assertNotSame"": 1, ""assertNull"": 18, ""assertSame"": 3, ""assertThrows"": 24, ""assertTrue"": 180, ""fail"": 1}","{""assertArrayEquals"": 10, ""assertEquals"": 398, ""assertFalse"": 171, ""assertGetClassReturnsClass"": 19, ""assertGetClassThrowsClassNotFound"": 11, ""assertGetClassThrowsException"": 3, ""assertGetClassThrowsNullPointerException"": 2, ""assertIllegalArgumentException"": 3, ""assertNotNull"": 2, ""assertNotSame"": 1, ""assertNull"": 18, ""assertSame"": 3, ""assertThrows"": 24, ""assertTrue"": 180, ""fail"": 1}",1.0000,24,24,[],[],[],[],"[""testGetClassClassNotFound""]","[""testGetClassClassNotFound""]",
gpt-5.5,165,ok,/home/lpy/workspace/misc/course/Introduction-to-Software-Testing/artifacts/sample_runs/gpt-5.5/cand165_b8d382039a85,b8d382039a850dff10a90c9abfbbf62228fd8fd1,[LANG-1804] Fix CharSet#getInstance returns null instead of EMPTY when input setStrs is null (#1530),src/test/java/org/apache/commons/lang3/CharSetTest.java,15,15,15,1.0000,0,0,0,1.0000,0,0,0,1.0000,2,2,2,1.0000,206,206,1.0000,"{""assertEquals"": 70, ""assertFalse"": 20, ""assertNotEquals"": 7, ""assertSame"": 9, ""assertTrue"": 100}","{""assertEquals"": 70, ""assertFalse"": 20, ""assertNotEquals"": 7, ""assertSame"": 9, ""assertTrue"": 100}",1.0000,0,0,[],[],[],[],"[""testGetInstance"", ""testGetInstance_Stringarray""]","[""testGetInstance"", ""testGetInstance_Stringarray""]",
gpt-5.5,166,ok,/home/lpy/workspace/misc/course/Introduction-to-Software-Testing/artifacts/sample_runs/gpt-5.5/cand166_b9a702bb49cd,b9a702bb49cd02c1f8e33f52b33312fa0aa467e7,default autoboxing depending on RT Java version,src/test/java/org/apache/commons/lang3/ClassUtilsTest.java,0,0,0,1.0000,0,0,0,1.0000,0,0,0,1.0000,0,0,0,1.0000,400,400,1.0000,"{""assertEquals"": 185, ""assertFalse"": 86, ""assertGetClassReturnsClass"": 19, ""assertGetClassThrowsClassNotFound"": 10, ""assertGetClassThrowsException"": 3, ""assertGetClassThrowsNullPointerException"": 2, ""assertNotNull"": 1, ""assertNotSame"": 1, ""assertNull"": 5, ""assertSame"": 1, ""assertTrue"": 82, ""fail"": 5}","{""assertEquals"": 185, ""assertFalse"": 86, ""assertGetClassReturnsClass"": 19, ""assertGetClassThrowsClassNotFound"": 10, ""assertGetClassThrowsException"": 3, ""assertGetClassThrowsNullPointerException"": 2, ""assertNotNull"": 1, ""assertNotSame"": 1, ""assertNull"": 5, ""assertSame"": 1, ""assertTrue"": 82, ""fail"": 5}",1.0000,0,0,[],[],[],[],[],[],
gpt-5.5,167,ok,/home/lpy/workspace/misc/course/Introduction-to-Software-Testing/artifacts/sample_runs/gpt-5.5/cand167_ba1c22ce8378,ba1c22ce8378d389a0ee267e2f75a17a4860c7ba,[LANG-1489] Add null-safe APIs as StringUtils.toRoot[Lower|Upper]Case(String) #456,src/test/java/org/apache/commons/lang3/StringUtilsTest.java,149,149,149,1.0000,2,2,2,1.0000,0,0,0,1.0000,0,0,0,1.0000,1557,1557,1.0000,"{""assertAbbreviateWithAbbrevMarkerAndOffset"": 21, ""assertAbbreviateWithOffset"": 21, ""assertArrayEquals"": 12, ""assertEquals"": 1202, ""assertFalse"": 30, ""assertNotEquals"": 2, ""assertNotNull"": 2, ""assertNull"": 184, ""assertSame"": 3, ""assertThrows"": 47, ""assertTrue"": 33}","{""assertAbbreviateWithAbbrevMarkerAndOffset"": 21, ""assertAbbreviateWithOffset"": 21, ""assertArrayEquals"": 12, ""assertEquals"": 1202, ""assertFalse"": 30, ""assertNotEquals"": 2, ""assertNotNull"": 2, ""assertNull"": 184, ""assertSame"": 3, ""assertThrows"": 47, ""assertTrue"": 33}",1.0000,47,47,"[""testToRootLowerCase"", ""testToRootUpperCase""]","[""testToRootLowerCase"", ""testToRootUpperCase""]",[],[],[],[],
gpt-5.5,168,ok,/home/lpy/workspace/misc/course/Introduction-to-Software-Testing/artifacts/sample_runs/gpt-5.5/cand168_bb675e1127ad,bb675e1127adb7f7c8d8687667bc11779d8e75eb,"Add ""ppc64le"" to ArchUtils (#1625)",src/test/java/org/apache/commons/lang3/ArchUtilsTest.java,6,6,6,1.0000,0,0,0,1.0000,0,0,0,1.0000,3,3,3,1.0000,87,87,1.0000,"{""assertEquals"": 2, ""assertEqualsArchNotNull"": 11, ""assertEqualsTypeNotNull"": 11, ""assertFalse"": 15, ""assertNotEquals"": 3, ""assertNotEqualsArchNotNull"": 11, ""assertNotEqualsTypeNotNull"": 4, ""assertNotNull"": 9, ""assertNull"": 2, ""assertTrue"": 19}","{""assertEquals"": 2, ""assertEqualsArchNotNull"": 11, ""assertEqualsTypeNotNull"": 11, ""assertFalse"": 15, ""assertNotEquals"": 3, ""assertNotEqualsArchNotNull"": 11, ""assertNotEqualsTypeNotNull"": 4, ""assertNotNull"": 9, ""assertNull"": 2, ""assertTrue"": 19}",1.0000,0,0,[],[],[],[],"[""testArch"", ""testIs32BitJVM"", ""testIs64BitJVM""]","[""testArch"", ""testIs32BitJVM"", ""testIs64BitJVM""]",
gpt-5.5,169,ok,/home/lpy/workspace/misc/course/Introduction-to-Software-Testing/artifacts/sample_runs/gpt-5.5/cand169_bc8a3b9d8428,bc8a3b9d8428bfcdfbce67e9010cf0aa27e6c8a6,sort fields in HashCodeBuilder for deterministic order (#480),src/test/java/org/apache/commons/lang3/builder/HashCodeBuilderTest.java,45,45,45,1.0000,0,0,0,1.0000,0,0,0,1.0000,1,1,1,1.0000,119,119,1.0000,"{""assertEquals"": 108, ""assertNull"": 2, ""assertThrows"": 9}","{""assertEquals"": 108, ""assertNull"": 2, ""assertThrows"": 9}",1.0000,9,9,[],[],[],[],"[""testReflectionHashCodeExcludeFields""]","[""testReflectionHashCodeExcludeFields""]",
gpt-5.5,170,ok,/home/lpy/workspace/misc/course/Introduction-to-Software-Testing/artifacts/sample_runs/gpt-5.5/cand170_bcad40a502cd,bcad40a502cd45b49a5e025938b9711d95c7bde7,[LANG-1749] Add stricter type checks for  parameterized types in  method (#1548),src/test/java/org/apache/commons/lang3/reflect/TypeUtilsTest.java,50,50,50,1.0000,1,1,1,1.0000,0,0,0,1.0000,0,0,0,1.0000,382,382,1.0000,"{""assertArrayEquals"": 4, ""assertEquals"": 81, ""assertFalse"": 110, ""assertIllegalArgumentException"": 1, ""assertNotEquals"": 5, ""assertNotNull"": 2, ""assertNull"": 20, ""assertNullPointerException"": 13, ""assertTrue"": 146}","{""assertArrayEquals"": 4, ""assertEquals"": 81, ""assertFalse"": 110, ""assertIllegalArgumentException"": 1, ""assertNotEquals"": 5, ""assertNotNull"": 2, ""assertNull"": 20, ""assertNullPointerException"": 13, ""assertTrue"": 146}",1.0000,0,0,"[""testIsAssignable_ClassWithParameterizedType""]","[""testIsAssignable_ClassWithParameterizedType""]",[],[],[],[],
gpt-5.5,171,ok,/home/lpy/workspace/misc/course/Introduction-to-Software-Testing/artifacts/sample_runs/gpt-5.5/cand171_be8b654fc02d,be8b654fc02d5d1319734e39c6f1224b7cbbf212,Conversion.hexTo*() methods now throw IllegalArgumentException instead of StringIndexOutOfBoundsException,src/test/java/org/apache/commons/lang3/ConversionTest.java,44,44,44,1.0000,0,0,0,1.0000,0,0,0,1.0000,1,1,1,1.0000,585,585,1.0000,"{""assertArrayEquals"": 209, ""assertEquals"": 350, ""assertIllegalArgumentException"": 9, ""assertIndexOutOfBoundsException"": 1, ""assertThrows"": 16}","{""assertArrayEquals"": 209, ""assertEquals"": 350, ""assertIllegalArgumentException"": 9, ""assertIndexOutOfBoundsException"": 1, ""assertThrows"": 16}",1.0000,16,16,[],[],[],[],"[""testHexToByte""]","[""testHexToByte""]",
gpt-5.5,172,ok,/home/lpy/workspace/misc/course/Introduction-to-Software-Testing/artifacts/sample_runs/gpt-5.5/cand172_bedae6950d43,bedae6950d43008929d9cd109c9e8fb163793bd7,LANG-1480 getAbbreviatedName refactored to create appropriate length … (#446),src/test/java/org/apache/commons/lang3/ClassUtilsTest.java,63,63,63,1.0000,1,1,1,1.0000,0,0,0,1.0000,4,4,4,1.0000,781,781,1.0000,"{""assertArrayEquals"": 10, ""assertEquals"": 358, ""assertFalse"": 171, ""assertGetClassReturnsClass"": 19, ""assertGetClassThrowsClassNotFound"": 10, ""assertGetClassThrowsException"": 3, ""assertGetClassThrowsNullPointerException"": 2, ""assertNotNull"": 1, ""assertNotSame"": 1, ""assertNull"": 17, ""assertSame"": 3, ""assertThrows"": 6, ""assertTrue"": 180}","{""assertArrayEquals"": 10, ""assertEquals"": 358, ""assertFalse"": 171, ""assertGetClassReturnsClass"": 19, ""assertGetClassThrowsClassNotFound"": 10, ""assertGetClassThrowsException"": 3, ""assertGetClassThrowsNullPointerException"": 2, ""assertNotNull"": 1, ""assertNotSame"": 1, ""assertNull"": 17, ""assertSame"": 3, ""assertThrows"": 6, ""assertTrue"": 180}",1.0000,6,6,"[""test_getAbbreviatedName_TooLongHint""]","[""test_getAbbreviatedName_TooLongHint""]",[],[],"[""test_getAbbreviatedName_Class"", ""test_getAbbreviatedName_Class_NegativeLen"", ""test_getAbbreviatedName_Class_ZeroLen"", ""test_getAbbreviatedName_String""]","[""test_getAbbreviatedName_Class"", ""test_getAbbreviatedName_Class_NegativeLen"", ""test_getAbbreviatedName_Class_ZeroLen"", ""test_getAbbreviatedName_String""]",
gpt-5.5,174,ok,/home/lpy/workspace/misc/course/Introduction-to-Software-Testing/artifacts/sample_runs/gpt-5.5/cand174_c0041cafc2fd,c0041cafc2fda3fb437009d5417ba5ebeb32ad35,Escaping supplementary chars seems good for NumericEntityEscaper. LANG-617,src/test/java/org/apache/commons/lang3/text/translate/NumericEntityEscaperTest.java,0,0,0,1.0000,0,0,0,1.0000,0,0,0,1.0000,0,0,0,1.0000,4,4,1.0000,"{""assertEquals"": 4}","{""assertEquals"": 4}",1.0000,0,0,[],[],[],[],[],[],
gpt-5.5,175,ok,/home/lpy/workspace/misc/course/Introduction-to-Software-Testing/artifacts/sample_runs/gpt-5.5/cand175_c3b1fefbad0c,c3b1fefbad0c67c8556ba6b4573f135197f87598,"NumberUtils#isCreatable: remove java 6 only code, as commons-lang requires at java 7+ now",src/test/java/org/apache/commons/lang3/math/NumberUtilsTest.java,101,101,101,1.0000,0,0,0,1.0000,0,0,0,1.0000,2,2,2,1.0000,521,521,1.0000,"{""assertEquals"": 207, ""assertFalse"": 18, ""assertNotNull"": 2, ""assertTrue"": 284, ""fail"": 10}","{""assertEquals"": 207, ""assertFalse"": 18, ""assertNotNull"": 2, ""assertTrue"": 284, ""fail"": 10}",1.0000,32,32,[],[],[],[],"[""testIsNumberLANG1252"", ""testLANG1252""]","[""testIsNumberLANG1252"", ""testLANG1252""]",
gpt-5.5,176,ok,/home/lpy/workspace/misc/course/Introduction-to-Software-Testing/artifacts/sample_runs/gpt-5.5/cand176_c3f5f3204bcc,c3f5f3204bcc8d62a56ff214e904876b7e7a206f,LANG-1722: Rethrow NegativeArraySizeException as SerializationException in SerilizationUtils.deserialize(InputStream) (#1141),src/test/java/org/apache/commons/lang3/SerializationUtilsTest.java,27,27,27,1.0000,1,1,1,1.0000,0,0,0,1.0000,0,0,0,1.0000,66,66,1.0000,"{""assertArrayEquals"": 4, ""assertEquals"": 20, ""assertFalse"": 1, ""assertNotNull"": 4, ""assertNotSame"": 9, ""assertNull"": 3, ""assertSame"": 7, ""assertThrows"": 13, ""assertTrue"": 5}","{""assertArrayEquals"": 4, ""assertEquals"": 20, ""assertFalse"": 1, ""assertNotNull"": 4, ""assertNotSame"": 9, ""assertNull"": 3, ""assertSame"": 7, ""assertThrows"": 13, ""assertTrue"": 5}",1.0000,13,13,"[""testNegativeByteArray""]","[""testNegativeByteArray""]",[],[],[],[],
gpt-5.5,177,ok,/home/lpy/workspace/misc/course/Introduction-to-Software-Testing/artifacts/sample_runs/gpt-5.5/cand177_c56c77ed9502,c56c77ed9502d079b3e885a65bc4a4cf666ac8ee,Remove methods that will be new in 3.11 but which are now in the function package.,src/test/java/org/apache/commons/lang3/FunctionsTest.java,43,43,43,1.0000,0,0,0,1.0000,5,5,5,1.0000,0,0,0,1.0000,197,197,1.0000,"{""assertEquals"": 22, ""assertNotNull"": 32, ""assertNull"": 27, ""assertSame"": 48, ""assertThrows"": 56, ""assertTrue"": 12}","{""assertEquals"": 22, ""assertNotNull"": 32, ""assertNull"": 27, ""assertSame"": 48, ""assertThrows"": 56, ""assertTrue"": 12}",1.0000,56,56,[],[],"[""testApplyDoubleBinaryOperator"", ""testGetAsBooleanSupplier"", ""testGetAsDoubleSupplier"", ""testGetAsIntSupplier"", ""testGetAsLongSupplier""]","[""testApplyDoubleBinaryOperator"", ""testGetAsBooleanSupplier"", ""testGetAsDoubleSupplier"", ""testGetAsIntSupplier"", ""testGetAsLongSupplier""]",[],[],
gpt-5.5,178,ok,/home/lpy/workspace/misc/course/Introduction-to-Software-Testing/artifacts/sample_runs/gpt-5.5/cand178_c6f577555b2e,c6f577555b2e789791fbf3c0aec9e59a2666b2e8,LANG-1610: Fix StringUtils.unwrap throws StringIndexOutOfBoundsException (#636),src/test/java/org/apache/commons/lang3/StringUtilsTest.java,154,154,154,1.0000,0,0,0,1.0000,0,0,0,1.0000,1,1,1,1.0000,1590,1590,1.0000,"{""assertAbbreviateWithAbbrevMarkerAndOffset"": 21, ""assertAbbreviateWithOffset"": 21, ""assertArrayEquals"": 12, ""assertEquals"": 1227, ""assertFalse"": 30, ""assertNotEquals"": 2, ""assertNotNull"": 2, ""assertNull"": 188, ""assertSame"": 7, ""assertThrows"": 47, ""assertTrue"": 33}","{""assertAbbreviateWithAbbrevMarkerAndOffset"": 21, ""assertAbbreviateWithOffset"": 21, ""assertArrayEquals"": 12, ""assertEquals"": 1227, ""assertFalse"": 30, ""assertNotEquals"": 2, ""assertNotNull"": 2, ""assertNull"": 188, ""assertSame"": 7, ""assertThrows"": 47, ""assertTrue"": 33}",1.0000,47,47,[],[],[],[],"[""testUnwrap_StringString""]","[""testUnwrap_StringString""]",
gpt-5.5,179,ok,/home/lpy/workspace/misc/course/Introduction-to-Software-Testing/artifacts/sample_runs/gpt-5.5/cand179_c6fac966ab31,c6fac966ab314769d27e117bab05aee1a72df760,LANG-1013: Add StringUtils.truncate() (closes #137),src/test/java/org/apache/commons/lang3/StringUtilsTest.java,138,138,138,1.0000,2,2,2,1.0000,0,0,0,1.0000,0,0,0,1.0000,1359,1359,1.0000,"{""assertAbbreviateWithOffset"": 21, ""assertArrayEquals"": 5, ""assertEquals"": 1043, ""assertFalse"": 47, ""assertNotNull"": 2, ""assertNull"": 134, ""assertSame"": 2, ""assertTrue"": 72, ""fail"": 33}","{""assertAbbreviateWithOffset"": 21, ""assertArrayEquals"": 5, ""assertEquals"": 1043, ""assertFalse"": 47, ""assertNotNull"": 2, ""assertNull"": 134, ""assertSame"": 2, ""assertTrue"": 72, ""fail"": 33}",1.0000,13,13,"[""testTruncate_StringInt"", ""testTruncate_StringIntInt""]","[""testTruncate_StringInt"", ""testTruncate_StringIntInt""]",[],[],[],[],
gpt-5.5,180,ok,/home/lpy/workspace/misc/course/Introduction-to-Software-Testing/artifacts/sample_runs/gpt-5.5/cand180_c8e61afdb89c,c8e61afdb89c58ea8ffaf04593da41ff0888d30e,LANG-1060: NumberUtils.isNumber assumes number starting with Zero is octal (closes #313),src/test/java/org/apache/commons/lang3/math/NumberUtilsTest.java,101,101,101,1.0000,0,0,0,1.0000,0,0,0,1.0000,1,1,1,1.0000,521,521,1.0000,"{""assertEquals"": 207, ""assertFalse"": 18, ""assertNotNull"": 2, ""assertTrue"": 284, ""fail"": 10}","{""assertEquals"": 207, ""assertFalse"": 18, ""assertNotNull"": 2, ""assertTrue"": 284, ""fail"": 10}",1.0000,32,32,[],[],[],[],"[""testIsNumber""]","[""testIsNumber""]",
gpt-5.5,181,ok,/home/lpy/workspace/misc/course/Introduction-to-Software-Testing/artifacts/sample_runs/gpt-5.5/cand181_cb686673a70a,cb686673a70a6f14c35575550c48c37d19a1598b,LANG-1384: Fix NPE when version >= 11,src/test/java/org/apache/commons/lang3/JavaVersionTest.java,3,3,3,1.0000,0,0,0,1.0000,0,0,0,1.0000,1,1,1,1.0000,21,21,1.0000,"{""assertEquals"": 15, ""assertFalse"": 3, ""assertNull"": 1, ""assertTrue"": 2}","{""assertEquals"": 15, ""assertFalse"": 3, ""assertNull"": 1, ""assertTrue"": 2}",1.0000,0,0,[],[],[],[],"[""testGetJavaVersion""]","[""testGetJavaVersion""]",
gpt-5.5,182,ok,/home/lpy/workspace/misc/course/Introduction-to-Software-Testing/artifacts/sample_runs/gpt-5.5/cand182_cc6beb2d0534,cc6beb2d05347fba64d933906ae2b712b1a43302,LANG-1348 - StackOverflowError on TypeUtils.toString(...) for a generic return type of Enum.valueOf (closes #292),src/test/java/org/apache/commons/lang3/reflect/TypeUtilsTest.java,22,23,22,0.9565,0,1,0,0.0000,0,0,0,1.0000,0,0,0,1.0000,169,170,0.9941,"{""assertArrayEquals"": 3, ""assertEquals"": 52, ""assertFalse"": 35, ""assertNull"": 16, ""assertTrue"": 63}","{""assertArrayEquals"": 3, ""assertEquals"": 53, ""assertFalse"": 35, ""assertNull"": 16, ""assertTrue"": 63}",1.0000,0,0,[],"[""testLANG1348""]",[],[],[],[],
gpt-5.5,183,ok,/home/lpy/workspace/misc/course/Introduction-to-Software-Testing/artifacts/sample_runs/gpt-5.5/cand183_cd10cfd51fdc,cd10cfd51fdc80606b296a0cd71e6e9daf946438,Make DurationUtils#getNanosOfMiili() null-safe.,src/test/java/org/apache/commons/lang3/time/DurationUtilsTest.java,6,6,6,1.0000,0,0,0,1.0000,0,0,0,1.0000,1,1,1,1.0000,46,46,1.0000,"{""assertEquals"": 43, ""assertFalse"": 2, ""assertTrue"": 1}","{""assertEquals"": 43, ""assertFalse"": 2, ""assertTrue"": 1}",1.0000,0,0,[],[],[],[],"[""testGetNanosOfMilli""]","[""testGetNanosOfMilli""]",
gpt-5.5,184,ok,/home/lpy/workspace/misc/course/Introduction-to-Software-Testing/artifacts/sample_runs/gpt-5.5/cand184_ce2ba7b28260,ce2ba7b282608da952d97eada2747ff00d13d14f,LANG-1504 - Adding labels to split StopWatch feature (#1473),src/test/java/org/apache/commons/lang3/time/StopWatchTest.java,28,28,28,1.0000,2,2,2,1.0000,0,0,0,1.0000,0,0,0,1.0000,131,131,1.0000,"{""assertEquals"": 41, ""assertFalse"": 9, ""assertNotEquals"": 1, ""assertNull"": 1, ""assertThrows"": 18, ""assertTrue"": 61}","{""assertEquals"": 41, ""assertFalse"": 9, ""assertNotEquals"": 1, ""assertNull"": 1, ""assertThrows"": 18, ""assertTrue"": 61}",1.0000,18,18,"[""testGetSplits"", ""testSplitsWithStringLabels""]","[""testGetSplits"", ""testSplitsWithStringLabels""]",[],[],[],[],
gpt-5.5,185,ok,/home/lpy/workspace/misc/course/Introduction-to-Software-Testing/artifacts/sample_runs/gpt-5.5/cand185_cf03e6173b70,cf03e6173b70ad64337704402bea51600cddd1ba,"LANG-992 Fix NumberUtils#isNumber() returns false for ""0.0"", ""0.4790"", et al",src/test/java/org/apache/commons/lang3/math/NumberUtilsTest.java,85,85,85,1.0000,1,1,1,1.0000,0,0,0,1.0000,0,0,0,1.0000,479,479,1.0000,"{""assertEquals"": 197, ""assertFalse"": 7, ""assertNotNull"": 2, ""assertTrue"": 264, ""fail"": 9}","{""assertEquals"": 197, ""assertFalse"": 7, ""assertNotNull"": 2, ""assertTrue"": 264, ""fail"": 9}",1.0000,28,28,"[""testLANG992""]","[""testLANG992""]",[],[],[],[],
gpt-5.5,186,ok,/home/lpy/workspace/misc/course/Introduction-to-Software-Testing/artifacts/sample_runs/gpt-5.5/cand186_cf7c9522aa99,cf7c9522aa99d0d180e54ac5abe849f19d153d25,Rewrite method to be the same as binaryToHexDigit but working from the end of the array backwards.,src/test/java/org/apache/commons/lang3/ConversionTest.java,44,44,44,1.0000,2,2,2,1.0000,0,0,0,1.0000,0,0,0,1.0000,573,573,1.0000,"{""assertArrayEquals"": 209, ""assertEquals"": 350, ""assertThrows"": 14}","{""assertArrayEquals"": 209, ""assertEquals"": 350, ""assertThrows"": 14}",1.0000,14,14,"[""binaryBeMsb0ToHexDigitPosOutsideArray"", ""testBinaryToHexDigitReverse""]","[""binaryBeMsb0ToHexDigitPosOutsideArray"", ""testBinaryToHexDigitReverse""]",[],[],[],[],
gpt-5.5,187,ok,/home/lpy/workspace/misc/course/Introduction-to-Software-Testing/artifacts/sample_runs/gpt-5.5/cand187_d0b95be28194,d0b95be2819469371c0276df80e54b088a9b7cad,Lang 1463: StringUtils abbreviate returns String of length greater than maxWidth (#477),src/test/java/org/apache/commons/lang3/StringUtilsTest.java,152,152,152,1.0000,1,1,1,1.0000,0,0,0,1.0000,0,0,0,1.0000,1579,1579,1.0000,"{""assertAbbreviateWithAbbrevMarkerAndOffset"": 21, ""assertAbbreviateWithOffset"": 21, ""assertArrayEquals"": 12, ""assertEquals"": 1220, ""assertFalse"": 30, ""assertNotEquals"": 2, ""assertNotNull"": 2, ""assertNull"": 188, ""assertSame"": 3, ""assertThrows"": 47, ""assertTrue"": 33}","{""assertAbbreviateWithAbbrevMarkerAndOffset"": 21, ""assertAbbreviateWithOffset"": 21, ""assertArrayEquals"": 12, ""assertEquals"": 1220, ""assertFalse"": 30, ""assertNotEquals"": 2, ""assertNotNull"": 2, ""assertNull"": 188, ""assertSame"": 3, ""assertThrows"": 47, ""assertTrue"": 33}",1.0000,47,47,"[""testAbbreviateMarkerWithEmptyString""]","[""testAbbreviateMarkerWithEmptyString""]",[],[],[],[],
gpt-5.5,188,ok,/home/lpy/workspace/misc/course/Introduction-to-Software-Testing/artifacts/sample_runs/gpt-5.5/cand188_d190655a97c3,d190655a97c33c886997b9570697f432e7d3a21a,LANG-781: Added methods to ObjectUtils class to check for null elements in the array (closes #108),src/test/java/org/apache/commons/lang3/ObjectUtilsTest.java,38,38,38,1.0000,2,2,2,1.0000,0,0,0,1.0000,0,0,0,1.0000,174,174,1.0000,"{""assertEquals"": 73, ""assertFalse"": 17, ""assertNotNull"": 2, ""assertNotSame"": 2, ""assertNull"": 16, ""assertSame"": 28, ""assertTrue"": 21, ""fail"": 15}","{""assertEquals"": 73, ""assertFalse"": 17, ""assertNotNull"": 2, ""assertNotSame"": 2, ""assertNull"": 16, ""assertSame"": 28, ""assertTrue"": 21, ""fail"": 15}",1.0000,7,7,"[""testAllNotNull"", ""testAnyNotNull""]","[""testAllNotNull"", ""testAnyNotNull""]",[],[],[],[],
gpt-5.5,190,ok,/home/lpy/workspace/misc/course/Introduction-to-Software-Testing/artifacts/sample_runs/gpt-5.5/cand190_d47dc7af7647,d47dc7af76471c3d0bc600361a62c65e0cb865b9,"[LANG-1694] MethodUtils.getMatchingMethod() fails with ""Found multiple candidates"" (#1033)",src/test/java/org/apache/commons/lang3/reflect/MethodUtilsTest.java,43,43,43,1.0000,0,0,0,1.0000,0,0,0,1.0000,1,1,1,1.0000,205,205,1.0000,"{""assertArrayEquals"": 8, ""assertEquals"": 127, ""assertFalse"": 2, ""assertNotNull"": 15, ""assertNotSame"": 1, ""assertNull"": 18, ""assertSame"": 4, ""assertThat"": 3, ""assertThrows"": 19, ""assertTrue"": 8}","{""assertArrayEquals"": 8, ""assertEquals"": 127, ""assertFalse"": 2, ""assertNotNull"": 15, ""assertNotSame"": 1, ""assertNull"": 18, ""assertSame"": 4, ""assertThat"": 3, ""assertThrows"": 19, ""assertTrue"": 8}",1.0000,19,19,[],[],[],[],"[""testGetMatchingMethod""]","[""testGetMatchingMethod""]",
gpt-5.5,191,ok,/home/lpy/workspace/misc/course/Introduction-to-Software-Testing/artifacts/sample_runs/gpt-5.5/cand191_d62d4e21ef20,d62d4e21ef20ee01e65cbf5257e04d6b572aa73b,[LANG-1528] replaceEachRepeatedly gives IllegalStateException (#505),src/test/java/org/apache/commons/lang3/StringUtilsTest.java,153,153,153,1.0000,0,0,0,1.0000,0,0,0,1.0000,1,1,1,1.0000,1587,1587,1.0000,"{""assertAbbreviateWithAbbrevMarkerAndOffset"": 21, ""assertAbbreviateWithOffset"": 21, ""assertArrayEquals"": 12, ""assertEquals"": 1224, ""assertFalse"": 30, ""assertNotEquals"": 2, ""assertNotNull"": 2, ""assertNull"": 188, ""assertSame"": 7, ""assertThrows"": 47, ""assertTrue"": 33}","{""assertAbbreviateWithAbbrevMarkerAndOffset"": 21, ""assertAbbreviateWithOffset"": 21, ""assertArrayEquals"": 12, ""assertEquals"": 1224, ""assertFalse"": 30, ""assertNotEquals"": 2, ""assertNotNull"": 2, ""assertNull"": 188, ""assertSame"": 7, ""assertThrows"": 47, ""assertTrue"": 33}",1.0000,47,47,[],[],[],[],"[""testReplace_StringStringArrayStringArrayBoolean""]","[""testReplace_StringStringArrayStringArrayBoolean""]",
gpt-5.5,192,ok,/home/lpy/workspace/misc/course/Introduction-to-Software-Testing/artifacts/sample_runs/gpt-5.5/cand192_d704c0dc70a2,d704c0dc70a2f861c043785822854b4a0605ac6b,Fix spelling in comment.,src/test/java/org/apache/commons/lang3/text/translate/NumericEntityUnescaperTest.java,3,3,3,1.0000,0,0,0,1.0000,0,0,0,1.0000,1,1,1,1.0000,8,8,1.0000,"{""assertEquals"": 7, ""assertThrows"": 1}","{""assertEquals"": 7, ""assertThrows"": 1}",1.0000,1,1,[],[],[],[],"[""testUnfinishedEntity""]","[""testUnfinishedEntity""]",
gpt-5.5,193,ok,/home/lpy/workspace/misc/course/Introduction-to-Software-Testing/artifacts/sample_runs/gpt-5.5/cand193_d79e43216fab,d79e43216faba4b3e73536915bfddc550cc0f20f,"LANG-1155: Add StringUtils#unwrap (closes #107, closes #136)",src/test/java/org/apache/commons/lang3/StringUtilsTest.java,144,144,144,1.0000,2,2,2,1.0000,0,0,0,1.0000,0,0,0,1.0000,1486,1486,1.0000,"{""assertAbbreviateWithAbbrevMarkerAndOffset"": 21, ""assertAbbreviateWithOffset"": 21, ""assertArrayEquals"": 5, ""assertEquals"": 1183, ""assertFalse"": 20, ""assertNotNull"": 2, ""assertNull"": 148, ""assertSame"": 3, ""assertTrue"": 47, ""fail"": 36}","{""assertAbbreviateWithAbbrevMarkerAndOffset"": 21, ""assertAbbreviateWithOffset"": 21, ""assertArrayEquals"": 5, ""assertEquals"": 1183, ""assertFalse"": 20, ""assertNotNull"": 2, ""assertNull"": 148, ""assertSame"": 3, ""assertTrue"": 47, ""fail"": 36}",1.0000,16,16,"[""testUnwrapString_Char"", ""testUnwrapString_String""]","[""testUnwrapString_Char"", ""testUnwrapString_String""]",[],[],[],[],
gpt-5.5,194,ok,/home/lpy/workspace/misc/course/Introduction-to-Software-Testing/artifacts/sample_runs/gpt-5.5/cand194_d8ec011d770e,d8ec011d770e1e04ef4f87fba673f3748f363278,LANG-1371: Fix TypeUtils.parameterize to work correctly with narrower-typed varargs array (closes #307),src/test/java/org/apache/commons/lang3/reflect/TypeUtilsTest.java,23,24,23,0.9583,0,1,0,0.0000,0,0,0,1.0000,0,0,0,1.0000,170,171,0.9942,"{""assertArrayEquals"": 3, ""assertEquals"": 54, ""assertFalse"": 35, ""assertNull"": 16, ""assertTrue"": 62}","{""assertArrayEquals"": 3, ""assertEquals"": 55, ""assertFalse"": 35, ""assertNull"": 16, ""assertTrue"": 62}",1.0000,0,0,[],"[""testParameterizeNarrowerTypeArray""]",[],[],[],[],
gpt-5.5,195,ok,/home/lpy/workspace/misc/course/Introduction-to-Software-Testing/artifacts/sample_runs/gpt-5.5/cand195_d9a2c69a9d1d,d9a2c69a9d1db6072e1d7b7ea4fcbd5c15d20b5d,Handle Benedikt Ritter's comments,src/test/java/org/apache/commons/lang3/time/DateUtilsTest.java,65,65,65,1.0000,6,6,6,1.0000,3,3,3,1.0000,0,0,0,1.0000,404,404,1.0000,"{""assertCalendarsEquals"": 5, ""assertDate"": 79, ""assertEquals"": 211, ""assertFalse"": 10, ""assertNotNull"": 1, ""assertNotSame"": 39, ""assertTrue"": 10, ""assertWeekIterator"": 15, ""fail"": 34}","{""assertCalendarsEquals"": 5, ""assertDate"": 79, ""assertEquals"": 211, ""assertFalse"": 10, ""assertNotNull"": 1, ""assertNotSame"": 39, ""assertTrue"": 10, ""assertWeekIterator"": 15, ""fail"": 34}",1.0000,22,22,"[""testToCalendarWithDateAndTimeZoneNotNull"", ""testToCalendarWithDateAndTimeZoneNull"", ""testToCalendarWithDateNotNull"", ""testToCalendarWithDateNull"", ""testToCalendarWithTimeZoneNotNull"", ""testToCalendarWithTimeZoneNull""]","[""testToCalendarWithDateAndTimeZoneNotNull"", ""testToCalendarWithDateAndTimeZoneNull"", ""testToCalendarWithDateNotNull"", ""testToCalendarWithDateNull"", ""testToCalendarWithTimeZoneNotNull"", ""testToCalendarWithTimeZoneNull""]","[""testToCalendarWithDate"", ""testToCalendarWithDateAndTimeZone"", ""testToCalendarWithTimeZone""]","[""testToCalendarWithDate"", ""testToCalendarWithDateAndTimeZone"", ""testToCalendarWithTimeZone""]",[],[],
gpt-5.5,196,ok,/home/lpy/workspace/misc/course/Introduction-to-Software-Testing/artifacts/sample_runs/gpt-5.5/cand196_d9de2fd5b8c6,d9de2fd5b8c65506b1ab14df631cc26ffcd647dc,[LANG-1810] Deprecate SOFT_MAX_ARRAY_LENGTH in favor of MAX_ARRAY_LENGTH (#1559),src/test/java/org/apache/commons/lang3/ArrayUtilsTest.java,356,356,356,1.0000,1,1,1,1.0000,0,0,0,1.0000,0,0,0,1.0000,3411,3411,1.0000,"{""assertArrayEquals"": 153, ""assertEquals"": 1210, ""assertFalse"": 1034, ""assertIllegalArgumentException"": 8, ""assertInstanceOf"": 1, ""assertIsEquals"": 9, ""assertNotEquals"": 1, ""assertNotNull"": 2, ""assertNotSame"": 30, ""assertNull"": 98, ""assertNullPointerException"": 14, ""assertSame"": 71, ""assertThrows"": 1, ""assertTrue"": 779}","{""assertArrayEquals"": 153, ""assertEquals"": 1210, ""assertFalse"": 1034, ""assertIllegalArgumentException"": 8, ""assertInstanceOf"": 1, ""assertIsEquals"": 9, ""assertNotEquals"": 1, ""assertNotNull"": 2, ""assertNotSame"": 30, ""assertNull"": 98, ""assertNullPointerException"": 14, ""assertSame"": 71, ""assertThrows"": 1, ""assertTrue"": 779}",1.0000,1,1,"[""testMaxArrayLength""]","[""testMaxArrayLength""]",[],[],[],[],
gpt-5.5,198,ok,/home/lpy/workspace/misc/course/Introduction-to-Software-Testing/artifacts/sample_runs/gpt-5.5/cand198_daa4193fb289,daa4193fb289e57bd15e10555378f97f90d79dcd,Add ArrayUtils.isSameLength() to compare more array types #430.,src/test/java/org/apache/commons/lang3/ArrayUtilsTest.java,329,329,329,1.0000,1,1,1,1.0000,0,0,0,1.0000,0,0,0,1.0000,3246,3246,1.0000,"{""assertArrayEquals"": 100, ""assertEquals"": 1187, ""assertFalse"": 1010, ""assertIsEquals"": 9, ""assertNotEquals"": 1, ""assertNotNull"": 2, ""assertNotSame"": 30, ""assertNull"": 80, ""assertSame"": 71, ""assertThrows"": 19, ""assertTrue"": 737}","{""assertArrayEquals"": 100, ""assertEquals"": 1187, ""assertFalse"": 1010, ""assertIsEquals"": 9, ""assertNotEquals"": 1, ""assertNotNull"": 2, ""assertNotSame"": 30, ""assertNull"": 80, ""assertSame"": 71, ""assertThrows"": 19, ""assertTrue"": 737}",1.0000,19,19,"[""testSameLengthAll""]","[""testSameLengthAll""]",[],[],[],[],
gpt-5.5,200,ok,/home/lpy/workspace/misc/course/Introduction-to-Software-Testing/artifacts/sample_runs/gpt-5.5/cand200_dfe80aaca3a6,dfe80aaca3a686047b832e321dafe141954a983f,Camel-case package-private methods,src/test/java/org/apache/commons/lang3/SystemUtilsTest.java,20,20,20,1.0000,0,0,0,1.0000,0,0,0,1.0000,3,3,3,1.0000,1064,1064,1.0000,"{""assertEquals"": 12, ""assertFalse"": 808, ""assertNotNull"": 6, ""assertNull"": 1, ""assertTrue"": 237}","{""assertEquals"": 12, ""assertFalse"": 808, ""assertNotNull"": 6, ""assertNull"": 1, ""assertTrue"": 237}",1.0000,0,0,[],[],[],[],"[""testOSMatchesName"", ""testOSMatchesNameAndVersion"", ""testOsVersionMatches""]","[""testOSMatchesName"", ""testOSMatchesNameAndVersion"", ""testOsVersionMatches""]",
gpt-5.5,201,ok,/home/lpy/workspace/misc/course/Introduction-to-Software-Testing/artifacts/sample_runs/gpt-5.5/cand201_e2c0ea4374c0,e2c0ea4374c02539ad9bc6c4328b74f25eb72405,"#LAN-1114 fixes bug in TypeUtils.equals(WildcardType, Type) where it was incorrectly returning true when the second argument was not a Wildcard type.",src/test/java/org/apache/commons/lang3/reflect/TypeUtilsTest.java,19,20,19,0.9500,0,1,0,0.0000,0,0,0,1.0000,0,0,0,1.0000,163,165,0.9879,"{""assertArrayEquals"": 3, ""assertEquals"": 49, ""assertFalse"": 33, ""assertNull"": 16, ""assertTrue"": 62}","{""assertArrayEquals"": 3, ""assertEquals"": 49, ""assertFalse"": 35, ""assertNull"": 16, ""assertTrue"": 62}",1.0000,0,0,[],"[""testLang1114""]",[],[],[],[],
gpt-5.5,202,ok,/home/lpy/workspace/misc/course/Introduction-to-Software-Testing/artifacts/sample_runs/gpt-5.5/cand202_e2dbe55d56bd,e2dbe55d56bd6c1209276050f527d36717e33e1d,"MethodUtils#invokeMethod(Object object, boolean forceAccess, String methodName, Object[] args, Class<?>[] parameterTypes): do not restore the accessibility of the method object, because Method#setAccessible only modifies the behavior of the AccessibleObject not of the actual method.",src/test/java/org/apache/commons/lang3/reflect/MethodUtilsTest.java,29,29,29,1.0000,0,0,0,1.0000,0,0,0,1.0000,1,1,1,1.0000,130,130,1.0000,"{""assertArrayEquals"": 3, ""assertEquals"": 100, ""assertFalse"": 2, ""assertNotNull"": 3, ""assertNotSame"": 1, ""assertNull"": 2, ""assertSame"": 4, ""assertThat"": 3, ""assertTrue"": 5, ""fail"": 7}","{""assertArrayEquals"": 3, ""assertEquals"": 100, ""assertFalse"": 2, ""assertNotNull"": 3, ""assertNotSame"": 1, ""assertNull"": 2, ""assertSame"": 4, ""assertThat"": 3, ""assertTrue"": 5, ""fail"": 7}",1.0000,6,6,[],[],[],[],"[""testInvokeMethodForceAccessNoArgs""]","[""testInvokeMethodForceAccessNoArgs""]",
gpt-5.5,203,ok,/home/lpy/workspace/misc/course/Introduction-to-Software-Testing/artifacts/sample_runs/gpt-5.5/cand203_e55aaa5706f0,e55aaa5706f031df2e8d68bdf088604c79944246,StrSubstitutor can preserve escapes,src/test/java/org/apache/commons/lang3/text/StrSubstitutorTest.java,40,40,40,1.0000,1,1,1,1.0000,0,0,0,1.0000,0,0,0,1.0000,102,102,1.0000,"{""assertEquals"": 64, ""assertFalse"": 6, ""assertNull"": 2, ""assertSame"": 6, ""assertTrue"": 18, ""fail"": 6}","{""assertEquals"": 64, ""assertFalse"": 6, ""assertNull"": 2, ""assertSame"": 6, ""assertTrue"": 18, ""fail"": 6}",1.0000,0,0,"[""testSubstitutePreserveEscape""]","[""testSubstitutePreserveEscape""]",[],[],[],[],
gpt-5.5,204,ok,/home/lpy/workspace/misc/course/Introduction-to-Software-Testing/artifacts/sample_runs/gpt-5.5/cand204_e79a590e0cda,e79a590e0cdabd93883aca964db2a862ff3f8490,new test case explanations about algorithm,src/test/java/org/apache/commons/lang3/ArrayUtilsTest.java,254,254,254,1.0000,0,0,0,1.0000,0,0,0,1.0000,1,1,1,1.0000,1598,1598,1.0000,"{""assertArrayEquals"": 48, ""assertEquals"": 973, ""assertFalse"": 171, ""assertIsEquals"": 9, ""assertNotNull"": 1, ""assertNotSame"": 20, ""assertNull"": 9, ""assertSame"": 71, ""assertTrue"": 280, ""fail"": 16}","{""assertArrayEquals"": 48, ""assertEquals"": 973, ""assertFalse"": 171, ""assertIsEquals"": 9, ""assertNotNull"": 1, ""assertNotSame"": 20, ""assertNull"": 9, ""assertSame"": 71, ""assertTrue"": 280, ""fail"": 16}",1.0000,2,2,[],[],[],[],"[""testShiftShort""]","[""testShiftShort""]",
gpt-5.5,205,ok,/home/lpy/workspace/misc/course/Introduction-to-Software-Testing/artifacts/sample_runs/gpt-5.5/cand205_e9d7afbe2bf6,e9d7afbe2bf667167614869c7ea10e91f96ffceb,[LANG-1523] Avoid unnecessary allocation in wrapIfMissing. (#496),src/test/java/org/apache/commons/lang3/StringUtilsTest.java,152,152,152,1.0000,0,0,0,1.0000,0,0,0,1.0000,2,2,2,1.0000,1581,1581,1.0000,"{""assertAbbreviateWithAbbrevMarkerAndOffset"": 21, ""assertAbbreviateWithOffset"": 21, ""assertArrayEquals"": 12, ""assertEquals"": 1218, ""assertFalse"": 30, ""assertNotEquals"": 2, ""assertNotNull"": 2, ""assertNull"": 188, ""assertSame"": 7, ""assertThrows"": 47, ""assertTrue"": 33}","{""assertAbbreviateWithAbbrevMarkerAndOffset"": 21, ""assertAbbreviateWithOffset"": 21, ""assertArrayEquals"": 12, ""assertEquals"": 1218, ""assertFalse"": 30, ""assertNotEquals"": 2, ""assertNotNull"": 2, ""assertNull"": 188, ""assertSame"": 7, ""assertThrows"": 47, ""assertTrue"": 33}",1.0000,47,47,[],[],[],[],"[""testWrapIfMissing_StringChar"", ""testWrapIfMissing_StringString""]","[""testWrapIfMissing_StringChar"", ""testWrapIfMissing_StringString""]",
gpt-5.5,206,ok,/home/lpy/workspace/misc/course/Introduction-to-Software-Testing/artifacts/sample_runs/gpt-5.5/cand206_eabd95a51c6b,eabd95a51c6b70b5503c7ade734fff5b34f80ff6,Additional samples,src/test/java/org/apache/commons/lang3/BooleanUtilsTest.java,71,71,71,1.0000,0,0,0,1.0000,0,0,0,1.0000,1,1,1,1.0000,251,251,1.0000,"{""assertEquals"": 109, ""assertFalse"": 32, ""assertNotNull"": 1, ""assertSame"": 9, ""assertTrue"": 100}","{""assertEquals"": 109, ""assertFalse"": 32, ""assertNotNull"": 1, ""assertSame"": 9, ""assertTrue"": 100}",1.0000,25,25,[],[],[],[],"[""test_toBooleanObject_String""]","[""test_toBooleanObject_String""]",
gpt-5.5,207,ok,/home/lpy/workspace/misc/course/Introduction-to-Software-Testing/artifacts/sample_runs/gpt-5.5/cand207_eb07b19f4a23,eb07b19f4a23d443a1fa1005c344d78f79c0f110,Lang 1689 add optional to objectutils isempty (#933),src/test/java/org/apache/commons/lang3/ObjectUtilsTest.java,56,56,56,1.0000,0,0,0,1.0000,0,0,0,1.0000,2,2,2,1.0000,276,276,1.0000,"{""assertArrayEquals"": 1, ""assertEquals"": 83, ""assertFalse"": 42, ""assertNotNull"": 2, ""assertNotSame"": 2, ""assertNull"": 23, ""assertSame"": 30, ""assertThrows"": 24, ""assertTrue"": 68, ""fail"": 1}","{""assertArrayEquals"": 1, ""assertEquals"": 83, ""assertFalse"": 42, ""assertNotNull"": 2, ""assertNotSame"": 2, ""assertNull"": 23, ""assertSame"": 30, ""assertThrows"": 24, ""assertTrue"": 68, ""fail"": 1}",1.0000,24,24,[],[],[],[],"[""testIsEmpty"", ""testIsNotEmpty""]","[""testIsEmpty"", ""testIsNotEmpty""]",
gpt-5.5,208,ok,/home/lpy/workspace/misc/course/Introduction-to-Software-Testing/artifacts/sample_runs/gpt-5.5/cand208_eb79f7c6f37d,eb79f7c6f37d0d9c4d9252b1020bc19a617a4d23,"(LANG-624) SystemUtils.getJavaVersionAsFloat throws StringIndexOutOfBoundsException on Android runtime/Dalvik VM. Oops, fix return type.",src/test/java/org/apache/commons/lang3/SystemUtilsTest.java,0,0,0,1.0000,0,0,0,1.0000,0,0,0,1.0000,0,0,0,1.0000,243,243,1.0000,"{""assertEquals"": 231, ""assertNotNull"": 6, ""assertNull"": 2, ""assertTrue"": 4}","{""assertEquals"": 231, ""assertNotNull"": 6, ""assertNull"": 2, ""assertTrue"": 4}",1.0000,0,0,[],[],[],[],[],[],
gpt-5.5,209,ok,/home/lpy/workspace/misc/course/Introduction-to-Software-Testing/artifacts/sample_runs/gpt-5.5/cand209_eccf213204b7,eccf213204b776e40efcc031f4c0df560b9421e9,LANG-787: Add StringUtils#removeIgnoreCase,src/test/java/org/apache/commons/lang3/StringUtilsTest.java,140,140,140,1.0000,4,4,4,1.0000,0,0,0,1.0000,0,0,0,1.0000,1350,1350,1.0000,"{""assertAbbreviateWithOffset"": 21, ""assertArrayEquals"": 5, ""assertEquals"": 1080, ""assertFalse"": 47, ""assertNotNull"": 2, ""assertNull"": 131, ""assertSame"": 3, ""assertTrue"": 50, ""fail"": 11}","{""assertAbbreviateWithOffset"": 21, ""assertArrayEquals"": 5, ""assertEquals"": 1080, ""assertFalse"": 47, ""assertNotNull"": 2, ""assertNull"": 131, ""assertSame"": 3, ""assertTrue"": 50, ""fail"": 11}",1.0000,13,13,"[""testRemoveIgnoreCase_String"", ""testReplaceIgnoreCase_StringStringString"", ""testReplaceIgnoreCase_StringStringStringInt"", ""testReplaceOnceIgnoreCase_StringStringString""]","[""testRemoveIgnoreCase_String"", ""testReplaceIgnoreCase_StringStringString"", ""testReplaceIgnoreCase_StringStringStringInt"", ""testReplaceOnceIgnoreCase_StringStringString""]",[],[],[],[],
gpt-5.5,210,ok,/home/lpy/workspace/misc/course/Introduction-to-Software-Testing/artifacts/sample_runs/gpt-5.5/cand210_ee2041464e60,ee2041464e60082a601d72be329bac57bc67328f,Let existing catch clause handle the NPE edge case,src/test/java/org/apache/commons/lang3/math/NumberUtilsTest.java,120,120,120,1.0000,0,0,0,1.0000,0,0,0,1.0000,6,6,6,1.0000,738,738,1.0000,"{""assertCreateNumberZero"": 7, ""assertEquals"": 551, ""assertFalse"": 30, ""assertNotNull"": 5, ""assertNull"": 7, ""assertThrows"": 42, ""assertTrue"": 96}","{""assertCreateNumberZero"": 7, ""assertEquals"": 551, ""assertFalse"": 30, ""assertNotNull"": 5, ""assertNull"": 7, ""assertThrows"": 42, ""assertTrue"": 96}",1.0000,42,42,[],[],[],[],"[""testStringToDoubleStringD"", ""testToByteStringI"", ""testToFloatStringF"", ""testToIntStringI"", ""testToLongStringL"", ""testToShortStringI""]","[""testStringToDoubleStringD"", ""testToByteStringI"", ""testToFloatStringF"", ""testToIntStringI"", ""testToLongStringL"", ""testToShortStringI""]",
gpt-5.5,211,ok,/home/lpy/workspace/misc/course/Introduction-to-Software-Testing/artifacts/sample_runs/gpt-5.5/cand211_ee6c682ed5fa,ee6c682ed5fa8c1b33aa1d52a1e2f088b0191b6b,"Add allNull() and anyNull() methods to ObjectUtils, as well as their associated tests.",src/test/java/org/apache/commons/lang3/ObjectUtilsTest.java,50,50,50,1.0000,2,2,2,1.0000,0,0,0,1.0000,0,0,0,1.0000,223,223,1.0000,"{""assertArrayEquals"": 1, ""assertEquals"": 76, ""assertFalse"": 31, ""assertNotNull"": 2, ""assertNotSame"": 2, ""assertNull"": 20, ""assertSame"": 30, ""assertThrows"": 19, ""assertTrue"": 41, ""fail"": 1}","{""assertArrayEquals"": 1, ""assertEquals"": 76, ""assertFalse"": 31, ""assertNotNull"": 2, ""assertNotSame"": 2, ""assertNull"": 20, ""assertSame"": 30, ""assertThrows"": 19, ""assertTrue"": 41, ""fail"": 1}",1.0000,19,19,"[""testAllNull"", ""testAnyNull""]","[""testAllNull"", ""testAnyNull""]",[],[],[],[],
gpt-5.5,212,ok,/home/lpy/workspace/misc/course/Introduction-to-Software-Testing/artifacts/sample_runs/gpt-5.5/cand212_f51f015e3deb,f51f015e3deb2d205b2962fbaa253f6ef457f2a3,[LANG-1682] Javadoc and test: Use Strings.CI.startsWithAny method instead (#1299),src/test/java/org/apache/commons/lang3/StringsTest.java,7,7,7,1.0000,1,1,1,1.0000,0,0,0,1.0000,0,0,0,1.0000,27,27,1.0000,"{""assertFalse"": 11, ""assertNotNull"": 2, ""assertTrue"": 14}","{""assertFalse"": 11, ""assertNotNull"": 2, ""assertTrue"": 14}",1.0000,0,0,"[""testCaseInsensitiveStartsWithAny""]","[""testCaseInsensitiveStartsWithAny""]",[],[],[],[],
gpt-5.5,213,ok,/home/lpy/workspace/misc/course/Introduction-to-Software-Testing/artifacts/sample_runs/gpt-5.5/cand213_f5e9f5528378,f5e9f55283788fc15a38191baea2cf765a227f4e,[LANG-1568] Add more failable Consumers to match JRE stock Consumers.,src/test/java/org/apache/commons/lang3/FunctionsTest.java,28,28,28,1.0000,6,6,6,1.0000,0,0,0,1.0000,13,13,13,1.0000,229,229,1.0000,"{""assertEquals"": 25, ""assertFalse"": 1, ""assertNotNull"": 36, ""assertNull"": 27, ""assertSame"": 60, ""assertThrows"": 68, ""assertTrue"": 12}","{""assertEquals"": 25, ""assertFalse"": 1, ""assertNotNull"": 36, ""assertNull"": 27, ""assertSame"": 60, ""assertThrows"": 68, ""assertTrue"": 12}",1.0000,68,68,"[""testAcceptDoubleConsumer"", ""testAcceptIntConsumer"", ""testAcceptLongConsumer"", ""testAcceptObjDoubleConsumer"", ""testAcceptObjIntConsumer"", ""testAcceptObjLongConsumer""]","[""testAcceptDoubleConsumer"", ""testAcceptIntConsumer"", ""testAcceptLongConsumer"", ""testAcceptObjDoubleConsumer"", ""testAcceptObjIntConsumer"", ""testAcceptObjLongConsumer""]",[],[],"[""testAcceptBiConsumer"", ""testAcceptConsumer"", ""testApplyBiFunction"", ""testApplyFunction"", ""testAsBiConsumer"", ""testAsBiFunction"", ""testAsConsumer"", ""testAsFunction"", ""testGetAsBooleanSupplier"", ""testGetAsDoubleSupplier"", ""testGetAsIntSupplier"", ""testGetAsLongSupplier"", ""testGetSupplier""]","[""testAcceptBiConsumer"", ""testAcceptConsumer"", ""testApplyBiFunction"", ""testApplyFunction"", ""testAsBiConsumer"", ""testAsBiFunction"", ""testAsConsumer"", ""testAsFunction"", ""testGetAsBooleanSupplier"", ""testGetAsDoubleSupplier"", ""testGetAsIntSupplier"", ""testGetAsLongSupplier"", ""testGetSupplier""]",
gpt-5.5,214,ok,/home/lpy/workspace/misc/course/Introduction-to-Software-Testing/artifacts/sample_runs/gpt-5.5/cand214_f68a643ef991,f68a643ef99189d10a6753167367dcc8f943d634,--corrected the isUnchecked method to check for null (#1079),src/test/java/org/apache/commons/lang3/exception/ExceptionUtilsTest.java,63,63,63,1.0000,1,1,1,1.0000,0,0,0,1.0000,0,0,0,1.0000,292,292,1.0000,"{""assertArrayEquals"": 1, ""assertEquals"": 148, ""assertFalse"": 11, ""assertNotNull"": 1, ""assertNull"": 40, ""assertSame"": 67, ""assertThrows"": 10, ""assertTrue"": 14}","{""assertArrayEquals"": 1, ""assertEquals"": 148, ""assertFalse"": 11, ""assertNotNull"": 1, ""assertNull"": 40, ""assertSame"": 67, ""assertThrows"": 10, ""assertTrue"": 14}",1.0000,10,10,"[""testIsUnchecked_null""]","[""testIsUnchecked_null""]",[],[],[],[],
gpt-5.5,216,ok,/home/lpy/workspace/misc/course/Introduction-to-Software-Testing/artifacts/sample_runs/gpt-5.5/cand216_f8b1f6e7456a,f8b1f6e7456a92b8aeb3e0aa8ef88936873dae00,Add method to DiffBuilder to allow appending from a DiffResult.,src/test/java/org/apache/commons/lang3/builder/DiffBuilderTest.java,31,31,31,1.0000,1,1,1,1.0000,0,0,0,1.0000,0,0,0,1.0000,77,77,1.0000,"{""assertArrayEquals"": 18, ""assertEquals"": 48, ""assertFalse"": 3, ""assertThat"": 5, ""assertTrue"": 3}","{""assertArrayEquals"": 18, ""assertEquals"": 48, ""assertFalse"": 3, ""assertThat"": 5, ""assertTrue"": 3}",1.0000,2,2,"[""testDiffResult""]","[""testDiffResult""]",[],[],[],[],
gpt-5.5,217,ok,/home/lpy/workspace/misc/course/Introduction-to-Software-Testing/artifacts/sample_runs/gpt-5.5/cand217_f91a7c97d35b,f91a7c97d35b6eda87b346c8b37418e10e728e31,"Per David M. Sledge's patch to LANG-599, added support to ClassUtils.getClass(String) to support inner classes being separated by '.' as well as the official '$'",src/test/java/org/apache/commons/lang3/ClassUtilsTest.java,0,0,0,1.0000,0,0,0,1.0000,0,0,0,1.0000,0,0,0,1.0000,533,533,1.0000,"{""assertEquals"": 223, ""assertFalse"": 148, ""assertGetClassReturnsClass"": 19, ""assertGetClassThrowsClassNotFound"": 10, ""assertGetClassThrowsException"": 3, ""assertGetClassThrowsNullPointerException"": 2, ""assertNotNull"": 1, ""assertNotSame"": 1, ""assertNull"": 6, ""assertSame"": 1, ""assertTrue"": 114, ""fail"": 5}","{""assertEquals"": 223, ""assertFalse"": 148, ""assertGetClassReturnsClass"": 19, ""assertGetClassThrowsClassNotFound"": 10, ""assertGetClassThrowsException"": 3, ""assertGetClassThrowsNullPointerException"": 2, ""assertNotNull"": 1, ""assertNotSame"": 1, ""assertNull"": 6, ""assertSame"": 1, ""assertTrue"": 114, ""fail"": 5}",1.0000,0,0,[],[],[],[],[],[],
gpt-5.5,218,ok,/home/lpy/workspace/misc/course/Introduction-to-Software-Testing/artifacts/sample_runs/gpt-5.5/cand218_f962e7b65457,f962e7b65457640a15db9970487cc858176bd511,Allow EventListenerSupport to handle (and ignore) exception from (#1167),src/test/java/org/apache/commons/lang3/event/EventListenerSupportTest.java,12,12,12,1.0000,1,1,1,1.0000,0,0,0,1.0000,1,1,1,1.0000,33,33,1.0000,"{""assertEquals"": 21, ""assertSame"": 6, ""assertThrows"": 5, ""assertTrue"": 1}","{""assertEquals"": 21, ""assertSame"": 6, ""assertThrows"": 5, ""assertTrue"": 1}",1.0000,5,5,"[""testThrowingListenerContinues""]","[""testThrowingListenerContinues""]",[],[],"[""testThrowingListener""]","[""testThrowingListener""]",
gpt-5.5,219,ok,/home/lpy/workspace/misc/course/Introduction-to-Software-Testing/artifacts/sample_runs/gpt-5.5/cand219_fa59a31596ce,fa59a31596ce37abe09c5f058c6f2e035f7c6677,[LANG-1821] NumberUtils.isCreatable fails for hexadecimal numbers with long type qualifier (#1629),src/test/java/org/apache/commons/lang3/math/NumberUtilsTest.java,126,126,126,1.0000,1,1,1,1.0000,0,0,0,1.0000,0,0,0,1.0000,735,735,1.0000,"{""assertCreateNumberZero"": 7, ""assertEquals"": 551, ""assertFalse"": 25, ""assertIllegalArgumentException"": 12, ""assertInstanceOf"": 41, ""assertNotNull"": 5, ""assertNull"": 7, ""assertNullPointerException"": 12, ""assertThrows"": 18, ""assertTrue"": 57}","{""assertCreateNumberZero"": 7, ""assertEquals"": 551, ""assertFalse"": 25, ""assertIllegalArgumentException"": 12, ""assertInstanceOf"": 41, ""assertNotNull"": 5, ""assertNull"": 7, ""assertNullPointerException"": 12, ""assertThrows"": 18, ""assertTrue"": 57}",1.0000,18,18,"[""testLang1821""]","[""testLang1821""]",[],[],[],[],
gpt-5.5,220,ok,/home/lpy/workspace/misc/course/Introduction-to-Software-Testing/artifacts/sample_runs/gpt-5.5/cand220_fb6a7e7788b9,fb6a7e7788b976dc53f6b2ff1e0bdb9f467d4987,[LANG-1544] MethodUtils.invokeMethod NullPointerException in case of null in args list (#680),src/test/java/org/apache/commons/lang3/reflect/MethodUtilsTest.java,43,43,43,1.0000,1,1,1,1.0000,0,0,0,1.0000,0,0,0,1.0000,204,204,1.0000,"{""assertArrayEquals"": 8, ""assertEquals"": 126, ""assertFalse"": 2, ""assertNotNull"": 15, ""assertNotSame"": 1, ""assertNull"": 18, ""assertSame"": 4, ""assertThat"": 3, ""assertThrows"": 19, ""assertTrue"": 8}","{""assertArrayEquals"": 8, ""assertEquals"": 126, ""assertFalse"": 2, ""assertNotNull"": 15, ""assertNotSame"": 1, ""assertNull"": 18, ""assertSame"": 4, ""assertThat"": 3, ""assertThrows"": 19, ""assertTrue"": 8}",1.0000,19,19,"[""testGetMatchingMethod""]","[""testGetMatchingMethod""]",[],[],[],[],
gpt-5.5,221,ok,/home/lpy/workspace/misc/course/Introduction-to-Software-Testing/artifacts/sample_runs/gpt-5.5/cand221_fbb5d31a581c,fbb5d31a581c24e925c442a7754358d2b62a669d,"LANG-1214: Handle ""void"" in ClassUtils.getClass() (closes #155)",src/test/java/org/apache/commons/lang3/ClassUtilsTest.java,57,57,57,1.0000,0,0,0,1.0000,0,0,0,1.0000,1,1,1,1.0000,660,660,1.0000,"{""assertArrayEquals"": 2, ""assertEquals"": 285, ""assertFalse"": 171, ""assertGetClassReturnsClass"": 19, ""assertGetClassThrowsClassNotFound"": 10, ""assertGetClassThrowsException"": 3, ""assertGetClassThrowsNullPointerException"": 2, ""assertNotNull"": 1, ""assertNotSame"": 1, ""assertNull"": 9, ""assertSame"": 1, ""assertTrue"": 151, ""fail"": 5}","{""assertArrayEquals"": 2, ""assertEquals"": 285, ""assertFalse"": 171, ""assertGetClassReturnsClass"": 19, ""assertGetClassThrowsClassNotFound"": 10, ""assertGetClassThrowsException"": 3, ""assertGetClassThrowsNullPointerException"": 2, ""assertNotNull"": 1, ""assertNotSame"": 1, ""assertNull"": 9, ""assertSame"": 1, ""assertTrue"": 151, ""fail"": 5}",1.0000,2,2,[],[],[],[],"[""testGetClassRawPrimitives""]","[""testGetClassRawPrimitives""]",
gpt-5.5,222,ok,/home/lpy/workspace/misc/course/Introduction-to-Software-Testing/artifacts/sample_runs/gpt-5.5/cand222_fc3638e0fc8d,fc3638e0fc8dc82136753c085f90ae4f773c01ba,Add tests,src/test/java/org/apache/commons/lang3/tuple/PairTest.java,18,18,18,1.0000,2,2,2,1.0000,1,1,1,1.0000,1,1,1,1.0000,72,72,1.0000,"{""assertEquals"": 53, ""assertInstanceOf"": 2, ""assertNotEquals"": 2, ""assertNull"": 5, ""assertThrows"": 3, ""assertTrue"": 7}","{""assertEquals"": 53, ""assertInstanceOf"": 2, ""assertNotEquals"": 2, ""assertNull"": 5, ""assertThrows"": 3, ""assertTrue"": 7}",1.0000,3,3,"[""testComparableAllDifferent"", ""testComparableRightEquals""]","[""testComparableAllDifferent"", ""testComparableRightEquals""]","[""testComparable1""]","[""testComparable1""]","[""testComparableLeftEquals""]","[""testComparableLeftEquals""]",
gpt-5.5,223,ok,/home/lpy/workspace/misc/course/Introduction-to-Software-Testing/artifacts/sample_runs/gpt-5.5/cand223_fd59e545f4f2,fd59e545f4f2d697ea7e197f002c5e8eeca27004,LANG-1223: Add StopWatch#getTime(TimeUnit) (closes #152),src/test/java/org/apache/commons/lang3/time/StopWatchTest.java,10,10,10,1.0000,1,1,1,1.0000,0,0,0,1.0000,0,0,0,1.0000,49,49,1.0000,"{""assertEquals"": 9, ""assertFalse"": 7, ""assertTrue"": 19, ""fail"": 14}","{""assertEquals"": 9, ""assertFalse"": 7, ""assertTrue"": 19, ""fail"": 14}",1.0000,0,0,"[""testStopWatchGetWithTimeUnit""]","[""testStopWatchGetWithTimeUnit""]",[],[],[],[],
gpt-5.5,224,ok,/home/lpy/workspace/misc/course/Introduction-to-Software-Testing/artifacts/sample_runs/gpt-5.5/cand224_fd866a9c2d6c,fd866a9c2d6c69f9f6462a5e498b58293597d611,Fix handling of non-ASCII letters & numbers in RandomStringUtils (#1273),src/test/java/org/apache/commons/lang3/RandomStringUtilsTest.java,27,27,27,1.0000,2,2,2,1.0000,0,0,0,1.0000,0,0,0,1.0000,135,135,1.0000,"{""assertEquals"": 34, ""assertFalse"": 11, ""assertNotEquals"": 3, ""assertNotNull"": 1, ""assertThat"": 23, ""assertThrows"": 34, ""assertTrue"": 28, ""fail"": 1}","{""assertEquals"": 34, ""assertFalse"": 11, ""assertNotEquals"": 3, ""assertNotNull"": 1, ""assertThat"": 23, ""assertThrows"": 34, ""assertTrue"": 28, ""fail"": 1}",1.0000,34,34,"[""testNonASCIILetters"", ""testNonASCIINumbers""]","[""testNonASCIILetters"", ""testNonASCIINumbers""]",[],[],[],[],
gpt-5.5,225,ok,/home/lpy/workspace/misc/course/Introduction-to-Software-Testing/artifacts/sample_runs/gpt-5.5/cand225_fdb6e394b8b0,fdb6e394b8b0bba1988c3262d90c232cb1a4b575,Use Java 8 API to manage thread local,src/test/java/org/apache/commons/lang3/builder/EqualsBuilderTest.java,57,57,57,1.0000,0,0,0,1.0000,0,0,0,1.0000,1,1,1,1.0000,323,323,1.0000,"{""assertArrayEquals"": 4, ""assertEquals"": 12, ""assertFalse"": 136, ""assertNotEquals"": 2, ""assertTrue"": 169}","{""assertArrayEquals"": 4, ""assertEquals"": 12, ""assertFalse"": 136, ""assertNotEquals"": 2, ""assertTrue"": 169}",1.0000,0,0,[],[],[],[],"[""testCyclicalObjectReferences""]","[""testCyclicalObjectReferences""]",
gpt-5.5,226,ok,/home/lpy/workspace/misc/course/Introduction-to-Software-Testing/artifacts/sample_runs/gpt-5.5/cand226_fde46a232d82,fde46a232d82f2b746f62bc7546e2e3371f20dca,Added 1 and 0 in toBooleanObject(final String str)  (#502),src/test/java/org/apache/commons/lang3/BooleanUtilsTest.java,72,72,72,1.0000,0,0,0,1.0000,0,0,0,1.0000,2,2,2,1.0000,284,284,1.0000,"{""assertEquals"": 96, ""assertFalse"": 33, ""assertNotNull"": 1, ""assertNull"": 17, ""assertSame"": 9, ""assertThrows"": 25, ""assertTrue"": 103}","{""assertEquals"": 96, ""assertFalse"": 33, ""assertNotNull"": 1, ""assertNull"": 17, ""assertSame"": 9, ""assertThrows"": 25, ""assertTrue"": 103}",1.0000,25,25,[],[],[],[],"[""test_toBooleanObject_String"", ""test_toBoolean_String""]","[""test_toBooleanObject_String"", ""test_toBoolean_String""]",
gpt-5.5,228,ok,/home/lpy/workspace/misc/course/Introduction-to-Software-Testing/artifacts/sample_runs/gpt-5.5/cand228_010c5d26330c,010c5d26330c4e381e5a598fed700241667ad532,Add SystemUtils.IS_OS_MAC_OSX_SEQUOIA,src/test/java/org/apache/commons/lang3/SystemUtilsTest.java,20,20,20,1.0000,0,0,0,1.0000,0,0,0,1.0000,1,1,1,1.0000,1117,1117,1.0000,"{""assertEquals"": 12, ""assertFalse"": 844, ""assertNotNull"": 6, ""assertNull"": 1, ""assertTrue"": 254}","{""assertEquals"": 12, ""assertFalse"": 844, ""assertNotNull"": 6, ""assertNull"": 1, ""assertTrue"": 254}",1.0000,0,0,[],[],[],[],"[""test_IS_OS""]","[""test_IS_OS""]",
gpt-5.5,229,ok,/home/lpy/workspace/misc/course/Introduction-to-Software-Testing/artifacts/sample_runs/gpt-5.5/cand229_0162032aa4ea,0162032aa4ea1084e4bccbce6fbfc48ae4b0cc48,"LANG-1072 Duplicated ""0x"" check in createBigInteger in NumberUtils",src/test/java/org/apache/commons/lang3/math/NumberUtilsTest.java,90,90,90,1.0000,0,0,0,1.0000,0,0,0,1.0000,1,1,1,1.0000,509,509,1.0000,"{""assertEquals"": 198, ""assertFalse"": 16, ""assertNotNull"": 2, ""assertTrue"": 284, ""fail"": 9}","{""assertEquals"": 198, ""assertFalse"": 16, ""assertNotNull"": 2, ""assertTrue"": 284, ""fail"": 9}",1.0000,28,28,[],[],[],[],"[""testCreateBigInteger""]","[""testCreateBigInteger""]",
gpt-5.5,230,ok,/home/lpy/workspace/misc/course/Introduction-to-Software-Testing/artifacts/sample_runs/gpt-5.5/cand230_03e7c36d2daf,03e7c36d2dafca70e1f0e2c27a77ed4816cecf3f,`LocaleUtils.toLocale(String)` for a 2 letter country code now returns a value instead of throwing an `IllegalArgumentException`,src/test/java/org/apache/commons/lang3/LocaleUtilsTest.java,21,21,21,1.0000,2,2,2,1.0000,0,0,0,1.0000,0,0,0,1.0000,153,153,1.0000,"{""assertCountriesByLanguage"": 5, ""assertEquals"": 40, ""assertFalse"": 1, ""assertIllegalArgumentException"": 20, ""assertLanguageByCountry"": 5, ""assertLocaleLookupList"": 17, ""assertNotEquals"": 4, ""assertNotNull"": 9, ""assertNull"": 2, ""assertSame"": 4, ""assertThrows"": 1, ""assertTrue"": 11, ""assertUnmodifiableCollection"": 6, ""assertValidToLocale"": 28}","{""assertCountriesByLanguage"": 5, ""assertEquals"": 40, ""assertFalse"": 1, ""assertIllegalArgumentException"": 20, ""assertLanguageByCountry"": 5, ""assertLocaleLookupList"": 17, ""assertNotEquals"": 4, ""assertNotNull"": 9, ""assertNull"": 2, ""assertSame"": 4, ""assertThrows"": 1, ""assertTrue"": 11, ""assertUnmodifiableCollection"": 6, ""assertValidToLocale"": 28}",1.0000,1,1,"[""testToLocaleGetIso3Country"", ""testToLocaleGetIso3Language""]","[""testToLocaleGetIso3Country"", ""testToLocaleGetIso3Language""]",[],[],[],[],
gpt-5.5,231,ok,/home/lpy/workspace/misc/course/Introduction-to-Software-Testing/artifacts/sample_runs/gpt-5.5/cand231_03f74ba5a127,03f74ba5a127d40eb280b4866fc2c0c338915809,Add ClassPathUtils.packageToPath(String) and pathToPackage(String),src/test/java/org/apache/commons/lang3/ClassPathUtilsTest.java,15,15,15,1.0000,2,2,2,1.0000,0,0,0,1.0000,0,0,0,1.0000,23,23,1.0000,"{""assertEquals"": 11, ""assertFalse"": 1, ""assertNotNull"": 1, ""assertThrows"": 8, ""assertTrue"": 2}","{""assertEquals"": 11, ""assertFalse"": 1, ""assertNotNull"": 1, ""assertThrows"": 8, ""assertTrue"": 2}",1.0000,8,8,"[""testPackageToPath"", ""testPathToPackage""]","[""testPackageToPath"", ""testPathToPackage""]",[],[],[],[],
gpt-5.5,232,ok,/home/lpy/workspace/misc/course/Introduction-to-Software-Testing/artifacts/sample_runs/gpt-5.5/cand232_05803b0d5826,05803b0d5826891c03927b2b1a49de8a77799f72,Add JavaVersion enum constants for Java 16.,src/test/java/org/apache/commons/lang3/JavaVersionTest.java,3,3,3,1.0000,0,0,0,1.0000,0,0,0,1.0000,1,1,1,1.0000,27,27,1.0000,"{""assertEquals"": 21, ""assertFalse"": 3, ""assertNull"": 1, ""assertTrue"": 2}","{""assertEquals"": 21, ""assertFalse"": 3, ""assertNull"": 1, ""assertTrue"": 2}",1.0000,0,0,[],[],[],[],"[""testGetJavaVersion""]","[""testGetJavaVersion""]",
gpt-5.5,233,ok,/home/lpy/workspace/misc/course/Introduction-to-Software-Testing/artifacts/sample_runs/gpt-5.5/cand233_059fb3b8c10a,059fb3b8c10a7ce5e78a01a99659f62a5cf75c48,Add SystemProperties constants and methods for system properties as of Java 22,src/test/java/org/apache/commons/lang3/SystemPropertiesTest.java,49,49,49,1.0000,1,1,1,1.0000,0,0,0,1.0000,2,2,2,1.0000,262,262,1.0000,"{""assertDoesNotThrow"": 197, ""assertEquals"": 10, ""assertFalse"": 3, ""assertNotNull"": 43, ""assertNull"": 9}","{""assertDoesNotThrow"": 197, ""assertEquals"": 10, ""assertFalse"": 3, ""assertNotNull"": 43, ""assertNull"": 9}",1.0000,0,0,"[""testGetDoesNotThrow""]","[""testGetDoesNotThrow""]",[],[],"[""testActualKeys"", ""testGetFileEncoding""]","[""testActualKeys"", ""testGetFileEncoding""]",
gpt-5.5,235,ok,/home/lpy/workspace/misc/course/Introduction-to-Software-Testing/artifacts/sample_runs/gpt-5.5/cand235_0769eb977b3a,0769eb977b3a56adf5ec8bd4e9f123b75bdf38ed,"[LANG-610] Introduced ConcurrentRuntimeException and extended the exception handling methods of ConcurrentUtils to support runtime exceptions, too.",src/test/java/org/apache/commons/lang3/concurrent/ConcurrentUtilsTest.java,26,26,26,1.0000,14,14,14,1.0000,2,2,2,1.0000,0,0,0,1.0000,40,40,1.0000,"{""assertEquals"": 18, ""assertNull"": 4, ""assertSame"": 8, ""fail"": 10}","{""assertEquals"": 18, ""assertNull"": 4, ""assertSame"": 8, ""fail"": 10}",1.0000,6,6,"[""testConcurrentRuntimeExceptionCauseError"", ""testConcurrentRuntimeExceptionCauseNull"", ""testConcurrentRuntimeExceptionCauseUnchecked"", ""testExtractCauseUncheckedChecked"", ""testExtractCauseUncheckedError"", ""testExtractCauseUncheckedException"", ""testExtractCauseUncheckedNull"", ""testExtractCauseUncheckedNullCause"", ""testExtractCauseUncheckedUncheckedException"", ""testHandleCauseUncheckedChecked"", ""testHandleCauseUncheckedError"", ""testHandleCauseUncheckedException"", ""testHandleCauseUncheckedNull"", ""testHandleCauseUncheckedUncheckedException""]","[""testConcurrentRuntimeExceptionCauseError"", ""testConcurrentRuntimeExceptionCauseNull"", ""testConcurrentRuntimeExceptionCauseUnchecked"", ""testExtractCauseUncheckedChecked"", ""testExtractCauseUncheckedError"", ""testExtractCauseUncheckedException"", ""testExtractCauseUncheckedNull"", ""testExtractCauseUncheckedNullCause"", ""testExtractCauseUncheckedUncheckedException"", ""testHandleCauseUncheckedChecked"", ""testHandleCauseUncheckedError"", ""testHandleCauseUncheckedException"", ""testHandleCauseUncheckedNull"", ""testHandleCauseUncheckedUncheckedException""]","[""testExtractCauseUnchecked"", ""testHandleCauseUnchecked""]","[""testExtractCauseUnchecked"", ""testHandleCauseUnchecked""]",[],[],
gpt-5.5,236,ok,/home/lpy/workspace/misc/course/Introduction-to-Software-Testing/artifacts/sample_runs/gpt-5.5/cand236_09ef69c5b511,09ef69c5b51115300da6df43690cd455d83c8027,[LANG-1397] WordUtils.wrap throws StringIndexOutOfBoundsException when wrapLength is Integer.MAX_VALUE.,src/test/java/org/apache/commons/lang3/text/WordUtilsTest.java,16,16,16,1.0000,1,1,1,1.0000,0,0,0,1.0000,0,0,0,1.0000,212,212,1.0000,"{""assertEquals"": 172, ""assertFalse"": 14, ""assertNotNull"": 1, ""assertNull"": 22, ""assertTrue"": 3}","{""assertEquals"": 172, ""assertFalse"": 14, ""assertNotNull"": 1, ""assertNull"": 22, ""assertTrue"": 3}",1.0000,0,0,"[""testLANG1397""]","[""testLANG1397""]",[],[],[],[],
gpt-5.5,237,ok,/home/lpy/workspace/misc/course/Introduction-to-Software-Testing/artifacts/sample_runs/gpt-5.5/cand237_0bee92719352,0bee92719352c658886763618bf4eacc7dc2b7ec,Add Streams.of(Enumeration<E>),src/test/java/org/apache/commons/lang3/stream/StreamsTest.java,16,16,16,1.0000,1,1,1,1.0000,0,0,0,1.0000,0,0,0,1.0000,53,53,1.0000,"{""assertAll"": 2, ""assertEquals"": 30, ""assertEvenNumbers"": 3, ""assertNotNull"": 1, ""assertThat"": 8, ""assertThrows"": 7, ""assertTrue"": 2}","{""assertAll"": 2, ""assertEquals"": 30, ""assertEvenNumbers"": 3, ""assertNotNull"": 1, ""assertThat"": 8, ""assertThrows"": 7, ""assertTrue"": 2}",1.0000,7,7,"[""testOfEnumeration""]","[""testOfEnumeration""]",[],[],[],[],
gpt-5.5,238,ok,/home/lpy/workspace/misc/course/Introduction-to-Software-Testing/artifacts/sample_runs/gpt-5.5/cand238_0c6a5c10a7a0,0c6a5c10a7a0f0073b6577e5c4898ceb42428b55,"Add org.apache.commons.lang3.time.DateUtils.toLocalDateTime(Date[, TimeZone]) #1385",src/test/java/org/apache/commons/lang3/time/DateUtilsTest.java,70,70,70,1.0000,2,2,2,1.0000,0,0,0,1.0000,0,0,0,1.0000,454,454,1.0000,"{""assertCalendarsEquals"": 5, ""assertDate"": 81, ""assertEquals"": 211, ""assertFalse"": 12, ""assertIllegalArgumentException"": 15, ""assertNotNull"": 1, ""assertNotSame"": 40, ""assertNullPointerException"": 48, ""assertThrows"": 16, ""assertTrue"": 10, ""assertWeekIterator"": 15}","{""assertCalendarsEquals"": 5, ""assertDate"": 81, ""assertEquals"": 211, ""assertFalse"": 12, ""assertIllegalArgumentException"": 15, ""assertNotNull"": 1, ""assertNotSame"": 40, ""assertNullPointerException"": 48, ""assertThrows"": 16, ""assertTrue"": 10, ""assertWeekIterator"": 15}",1.0000,16,16,"[""testToLocalDateTime"", ""testToLocalDateTimeTimeZone""]","[""testToLocalDateTime"", ""testToLocalDateTimeTimeZone""]",[],[],[],[],
gpt-5.5,239,ok,/home/lpy/workspace/misc/course/Introduction-to-Software-Testing/artifacts/sample_runs/gpt-5.5/cand239_0dffedc822ce,0dffedc822cefbec5151653170ee23faa18d7fac,Add SystemProperties.JAVA_SECURITY_KERBEROS_CONF,src/test/java/org/apache/commons/lang3/SystemPropertiesTest.java,49,49,49,1.0000,0,0,0,1.0000,0,0,0,1.0000,1,1,1,1.0000,262,262,1.0000,"{""assertDoesNotThrow"": 197, ""assertEquals"": 10, ""assertFalse"": 3, ""assertNotNull"": 43, ""assertNull"": 9}","{""assertDoesNotThrow"": 197, ""assertEquals"": 10, ""assertFalse"": 3, ""assertNotNull"": 43, ""assertNull"": 9}",1.0000,0,0,[],[],[],[],"[""testActualKeys""]","[""testActualKeys""]",
gpt-5.5,240,ok,/home/lpy/workspace/misc/course/Introduction-to-Software-Testing/artifacts/sample_runs/gpt-5.5/cand240_0f4dee8451df,0f4dee8451df2ec68a1f201a859f3955a7abd504,LocaleUtils.toLocale(String) cannot parse four segments,src/test/java/org/apache/commons/lang3/LocaleUtilsTest.java,19,19,19,1.0000,0,0,0,1.0000,0,0,0,1.0000,1,1,1,1.0000,143,143,1.0000,"{""assertCountriesByLanguage"": 5, ""assertEquals"": 30, ""assertFalse"": 1, ""assertLanguageByCountry"": 5, ""assertLocaleLookupList"": 17, ""assertNotEquals"": 4, ""assertNotNull"": 9, ""assertNull"": 2, ""assertSame"": 4, ""assertThrows"": 21, ""assertTrue"": 11, ""assertUnmodifiableCollection"": 6, ""assertValidToLocale"": 28}","{""assertCountriesByLanguage"": 5, ""assertEquals"": 30, ""assertFalse"": 1, ""assertLanguageByCountry"": 5, ""assertLocaleLookupList"": 17, ""assertNotEquals"": 4, ""assertNotNull"": 9, ""assertNull"": 2, ""assertSame"": 4, ""assertThrows"": 21, ""assertTrue"": 11, ""assertUnmodifiableCollection"": 6, ""assertValidToLocale"": 28}",1.0000,21,21,[],[],[],[],"[""testToLocale_3Part""]","[""testToLocale_3Part""]",
gpt-5.5,241,ok,/home/lpy/workspace/misc/course/Introduction-to-Software-Testing/artifacts/sample_runs/gpt-5.5/cand241_0f6a292a29fe,0f6a292a29fedd49741310cd517ac4ba907bf8d4,LANG-1034: Add support for recursive comparison to EqualsBuilder#reflectionEquals (closes #202),src/test/java/org/apache/commons/lang3/builder/EqualsBuilderTest.java,53,53,53,1.0000,1,1,1,1.0000,0,0,0,1.0000,0,0,0,1.0000,276,276,1.0000,"{""assertEquals"": 7, ""assertFalse"": 21, ""assertNull"": 3, ""assertTrue"": 245}","{""assertEquals"": 7, ""assertFalse"": 21, ""assertNull"": 3, ""assertTrue"": 245}",1.0000,0,0,"[""testReflectionAppend""]","[""testReflectionAppend""]",[],[],[],[],
gpt-5.5,242,ok,/home/lpy/workspace/misc/course/Introduction-to-Software-Testing/artifacts/sample_runs/gpt-5.5/cand242_106b61a5be74,106b61a5be740b6e784c3aae4aa10d5b6df832b1,Add SystemProperties.JAVA_SECURITY_DEBUG,src/test/java/org/apache/commons/lang3/SystemPropertiesTest.java,49,49,49,1.0000,0,0,0,1.0000,0,0,0,1.0000,2,2,2,1.0000,262,262,1.0000,"{""assertDoesNotThrow"": 197, ""assertEquals"": 10, ""assertFalse"": 3, ""assertNotNull"": 43, ""assertNull"": 9}","{""assertDoesNotThrow"": 197, ""assertEquals"": 10, ""assertFalse"": 3, ""assertNotNull"": 43, ""assertNull"": 9}",1.0000,0,0,[],[],[],[],"[""testActualKeys"", ""testGetDoesNotThrow""]","[""testActualKeys"", ""testGetDoesNotThrow""]",
gpt-5.5,243,ok,/home/lpy/workspace/misc/course/Introduction-to-Software-Testing/artifacts/sample_runs/gpt-5.5/cand243_118652d768eb,118652d768eb3bb92717dc1520e2cd272f7e068e,"Add LangCollectors.collect(Collector, T...)",src/test/java/org/apache/commons/lang3/stream/LangCollectorsTest.java,16,16,16,1.0000,8,8,8,1.0000,0,0,0,1.0000,2,2,2,1.0000,114,114,1.0000,"{""assertEquals"": 114}","{""assertEquals"": 114}",1.0000,0,0,"[""testCollectStrings1Arg"", ""testJoinCollectNonStrings0Arg"", ""testJoinCollectNonStrings1Arg"", ""testJoinCollectNonStrings3Args"", ""testJoinCollectNonStrings4Args"", ""testJoinCollectStrings0Arg"", ""testJoinCollectStrings3Args"", ""testJoinCollectStrings4Args""]","[""testCollectStrings1Arg"", ""testJoinCollectNonStrings0Arg"", ""testJoinCollectNonStrings1Arg"", ""testJoinCollectNonStrings3Args"", ""testJoinCollectNonStrings4Args"", ""testJoinCollectStrings0Arg"", ""testJoinCollectStrings3Args"", ""testJoinCollectStrings4Args""]",[],[],"[""testJoiningNonStrings0Arg"", ""testJoiningNonStrings1Arg""]","[""testJoiningNonStrings0Arg"", ""testJoiningNonStrings1Arg""]",
gpt-5.5,244,ok,/home/lpy/workspace/misc/course/Introduction-to-Software-Testing/artifacts/sample_runs/gpt-5.5/cand244_11a15c639438,11a15c639438065e63ab0bb6f8bd87779855ea67,LANG-834: Validate: add inclusiveBetween and exclusiveBetween overloads for primitives types. Initial patch provided by Sebb.,src/test/java/org/apache/commons/lang3/ValidateTest.java,62,62,62,1.0000,8,8,8,1.0000,0,0,0,1.0000,4,4,4,1.0000,177,177,1.0000,"{""assertEquals"": 76, ""assertFalse"": 1, ""assertNotNull"": 1, ""assertSame"": 22, ""assertTrue"": 2, ""fail"": 75}","{""assertEquals"": 76, ""assertFalse"": 1, ""assertNotNull"": 1, ""assertSame"": 22, ""assertTrue"": 2, ""fail"": 75}",1.0000,0,0,"[""testExclusiveBetweenDouble"", ""testExclusiveBetweenDouble_withMessage"", ""testExclusiveBetweenLong"", ""testExclusiveBetweenLong_withMessage"", ""testInclusiveBetweenDouble"", ""testInclusiveBetweenDouble_withMessage"", ""testInclusiveBetweenLong"", ""testInclusiveBetweenLong_withMessage""]","[""testExclusiveBetweenDouble"", ""testExclusiveBetweenDouble_withMessage"", ""testExclusiveBetweenLong"", ""testExclusiveBetweenLong_withMessage"", ""testInclusiveBetweenDouble"", ""testInclusiveBetweenDouble_withMessage"", ""testInclusiveBetweenLong"", ""testInclusiveBetweenLong_withMessage""]",[],[],"[""testExclusiveBetween"", ""testExclusiveBetween_withMessage"", ""testInclusiveBetween"", ""testInclusiveBetween_withMessage""]","[""testExclusiveBetween"", ""testExclusiveBetween_withMessage"", ""testInclusiveBetween"", ""testInclusiveBetween_withMessage""]",
gpt-5.5,245,ok,/home/lpy/workspace/misc/course/Introduction-to-Software-Testing/artifacts/sample_runs/gpt-5.5/cand245_11b1bc19ab36,11b1bc19ab360afce8a48167002bfcb747faeb68,Deprecate ThreadUtils code that defines custom function interfaces in favor of stock java.util.function.Predicate usage.,src/test/java/org/apache/commons/lang3/ThreadUtilsTest.java,29,29,29,1.0000,2,2,2,1.0000,2,2,2,1.0000,1,1,1,1.0000,58,58,1.0000,"{""assertEquals"": 21, ""assertFalse"": 3, ""assertNotNull"": 3, ""assertNull"": 4, ""assertSame"": 4, ""assertThrows"": 18, ""assertTrue"": 5}","{""assertEquals"": 21, ""assertFalse"": 3, ""assertNotNull"": 3, ""assertNull"": 4, ""assertSame"": 4, ""assertThrows"": 18, ""assertTrue"": 5}",1.0000,18,18,"[""testThreadGroupsNullParent"", ""testThreadGroupsNullPredicate""]","[""testThreadGroupsNullParent"", ""testThreadGroupsNullPredicate""]","[""testThreadgroupsNullParent"", ""testThreadgroupsNullPredicate""]","[""testThreadgroupsNullParent"", ""testThreadgroupsNullPredicate""]","[""testThreadsNullPredicate""]","[""testThreadsNullPredicate""]",
gpt-5.5,246,ok,/home/lpy/workspace/misc/course/Introduction-to-Software-Testing/artifacts/sample_runs/gpt-5.5/cand246_11c0df1d9ec5,11c0df1d9ec508e4ae502c1b951907640a5c4804,LANG-1102: Make logic for comparing OS versions in SystemUtils smarter,src/test/java/org/apache/commons/lang3/SystemUtilsTest.java,12,12,12,1.0000,1,1,1,1.0000,0,0,0,1.0000,0,0,0,1.0000,249,249,1.0000,"{""assertEquals"": 5, ""assertFalse"": 182, ""assertNotNull"": 6, ""assertNull"": 2, ""assertTrue"": 53, ""fail"": 1}","{""assertEquals"": 5, ""assertFalse"": 182, ""assertNotNull"": 6, ""assertNull"": 2, ""assertTrue"": 53, ""fail"": 1}",1.0000,0,0,"[""testOsVersionMatches""]","[""testOsVersionMatches""]",[],[],[],[],
gpt-5.5,247,ok,/home/lpy/workspace/misc/course/Introduction-to-Software-Testing/artifacts/sample_runs/gpt-5.5/cand247_13cd4e0ac3ab,13cd4e0ac3ab76a4dc091eda457f9a111727cba2,LANG-1190: TypeUtils.isAssignable throws NullPointerException when fromType has type variables and toType generic superclass specifies type variable (closes #158),src/test/java/org/apache/commons/lang3/reflect/TypeUtilsTest.java,20,21,20,0.9524,0,1,0,0.0000,0,0,0,1.0000,0,0,0,1.0000,165,166,0.9940,"{""assertArrayEquals"": 3, ""assertEquals"": 49, ""assertFalse"": 35, ""assertNull"": 16, ""assertTrue"": 62}","{""assertArrayEquals"": 3, ""assertEquals"": 49, ""assertFalse"": 35, ""assertNull"": 16, ""assertTrue"": 63}",1.0000,0,0,[],"[""testLANG1190""]",[],[],[],[],
gpt-5.5,248,ok,/home/lpy/workspace/misc/course/Introduction-to-Software-Testing/artifacts/sample_runs/gpt-5.5/cand248_1661e5519c48,1661e5519c4836a5a940b13b7797263443156fc9,LANG-1311: TypeUtils.toString() doesn't handle primitive and Object arrays correctly,src/test/java/org/apache/commons/lang3/reflect/TypeUtilsTest.java,21,22,21,0.9545,0,1,0,0.0000,0,0,0,1.0000,0,0,0,1.0000,166,169,0.9822,"{""assertArrayEquals"": 3, ""assertEquals"": 49, ""assertFalse"": 35, ""assertNull"": 16, ""assertTrue"": 63}","{""assertArrayEquals"": 3, ""assertEquals"": 52, ""assertFalse"": 35, ""assertNull"": 16, ""assertTrue"": 63}",1.0000,0,0,[],"[""testToStringLang1311""]",[],[],[],[],
gpt-5.5,249,ok,/home/lpy/workspace/misc/course/Introduction-to-Software-Testing/artifacts/sample_runs/gpt-5.5/cand249_16c34b222d6a,16c34b222d6a16849798e3345174ca9f0ebc430d,"Add support for Java 9's ""java.locale.providers"" in SystemProperties",src/test/java/org/apache/commons/lang3/SystemPropertiesTest.java,46,46,46,1.0000,4,4,4,1.0000,0,0,0,1.0000,0,0,0,1.0000,57,57,1.0000,"{""assertDoesNotThrow"": 5, ""assertEquals"": 9, ""assertNotNull"": 34, ""assertNull"": 9}","{""assertDoesNotThrow"": 5, ""assertEquals"": 9, ""assertNotNull"": 34, ""assertNull"": 9}",1.0000,0,0,"[""testGetBoolean"", ""testGetInt"", ""testGetJavaLocaleProviders"", ""testGetLong""]","[""testGetBoolean"", ""testGetInt"", ""testGetJavaLocaleProviders"", ""testGetLong""]",[],[],[],[],
gpt-5.5,250,ok,/home/lpy/workspace/misc/course/Introduction-to-Software-Testing/artifacts/sample_runs/gpt-5.5/cand250_16de452a3754,16de452a3754bfb2b36d8f6cd4a0b55432803455,Add DurationUtils.of(FailableConsumer|FailableRunnbale),src/test/java/org/apache/commons/lang3/time/DurationUtilsTest.java,10,10,10,1.0000,3,3,3,1.0000,0,0,0,1.0000,0,0,0,1.0000,53,53,1.0000,"{""assertEquals"": 43, ""assertFalse"": 2, ""assertThrows"": 1, ""assertTrue"": 7}","{""assertEquals"": 43, ""assertFalse"": 2, ""assertThrows"": 1, ""assertTrue"": 7}",1.0000,1,1,"[""testOfConsumer"", ""testOfRunnble"", ""testOfRunnbleThrowing""]","[""testOfConsumer"", ""testOfRunnble"", ""testOfRunnbleThrowing""]",[],[],[],[],
gpt-5.5,251,ok,/home/lpy/workspace/misc/course/Introduction-to-Software-Testing/artifacts/sample_runs/gpt-5.5/cand251_17ba8b9da6a8,17ba8b9da6a87791446917250b3d92b6925cbff0,Make LangCollectors.collect(...) null-safe,src/test/java/org/apache/commons/lang3/stream/LangCollectorsTest.java,17,17,17,1.0000,1,1,1,1.0000,0,0,0,1.0000,2,2,2,1.0000,118,118,1.0000,"{""assertEquals"": 118}","{""assertEquals"": 118}",1.0000,0,0,"[""testJoinCollectNullArgs""]","[""testJoinCollectNullArgs""]",[],[],"[""testJoinCollectNonStrings4Args"", ""testJoinCollectStrings4Args""]","[""testJoinCollectNonStrings4Args"", ""testJoinCollectStrings4Args""]",
gpt-5.5,252,ok,/home/lpy/workspace/misc/course/Introduction-to-Software-Testing/artifacts/sample_runs/gpt-5.5/cand252_18e772ca54dd,18e772ca54dda9eee10b15b235b5b4710d232777,Add SystemUtils.IS_JAVA_19,src/test/java/org/apache/commons/lang3/SystemUtilsTest.java,20,20,20,1.0000,0,0,0,1.0000,0,0,0,1.0000,1,1,1,1.0000,652,652,1.0000,"{""assertEquals"": 10, ""assertFalse"": 490, ""assertNotNull"": 6, ""assertNull"": 1, ""assertTrue"": 145}","{""assertEquals"": 10, ""assertFalse"": 490, ""assertNotNull"": 6, ""assertNull"": 1, ""assertTrue"": 145}",1.0000,0,0,[],[],[],[],"[""test_IS_JAVA""]","[""test_IS_JAVA""]",
gpt-5.5,253,ok,/home/lpy/workspace/misc/course/Introduction-to-Software-Testing/artifacts/sample_runs/gpt-5.5/cand253_1ec6c0ae9a28,1ec6c0ae9a28ef0d1a10adbded66d2b00ea840d4,"[LANG-1457] Add ExceptionUtils.throwableOfType(Throwable, Class) and friends.",src/test/java/org/apache/commons/lang3/exception/ExceptionUtilsTest.java,38,38,38,1.0000,4,4,4,1.0000,0,0,0,1.0000,4,4,4,1.0000,245,245,1.0000,"{""assertEquals"": 174, ""assertFalse"": 4, ""assertNotNull"": 1, ""assertSame"": 47, ""assertThrows"": 10, ""assertTrue"": 9}","{""assertEquals"": 174, ""assertFalse"": 4, ""assertNotNull"": 1, ""assertSame"": 47, ""assertThrows"": 10, ""assertTrue"": 9}",1.0000,10,10,"[""testThrowableOfType_ThrowableClass"", ""testThrowableOfType_ThrowableClassInt"", ""testThrowableOf_ThrowableClass"", ""testThrowableOf_ThrowableClassInt""]","[""testThrowableOfType_ThrowableClass"", ""testThrowableOfType_ThrowableClassInt"", ""testThrowableOf_ThrowableClass"", ""testThrowableOf_ThrowableClassInt""]",[],[],"[""testIndexOfType_ThrowableClass"", ""testIndexOfType_ThrowableClassInt"", ""testIndexOf_ThrowableClass"", ""testIndexOf_ThrowableClassInt""]","[""testIndexOfType_ThrowableClass"", ""testIndexOfType_ThrowableClassInt"", ""testIndexOf_ThrowableClass"", ""testIndexOf_ThrowableClassInt""]",
gpt-5.5,254,ok,/home/lpy/workspace/misc/course/Introduction-to-Software-Testing/artifacts/sample_runs/gpt-5.5/cand254_2275cca426e0,2275cca426e0ff13c40278ae428368615943ee2e,"Add LockingVisitors.create(O, ReadWriteLock)",src/test/java/org/apache/commons/lang3/concurrent/locks/LockingVisitorsTest.java,6,6,6,1.0000,1,1,1,1.0000,0,0,0,1.0000,0,0,0,1.0000,11,11,1.0000,"{""assertEquals"": 2, ""assertNotNull"": 2, ""assertNotSame"": 2, ""assertTrue"": 5}","{""assertEquals"": 2, ""assertNotNull"": 2, ""assertNotSame"": 2, ""assertTrue"": 5}",1.0000,0,0,"[""testCreate""]","[""testCreate""]",[],[],[],[],
gpt-5.5,255,ok,/home/lpy/workspace/misc/course/Introduction-to-Software-Testing/artifacts/sample_runs/gpt-5.5/cand255_24b6a468ae6b,24b6a468ae6ba138c4f4a1f4793fed4e73bf3c15,LANG-941: Test failure in LocaleUtilsTest when building with JDK 8,src/test/java/org/apache/commons/lang3/LocaleUtilsTest.java,14,14,14,1.0000,0,0,0,1.0000,0,0,0,1.0000,1,1,1,1.0000,121,121,1.0000,"{""assertCountriesByLanguage"": 5, ""assertEquals"": 20, ""assertFalse"": 1, ""assertLanguageByCountry"": 5, ""assertLocaleLookupList"": 17, ""assertNotNull"": 8, ""assertNull"": 1, ""assertSame"": 4, ""assertTrue"": 7, ""assertUnmodifiableCollection"": 6, ""assertValidToLocale"": 21, ""fail"": 26}","{""assertCountriesByLanguage"": 5, ""assertEquals"": 20, ""assertFalse"": 1, ""assertLanguageByCountry"": 5, ""assertLocaleLookupList"": 17, ""assertNotNull"": 8, ""assertNull"": 1, ""assertSame"": 4, ""assertTrue"": 7, ""assertUnmodifiableCollection"": 6, ""assertValidToLocale"": 21, ""fail"": 26}",1.0000,0,0,[],[],[],[],"[""testToLocale_1Part""]","[""testToLocale_1Part""]",
gpt-5.5,256,ok,/home/lpy/workspace/misc/course/Introduction-to-Software-Testing/artifacts/sample_runs/gpt-5.5/cand256_259ac721ce50,259ac721ce5097312d8bd93aefde26c2785f26e9,[LANG-1512] Add IS_JAVA_14 and IS_JAVA_15 to org.apache.commons.lang3.SystemUtils.,src/test/java/org/apache/commons/lang3/SystemUtilsTest.java,19,19,19,1.0000,0,0,0,1.0000,0,0,0,1.0000,1,1,1,1.0000,533,533,1.0000,"{""assertEquals"": 9, ""assertFalse"": 376, ""assertNotNull"": 6, ""assertNull"": 1, ""assertTrue"": 141}","{""assertEquals"": 9, ""assertFalse"": 376, ""assertNotNull"": 6, ""assertNull"": 1, ""assertTrue"": 141}",1.0000,0,0,[],[],[],[],"[""testIS_JAVA""]","[""testIS_JAVA""]",
gpt-5.5,257,ok,/home/lpy/workspace/misc/course/Introduction-to-Software-Testing/artifacts/sample_runs/gpt-5.5/cand257_263026823515,263026823515618b42f9549b491e57065cb69c58,Add StopWatch.getDuration() and deprecate getTime(),src/test/java/org/apache/commons/lang3/time/StopWatchTest.java,24,24,24,1.0000,7,7,7,1.0000,6,6,6,1.0000,1,1,1,1.0000,87,87,1.0000,"{""assertEquals"": 25, ""assertFalse"": 7, ""assertNotEquals"": 1, ""assertNull"": 1, ""assertThat"": 32, ""assertThrows"": 15, ""assertTrue"": 6}","{""assertEquals"": 25, ""assertFalse"": 7, ""assertNotEquals"": 1, ""assertNull"": 1, ""assertThat"": 32, ""assertThrows"": 15, ""assertTrue"": 6}",1.0000,15,15,"[""testGetDuration"", ""testGetTime"", ""testGetWithTimeUnit"", ""testSimple"", ""testSplit"", ""testStatic"", ""testSuspend""]","[""testGetDuration"", ""testGetTime"", ""testGetWithTimeUnit"", ""testSimple"", ""testSplit"", ""testStatic"", ""testSuspend""]","[""testStopWatchGetWithTimeUnit"", ""testStopWatchSimple"", ""testStopWatchSimpleGet"", ""testStopWatchSplit"", ""testStopWatchStatic"", ""testStopWatchSuspend""]","[""testStopWatchGetWithTimeUnit"", ""testStopWatchSimple"", ""testStopWatchSimpleGet"", ""testStopWatchSplit"", ""testStopWatchStatic"", ""testStopWatchSuspend""]","[""testLang315""]","[""testLang315""]",
gpt-5.5,258,ok,/home/lpy/workspace/misc/course/Introduction-to-Software-Testing/artifacts/sample_runs/gpt-5.5/cand258_2777d6784ef5,2777d6784ef5ccd1764e36a64575d2590b2d59d8,Add JavaVersion for Java 18 since a release candidate is available.,src/test/java/org/apache/commons/lang3/JavaVersionTest.java,3,3,3,1.0000,0,0,0,1.0000,0,0,0,1.0000,1,1,1,1.0000,29,29,1.0000,"{""assertEquals"": 23, ""assertFalse"": 3, ""assertNull"": 1, ""assertTrue"": 2}","{""assertEquals"": 23, ""assertFalse"": 3, ""assertNull"": 1, ""assertTrue"": 2}",1.0000,0,0,[],[],[],[],"[""testGetJavaVersion""]","[""testGetJavaVersion""]",
gpt-5.5,259,ok,/home/lpy/workspace/misc/course/Introduction-to-Software-Testing/artifacts/sample_runs/gpt-5.5/cand259_2875a65756da,2875a65756da4c72e8d188555b9639857e73684a,Add StopWatch.getSplitDuration() and deprecate getSplitTime(),src/test/java/org/apache/commons/lang3/time/StopWatchTest.java,21,21,21,1.0000,1,1,1,1.0000,0,0,0,1.0000,2,2,2,1.0000,67,67,1.0000,"{""assertEquals"": 19, ""assertFalse"": 7, ""assertNotEquals"": 1, ""assertNull"": 1, ""assertThat"": 20, ""assertThrows"": 13, ""assertTrue"": 6}","{""assertEquals"": 19, ""assertFalse"": 7, ""assertNotEquals"": 1, ""assertNull"": 1, ""assertThat"": 20, ""assertThrows"": 13, ""assertTrue"": 6}",1.0000,13,13,"[""testGetSplitDuration""]","[""testGetSplitDuration""]",[],[],"[""testBadStates"", ""testStopWatchSplit""]","[""testBadStates"", ""testStopWatchSplit""]",
gpt-5.5,260,ok,/home/lpy/workspace/misc/course/Introduction-to-Software-Testing/artifacts/sample_runs/gpt-5.5/cand260_2e9f3a801462,2e9f3a80146262511ca7bcdd3411f095dff4951d,LANG-1356: Add bypass option for classes to recursive and reflective EqualsBuilder,src/test/java/org/apache/commons/lang3/builder/EqualsBuilderTest.java,56,56,56,1.0000,2,2,2,1.0000,0,0,0,1.0000,0,0,0,1.0000,284,284,1.0000,"{""assertEquals"": 7, ""assertFalse"": 108, ""assertNull"": 3, ""assertTrue"": 166}","{""assertEquals"": 7, ""assertFalse"": 108, ""assertNull"": 3, ""assertTrue"": 166}",1.0000,0,0,"[""testObjectRecursiveGenericInteger"", ""testObjectRecursiveGenericString""]","[""testObjectRecursiveGenericInteger"", ""testObjectRecursiveGenericString""]",[],[],[],[],
gpt-5.5,261,ok,/home/lpy/workspace/misc/course/Introduction-to-Software-Testing/artifacts/sample_runs/gpt-5.5/cand261_2eecc96a53bb,2eecc96a53bb3b9da49bae03a18388d0f23853e7,[LANG-961] org.apache.commons.lang3.reflect.FieldUtils.removeFinalModifier(Field) does not clean up after itself.,src/test/java/org/apache/commons/lang3/reflect/FieldUtilsTest.java,53,53,53,1.0000,0,0,0,1.0000,0,0,0,1.0000,1,1,1,1.0000,301,301,1.0000,"{""assertArrayEquals"": 3, ""assertEquals"": 162, ""assertFalse"": 4, ""assertNotNull"": 1, ""assertNull"": 23, ""assertTrue"": 3, ""fail"": 105}","{""assertArrayEquals"": 3, ""assertEquals"": 162, ""assertFalse"": 4, ""assertNotNull"": 1, ""assertNull"": 23, ""assertTrue"": 3, ""fail"": 105}",1.0000,21,21,[],[],[],[],"[""testRemoveFinalModifier""]","[""testRemoveFinalModifier""]",
gpt-5.5,262,ok,/home/lpy/workspace/misc/course/Introduction-to-Software-Testing/artifacts/sample_runs/gpt-5.5/cand262_3225ba64ce9f,3225ba64ce9f196b828d7c2ea124c03bd0d62955,LANG-1103: Add SystemUtils.IS_JAVA_1_9,src/test/java/org/apache/commons/lang3/SystemUtilsTest.java,12,12,12,1.0000,0,0,0,1.0000,0,0,0,1.0000,1,1,1,1.0000,274,274,1.0000,"{""assertEquals"": 5, ""assertFalse"": 206, ""assertNotNull"": 6, ""assertNull"": 2, ""assertTrue"": 54, ""fail"": 1}","{""assertEquals"": 5, ""assertFalse"": 206, ""assertNotNull"": 6, ""assertNull"": 2, ""assertTrue"": 54, ""fail"": 1}",1.0000,0,0,[],[],[],[],"[""testIS_JAVA""]","[""testIS_JAVA""]",
gpt-5.5,264,ok,/home/lpy/workspace/misc/course/Introduction-to-Software-Testing/artifacts/sample_runs/gpt-5.5/cand264_3328387a53e6,3328387a53e6abc26e171b97d8d3dc1c2b5d4971,LANG-990: Avoid String allocation in StrBuilder.append(CharSequence). This fixes #51 from github. Thanks to Mikhail Mazurskiy and Fabian Lange.,src/test/java/org/apache/commons/lang3/text/StrBuilderTest.java,90,90,90,1.0000,1,1,1,1.0000,0,0,0,1.0000,0,0,0,1.0000,663,663,1.0000,"{""assertEquals"": 511, ""assertFalse"": 26, ""assertNotNull"": 2, ""assertNotSame"": 2, ""assertSame"": 12, ""assertTrue"": 72, ""fail"": 38}","{""assertEquals"": 511, ""assertFalse"": 26, ""assertNotNull"": 2, ""assertNotSame"": 2, ""assertSame"": 12, ""assertTrue"": 72, ""fail"": 38}",1.0000,0,0,"[""testAppendCharBuffer""]","[""testAppendCharBuffer""]",[],[],[],[],
gpt-5.5,265,ok,/home/lpy/workspace/misc/course/Introduction-to-Software-Testing/artifacts/sample_runs/gpt-5.5/cand265_341aaa797d51,341aaa797d515a1fce5def6b41cdc481701ad389,Added ImmutablePair factory methods left() and right().,src/test/java/org/apache/commons/lang3/tuple/ImmutablePairTest.java,22,22,22,1.0000,4,4,4,1.0000,0,0,0,1.0000,0,0,0,1.0000,60,60,1.0000,"{""assertEquals"": 41, ""assertNotEquals"": 3, ""assertNotNull"": 1, ""assertNull"": 10, ""assertSame"": 1, ""assertTrue"": 4}","{""assertEquals"": 41, ""assertNotEquals"": 3, ""assertNotNull"": 1, ""assertNull"": 10, ""assertSame"": 1, ""assertTrue"": 4}",1.0000,0,0,"[""testComparableLeftOnly"", ""testComparableRightOnly"", ""testToStringLeft"", ""testToStringRight""]","[""testComparableLeftOnly"", ""testComparableRightOnly"", ""testToStringLeft"", ""testToStringRight""]",[],[],[],[],
gpt-5.5,267,ok,/home/lpy/workspace/misc/course/Introduction-to-Software-Testing/artifacts/sample_runs/gpt-5.5/cand267_35f35e9e1cee,35f35e9e1cee8b53fd4c562534de79c6213d7aaf,"Add DurationUtils.get(String, TemporalUnit, long)",src/test/java/org/apache/commons/lang3/time/DurationUtilsTest.java,15,15,15,1.0000,3,3,3,1.0000,0,0,0,1.0000,0,0,0,1.0000,81,81,1.0000,"{""assertEquals"": 69, ""assertFalse"": 2, ""assertNullPointerException"": 1, ""assertThrows"": 1, ""assertTrue"": 8}","{""assertEquals"": 69, ""assertFalse"": 2, ""assertNullPointerException"": 1, ""assertThrows"": 1, ""assertTrue"": 8}",1.0000,1,1,"[""testGet"", ""testGetMilliseconds"", ""testGetSeconds""]","[""testGet"", ""testGetMilliseconds"", ""testGetSeconds""]",[],[],[],[],
gpt-5.5,268,ok,/home/lpy/workspace/misc/course/Introduction-to-Software-Testing/artifacts/sample_runs/gpt-5.5/cand268_35fee6998b8d,35fee6998b8d92c047f6db82fde825810fc26f4a,Add BasicThreadFactory.builder() and deprecate BasicThreadFactory.Builder(),src/test/java/org/apache/commons/lang3/concurrent/BasicThreadFactoryTest.java,17,17,17,1.0000,2,2,2,1.0000,0,0,0,1.0000,2,2,2,1.0000,30,30,1.0000,"{""assertEquals"": 8, ""assertFalse"": 2, ""assertNotNull"": 1, ""assertNotSame"": 1, ""assertNull"": 4, ""assertSame"": 8, ""assertThrows"": 3, ""assertTrue"": 3}","{""assertEquals"": 8, ""assertFalse"": 2, ""assertNotNull"": 1, ""assertNotSame"": 1, ""assertNull"": 4, ""assertSame"": 8, ""assertThrows"": 3, ""assertTrue"": 3}",1.0000,3,3,"[""testBuilderDaemon"", ""testBuilderDaemonBoolean""]","[""testBuilderDaemon"", ""testBuilderDaemonBoolean""]",[],[],"[""testBuilderReset"", ""testBuilderResetAfterBuild""]","[""testBuilderReset"", ""testBuilderResetAfterBuild""]",
gpt-5.5,269,ok,/home/lpy/workspace/misc/course/Introduction-to-Software-Testing/artifacts/sample_runs/gpt-5.5/cand269_38ed1a072598,38ed1a07259862eceaad05c6581b7f34e85f6be7,LANG-1082: Add option to disable the objectsTriviallyEqual test in DiffBuilder. This fixes #44 from github. Thanks to Jonathan Baker.,src/test/java/org/apache/commons/lang3/builder/DiffBuilderTest.java,28,28,28,1.0000,2,2,2,1.0000,0,0,0,1.0000,0,0,0,1.0000,67,67,1.0000,"{""assertArrayEquals"": 18, ""assertEquals"": 44, ""assertThat"": 5}","{""assertArrayEquals"": 18, ""assertEquals"": 44, ""assertThat"": 5}",1.0000,2,2,"[""testTriviallyEqualTestDisabled"", ""testTriviallyEqualTestEnabled""]","[""testTriviallyEqualTestDisabled"", ""testTriviallyEqualTestEnabled""]",[],[],[],[],
gpt-5.5,270,ok,/home/lpy/workspace/misc/course/Introduction-to-Software-Testing/artifacts/sample_runs/gpt-5.5/cand270_39f08ac62fc4,39f08ac62fc4e51b1c5bcc93ae2b12d4033bd05e,"StringUtils.join(Iterator, String) should only return null when the Iterator is null",src/test/java/org/apache/commons/lang3/StringUtilsTest.java,159,159,159,1.0000,0,0,0,1.0000,0,0,0,1.0000,1,1,1,1.0000,1601,1601,1.0000,"{""assertAbbreviateWithAbbrevMarkerAndOffset"": 21, ""assertAbbreviateWithOffset"": 20, ""assertArrayEquals"": 12, ""assertEquals"": 1235, ""assertFalse"": 31, ""assertNotEquals"": 2, ""assertNotNull"": 2, ""assertNull"": 192, ""assertSame"": 7, ""assertThrows"": 47, ""assertTrue"": 32}","{""assertAbbreviateWithAbbrevMarkerAndOffset"": 21, ""assertAbbreviateWithOffset"": 20, ""assertArrayEquals"": 12, ""assertEquals"": 1235, ""assertFalse"": 31, ""assertNotEquals"": 2, ""assertNotNull"": 2, ""assertNull"": 192, ""assertSame"": 7, ""assertThrows"": 47, ""assertTrue"": 32}",1.0000,47,47,[],[],[],[],"[""testJoin_IteratorString""]","[""testJoin_IteratorString""]",
gpt-5.5,271,ok,/home/lpy/workspace/misc/course/Introduction-to-Software-Testing/artifacts/sample_runs/gpt-5.5/cand271_3bd162585900,3bd1625859000571b99b4193df1360ab18a33910,[LANG-1729] NumberUtils.isParsable() returns true for full width Unicode digits for inputs with a decimal point,src/test/java/org/apache/commons/lang3/math/NumberUtilsTest.java,121,121,121,1.0000,0,0,0,1.0000,0,0,0,1.0000,1,1,1,1.0000,739,739,1.0000,"{""assertCreateNumberZero"": 7, ""assertEquals"": 551, ""assertFalse"": 32, ""assertIllegalArgumentException"": 12, ""assertInstanceOf"": 41, ""assertNotNull"": 5, ""assertNull"": 7, ""assertNullPointerException"": 12, ""assertThrows"": 18, ""assertTrue"": 54}","{""assertCreateNumberZero"": 7, ""assertEquals"": 551, ""assertFalse"": 32, ""assertIllegalArgumentException"": 12, ""assertInstanceOf"": 41, ""assertNotNull"": 5, ""assertNull"": 7, ""assertNullPointerException"": 12, ""assertThrows"": 18, ""assertTrue"": 54}",1.0000,18,18,[],[],[],[],"[""testIsParsableFullWidthUnicodeJDK8326627""]","[""testIsParsableFullWidthUnicodeJDK8326627""]",
gpt-5.5,272,ok,/home/lpy/workspace/misc/course/Introduction-to-Software-Testing/artifacts/sample_runs/gpt-5.5/cand272_3ebd20002ef3,3ebd20002ef35b690ee0314bac254013df3f85c5,Add StopWatch.getStopInstant() and deprecate getStopTime(),src/test/java/org/apache/commons/lang3/time/StopWatchTest.java,23,23,23,1.0000,1,1,1,1.0000,0,0,0,1.0000,0,0,0,1.0000,72,72,1.0000,"{""assertEquals"": 20, ""assertFalse"": 7, ""assertNotEquals"": 1, ""assertNull"": 1, ""assertThat"": 22, ""assertThrows"": 15, ""assertTrue"": 6}","{""assertEquals"": 20, ""assertFalse"": 7, ""assertNotEquals"": 1, ""assertNull"": 1, ""assertThat"": 22, ""assertThrows"": 15, ""assertTrue"": 6}",1.0000,15,15,"[""testStopInstantSimple""]","[""testStopInstantSimple""]",[],[],[],[],
gpt-5.5,273,ok,/home/lpy/workspace/misc/course/Introduction-to-Software-Testing/artifacts/sample_runs/gpt-5.5/cand273_421229b42f79,421229b42f79a41d1eb7f4e9d9f1dabef56270d3,Add SystemUtils.getUserDirPath(),src/test/java/org/apache/commons/lang3/SystemUtilsTest.java,23,23,23,1.0000,1,1,1,1.0000,0,0,0,1.0000,0,0,0,1.0000,1123,1123,1.0000,"{""assertEquals"": 12, ""assertFalse"": 844, ""assertNotNull"": 9, ""assertNull"": 1, ""assertTrue"": 257}","{""assertEquals"": 12, ""assertFalse"": 844, ""assertNotNull"": 9, ""assertNull"": 1, ""assertTrue"": 257}",1.0000,0,0,"[""testGetUserDirPath""]","[""testGetUserDirPath""]",[],[],[],[],
gpt-5.5,274,ok,/home/lpy/workspace/misc/course/Introduction-to-Software-Testing/artifacts/sample_runs/gpt-5.5/cand274_42f2058c83f2,42f2058c83f256d8654b349d5249d6f59920f88b,Add LANG-1261 to changes.xml,src/test/java/org/apache/commons/lang3/ArrayUtilsTest.java,256,256,256,1.0000,1,1,1,1.0000,0,0,0,1.0000,0,0,0,1.0000,1605,1605,1.0000,"{""assertArrayEquals"": 53, ""assertEquals"": 973, ""assertFalse"": 171, ""assertIsEquals"": 9, ""assertNotNull"": 1, ""assertNotSame"": 20, ""assertNull"": 10, ""assertSame"": 71, ""assertTrue"": 281, ""fail"": 16}","{""assertArrayEquals"": 53, ""assertEquals"": 973, ""assertFalse"": 171, ""assertIsEquals"": 9, ""assertNotNull"": 1, ""assertNotSame"": 20, ""assertNull"": 10, ""assertSame"": 71, ""assertTrue"": 281, ""fail"": 16}",1.0000,2,2,"[""testContains_LANG_1261""]","[""testContains_LANG_1261""]",[],[],[],[],
gpt-5.5,275,ok,/home/lpy/workspace/misc/course/Introduction-to-Software-Testing/artifacts/sample_runs/gpt-5.5/cand275_45a6467088a0,45a6467088a08e447d7f2983551021b91c70ab49,LANG-1087: NumberUtils#createNumber() returns positive BigDecimal when negative Float is expected. Thanks to Renat Zhilkibaev.,src/test/java/org/apache/commons/lang3/math/NumberUtilsTest.java,91,91,91,1.0000,1,1,1,1.0000,0,0,0,1.0000,0,0,0,1.0000,515,515,1.0000,"{""assertEquals"": 204, ""assertFalse"": 16, ""assertNotNull"": 2, ""assertTrue"": 284, ""fail"": 9}","{""assertEquals"": 204, ""assertFalse"": 16, ""assertNotNull"": 2, ""assertTrue"": 284, ""fail"": 9}",1.0000,28,28,"[""testLang1087""]","[""testLang1087""]",[],[],[],[],
gpt-5.5,276,ok,/home/lpy/workspace/misc/course/Introduction-to-Software-Testing/artifacts/sample_runs/gpt-5.5/cand276_471e8da5979a,471e8da5979aa853216eef8d8e1860b3e81852b3,"Add JavaVersion.JAVA_19, JavaVersion.JAVA_20 and JavaVersion.JAVA_21",src/test/java/org/apache/commons/lang3/JavaVersionTest.java,3,3,3,1.0000,0,0,0,1.0000,0,0,0,1.0000,1,1,1,1.0000,32,32,1.0000,"{""assertEquals"": 26, ""assertFalse"": 3, ""assertNull"": 1, ""assertTrue"": 2}","{""assertEquals"": 26, ""assertFalse"": 3, ""assertNull"": 1, ""assertTrue"": 2}",1.0000,0,0,[],[],[],[],"[""testGetJavaVersion""]","[""testGetJavaVersion""]",
gpt-5.5,277,ok,/home/lpy/workspace/misc/course/Introduction-to-Software-Testing/artifacts/sample_runs/gpt-5.5/cand277_4b718f6e5a90,4b718f6e5a90a0922373bd1d2452d418fe6bdf54,"<action issue=""LANG-970"" type=""add"" dev=""ggregory"">Add APIs MutableBoolean setTrue() and setFalse()</action>",src/test/java/org/apache/commons/lang3/mutable/MutableBooleanTest.java,9,9,9,1.0000,0,0,0,1.0000,0,0,0,1.0000,1,1,1,1.0000,40,40,1.0000,"{""assertEquals"": 13, ""assertFalse"": 15, ""assertTrue"": 12}","{""assertEquals"": 13, ""assertFalse"": 15, ""assertTrue"": 12}",1.0000,3,3,[],[],[],[],"[""testGetSet""]","[""testGetSet""]",
gpt-5.5,278,ok,/home/lpy/workspace/misc/course/Introduction-to-Software-Testing/artifacts/sample_runs/gpt-5.5/cand278_4bd982d1a1df,4bd982d1a1df87724682c17c39bf27b5cbe389be,LANG-1312: LocaleUtils#toLocale does not support language followed by UN M.49 numeric-3 area code (closes #239),src/test/java/org/apache/commons/lang3/LocaleUtilsTest.java,16,16,16,1.0000,1,1,1,1.0000,0,0,0,1.0000,0,0,0,1.0000,127,127,1.0000,"{""assertCountriesByLanguage"": 5, ""assertEquals"": 22, ""assertFalse"": 1, ""assertLanguageByCountry"": 5, ""assertLocaleLookupList"": 17, ""assertNotNull"": 9, ""assertNull"": 1, ""assertSame"": 4, ""assertTrue"": 8, ""assertUnmodifiableCollection"": 6, ""assertValidToLocale"": 24, ""fail"": 25}","{""assertCountriesByLanguage"": 5, ""assertEquals"": 22, ""assertFalse"": 1, ""assertLanguageByCountry"": 5, ""assertLocaleLookupList"": 17, ""assertNotNull"": 9, ""assertNull"": 1, ""assertSame"": 4, ""assertTrue"": 8, ""assertUnmodifiableCollection"": 6, ""assertValidToLocale"": 24, ""fail"": 25}",1.0000,0,0,"[""testLanguageAndUNM49Numeric3AreaCodeLang1312""]","[""testLanguageAndUNM49Numeric3AreaCodeLang1312""]",[],[],[],[],
gpt-5.5,279,ok,/home/lpy/workspace/misc/course/Introduction-to-Software-Testing/artifacts/sample_runs/gpt-5.5/cand279_4c39aa2ca612,4c39aa2ca612e6087f2a7edc90f88e5555b7cb27,Add org.apache.commons.lang3.SystemUtils.IS_OS_NETWARE,src/test/java/org/apache/commons/lang3/SystemUtilsTest.java,24,24,24,1.0000,0,0,0,1.0000,0,0,0,1.0000,1,1,1,1.0000,1532,1532,1.0000,"{""assertEquals"": 12, ""assertFalse"": 1023, ""assertNotNull"": 10, ""assertNull"": 1, ""assertTrue"": 486}","{""assertEquals"": 12, ""assertFalse"": 1023, ""assertNotNull"": 10, ""assertNull"": 1, ""assertTrue"": 486}",1.0000,0,0,[],[],[],[],"[""test_IS_OS""]","[""test_IS_OS""]",
gpt-5.5,280,ok,/home/lpy/workspace/misc/course/Introduction-to-Software-Testing/artifacts/sample_runs/gpt-5.5/cand280_4cf3dc8c8f4a,4cf3dc8c8f4ab9c353de64e79c4de113eec93473,[LANG-1613] - BigDecimal is created when you pass it the minimum values… #642.,src/test/java/org/apache/commons/lang3/math/NumberUtilsTest.java,112,112,112,1.0000,0,0,0,1.0000,0,0,0,1.0000,1,1,1,1.0000,646,646,1.0000,"{""assertEquals"": 507, ""assertFalse"": 18, ""assertNotNull"": 2, ""assertNull"": 7, ""assertThrows"": 40, ""assertTrue"": 72}","{""assertEquals"": 507, ""assertFalse"": 18, ""assertNotNull"": 2, ""assertNull"": 7, ""assertThrows"": 40, ""assertTrue"": 72}",1.0000,40,40,[],[],[],[],"[""testStringCreateNumberEnsureNoPrecisionLoss""]","[""testStringCreateNumberEnsureNoPrecisionLoss""]",
gpt-5.5,281,ok,/home/lpy/workspace/misc/course/Introduction-to-Software-Testing/artifacts/sample_runs/gpt-5.5/cand281_4e228a53509b,4e228a53509bd8cb01220939906a538dcd1baa40,"Fix StackOverflowError in TypeUtils.typeVariableToString(TypeVariable), TypeUtils.toString(Type)",src/test/java/org/apache/commons/lang3/reflect/TypeUtilsTest.java,43,43,43,1.0000,1,1,1,1.0000,0,0,0,1.0000,1,1,1,1.0000,342,342,1.0000,"{""assertArrayEquals"": 3, ""assertEquals"": 66, ""assertFalse"": 98, ""assertNotNull"": 1, ""assertNull"": 19, ""assertThrows"": 12, ""assertTrue"": 143}","{""assertArrayEquals"": 3, ""assertEquals"": 66, ""assertFalse"": 98, ""assertNotNull"": 1, ""assertNull"": 19, ""assertThrows"": 12, ""assertTrue"": 143}",1.0000,12,12,"[""testTypeToString""]","[""testTypeToString""]",[],[],"[""test_LANG_1698""]","[""test_LANG_1698""]",
gpt-5.5,282,ok,/home/lpy/workspace/misc/course/Introduction-to-Software-Testing/artifacts/sample_runs/gpt-5.5/cand282_4fc5c6b35c1c,4fc5c6b35c1ca02fb0e876d54342c66196aac846,"Applying Sebb's patch from LANG-774 - adding isStarted, isSuspended and isStopped to StopWatch",src/test/java/org/apache/commons/lang3/time/StopWatchTest.java,8,8,8,1.0000,1,1,1,1.0000,0,0,0,1.0000,0,0,0,1.0000,44,44,1.0000,"{""assertEquals"": 5, ""assertFalse"": 7, ""assertTrue"": 18, ""fail"": 14}","{""assertEquals"": 5, ""assertFalse"": 7, ""assertTrue"": 18, ""fail"": 14}",1.0000,0,0,"[""testBooleanStates""]","[""testBooleanStates""]",[],[],[],[],
gpt-5.5,283,ok,/home/lpy/workspace/misc/course/Introduction-to-Software-Testing/artifacts/sample_runs/gpt-5.5/cand283_5035fdd788bc,5035fdd788bc8e77bd90b52d49f70903044e7e63,Add SystemUtils.getJavaHomePath(),src/test/java/org/apache/commons/lang3/SystemUtilsTest.java,22,22,22,1.0000,1,1,1,1.0000,0,0,0,1.0000,0,0,0,1.0000,1121,1121,1.0000,"{""assertEquals"": 12, ""assertFalse"": 844, ""assertNotNull"": 8, ""assertNull"": 1, ""assertTrue"": 256}","{""assertEquals"": 12, ""assertFalse"": 844, ""assertNotNull"": 8, ""assertNull"": 1, ""assertTrue"": 256}",1.0000,0,0,"[""testGetJavaHomePath""]","[""testGetJavaHomePath""]",[],[],[],[],
gpt-5.5,284,ok,/home/lpy/workspace/misc/course/Introduction-to-Software-Testing/artifacts/sample_runs/gpt-5.5/cand284_514f6751ab29,514f6751ab29dbdc6b44995555474fbec88dcd97,Avoid NPE in MutableObject#equals() for null content,src/test/java/org/apache/commons/lang3/mutable/MutableObjectTest.java,5,5,5,1.0000,0,0,0,1.0000,0,0,0,1.0000,1,1,1,1.0000,30,30,1.0000,"{""assertEquals"": 15, ""assertNotEquals"": 8, ""assertNull"": 2, ""assertSame"": 5}","{""assertEquals"": 15, ""assertNotEquals"": 8, ""assertNull"": 2, ""assertSame"": 5}",1.0000,0,0,[],[],[],[],"[""testEquals""]","[""testEquals""]",
gpt-5.5,285,ok,/home/lpy/workspace/misc/course/Introduction-to-Software-Testing/artifacts/sample_runs/gpt-5.5/cand285_585b1cb97b4b,585b1cb97b4b9e81b55d68e04b6c1e1195058a8f,[LANG-1332] ImmutableTriple.nullTriple(),src/test/java/org/apache/commons/lang3/tuple/ImmutableTripleTest.java,12,12,12,1.0000,6,6,6,1.0000,0,0,0,1.0000,0,0,0,1.0000,45,45,1.0000,"{""assertEquals"": 32, ""assertFalse"": 3, ""assertNotNull"": 1, ""assertNull"": 7, ""assertSame"": 1, ""assertTrue"": 1}","{""assertEquals"": 32, ""assertFalse"": 3, ""assertNotNull"": 1, ""assertNull"": 7, ""assertSame"": 1, ""assertTrue"": 1}",1.0000,0,0,"[""testNullTripleEquals"", ""testNullTripleLeft"", ""testNullTripleMiddle"", ""testNullTripleRight"", ""testNullTripleSame"", ""testNullTripleTyped""]","[""testNullTripleEquals"", ""testNullTripleLeft"", ""testNullTripleMiddle"", ""testNullTripleRight"", ""testNullTripleSame"", ""testNullTripleTyped""]",[],[],[],[],
gpt-5.5,286,ok,/home/lpy/workspace/misc/course/Introduction-to-Software-Testing/artifacts/sample_runs/gpt-5.5/cand286_59022fb870c2,59022fb870c2c45a27e00943003c5acdeddaeec3,LANG-1149 Ability to throw checked exceptions without declaring them,src/test/java/org/apache/commons/lang3/exception/ExceptionUtilsTest.java,30,30,30,1.0000,2,2,2,1.0000,0,0,0,1.0000,0,0,0,1.0000,160,160,1.0000,"{""assertEquals"": 98, ""assertFalse"": 2, ""assertNotNull"": 1, ""assertSame"": 46, ""assertTrue"": 8, ""fail"": 5}","{""assertEquals"": 98, ""assertFalse"": 2, ""assertNotNull"": 1, ""assertSame"": 46, ""assertTrue"": 8, ""fail"": 5}",1.0000,1,1,"[""testCatchTechniques"", ""testThrow""]","[""testCatchTechniques"", ""testThrow""]",[],[],[],[],
gpt-5.5,287,ok,/home/lpy/workspace/misc/course/Introduction-to-Software-Testing/artifacts/sample_runs/gpt-5.5/cand287_5a509030a946,5a509030a946646780e963b9f492a4eaff734116,LANG-972 NumberUtils#isNumber does not allow for hex 0XABCD,src/test/java/org/apache/commons/lang3/math/NumberUtilsTest.java,83,83,83,1.0000,1,1,1,1.0000,0,0,0,1.0000,0,0,0,1.0000,479,479,1.0000,"{""assertEquals"": 197, ""assertFalse"": 7, ""assertNotNull"": 2, ""assertTrue"": 264, ""fail"": 9}","{""assertEquals"": 197, ""assertFalse"": 7, ""assertNotNull"": 2, ""assertTrue"": 264, ""fail"": 9}",1.0000,28,28,"[""testLANG972""]","[""testLANG972""]",[],[],[],[],
gpt-5.5,288,ok,/home/lpy/workspace/misc/course/Introduction-to-Software-Testing/artifacts/sample_runs/gpt-5.5/cand288_5ac643368dde,5ac643368ddeb928af0e7cf8705b52b9beb31053,[LANG-1506] Allow a StopWatch to carry an optional message.,src/test/java/org/apache/commons/lang3/time/StopWatchTest.java,19,19,19,1.0000,6,6,6,1.0000,0,0,0,1.0000,3,3,3,1.0000,63,63,1.0000,"{""assertEquals"": 16, ""assertFalse"": 9, ""assertNotEquals"": 1, ""assertNull"": 1, ""assertThrows"": 12, ""assertTrue"": 24}","{""assertEquals"": 16, ""assertFalse"": 9, ""assertNotEquals"": 1, ""assertNull"": 1, ""assertThrows"": 12, ""assertTrue"": 24}",1.0000,12,12,"[""testFormatSplitTimeWithMessage"", ""testFormatTimeWithMessage"", ""testMessage"", ""testToSplitStringWithMessage"", ""testToString"", ""testToStringWithMessage""]","[""testFormatSplitTimeWithMessage"", ""testFormatTimeWithMessage"", ""testMessage"", ""testToSplitStringWithMessage"", ""testToString"", ""testToStringWithMessage""]",[],[],"[""testFormatSplitTime"", ""testFormatTime"", ""testStopWatchSimpleGet""]","[""testFormatSplitTime"", ""testFormatTime"", ""testStopWatchSimpleGet""]",
gpt-5.5,289,ok,/home/lpy/workspace/misc/course/Introduction-to-Software-Testing/artifacts/sample_runs/gpt-5.5/cand289_5b699d076518,5b699d076518cbf2dddc286f65cb06d0873dae16,"[LANG-1569] Add ArrayUtils.get(T[], index, T) to provide an out-of-bounds default value",src/test/java/org/apache/commons/lang3/ArrayUtilsTest.java,331,331,331,1.0000,2,2,2,1.0000,0,0,0,1.0000,0,0,0,1.0000,3267,3267,1.0000,"{""assertArrayEquals"": 100, ""assertEquals"": 1196, ""assertFalse"": 1010, ""assertIsEquals"": 9, ""assertNotEquals"": 1, ""assertNotNull"": 2, ""assertNotSame"": 30, ""assertNull"": 92, ""assertSame"": 71, ""assertThrows"": 19, ""assertTrue"": 737}","{""assertArrayEquals"": 100, ""assertEquals"": 1196, ""assertFalse"": 1010, ""assertIsEquals"": 9, ""assertNotEquals"": 1, ""assertNotNull"": 2, ""assertNotSame"": 30, ""assertNull"": 92, ""assertSame"": 71, ""assertThrows"": 19, ""assertTrue"": 737}",1.0000,19,19,"[""testGet"", ""testGetDefault""]","[""testGet"", ""testGetDefault""]",[],[],[],[],
gpt-5.5,290,ok,/home/lpy/workspace/misc/course/Introduction-to-Software-Testing/artifacts/sample_runs/gpt-5.5/cand290_5bcedccec3ed,5bcedccec3ed93586947a5df0d49775aee7a37c7,"Fix NullPointerException in ReflectionDiffBuilder.getExcludeFieldNames() when instance created with ReflectionDiffBuilder.ReflectionDiffBuilder(T, T, ToStringStyle)",src/test/java/org/apache/commons/lang3/builder/ReflectionDiffBuilderTest.java,17,17,17,1.0000,1,1,1,1.0000,0,0,0,1.0000,0,0,0,1.0000,36,36,1.0000,"{""assertEquals"": 26, ""assertNotNull"": 10}","{""assertEquals"": 26, ""assertNotNull"": 10}",1.0000,0,0,"[""testGetExcludeFieldNamesEmpty""]","[""testGetExcludeFieldNamesEmpty""]",[],[],[],[],
gpt-5.5,291,ok,/home/lpy/workspace/misc/course/Introduction-to-Software-Testing/artifacts/sample_runs/gpt-5.5/cand291_5d46a39e450f,5d46a39e450f5dd69027329c9bc0542c113a04be,RandomStringUtils.random() methods may not return when asked to generate only letters or only numbers while provided with a range that contains neither,src/test/java/org/apache/commons/lang3/RandomStringUtilsTest.java,30,30,30,1.0000,2,2,2,1.0000,0,0,0,1.0000,0,0,0,1.0000,146,146,1.0000,"{""assertEquals"": 49, ""assertIllegalArgumentException"": 34, ""assertNotEquals"": 14, ""assertNotNull"": 1, ""assertThrows"": 2, ""assertTrue"": 45, ""fail"": 1}","{""assertEquals"": 49, ""assertIllegalArgumentException"": 34, ""assertNotEquals"": 14, ""assertNotNull"": 1, ""assertThrows"": 2, ""assertTrue"": 45, ""fail"": 1}",1.0000,2,2,"[""testFilterLetters"", ""testFilterNumbers""]","[""testFilterLetters"", ""testFilterNumbers""]",[],[],[],[],
gpt-5.5,292,ok,/home/lpy/workspace/misc/course/Introduction-to-Software-Testing/artifacts/sample_runs/gpt-5.5/cand292_5dd8e33cf68b,5dd8e33cf68b649b9af0bbbede58d6b5637b4c3e,MethodUtils cannot find or invoke vararg methods of interface types,src/test/java/org/apache/commons/lang3/reflect/MethodUtilsTest.java,57,57,57,1.0000,2,2,2,1.0000,0,0,0,1.0000,0,0,0,1.0000,308,308,1.0000,"{""assertArrayEquals"": 15, ""assertEquals"": 175, ""assertFalse"": 8, ""assertNotNull"": 21, ""assertNotSame"": 2, ""assertNull"": 27, ""assertNullPointerException"": 13, ""assertSame"": 6, ""assertThrows"": 21, ""assertTrue"": 20}","{""assertArrayEquals"": 15, ""assertEquals"": 175, ""assertFalse"": 8, ""assertNotNull"": 21, ""assertNotSame"": 2, ""assertNull"": 27, ""assertNullPointerException"": 13, ""assertSame"": 6, ""assertThrows"": 21, ""assertTrue"": 20}",1.0000,21,21,"[""testInvokeMethodVarArgsOfInterface"", ""testInvokeStaticMethodVarArgsOfInterface""]","[""testInvokeMethodVarArgsOfInterface"", ""testInvokeStaticMethodVarArgsOfInterface""]",[],[],[],[],
gpt-5.5,293,ok,/home/lpy/workspace/misc/course/Introduction-to-Software-Testing/artifacts/sample_runs/gpt-5.5/cand293_5def1c8d634f,5def1c8d634f12a265662f38188cd611aa1e574b,"Add ArrayUtils.containsAny(Object[], Object...).",src/test/java/org/apache/commons/lang3/ArrayUtilsTest.java,338,338,338,1.0000,1,1,1,1.0000,0,0,0,1.0000,1,1,1,1.0000,3301,3301,1.0000,"{""assertArrayEquals"": 112, ""assertEquals"": 1199, ""assertFalse"": 1013, ""assertIsEquals"": 9, ""assertNotEquals"": 1, ""assertNotNull"": 2, ""assertNotSame"": 30, ""assertNull"": 98, ""assertSame"": 71, ""assertThrows"": 18, ""assertTrue"": 748}","{""assertArrayEquals"": 112, ""assertEquals"": 1199, ""assertFalse"": 1013, ""assertIsEquals"": 9, ""assertNotEquals"": 1, ""assertNotNull"": 2, ""assertNotSame"": 30, ""assertNull"": 98, ""assertSame"": 71, ""assertThrows"": 18, ""assertTrue"": 748}",1.0000,18,18,"[""testContainsAny""]","[""testContainsAny""]",[],[],"[""testContains""]","[""testContains""]",
gpt-5.5,294,ok,/home/lpy/workspace/misc/course/Introduction-to-Software-Testing/artifacts/sample_runs/gpt-5.5/cand294_5f7812ee1c2f,5f7812ee1c2f583e1a1902c96b5b519e86699250,LANG-1447: java 12 final modifier is no longer mutable,src/test/java/org/apache/commons/lang3/reflect/FieldUtilsTest.java,64,64,64,1.0000,0,0,0,1.0000,0,0,0,1.0000,4,4,4,1.0000,350,350,1.0000,"{""assertArrayEquals"": 5, ""assertEquals"": 164, ""assertFalse"": 11, ""assertNotNull"": 1, ""assertNull"": 23, ""assertThrows"": 134, ""assertTrue"": 11, ""fail"": 1}","{""assertArrayEquals"": 5, ""assertEquals"": 164, ""assertFalse"": 11, ""assertNotNull"": 1, ""assertNull"": 23, ""assertThrows"": 134, ""assertTrue"": 11, ""fail"": 1}",1.0000,134,134,[],[],[],[],"[""testRemoveFinalModifier"", ""testRemoveFinalModifierAccessNotNeeded"", ""testRemoveFinalModifierWithAccess"", ""testRemoveFinalModifierWithoutAccess""]","[""testRemoveFinalModifier"", ""testRemoveFinalModifierAccessNotNeeded"", ""testRemoveFinalModifierWithAccess"", ""testRemoveFinalModifierWithoutAccess""]",
gpt-5.5,295,ok,/home/lpy/workspace/misc/course/Introduction-to-Software-Testing/artifacts/sample_runs/gpt-5.5/cand295_6001ae8a0c9f,6001ae8a0c9f5815ee368ae1967d6de1b786a9e7,Add SystemUtils.IS_JAVA_17,src/test/java/org/apache/commons/lang3/SystemUtilsTest.java,20,20,20,1.0000,0,0,0,1.0000,0,0,0,1.0000,1,1,1,1.0000,590,590,1.0000,"{""assertEquals"": 10, ""assertFalse"": 430, ""assertNotNull"": 6, ""assertNull"": 1, ""assertTrue"": 143}","{""assertEquals"": 10, ""assertFalse"": 430, ""assertNotNull"": 6, ""assertNull"": 1, ""assertTrue"": 143}",1.0000,0,0,[],[],[],[],"[""test_IS_JAVA""]","[""test_IS_JAVA""]",
gpt-5.5,296,ok,/home/lpy/workspace/misc/course/Introduction-to-Software-Testing/artifacts/sample_runs/gpt-5.5/cand296_600eb9eb99dc,600eb9eb99dc5c03b047e3c81b49ee4769787c6a,LANG-1299 - Add method for converting string to an array of code points,src/test/java/org/apache/commons/lang3/StringUtilsTest.java,145,145,145,1.0000,1,1,1,1.0000,0,0,0,1.0000,0,0,0,1.0000,1495,1495,1.0000,"{""assertAbbreviateWithAbbrevMarkerAndOffset"": 21, ""assertAbbreviateWithOffset"": 21, ""assertArrayEquals"": 7, ""assertEquals"": 1189, ""assertFalse"": 20, ""assertNotNull"": 2, ""assertNull"": 149, ""assertSame"": 3, ""assertTrue"": 47, ""fail"": 36}","{""assertAbbreviateWithAbbrevMarkerAndOffset"": 21, ""assertAbbreviateWithOffset"": 21, ""assertArrayEquals"": 7, ""assertEquals"": 1189, ""assertFalse"": 20, ""assertNotNull"": 2, ""assertNull"": 149, ""assertSame"": 3, ""assertTrue"": 47, ""fail"": 36}",1.0000,16,16,"[""testToCodePoints""]","[""testToCodePoints""]",[],[],[],[],
gpt-5.5,297,ok,/home/lpy/workspace/misc/course/Introduction-to-Software-Testing/artifacts/sample_runs/gpt-5.5/cand297_60412131f367,60412131f3679b720bcaaaf3dea4be666cefea7a,LANG-1364: ExceptionUtils#getRootCause(Throwable t) should return t if no lower level cause exists,src/test/java/org/apache/commons/lang3/exception/ExceptionUtilsTest.java,34,34,34,1.0000,0,0,0,1.0000,0,0,0,1.0000,1,1,1,1.0000,169,169,1.0000,"{""assertEquals"": 98, ""assertFalse"": 4, ""assertNotNull"": 1, ""assertSame"": 47, ""assertTrue"": 10, ""fail"": 9}","{""assertEquals"": 98, ""assertFalse"": 4, ""assertNotNull"": 1, ""assertSame"": 47, ""assertTrue"": 10, ""fail"": 9}",1.0000,1,1,[],[],[],[],"[""testGetRootCause_Throwable""]","[""testGetRootCause_Throwable""]",
gpt-5.5,298,ok,/home/lpy/workspace/misc/course/Introduction-to-Software-Testing/artifacts/sample_runs/gpt-5.5/cand298_612595106054,612595106054d0ff2320cc15f88cfef8959e1531,LANG-993: Add zero copy write method to StrBuilder; LANG-994: Add zero copy read method to StrBuilder. Thanks to Mikhail Mazursky.,src/test/java/org/apache/commons/lang3/text/StrBuilderTest.java,89,89,89,1.0000,10,10,10,1.0000,0,0,0,1.0000,0,0,0,1.0000,661,661,1.0000,"{""assertEquals"": 509, ""assertFalse"": 26, ""assertNotNull"": 2, ""assertNotSame"": 2, ""assertSame"": 12, ""assertTrue"": 72, ""fail"": 38}","{""assertEquals"": 509, ""assertFalse"": 26, ""assertNotNull"": 2, ""assertNotSame"": 2, ""assertSame"": 12, ""assertTrue"": 72, ""fail"": 38}",1.0000,0,0,"[""testAppendToCharBuffer"", ""testAppendToStringBuffer"", ""testAppendToStringBuilder"", ""testAppendToWriter"", ""testReadFromCharBuffer"", ""testReadFromCharBufferAppendsToEnd"", ""testReadFromReadable"", ""testReadFromReadableAppendsToEnd"", ""testReadFromReader"", ""testReadFromReaderAppendsToEnd""]","[""testAppendToCharBuffer"", ""testAppendToStringBuffer"", ""testAppendToStringBuilder"", ""testAppendToWriter"", ""testReadFromCharBuffer"", ""testReadFromCharBufferAppendsToEnd"", ""testReadFromReadable"", ""testReadFromReadableAppendsToEnd"", ""testReadFromReader"", ""testReadFromReaderAppendsToEnd""]",[],[],[],[],
gpt-5.5,299,ok,/home/lpy/workspace/misc/course/Introduction-to-Software-Testing/artifacts/sample_runs/gpt-5.5/cand299_623235ebca46,623235ebca46bea1a6e8cc02b7d7084c1698ab80,[LANG-1811] ArrayUtils.shuffle() throws NullPointerException for null array input.,src/test/java/org/apache/commons/lang3/ArrayUtilsTest.java,355,355,355,1.0000,0,0,0,1.0000,0,0,0,1.0000,18,18,18,1.0000,3410,3410,1.0000,"{""assertArrayEquals"": 153, ""assertEquals"": 1209, ""assertFalse"": 1034, ""assertIllegalArgumentException"": 8, ""assertInstanceOf"": 1, ""assertIsEquals"": 9, ""assertNotEquals"": 1, ""assertNotNull"": 2, ""assertNotSame"": 30, ""assertNull"": 98, ""assertNullPointerException"": 14, ""assertSame"": 71, ""assertThrows"": 1, ""assertTrue"": 779}","{""assertArrayEquals"": 153, ""assertEquals"": 1209, ""assertFalse"": 1034, ""assertIllegalArgumentException"": 8, ""assertInstanceOf"": 1, ""assertIsEquals"": 9, ""assertNotEquals"": 1, ""assertNotNull"": 2, ""assertNotSame"": 30, ""assertNull"": 98, ""assertNullPointerException"": 14, ""assertSame"": 71, ""assertThrows"": 1, ""assertTrue"": 779}",1.0000,1,1,[],[],[],[],"[""testShuffleBoolean"", ""testShuffleBooleanRandom"", ""testShuffleByte"", ""testShuffleByteRandom"", ""testShuffleChar"", ""testShuffleCharRandom"", ""testShuffleDouble"", ""testShuffleDoubleRandom"", ""testShuffleFloat"", ""testShuffleFloatRandom"", ""testShuffleInt"", ""testShuffleIntRandom"", ""testShuffleLong"", ""testShuffleLongRandom"", ""testShuffleShort"", ""testShuffleShortRandom"", ""testShuffleString"", ""testShuffleStringRandom""]","[""testShuffleBoolean"", ""testShuffleBooleanRandom"", ""testShuffleByte"", ""testShuffleByteRandom"", ""testShuffleChar"", ""testShuffleCharRandom"", ""testShuffleDouble"", ""testShuffleDoubleRandom"", ""testShuffleFloat"", ""testShuffleFloatRandom"", ""testShuffleInt"", ""testShuffleIntRandom"", ""testShuffleLong"", ""testShuffleLongRandom"", ""testShuffleShort"", ""testShuffleShortRandom"", ""testShuffleString"", ""testShuffleStringRandom""]",
gpt-5.5,300,ok,/home/lpy/workspace/misc/course/Introduction-to-Software-Testing/artifacts/sample_runs/gpt-5.5/cand300_64736630706a,64736630706adf9e2cbb482fbfcbdc81a9dc02f7,"Add Streams.nonNull(T), non-varargs variant",src/test/java/org/apache/commons/lang3/stream/StreamsTest.java,21,21,21,1.0000,1,1,1,1.0000,0,0,0,1.0000,0,0,0,1.0000,61,61,1.0000,"{""assertAll"": 2, ""assertEquals"": 38, ""assertEvenNumbers"": 3, ""assertNotNull"": 1, ""assertThat"": 8, ""assertThrows"": 7, ""assertTrue"": 2}","{""assertAll"": 2, ""assertEquals"": 38, ""assertEvenNumbers"": 3, ""assertNotNull"": 1, ""assertThat"": 8, ""assertThrows"": 7, ""assertTrue"": 2}",1.0000,7,7,"[""testNonNull""]","[""testNonNull""]",[],[],[],[],
gpt-5.5,301,ok,/home/lpy/workspace/misc/course/Introduction-to-Software-Testing/artifacts/sample_runs/gpt-5.5/cand301_64ef8a802244,64ef8a80224443c81dfb198cbc567e1b2b9356a2,LANG-1003: DurationFormatUtils are not able to handle negative durations/periods. Reported by Michael Osipov.,src/test/java/org/apache/commons/lang3/time/DurationFormatUtilsTest.java,25,25,25,1.0000,6,6,6,1.0000,0,0,0,1.0000,0,0,0,1.0000,176,176,1.0000,"{""assertArrayEquals"": 3, ""assertEqualDuration"": 38, ""assertEquals"": 127, ""assertFalse"": 4, ""assertNotNull"": 1, ""assertTrue"": 3}","{""assertArrayEquals"": 3, ""assertEqualDuration"": 38, ""assertEquals"": 127, ""assertFalse"": 4, ""assertNotNull"": 1, ""assertTrue"": 3}",1.0000,7,7,"[""testFormatNegativeDuration"", ""testFormatNegativeDurationHMS"", ""testFormatNegativeDurationISO"", ""testFormatNegativeDurationWords"", ""testFormatPeriodISOStartGreaterEnd"", ""testFormatPeriodeStartGreaterEnd""]","[""testFormatNegativeDuration"", ""testFormatNegativeDurationHMS"", ""testFormatNegativeDurationISO"", ""testFormatNegativeDurationWords"", ""testFormatPeriodISOStartGreaterEnd"", ""testFormatPeriodeStartGreaterEnd""]",[],[],[],[],
gpt-5.5,302,ok,/home/lpy/workspace/misc/course/Introduction-to-Software-Testing/artifacts/sample_runs/gpt-5.5/cand302_6622a4685750,6622a46857509a8920a3f085dbca007286c703ac,Fix generics in org.apache.commons.lang3.stream.Streams.toArray(Class) signature,src/test/java/org/apache/commons/lang3/stream/StreamsTest.java,30,30,30,1.0000,1,1,1,1.0000,0,0,0,1.0000,0,0,0,1.0000,77,77,1.0000,"{""assertArrayEquals"": 2, ""assertEquals"": 51, ""assertEvenNumbers"": 3, ""assertFalse"": 2, ""assertNotNull"": 2, ""assertNull"": 5, ""assertThrows"": 7, ""assertTrue"": 5}","{""assertArrayEquals"": 2, ""assertEquals"": 51, ""assertEvenNumbers"": 3, ""assertFalse"": 2, ""assertNotNull"": 2, ""assertNull"": 5, ""assertThrows"": 7, ""assertTrue"": 5}",1.0000,7,7,"[""testArrayCollectorCombiner""]","[""testArrayCollectorCombiner""]",[],[],[],[],
gpt-5.5,303,ok,/home/lpy/workspace/misc/course/Introduction-to-Software-Testing/artifacts/sample_runs/gpt-5.5/cand303_666ad13656c6,666ad13656c690b310fc2c6487dd60b6ed72a5ed,Add CalendarUtils.toZonedDateTime(Calendar),src/test/java/org/apache/commons/lang3/time/CalendarUtilsTest.java,8,8,8,1.0000,1,1,1,1.0000,0,0,0,1.0000,0,0,0,1.0000,34,34,1.0000,"{""assertEquals"": 34}","{""assertEquals"": 34}",1.0000,0,0,"[""testToZonedDateTime""]","[""testToZonedDateTime""]",[],[],[],[],
gpt-5.5,304,ok,/home/lpy/workspace/misc/course/Introduction-to-Software-Testing/artifacts/sample_runs/gpt-5.5/cand304_677e57f56bfa,677e57f56bfae93af520637d47a615013c930266,Fix NullPointerException in StopWatch.getStopTime(),src/test/java/org/apache/commons/lang3/time/StopWatchTest.java,31,31,31,1.0000,1,1,1,1.0000,0,0,0,1.0000,0,0,0,1.0000,136,136,1.0000,"{""assertEquals"": 42, ""assertFalse"": 9, ""assertNotEquals"": 1, ""assertNotNull"": 4, ""assertNull"": 1, ""assertThrows"": 18, ""assertTrue"": 61}","{""assertEquals"": 42, ""assertFalse"": 9, ""assertNotEquals"": 1, ""assertNotNull"": 4, ""assertNull"": 1, ""assertThrows"": 18, ""assertTrue"": 61}",1.0000,18,18,"[""testGetStopTime""]","[""testGetStopTime""]",[],[],[],[],
gpt-5.5,305,ok,/home/lpy/workspace/misc/course/Introduction-to-Software-Testing/artifacts/sample_runs/gpt-5.5/cand305_69c4dddbdecc,69c4dddbdecc3bf0bfb565e60d6a9a0f7f0eaea0,[LANG-1697] TypeUtils.getRawType() throws a NullPointerException on Wildcard GenericArrayType,src/test/java/org/apache/commons/lang3/reflect/TypeUtilsTest.java,33,33,33,1.0000,1,1,1,1.0000,0,0,0,1.0000,1,1,1,1.0000,229,229,1.0000,"{""assertArrayEquals"": 3, ""assertEquals"": 64, ""assertFalse"": 56, ""assertNull"": 19, ""assertThrows"": 12, ""assertTrue"": 75}","{""assertArrayEquals"": 3, ""assertEquals"": 64, ""assertFalse"": 56, ""assertNull"": 19, ""assertThrows"": 12, ""assertTrue"": 75}",1.0000,12,12,"[""testGetRawType_LANG_1697""]","[""testGetRawType_LANG_1697""]",[],[],"[""testGetRawType""]","[""testGetRawType""]",
gpt-5.5,306,ok,/home/lpy/workspace/misc/course/Introduction-to-Software-Testing/artifacts/sample_runs/gpt-5.5/cand306_6b81f9e6cf42,6b81f9e6cf42eae235c7ab505d967f60a42d7d66,"Add RegExUtils.replacePattern(CharSequence, String, String) and deprecate RegExUtils.replacePattern(String, String, String)",src/test/java/org/apache/commons/lang3/RegExUtilsTest.java,14,14,14,1.0000,2,2,2,1.0000,1,1,1,1.0000,0,0,0,1.0000,140,140,1.0000,"{""assertEquals"": 122, ""assertNull"": 11, ""assertThrows"": 4, ""assertTrue"": 3}","{""assertEquals"": 122, ""assertNull"": 11, ""assertThrows"": 4, ""assertTrue"": 3}",1.0000,4,4,"[""testReplacePattern"", ""testReplacePatternDeprecated""]","[""testReplacePattern"", ""testReplacePatternDeprecated""]","[""testReplacePattern_StringStringString""]","[""testReplacePattern_StringStringString""]",[],[],
gpt-5.5,307,ok,/home/lpy/workspace/misc/course/Introduction-to-Software-Testing/artifacts/sample_runs/gpt-5.5/cand307_6e2741da4d1e,6e2741da4d1ef471c7c552b91409b2deecbfcec9,[LANG-1727] EventListenerSupport doesn't document ordering of events,src/test/java/org/apache/commons/lang3/event/EventListenerSupportTest.java,12,12,12,1.0000,0,0,0,1.0000,0,0,0,1.0000,0,0,0,1.0000,33,33,1.0000,"{""assertEquals"": 21, ""assertInstanceOf"": 1, ""assertSame"": 6, ""assertThrows"": 5}","{""assertEquals"": 21, ""assertInstanceOf"": 1, ""assertSame"": 6, ""assertThrows"": 5}",1.0000,5,5,[],[],[],[],[],[],
gpt-5.5,308,ok,/home/lpy/workspace/misc/course/Introduction-to-Software-Testing/artifacts/sample_runs/gpt-5.5/cand308_6e3e6e2467ec,6e3e6e2467ecad07099c2908df543f191a6007e1,Add CalendarUtils.getInstance(),src/test/java/org/apache/commons/lang3/time/CalendarUtilsTest.java,6,6,6,1.0000,0,0,0,1.0000,0,0,0,1.0000,3,3,3,1.0000,30,30,1.0000,"{""assertEquals"": 30}","{""assertEquals"": 30}",1.0000,0,0,[],[],[],[],"[""testGetDayOfMonth"", ""testGetDayOfYear"", ""testGetMonth""]","[""testGetDayOfMonth"", ""testGetDayOfYear"", ""testGetMonth""]",
gpt-5.5,309,ok,/home/lpy/workspace/misc/course/Introduction-to-Software-Testing/artifacts/sample_runs/gpt-5.5/cand309_6ea2fc8d38e0,6ea2fc8d38e035bafaa92c7d3b007be38c2e9000,[LANG-1360] Add methods to ObjectUtils to get various forms of class names in a null-safe manner,src/test/java/org/apache/commons/lang3/ObjectUtilsTest.java,41,41,41,1.0000,3,3,3,1.0000,0,0,0,1.0000,0,0,0,1.0000,167,167,1.0000,"{""assertEquals"": 67, ""assertFalse"": 13, ""assertNotNull"": 2, ""assertNotSame"": 2, ""assertNull"": 19, ""assertSame"": 26, ""assertTrue"": 21, ""fail"": 17}","{""assertEquals"": 67, ""assertFalse"": 13, ""assertNotNull"": 2, ""assertNotSame"": 2, ""assertNull"": 19, ""assertSame"": 26, ""assertTrue"": 21, ""fail"": 17}",1.0000,7,7,"[""testGetCanonicalName"", ""testGetClassName"", ""testGetSimpleName""]","[""testGetCanonicalName"", ""testGetClassName"", ""testGetSimpleName""]",[],[],[],[],
gpt-5.5,310,ok,/home/lpy/workspace/misc/course/Introduction-to-Software-Testing/artifacts/sample_runs/gpt-5.5/cand310_6ea7f2f7afcd,6ea7f2f7afcd6d60d62a5cd1392feda3471fc666,"Applying github pull request https://github.com/apache/commons-lang/pull/5, linked as LANG-928, fixing a bug in OctalEscaper trying to parse octal numbers longer than 3 digits",src/test/java/org/apache/commons/lang3/text/translate/OctalUnescaperTest.java,2,2,2,1.0000,1,1,1,1.0000,0,0,0,1.0000,1,1,1,1.0000,11,11,1.0000,"{""assertEquals"": 10, ""fail"": 1}","{""assertEquals"": 10, ""fail"": 1}",1.0000,0,0,"[""testOutOfRange""]","[""testOutOfRange""]",[],[],"[""testBetween""]","[""testBetween""]",
gpt-5.5,311,ok,/home/lpy/workspace/misc/course/Introduction-to-Software-Testing/artifacts/sample_runs/gpt-5.5/cand311_6eb223bb8c68,6eb223bb8c68540e3f2bfa08c3d87b4cf7dfb544,Add DurationUtils.since(Temporal),src/test/java/org/apache/commons/lang3/time/DurationUtilsTest.java,7,7,7,1.0000,1,1,1,1.0000,0,0,0,1.0000,0,0,0,1.0000,49,49,1.0000,"{""assertEquals"": 43, ""assertFalse"": 2, ""assertTrue"": 4}","{""assertEquals"": 43, ""assertFalse"": 2, ""assertTrue"": 4}",1.0000,0,0,"[""testSince""]","[""testSince""]",[],[],[],[],
gpt-5.5,312,ok,/home/lpy/workspace/misc/course/Introduction-to-Software-Testing/artifacts/sample_runs/gpt-5.5/cand312_700be0d8c1ab,700be0d8c1abff745020bbe6ed44a2c4c855a7b3,EnumUtils.getEnumSystemProperty(...).,src/test/java/org/apache/commons/lang3/EnumUtilsTest.java,43,44,43,0.9773,0,1,0,0.0000,0,0,0,1.0000,0,0,0,1.0000,211,216,0.9769,"{""assertArrayEquals"": 31, ""assertEquals"": 133, ""assertFalse"": 5, ""assertNull"": 8, ""assertThrows"": 25, ""assertTrue"": 9}","{""assertArrayEquals"": 31, ""assertEquals"": 138, ""assertFalse"": 5, ""assertNull"": 8, ""assertThrows"": 25, ""assertTrue"": 9}",1.0000,25,25,[],"[""test_getEnumSystemProperty""]",[],[],[],[],
gpt-5.5,313,ok,/home/lpy/workspace/misc/course/Introduction-to-Software-Testing/artifacts/sample_runs/gpt-5.5/cand313_7022c194e0a5,7022c194e0a5a3f5e92908068d95ddf2216ca70b,LANG-1016: NumberUtils#isParsable method(s). Thanks to Juan Pablo Santos Rodríguez.,src/test/java/org/apache/commons/lang3/math/NumberUtilsTest.java,86,86,86,1.0000,1,1,1,1.0000,0,0,0,1.0000,0,0,0,1.0000,491,491,1.0000,"{""assertEquals"": 197, ""assertFalse"": 16, ""assertNotNull"": 2, ""assertTrue"": 267, ""fail"": 9}","{""assertEquals"": 197, ""assertFalse"": 16, ""assertNotNull"": 2, ""assertTrue"": 267, ""fail"": 9}",1.0000,28,28,"[""testIsParsable""]","[""testIsParsable""]",[],[],[],[],
gpt-5.5,314,ok,/home/lpy/workspace/misc/course/Introduction-to-Software-Testing/artifacts/sample_runs/gpt-5.5/cand314_70b2250f80ac,70b2250f80ac098e3fbb136bcd765ad90e8d3c0e,"Add ExceptionUtils.forEach(Throwable, Consumer<Throwable>)",src/test/java/org/apache/commons/lang3/exception/ExceptionUtilsTest.java,52,52,52,1.0000,12,12,12,1.0000,0,0,0,1.0000,0,0,0,1.0000,279,279,1.0000,"{""assertArrayEquals"": 1, ""assertEquals"": 147, ""assertFalse"": 4, ""assertNotNull"": 1, ""assertNull"": 40, ""assertSame"": 67, ""assertThrows"": 10, ""assertTrue"": 9}","{""assertArrayEquals"": 1, ""assertEquals"": 147, ""assertFalse"": 4, ""assertNotNull"": 1, ""assertNull"": 40, ""assertSame"": 67, ""assertThrows"": 10, ""assertTrue"": 9}",1.0000,10,10,"[""testForEach_jdkNoCause"", ""testForEach_nested"", ""testForEach_null"", ""testForEach_recursiveCause"", ""testForEach_withCause"", ""testForEach_withoutCause"", ""testStream_jdkNoCause"", ""testStream_nested"", ""testStream_null"", ""testStream_recursiveCause"", ""testStream_withCause"", ""testStream_withoutCause""]","[""testForEach_jdkNoCause"", ""testForEach_nested"", ""testForEach_null"", ""testForEach_recursiveCause"", ""testForEach_withCause"", ""testForEach_withoutCause"", ""testStream_jdkNoCause"", ""testStream_nested"", ""testStream_null"", ""testStream_recursiveCause"", ""testStream_withCause"", ""testStream_withoutCause""]",[],[],[],[],
gpt-5.5,315,ok,/home/lpy/workspace/misc/course/Introduction-to-Software-Testing/artifacts/sample_runs/gpt-5.5/cand315_70b3504b9fe0,70b3504b9fe03f267ce0f97c6ff21de5f5fbd2f3,"Applying Thomas Neidhart's patch for LANG-905; fixing a bug in which EqualsBuilder considers two arrays of the same type to be equal, without considering the contents",src/test/java/org/apache/commons/lang3/builder/EqualsBuilderTest.java,48,48,48,1.0000,1,1,1,1.0000,0,0,0,1.0000,0,0,0,1.0000,254,254,1.0000,"{""assertEquals"": 7, ""assertFalse"": 11, ""assertNull"": 3, ""assertTrue"": 233}","{""assertEquals"": 7, ""assertFalse"": 11, ""assertNull"": 3, ""assertTrue"": 233}",1.0000,0,0,"[""testReflectionArrays""]","[""testReflectionArrays""]",[],[],[],[],
gpt-5.5,316,ok,/home/lpy/workspace/misc/course/Introduction-to-Software-Testing/artifacts/sample_runs/gpt-5.5/cand316_71340db86f09,71340db86f0984c415c78c5641d92e287b29d72b,Add SystemUtils.IS_JAVA_21,src/test/java/org/apache/commons/lang3/SystemUtilsTest.java,20,20,20,1.0000,0,0,0,1.0000,0,0,0,1.0000,1,1,1,1.0000,722,722,1.0000,"{""assertEquals"": 10, ""assertFalse"": 557, ""assertNotNull"": 6, ""assertNull"": 1, ""assertTrue"": 148}","{""assertEquals"": 10, ""assertFalse"": 557, ""assertNotNull"": 6, ""assertNull"": 1, ""assertTrue"": 148}",1.0000,0,0,[],[],[],[],"[""test_IS_JAVA""]","[""test_IS_JAVA""]",
gpt-5.5,317,ok,/home/lpy/workspace/misc/course/Introduction-to-Software-Testing/artifacts/sample_runs/gpt-5.5/cand317_71f6746f81bb,71f6746f81bb9650f6f228ea204d85ba2c5b7392,Update for LANG-1069: CharSet.getInstance documentation does not clearly explain how to include negation character in set. Javadoc expanded and unit tests added to match examples. Based on patch by Arno Noordover.,src/test/java/org/apache/commons/lang3/CharSetTest.java,15,15,15,1.0000,1,1,1,1.0000,0,0,0,1.0000,0,0,0,1.0000,204,204,1.0000,"{""assertEquals"": 64, ""assertFalse"": 27, ""assertSame"": 7, ""assertTrue"": 106}","{""assertEquals"": 64, ""assertFalse"": 27, ""assertSame"": 7, ""assertTrue"": 106}",1.0000,0,0,"[""testJavadocExamples""]","[""testJavadocExamples""]",[],[],[],[],
gpt-5.5,318,ok,/home/lpy/workspace/misc/course/Introduction-to-Software-Testing/artifacts/sample_runs/gpt-5.5/cand318_739d62630092,739d62630092ee517129c703cd9433bd7e1184d4,"[LANG-1657] DiffBuilder: Type constraint for method append(..., DiffResult) too strict #786",src/test/java/org/apache/commons/lang3/builder/DiffBuilderTest.java,39,39,39,1.0000,4,4,4,1.0000,0,0,0,1.0000,0,0,0,1.0000,102,102,1.0000,"{""assertArrayEquals"": 18, ""assertEquals"": 69, ""assertNotEquals"": 1, ""assertNotSame"": 2, ""assertSame"": 1, ""assertThat"": 5, ""assertThrows"": 4, ""assertTrue"": 2}","{""assertArrayEquals"": 18, ""assertEquals"": 69, ""assertNotEquals"": 1, ""assertNotSame"": 2, ""assertSame"": 1, ""assertThat"": 5, ""assertThrows"": 4, ""assertTrue"": 2}",1.0000,4,4,"[""testNestedDiffableNo"", ""testNestedDiffableYesNestedNot"", ""testNestedDiffableYesNestedOnly"", ""testNestedDiffableYesNestedYes""]","[""testNestedDiffableNo"", ""testNestedDiffableYesNestedNot"", ""testNestedDiffableYesNestedOnly"", ""testNestedDiffableYesNestedYes""]",[],[],[],[],
gpt-5.5,319,ok,/home/lpy/workspace/misc/course/Introduction-to-Software-Testing/artifacts/sample_runs/gpt-5.5/cand319_7460a856f2be,7460a856f2be511bd88b2426fefab9585cf953e7,LANG-944: Add the Jaro-Winkler string distance algorithm to StringUtils - partially applying the patch by Rekha Joshi as submitted for further refinement,src/test/java/org/apache/commons/lang3/StringUtilsTest.java,109,109,109,1.0000,1,1,1,1.0000,0,0,0,1.0000,0,0,0,1.0000,1119,1119,1.0000,"{""assertAbbreviateWithOffset"": 21, ""assertArrayEquals"": 5, ""assertEquals"": 902, ""assertFalse"": 36, ""assertNotNull"": 2, ""assertNull"": 87, ""assertSame"": 2, ""assertTrue"": 50, ""fail"": 14}","{""assertAbbreviateWithOffset"": 21, ""assertArrayEquals"": 5, ""assertEquals"": 902, ""assertFalse"": 36, ""assertNotNull"": 2, ""assertNull"": 87, ""assertSame"": 2, ""assertTrue"": 50, ""fail"": 14}",1.0000,0,0,"[""testGetJaroWinklerDistance_StringString""]","[""testGetJaroWinklerDistance_StringString""]",[],[],[],[],
gpt-5.5,320,ok,/home/lpy/workspace/misc/course/Introduction-to-Software-Testing/artifacts/sample_runs/gpt-5.5/cand320_7489d6e21334,7489d6e21334673dc56399de7decaaa00f11ebcf,CharSet now maintains iteration order,src/test/java/org/apache/commons/lang3/CharSetTest.java,15,15,15,1.0000,0,0,0,1.0000,0,0,0,1.0000,8,8,8,1.0000,206,206,1.0000,"{""assertEquals"": 70, ""assertFalse"": 20, ""assertNotEquals"": 7, ""assertSame"": 9, ""assertTrue"": 100}","{""assertEquals"": 70, ""assertFalse"": 20, ""assertNotEquals"": 7, ""assertSame"": 9, ""assertTrue"": 100}",1.0000,0,0,[],[],[],[],"[""testConstructor_String_combo"", ""testConstructor_String_comboNegated"", ""testConstructor_String_oddCombinations"", ""testConstructor_String_oddDash"", ""testConstructor_String_oddNegate"", ""testConstructor_String_simple"", ""testContains_Char"", ""testStatics""]","[""testConstructor_String_combo"", ""testConstructor_String_comboNegated"", ""testConstructor_String_oddCombinations"", ""testConstructor_String_oddDash"", ""testConstructor_String_oddNegate"", ""testConstructor_String_simple"", ""testContains_Char"", ""testStatics""]",
gpt-5.5,321,ok,/home/lpy/workspace/misc/course/Introduction-to-Software-Testing/artifacts/sample_runs/gpt-5.5/cand321_758743198725,7587431987258e94748d5f2fda1e6ca049a21600,Avoid endless loop printing array with MultilineRecursiveToStringStyle,src/test/java/org/apache/commons/lang3/builder/MultilineRecursiveToStringStyleTest.java,11,11,11,1.0000,1,1,1,1.0000,0,0,0,1.0000,0,0,0,1.0000,11,11,1.0000,"{""assertEquals"": 11}","{""assertEquals"": 11}",1.0000,0,0,"[""testLANG1319""]","[""testLANG1319""]",[],[],[],[],
gpt-5.5,322,ok,/home/lpy/workspace/misc/course/Introduction-to-Software-Testing/artifacts/sample_runs/gpt-5.5/cand322_7642423cfa70,7642423cfa70fc797601afd64ad28ed1609df9d2,[LANG-1146] z/OS identification in SystemUtils. Simplest implementation.,src/test/java/org/apache/commons/lang3/SystemUtilsTest.java,13,13,13,1.0000,1,1,1,1.0000,0,0,0,1.0000,0,0,0,1.0000,276,276,1.0000,"{""assertEquals"": 5, ""assertFalse"": 208, ""assertNotNull"": 6, ""assertNull"": 2, ""assertTrue"": 55}","{""assertEquals"": 5, ""assertFalse"": 208, ""assertNotNull"": 6, ""assertNull"": 2, ""assertTrue"": 55}",1.0000,0,0,"[""testIS_zOS""]","[""testIS_zOS""]",[],[],[],[],
gpt-5.5,323,ok,/home/lpy/workspace/misc/course/Introduction-to-Software-Testing/artifacts/sample_runs/gpt-5.5/cand323_76e14e483cc0,76e14e483cc0760f5c94d14e1606644c19101f8e,"Push down WordUtils to ""text"" sub-package",src/test/java/org/apache/commons/lang3/StringUtilsTest.java,0,0,0,1.0000,0,0,0,1.0000,0,0,0,1.0000,0,0,0,1.0000,813,813,1.0000,"{""assertAbbreviateWithOffset"": 21, ""assertEquals"": 732, ""assertFalse"": 13, ""assertNotNull"": 2, ""assertNull"": 17, ""assertSame"": 2, ""assertTrue"": 20, ""fail"": 6}","{""assertAbbreviateWithOffset"": 21, ""assertEquals"": 732, ""assertFalse"": 13, ""assertNotNull"": 2, ""assertNull"": 17, ""assertSame"": 2, ""assertTrue"": 20, ""fail"": 6}",1.0000,0,0,[],[],[],[],[],[],
gpt-5.5,324,ok,/home/lpy/workspace/misc/course/Introduction-to-Software-Testing/artifacts/sample_runs/gpt-5.5/cand324_76ec155eea3b,76ec155eea3b1b10b5ddd46e31b38782afbff848,"Fix edge-case NullPointerException in org.apache.commons.lang3.EnumUtils.getEnum(Class, String, E)",src/test/java/org/apache/commons/lang3/EnumUtilsTest.java,48,48,48,1.0000,0,0,0,1.0000,0,0,0,1.0000,3,3,3,1.0000,268,268,1.0000,"{""assertArrayEquals"": 32, ""assertEquals"": 173, ""assertFalse"": 8, ""assertNull"": 11, ""assertNullPointerException"": 11, ""assertThrows"": 12, ""assertTrue"": 21}","{""assertArrayEquals"": 32, ""assertEquals"": 173, ""assertFalse"": 8, ""assertNull"": 11, ""assertNullPointerException"": 11, ""assertThrows"": 12, ""assertTrue"": 21}",1.0000,12,12,[],[],[],[],"[""testGetEnum_defaultEnum"", ""testGetEnum_nullClass"", ""testIsValidEnum_nullClass""]","[""testGetEnum_defaultEnum"", ""testGetEnum_nullClass"", ""testIsValidEnum_nullClass""]",
gpt-5.5,325,ok,/home/lpy/workspace/misc/course/Introduction-to-Software-Testing/artifacts/sample_runs/gpt-5.5/cand325_776b86e99a1c,776b86e99a1ce18a5093db457109807b766d49c1,[LANG-1331] ImmutablePair.nullPair(),src/test/java/org/apache/commons/lang3/tuple/ImmutablePairTest.java,13,13,13,1.0000,7,7,7,1.0000,0,0,0,1.0000,0,0,0,1.0000,35,35,1.0000,"{""assertEquals"": 21, ""assertFalse"": 3, ""assertNotNull"": 1, ""assertNull"": 8, ""assertSame"": 1, ""assertTrue"": 1}","{""assertEquals"": 21, ""assertFalse"": 3, ""assertNotNull"": 1, ""assertNull"": 8, ""assertSame"": 1, ""assertTrue"": 1}",1.0000,0,0,"[""testNullPairEquals"", ""testNullPairKey"", ""testNullPairLeft"", ""testNullPairRight"", ""testNullPairSame"", ""testNullPairTyped"", ""testNullPairValue""]","[""testNullPairEquals"", ""testNullPairKey"", ""testNullPairLeft"", ""testNullPairRight"", ""testNullPairSame"", ""testNullPairTyped"", ""testNullPairValue""]",[],[],[],[],
gpt-5.5,326,ok,/home/lpy/workspace/misc/course/Introduction-to-Software-Testing/artifacts/sample_runs/gpt-5.5/cand326_779828c9a2bb,779828c9a2bb5c38c2cd99c2596ff8ba6b755dd8,"Applying Valentin Rocher's patch to LANG-579, adding new regexp and in range methods to Validate",src/test/java/org/apache/commons/lang3/ValidateTest.java,0,0,0,1.0000,0,0,0,1.0000,0,0,0,1.0000,0,0,0,1.0000,145,145,1.0000,"{""assertEquals"": 63, ""assertNotNull"": 1, ""assertSame"": 22, ""fail"": 59}","{""assertEquals"": 63, ""assertNotNull"": 1, ""assertSame"": 22, ""fail"": 59}",1.0000,0,0,[],[],[],[],[],[],
gpt-5.5,327,ok,/home/lpy/workspace/misc/course/Introduction-to-Software-Testing/artifacts/sample_runs/gpt-5.5/cand327_77d187eefc85,77d187eefc8596ef8203eb827486099cc8b27835,LANG-1134: New methods for lang3.Validate This closes #87 from github.,src/test/java/org/apache/commons/lang3/ValidateTest.java,63,97,63,0.6495,0,34,0,0.0000,0,0,0,1.0000,0,0,0,1.0000,183,339,0.5398,"{""assertEquals"": 79, ""assertFalse"": 1, ""assertNotNull"": 1, ""assertSame"": 22, ""assertTrue"": 2, ""fail"": 78}","{""assertEquals"": 157, ""assertFalse"": 1, ""assertNotNull"": 1, ""assertSame"": 22, ""assertTrue"": 2, ""fail"": 156}",1.0000,0,0,[],"[""testDifferentDouble1"", ""testDifferentDouble2"", ""testDifferentLong1"", ""testDifferentLong2"", ""testDifferentObject1"", ""testDifferentObject2"", ""testFinite1"", ""testFinite2"", ""testGreaterDouble1"", ""testGreaterDouble2"", ""testGreaterLong1"", ""testGreaterLong2"", ""testGreaterObject1"", ""testGreaterObject2"", ""testGreaterOrEqualDouble1"", ""testGreaterOrEqualDouble2"", ""testGreaterOrEqualLong1"", ""testGreaterOrEqualLong2"", ""testGreaterOrEqualObject1"", ""testGreaterOrEqualObject2"", ""testNotNaN1"", ""testNotNaN2"", ""testSmallerDouble1"", ""testSmallerDouble2"", ""testSmallerLong1"", ""testSmallerLong2"", ""testSmallerObject1"", ""testSmallerObject2"", ""testSmallerOrEqualDouble1"", ""testSmallerOrEqualDouble2"", ""testSmallerOrEqualLong1"", ""testSmallerOrEqualLong2"", ""testSmallerOrEqualObject1"", ""testSmallerOrEqualObject2""]",[],[],[],[],
gpt-5.5,328,ok,/home/lpy/workspace/misc/course/Introduction-to-Software-Testing/artifacts/sample_runs/gpt-5.5/cand328_7833161882d5,7833161882d5c98cafda7b3a69ca4693cd155484,Conversion.hexTo*() methods now throw IllegalArgumentException instead of StringIndexOutOfBoundsException,src/test/java/org/apache/commons/lang3/ConversionTest.java,44,44,44,1.0000,0,0,0,1.0000,0,0,0,1.0000,3,3,3,1.0000,583,583,1.0000,"{""assertArrayEquals"": 209, ""assertEquals"": 350, ""assertIllegalArgumentException"": 9, ""assertIndexOutOfBoundsException"": 1, ""assertThrows"": 14}","{""assertArrayEquals"": 209, ""assertEquals"": 350, ""assertIllegalArgumentException"": 9, ""assertIndexOutOfBoundsException"": 1, ""assertThrows"": 14}",1.0000,14,14,[],[],[],[],"[""testHexToInt"", ""testHexToLong"", ""testHexToShort""]","[""testHexToInt"", ""testHexToLong"", ""testHexToShort""]",
gpt-5.5,329,ok,/home/lpy/workspace/misc/course/Introduction-to-Software-Testing/artifacts/sample_runs/gpt-5.5/cand329_7869bf058e10,7869bf058e10be7684d4ba6f58346527b692f63a,"[LANG-926] Add ArrayUtils.reverse(array, from, to) methods.",src/test/java/org/apache/commons/lang3/ArrayUtilsTest.java,194,194,194,1.0000,9,9,9,1.0000,0,0,0,1.0000,0,0,0,1.0000,1162,1162,1.0000,"{""assertArrayEquals"": 43, ""assertEquals"": 586, ""assertFalse"": 161, ""assertIsEquals"": 9, ""assertNotNull"": 1, ""assertNotSame"": 20, ""assertNull"": 9, ""assertSame"": 69, ""assertTrue"": 248, ""fail"": 16}","{""assertArrayEquals"": 43, ""assertEquals"": 586, ""assertFalse"": 161, ""assertIsEquals"": 9, ""assertNotNull"": 1, ""assertNotSame"": 20, ""assertNull"": 9, ""assertSame"": 69, ""assertTrue"": 248, ""fail"": 16}",1.0000,0,0,"[""testReverseBooleanRange"", ""testReverseByteRange"", ""testReverseCharRange"", ""testReverseDoubleRange"", ""testReverseFloatRange"", ""testReverseIntRange"", ""testReverseLongRange"", ""testReverseObjectRange"", ""testReverseShortRange""]","[""testReverseBooleanRange"", ""testReverseByteRange"", ""testReverseCharRange"", ""testReverseDoubleRange"", ""testReverseFloatRange"", ""testReverseIntRange"", ""testReverseLongRange"", ""testReverseObjectRange"", ""testReverseShortRange""]",[],[],[],[],
gpt-5.5,330,ok,/home/lpy/workspace/misc/course/Introduction-to-Software-Testing/artifacts/sample_runs/gpt-5.5/cand330_798caa4e5174,798caa4e51747dfbfceba0af8db7afa4fe629e36,Add LongRange.toLongStream(),src/test/java/org/apache/commons/lang3/LongRangeTest.java,29,29,29,1.0000,1,1,1,1.0000,0,0,0,1.0000,0,0,0,1.0000,165,165,1.0000,"{""assertEquals"": 25, ""assertFalse"": 77, ""assertNotEquals"": 4, ""assertNotNull"": 1, ""assertSame"": 1, ""assertThrows"": 5, ""assertTrue"": 52}","{""assertEquals"": 25, ""assertFalse"": 77, ""assertNotEquals"": 4, ""assertNotNull"": 1, ""assertSame"": 1, ""assertThrows"": 5, ""assertTrue"": 52}",1.0000,5,5,"[""testToIntStream""]","[""testToIntStream""]",[],[],[],[],
gpt-5.5,332,ok,/home/lpy/workspace/misc/course/Introduction-to-Software-Testing/artifacts/sample_runs/gpt-5.5/cand332_7b6ab58a018b,7b6ab58a018b5f6608ea07bc414d3f34a576c6a2,Add methods for Cloneables to ObjectUtils (LANG-576).,src/test/java/org/apache/commons/lang3/ObjectUtilsTest.java,0,0,0,1.0000,0,0,0,1.0000,0,0,0,1.0000,0,0,0,1.0000,79,79,1.0000,"{""assertEquals"": 34, ""assertFalse"": 4, ""assertNotNull"": 2, ""assertNotSame"": 2, ""assertNull"": 8, ""assertSame"": 19, ""assertTrue"": 6, ""fail"": 4}","{""assertEquals"": 34, ""assertFalse"": 4, ""assertNotNull"": 2, ""assertNotSame"": 2, ""assertNull"": 8, ""assertSame"": 19, ""assertTrue"": 6, ""fail"": 4}",1.0000,0,0,[],[],[],[],[],[],
gpt-5.5,333,ok,/home/lpy/workspace/misc/course/Introduction-to-Software-Testing/artifacts/sample_runs/gpt-5.5/cand333_7c1788334a01,7c1788334a0166f8772295823829e79989c11282,Make SystemProperties.getLineSeparator(Supplier) null-safe,src/test/java/org/apache/commons/lang3/SystemPropertiesTest.java,49,49,49,1.0000,0,0,0,1.0000,0,0,0,1.0000,1,1,1,1.0000,262,262,1.0000,"{""assertDoesNotThrow"": 197, ""assertEquals"": 10, ""assertFalse"": 3, ""assertNotNull"": 43, ""assertNull"": 9}","{""assertDoesNotThrow"": 197, ""assertEquals"": 10, ""assertFalse"": 3, ""assertNotNull"": 43, ""assertNull"": 9}",1.0000,0,0,[],[],[],[],"[""testGetLineSeparator""]","[""testGetLineSeparator""]",
gpt-5.5,335,ok,/home/lpy/workspace/misc/course/Introduction-to-Software-Testing/artifacts/sample_runs/gpt-5.5/cand335_7c8d26daac0c,7c8d26daac0c08e888249d506e5ef4e655898166,"Fail-fast for a null DiffBuilder in ReflectionDiffBuilder.ReflectionDiffBuilder(DiffBuilder, String[]) instead of getting a NullPointerException in ReflectionDiffBuilder instance methods",src/test/java/org/apache/commons/lang3/builder/ReflectionDiffBuilderTest.java,18,18,18,1.0000,1,1,1,1.0000,0,0,0,1.0000,0,0,0,1.0000,37,37,1.0000,"{""assertEquals"": 26, ""assertNotNull"": 10, ""assertThrows"": 1}","{""assertEquals"": 26, ""assertNotNull"": 10, ""assertThrows"": 1}",1.0000,1,1,"[""testNoDiffBuilderSet""]","[""testNoDiffBuilderSet""]",[],[],[],[],
gpt-5.5,336,ok,/home/lpy/workspace/misc/course/Introduction-to-Software-Testing/artifacts/sample_runs/gpt-5.5/cand336_7d6e0beccb13,7d6e0beccb1345078b3051504e623f399c012fd4,LANG-1005: Extend DurationFormatUtils#formatDurationISO default pattern to match #formatDurationHMS. Thanks to Michael Osipov.,src/test/java/org/apache/commons/lang3/time/DurationFormatUtilsTest.java,25,25,25,1.0000,0,0,0,1.0000,0,0,0,1.0000,1,1,1,1.0000,176,176,1.0000,"{""assertArrayEquals"": 3, ""assertEqualDuration"": 38, ""assertEquals"": 127, ""assertFalse"": 4, ""assertNotNull"": 1, ""assertTrue"": 3}","{""assertArrayEquals"": 3, ""assertEqualDuration"": 38, ""assertEquals"": 127, ""assertFalse"": 4, ""assertNotNull"": 1, ""assertTrue"": 3}",1.0000,7,7,[],[],[],[],"[""testLexx""]","[""testLexx""]",
gpt-5.5,337,ok,/home/lpy/workspace/misc/course/Introduction-to-Software-Testing/artifacts/sample_runs/gpt-5.5/cand337_7d9d4d41a632,7d9d4d41a6327c813504e6da4df49fbff33dc02f,ClassUtils.comparator().,src/test/java/org/apache/commons/lang3/ClassUtilsTest.java,65,65,65,1.0000,1,1,1,1.0000,0,0,0,1.0000,0,0,0,1.0000,788,788,1.0000,"{""assertArrayEquals"": 10, ""assertEquals"": 364, ""assertFalse"": 171, ""assertGetClassReturnsClass"": 19, ""assertGetClassThrowsClassNotFound"": 10, ""assertGetClassThrowsException"": 3, ""assertGetClassThrowsNullPointerException"": 2, ""assertNotNull"": 1, ""assertNotSame"": 1, ""assertNull"": 18, ""assertSame"": 3, ""assertThrows"": 6, ""assertTrue"": 180}","{""assertArrayEquals"": 10, ""assertEquals"": 364, ""assertFalse"": 171, ""assertGetClassReturnsClass"": 19, ""assertGetClassThrowsClassNotFound"": 10, ""assertGetClassThrowsException"": 3, ""assertGetClassThrowsNullPointerException"": 2, ""assertNotNull"": 1, ""assertNotSame"": 1, ""assertNull"": 18, ""assertSame"": 3, ""assertThrows"": 6, ""assertTrue"": 180}",1.0000,6,6,"[""testComparable""]","[""testComparable""]",[],[],[],[],
gpt-5.5,338,ok,/home/lpy/workspace/misc/course/Introduction-to-Software-Testing/artifacts/sample_runs/gpt-5.5/cand338_7e85d1cf54b1,7e85d1cf54b1e467607a0019b56f91577ebe2e4f,LANG-1226: StringUtils#normalizeSpace does not trim the string anymore (closes #150),src/test/java/org/apache/commons/lang3/StringUtilsTest.java,130,130,130,1.0000,0,0,0,1.0000,0,0,0,1.0000,1,1,1,1.0000,1307,1307,1.0000,"{""assertAbbreviateWithOffset"": 21, ""assertArrayEquals"": 5, ""assertEquals"": 1045, ""assertFalse"": 20, ""assertNotNull"": 2, ""assertNull"": 134, ""assertSame"": 2, ""assertTrue"": 45, ""fail"": 33}","{""assertAbbreviateWithOffset"": 21, ""assertArrayEquals"": 5, ""assertEquals"": 1045, ""assertFalse"": 20, ""assertNotNull"": 2, ""assertNull"": 134, ""assertSame"": 2, ""assertTrue"": 45, ""fail"": 33}",1.0000,13,13,[],[],[],[],"[""testNormalizeSpace""]","[""testNormalizeSpace""]",
gpt-5.5,339,ok,/home/lpy/workspace/misc/course/Introduction-to-Software-Testing/artifacts/sample_runs/gpt-5.5/cand339_7ef106b23772,7ef106b23772995e4307f84afd1bee4e2337ce0c,Implements LANG-1050: Change nullToEmpty methods to generics. Thanks to James Sawle. This closes #33 in GitHub too.,src/test/java/org/apache/commons/lang3/ArrayUtilsTest.java,209,209,209,1.0000,4,4,4,1.0000,0,0,0,1.0000,0,0,0,1.0000,1206,1206,1.0000,"{""assertArrayEquals"": 43, ""assertEquals"": 586, ""assertFalse"": 171, ""assertIsEquals"": 9, ""assertNotNull"": 1, ""assertNotSame"": 20, ""assertNull"": 9, ""assertSame"": 71, ""assertTrue"": 280, ""fail"": 16}","{""assertArrayEquals"": 43, ""assertEquals"": 586, ""assertFalse"": 171, ""assertIsEquals"": 9, ""assertNotNull"": 1, ""assertNotSame"": 20, ""assertNull"": 9, ""assertSame"": 71, ""assertTrue"": 280, ""fail"": 16}",1.0000,2,2,"[""testNullToEmptyGeneric"", ""testNullToEmptyGenericEmpty"", ""testNullToEmptyGenericNull"", ""testNullToEmptyGenericNullType""]","[""testNullToEmptyGeneric"", ""testNullToEmptyGenericEmpty"", ""testNullToEmptyGenericNull"", ""testNullToEmptyGenericNullType""]",[],[],[],[],
gpt-5.5,340,ok,/home/lpy/workspace/misc/course/Introduction-to-Software-Testing/artifacts/sample_runs/gpt-5.5/cand340_80e6a67649ec,80e6a67649ec10d67f5a574c8e93248615c347ca,Add CalendarUtils.toLocalDate() #725,src/test/java/org/apache/commons/lang3/time/CalendarUtilsTest.java,10,10,10,1.0000,1,1,1,1.0000,0,0,0,1.0000,0,0,0,1.0000,39,39,1.0000,"{""assertEquals"": 39}","{""assertEquals"": 39}",1.0000,0,0,"[""testToLocalDate""]","[""testToLocalDate""]",[],[],[],[],
gpt-5.5,341,ok,/home/lpy/workspace/misc/course/Introduction-to-Software-Testing/artifacts/sample_runs/gpt-5.5/cand341_82cc24437f43,82cc24437f43d07880d8883229477735431e5d02,LANG-1272: Added shuffle methods to ArrayUtils,src/test/java/org/apache/commons/lang3/ArrayUtilsTest.java,307,307,307,1.0000,9,9,9,1.0000,0,0,0,1.0000,0,0,0,1.0000,1797,1797,1.0000,"{""assertArrayEquals"": 57, ""assertEquals"": 1078, ""assertFalse"": 198, ""assertIsEquals"": 9, ""assertNotNull"": 1, ""assertNotSame"": 20, ""assertNull"": 37, ""assertSame"": 71, ""assertTrue"": 309, ""fail"": 17}","{""assertArrayEquals"": 57, ""assertEquals"": 1078, ""assertFalse"": 198, ""assertIsEquals"": 9, ""assertNotNull"": 1, ""assertNotSame"": 20, ""assertNull"": 37, ""assertSame"": 71, ""assertTrue"": 309, ""fail"": 17}",1.0000,2,2,"[""testShuffle"", ""testShuffleBoolean"", ""testShuffleByte"", ""testShuffleChar"", ""testShuffleDouble"", ""testShuffleFloat"", ""testShuffleInt"", ""testShuffleLong"", ""testShuffleShort""]","[""testShuffle"", ""testShuffleBoolean"", ""testShuffleByte"", ""testShuffleChar"", ""testShuffleDouble"", ""testShuffleFloat"", ""testShuffleInt"", ""testShuffleLong"", ""testShuffleShort""]",[],[],[],[],
gpt-5.5,342,ok,/home/lpy/workspace/misc/course/Introduction-to-Software-Testing/artifacts/sample_runs/gpt-5.5/cand342_864721d54b8b,864721d54b8b372808b098e13120abe5c22fb9b1,[LANG-1228] Prefer Throwable.getCause() in ExceptionUtils.getCause() (closes #139),src/test/java/org/apache/commons/lang3/exception/ExceptionUtilsTest.java,34,34,34,1.0000,0,0,0,1.0000,0,0,0,1.0000,1,1,1,1.0000,169,169,1.0000,"{""assertEquals"": 98, ""assertFalse"": 2, ""assertNotNull"": 1, ""assertSame"": 47, ""assertTrue"": 12, ""fail"": 9}","{""assertEquals"": 98, ""assertFalse"": 2, ""assertNotNull"": 1, ""assertSame"": 47, ""assertTrue"": 12, ""fail"": 9}",1.0000,1,1,[],[],[],[],"[""testGetCause_Throwable""]","[""testGetCause_Throwable""]",
gpt-5.5,343,ok,/home/lpy/workspace/misc/course/Introduction-to-Software-Testing/artifacts/sample_runs/gpt-5.5/cand343_876543f6ccfa,876543f6ccfaade38887908acf0bdb4a7c070473,Add JavaVersion.JAVA_17 now that Java 17-ea is out.,src/test/java/org/apache/commons/lang3/JavaVersionTest.java,3,3,3,1.0000,0,0,0,1.0000,0,0,0,1.0000,1,1,1,1.0000,28,28,1.0000,"{""assertEquals"": 22, ""assertFalse"": 3, ""assertNull"": 1, ""assertTrue"": 2}","{""assertEquals"": 22, ""assertFalse"": 3, ""assertNull"": 1, ""assertTrue"": 2}",1.0000,0,0,[],[],[],[],"[""testGetJavaVersion""]","[""testGetJavaVersion""]",
gpt-5.5,345,ok,/home/lpy/workspace/misc/course/Introduction-to-Software-Testing/artifacts/sample_runs/gpt-5.5/cand345_8a7b0da6fc78,8a7b0da6fc783127f8272d955d9f06f1966949ec,"org.apache.commons.lang3.reflect.MethodUtils.getMethodObject(Class<?>, String, Class<?>...) now returns null instead of throwing a NullPointerException, as it does for other exception types",src/test/java/org/apache/commons/lang3/reflect/MethodUtilsTest.java,44,44,44,1.0000,0,0,0,1.0000,0,0,0,1.0000,5,5,5,1.0000,228,228,1.0000,"{""assertArrayEquals"": 8, ""assertEquals"": 131, ""assertFalse"": 2, ""assertNotNull"": 17, ""assertNotSame"": 1, ""assertNull"": 25, ""assertNullPointerException"": 13, ""assertSame"": 4, ""assertThrows"": 15, ""assertTrue"": 12}","{""assertArrayEquals"": 8, ""assertEquals"": 131, ""assertFalse"": 2, ""assertNotNull"": 17, ""assertNotSame"": 1, ""assertNull"": 25, ""assertNullPointerException"": 13, ""assertSame"": 4, ""assertThrows"": 15, ""assertTrue"": 12}",1.0000,15,15,[],[],[],[],"[""testGetMethodObject"", ""testInvokeExactMethod"", ""testInvokeMethod"", ""testInvokeMethodForceAccessWithArgs"", ""testInvokeMethod_VarArgsNotUniqueResolvable""]","[""testGetMethodObject"", ""testInvokeExactMethod"", ""testInvokeMethod"", ""testInvokeMethodForceAccessWithArgs"", ""testInvokeMethod_VarArgsNotUniqueResolvable""]",
gpt-5.5,346,ok,/home/lpy/workspace/misc/course/Introduction-to-Software-Testing/artifacts/sample_runs/gpt-5.5/cand346_8aa1b44ada75,8aa1b44ada759e7948f87f55bb29ab87b5eb5469,LANG-1092: Wrong formating of time zones with daylight saving time in FastDatePrinter,src/test/java/org/apache/commons/lang3/time/FastDatePrinterTest.java,15,15,15,1.0000,0,0,0,1.0000,0,0,0,1.0000,1,1,1,1.0000,47,47,1.0000,"{""assertEquals"": 44, ""assertFalse"": 1, ""assertNotNull"": 1, ""assertTrue"": 1}","{""assertEquals"": 44, ""assertFalse"": 1, ""assertNotNull"": 1, ""assertTrue"": 1}",1.0000,0,0,[],[],[],[],"[""testCalendarTimezoneRespected""]","[""testCalendarTimezoneRespected""]",
gpt-5.5,347,ok,/home/lpy/workspace/misc/course/Introduction-to-Software-Testing/artifacts/sample_runs/gpt-5.5/cand347_8b62c114cfc5,8b62c114cfc5fd347bd8cb5a391fdfa8cb539435,[LANG-1385] NumberUtils.createNumber() throws StringIndexOutOfBoundsException instead of NumberFormatException.,src/test/java/org/apache/commons/lang3/math/NumberUtilsTest.java,102,102,102,1.0000,1,1,1,1.0000,0,0,0,1.0000,0,0,0,1.0000,559,559,1.0000,"{""assertEquals"": 221, ""assertFalse"": 18, ""assertNotNull"": 2, ""assertTrue"": 308, ""fail"": 10}","{""assertEquals"": 221, ""assertFalse"": 18, ""assertNotNull"": 2, ""assertTrue"": 308, ""fail"": 10}",1.0000,32,32,"[""testIsNumberLANG1385""]","[""testIsNumberLANG1385""]",[],[],[],[],
gpt-5.5,348,ok,/home/lpy/workspace/misc/course/Introduction-to-Software-Testing/artifacts/sample_runs/gpt-5.5/cand348_8cc6363673bb,8cc6363673bbcbff0777dc20343d207a443eed4a,Fix NullPointerExceptions in org.apache.commons.lang3.compare.ComparableUtils.ComparableCheckBuilder,src/test/java/org/apache/commons/lang3/compare/ComparableUtilsTest.java,33,33,33,1.0000,5,5,5,1.0000,0,0,0,1.0000,14,14,14,1.0000,103,103,1.0000,"{""assertEquals"": 20, ""assertFalse"": 41, ""assertNullPointerException"": 5, ""assertTrue"": 37}","{""assertEquals"": 20, ""assertFalse"": 41, ""assertNullPointerException"": 5, ""assertTrue"": 37}",1.0000,0,0,"[""testIsEqualTo"", ""testIsGreaterThan"", ""testIsGreaterThanOrEqualTo"", ""testIsLessThan"", ""testIsLessThanOrEqualTo""]","[""testIsEqualTo"", ""testIsGreaterThan"", ""testIsGreaterThanOrEqualTo"", ""testIsLessThan"", ""testIsLessThanOrEqualTo""]",[],[],"[""betweenExclusive_returns_false"", ""betweenExclusive_returns_true"", ""between_returns_false"", ""between_returns_true"", ""equalTo_returns_false"", ""equalTo_returns_true"", ""greaterThanOrEqualTo_returns_false"", ""greaterThanOrEqualTo_returns_true"", ""greaterThan_returns_false"", ""greaterThan_returns_true"", ""lessThanOrEqualTo_returns_false"", ""lessThanOrEqualTo_returns_true"", ""lessThan_returns_false"", ""lessThan_returns_true""]","[""betweenExclusive_returns_false"", ""betweenExclusive_returns_true"", ""between_returns_false"", ""between_returns_true"", ""equalTo_returns_false"", ""equalTo_returns_true"", ""greaterThanOrEqualTo_returns_false"", ""greaterThanOrEqualTo_returns_true"", ""greaterThan_returns_false"", ""greaterThan_returns_true"", ""lessThanOrEqualTo_returns_false"", ""lessThanOrEqualTo_returns_true"", ""lessThan_returns_false"", ""lessThan_returns_true""]",
gpt-5.5,349,ok,/home/lpy/workspace/misc/course/Introduction-to-Software-Testing/artifacts/sample_runs/gpt-5.5/cand349_8cd2339a9788,8cd2339a9788cf2c6e44b6761d3a19259fbe1df3,"Applying Eli Lindsey's patch to Yaniv Kunda's report in LANG-936 that StringUtils.getLevensteinDistance(String, String, int) gave the wrong answer when the int threshold is near Integer.MAX_VALUE",src/test/java/org/apache/commons/lang3/StringUtilsTest.java,108,108,108,1.0000,0,0,0,1.0000,0,0,0,1.0000,1,1,1,1.0000,1109,1109,1.0000,"{""assertAbbreviateWithOffset"": 21, ""assertArrayEquals"": 5, ""assertEquals"": 895, ""assertFalse"": 36, ""assertNotNull"": 2, ""assertNull"": 87, ""assertSame"": 2, ""assertTrue"": 50, ""fail"": 11}","{""assertAbbreviateWithOffset"": 21, ""assertArrayEquals"": 5, ""assertEquals"": 895, ""assertFalse"": 36, ""assertNotNull"": 2, ""assertNull"": 87, ""assertSame"": 2, ""assertTrue"": 50, ""fail"": 11}",1.0000,0,0,[],[],[],[],"[""testGetLevenshteinDistance_StringStringInt""]","[""testGetLevenshteinDistance_StringStringInt""]",
gpt-5.5,350,ok,/home/lpy/workspace/misc/course/Introduction-to-Software-Testing/artifacts/sample_runs/gpt-5.5/cand350_8d601ab71228,8d601ab71228f7c3dff950540e7ee6e4043e9053,"LANG-1258: Add ArrayUtils#toStringArray(Object[], String) method (and minimal clean-up of ArrayUtils#toStringArray(Object[]))",src/test/java/org/apache/commons/lang3/ArrayUtilsTest.java,258,258,258,1.0000,2,2,2,1.0000,1,1,1,1.0000,0,0,0,1.0000,1612,1612,1.0000,"{""assertArrayEquals"": 57, ""assertEquals"": 973, ""assertFalse"": 171, ""assertIsEquals"": 9, ""assertNotNull"": 1, ""assertNotSame"": 20, ""assertNull"": 12, ""assertSame"": 71, ""assertTrue"": 281, ""fail"": 17}","{""assertArrayEquals"": 57, ""assertEquals"": 973, ""assertFalse"": 171, ""assertIsEquals"": 9, ""assertNotNull"": 1, ""assertNotSame"": 20, ""assertNull"": 12, ""assertSame"": 71, ""assertTrue"": 281, ""fail"": 17}",1.0000,2,2,"[""testToStringArray_array"", ""testToStringArray_array_string""]","[""testToStringArray_array"", ""testToStringArray_array_string""]","[""testToStringArray""]","[""testToStringArray""]",[],[],
gpt-5.5,351,ok,/home/lpy/workspace/misc/course/Introduction-to-Software-Testing/artifacts/sample_runs/gpt-5.5/cand351_8e05b7141a8f,8e05b7141a8fc302b35f412834d660f234a10648,Make ArrayFill null-safe,src/test/java/org/apache/commons/lang3/ArrayFillTest.java,16,16,16,1.0000,8,8,8,1.0000,0,0,0,1.0000,0,0,0,1.0000,24,24,1.0000,"{""assertEquals"": 8, ""assertSame"": 16}","{""assertEquals"": 8, ""assertSame"": 16}",1.0000,0,0,"[""testFillByteArrayNull"", ""testFillCharArrayNull"", ""testFillDoubleArrayNull"", ""testFillFloatArrayNull"", ""testFillIntArrayNull"", ""testFillLongArrayNull"", ""testFillObjectArrayNull"", ""testFillShortArrayNull""]","[""testFillByteArrayNull"", ""testFillCharArrayNull"", ""testFillDoubleArrayNull"", ""testFillFloatArrayNull"", ""testFillIntArrayNull"", ""testFillLongArrayNull"", ""testFillObjectArrayNull"", ""testFillShortArrayNull""]",[],[],[],[],
gpt-5.5,352,ok,/home/lpy/workspace/misc/course/Introduction-to-Software-Testing/artifacts/sample_runs/gpt-5.5/cand352_8e1f5a9aca4a,8e1f5a9aca4afc662503474fae41434f75d5021b,Add EnumSet.stream(Class),src/test/java/org/apache/commons/lang3/EnumUtilsTest.java,47,48,47,0.9792,0,1,0,0.0000,0,0,0,1.0000,0,0,0,1.0000,264,267,0.9888,"{""assertArrayEquals"": 31, ""assertEquals"": 170, ""assertFalse"": 7, ""assertNull"": 10, ""assertNullPointerException"": 13, ""assertThrows"": 12, ""assertTrue"": 21}","{""assertArrayEquals"": 32, ""assertEquals"": 172, ""assertFalse"": 7, ""assertNull"": 10, ""assertNullPointerException"": 13, ""assertThrows"": 12, ""assertTrue"": 21}",1.0000,12,12,[],"[""testStream""]",[],[],[],[],
gpt-5.5,353,ok,/home/lpy/workspace/misc/course/Introduction-to-Software-Testing/artifacts/sample_runs/gpt-5.5/cand353_8ea0c0284810,8ea0c0284810bd6ec00f608be31abd20dbd4b72b,LANG-915: Wrong locale handling in LocaleUtils.toLocale(). Thanks to Sergio Fernández,src/test/java/org/apache/commons/lang3/LocaleUtilsTest.java,15,15,15,1.0000,1,1,1,1.0000,0,0,0,1.0000,1,1,1,1.0000,124,124,1.0000,"{""assertCountriesByLanguage"": 5, ""assertEquals"": 22, ""assertFalse"": 1, ""assertLanguageByCountry"": 5, ""assertLocaleLookupList"": 17, ""assertNotNull"": 9, ""assertNull"": 1, ""assertSame"": 4, ""assertTrue"": 8, ""assertUnmodifiableCollection"": 6, ""assertValidToLocale"": 21, ""fail"": 25}","{""assertCountriesByLanguage"": 5, ""assertEquals"": 22, ""assertFalse"": 1, ""assertLanguageByCountry"": 5, ""assertLocaleLookupList"": 17, ""assertNotNull"": 9, ""assertNull"": 1, ""assertSame"": 4, ""assertTrue"": 8, ""assertUnmodifiableCollection"": 6, ""assertValidToLocale"": 21, ""fail"": 25}",1.0000,0,0,"[""testThreeCharsLocale""]","[""testThreeCharsLocale""]",[],[],"[""testToLocale_1Part""]","[""testToLocale_1Part""]",
gpt-5.5,354,ok,/home/lpy/workspace/misc/course/Introduction-to-Software-Testing/artifacts/sample_runs/gpt-5.5/cand354_8eef2fc92229,8eef2fc92229e47889e66774edd3df0a9f6d6281,Add Pair.accept(FailableBiConsumer),src/test/java/org/apache/commons/lang3/tuple/PairTest.java,15,15,15,1.0000,2,2,2,1.0000,0,0,0,1.0000,0,0,0,1.0000,48,48,1.0000,"{""assertEquals"": 33, ""assertNotEquals"": 2, ""assertNull"": 3, ""assertThrows"": 3, ""assertTrue"": 7}","{""assertEquals"": 33, ""assertNotEquals"": 2, ""assertNull"": 3, ""assertThrows"": 3, ""assertTrue"": 7}",1.0000,3,3,"[""testAccept"", ""testApply""]","[""testAccept"", ""testApply""]",[],[],[],[],
gpt-5.5,355,ok,/home/lpy/workspace/misc/course/Introduction-to-Software-Testing/artifacts/sample_runs/gpt-5.5/cand355_911fbb9352f0,911fbb9352f029dd02971eebdbf7d9cffc7f9175,Add ExceptionUtils.getRootCauseStackTraceList(Throwable),src/test/java/org/apache/commons/lang3/exception/ExceptionUtilsTest.java,53,53,53,1.0000,1,1,1,1.0000,0,0,0,1.0000,0,0,0,1.0000,282,282,1.0000,"{""assertArrayEquals"": 1, ""assertEquals"": 148, ""assertFalse"": 5, ""assertNotNull"": 1, ""assertNull"": 40, ""assertSame"": 67, ""assertThrows"": 10, ""assertTrue"": 10}","{""assertArrayEquals"": 1, ""assertEquals"": 148, ""assertFalse"": 5, ""assertNotNull"": 1, ""assertNull"": 40, ""assertSame"": 67, ""assertThrows"": 10, ""assertTrue"": 10}",1.0000,10,10,"[""testGetRootCauseStackTraceList_Throwable""]","[""testGetRootCauseStackTraceList_Throwable""]",[],[],[],[],
gpt-5.5,356,ok,/home/lpy/workspace/misc/course/Introduction-to-Software-Testing/artifacts/sample_runs/gpt-5.5/cand356_9384d0fb583c,9384d0fb583c7a26f5eed8b6f586dc8e24f0dc49,Add org.apache.commons.lang3.SystemProperties.getLineSeparator(Supplier<String>),src/test/java/org/apache/commons/lang3/SystemPropertiesTest.java,46,46,46,1.0000,0,0,0,1.0000,0,0,0,1.0000,1,1,1,1.0000,68,68,1.0000,"{""assertDoesNotThrow"": 5, ""assertEquals"": 10, ""assertFalse"": 2, ""assertNotNull"": 42, ""assertNull"": 9}","{""assertDoesNotThrow"": 5, ""assertEquals"": 10, ""assertFalse"": 2, ""assertNotNull"": 42, ""assertNull"": 9}",1.0000,0,0,[],[],[],[],"[""testGetLineSeparator""]","[""testGetLineSeparator""]",
gpt-5.5,357,ok,/home/lpy/workspace/misc/course/Introduction-to-Software-Testing/artifacts/sample_runs/gpt-5.5/cand357_9397608dd35a,9397608dd35a335d5e14813c0923f9419782980a,LANG-971 NumberUtils#isNumber(String) fails to reject invalid Octal numbers,src/test/java/org/apache/commons/lang3/math/NumberUtilsTest.java,84,84,84,1.0000,1,1,1,1.0000,0,0,0,1.0000,0,0,0,1.0000,479,479,1.0000,"{""assertEquals"": 197, ""assertFalse"": 7, ""assertNotNull"": 2, ""assertTrue"": 264, ""fail"": 9}","{""assertEquals"": 197, ""assertFalse"": 7, ""assertNotNull"": 2, ""assertTrue"": 264, ""fail"": 9}",1.0000,28,28,"[""testLANG971""]","[""testLANG971""]",[],[],[],[],
gpt-5.5,358,ok,/home/lpy/workspace/misc/course/Introduction-to-Software-Testing/artifacts/sample_runs/gpt-5.5/cand358_944d6e10a47d,944d6e10a47d1f662b7bda5fd712dfb5440a36cf,Refactor and add RegExUtils.dotAll() and dotAllMatcher(),src/test/java/org/apache/commons/lang3/RegExUtilsTest.java,12,12,12,1.0000,2,2,2,1.0000,0,0,0,1.0000,0,0,0,1.0000,126,126,1.0000,"{""assertEquals"": 110, ""assertNull"": 10, ""assertThrows"": 4, ""assertTrue"": 2}","{""assertEquals"": 110, ""assertNull"": 10, ""assertThrows"": 4, ""assertTrue"": 2}",1.0000,4,4,"[""testDotAll"", ""testDotAllMatcher""]","[""testDotAll"", ""testDotAllMatcher""]",[],[],[],[],
gpt-5.5,359,ok,/home/lpy/workspace/misc/course/Introduction-to-Software-Testing/artifacts/sample_runs/gpt-5.5/cand359_94f612b31fd9,94f612b31fd934c17850b9a1c8f1eded2cbdc842,[LANG-1764] Several hash collisions in Fraction class,src/test/java/org/apache/commons/lang3/math/FractionTest.java,26,26,26,1.0000,1,1,1,1.0000,0,0,0,1.0000,1,1,1,1.0000,405,405,1.0000,"{""assertEquals"": 310, ""assertNotEquals"": 8, ""assertSame"": 12, ""assertThrows"": 70, ""assertTrue"": 5}","{""assertEquals"": 310, ""assertNotEquals"": 8, ""assertSame"": 12, ""assertThrows"": 70, ""assertTrue"": 5}",1.0000,70,70,"[""testHashCodeNotEquals""]","[""testHashCodeNotEquals""]",[],[],"[""testHashCode""]","[""testHashCode""]",
gpt-5.5,360,ok,/home/lpy/workspace/misc/course/Introduction-to-Software-Testing/artifacts/sample_runs/gpt-5.5/cand360_97e572cb7e10,97e572cb7e104b09573bba1881a764d9bac81bc8,[LANG-1802] Fix collision in CharRange.hashCode(),src/test/java/org/apache/commons/lang3/CharRangeTest.java,18,18,18,1.0000,1,1,1,1.0000,0,0,0,1.0000,0,0,0,1.0000,181,181,1.0000,"{""assertEquals"": 47, ""assertFalse"": 60, ""assertNotEquals"": 16, ""assertNotNull"": 6, ""assertNullPointerException"": 1, ""assertThrows"": 4, ""assertTrue"": 47}","{""assertEquals"": 47, ""assertFalse"": 60, ""assertNotEquals"": 16, ""assertNotNull"": 6, ""assertNullPointerException"": 1, ""assertThrows"": 4, ""assertTrue"": 47}",1.0000,4,4,"[""testHashCodeLang1802""]","[""testHashCodeLang1802""]",[],[],[],[],
gpt-5.5,361,ok,/home/lpy/workspace/misc/course/Introduction-to-Software-Testing/artifacts/sample_runs/gpt-5.5/cand361_97fb6a23e02d,97fb6a23e02d67cc52506e819363d3781f33c1b3,Add SystemUtils.getJavaIoTmpDirPath(),src/test/java/org/apache/commons/lang3/SystemUtilsTest.java,21,21,21,1.0000,1,1,1,1.0000,0,0,0,1.0000,0,0,0,1.0000,1119,1119,1.0000,"{""assertEquals"": 12, ""assertFalse"": 844, ""assertNotNull"": 7, ""assertNull"": 1, ""assertTrue"": 255}","{""assertEquals"": 12, ""assertFalse"": 844, ""assertNotNull"": 7, ""assertNull"": 1, ""assertTrue"": 255}",1.0000,0,0,"[""testGetJavaIoTmpDirPath""]","[""testGetJavaIoTmpDirPath""]",[],[],[],[],
gpt-5.5,362,ok,/home/lpy/workspace/misc/course/Introduction-to-Software-Testing/artifacts/sample_runs/gpt-5.5/cand362_9a313ed46073,9a313ed4607336e025ce34575fdb2006c709524f,Add SystemProperties constants for system properties as of Java 22.,src/test/java/org/apache/commons/lang3/SystemPropertiesTest.java,48,48,48,1.0000,1,1,1,1.0000,0,0,0,1.0000,0,0,0,1.0000,259,259,1.0000,"{""assertDoesNotThrow"": 5, ""assertEquals"": 10, ""assertFalse"": 2, ""assertNotNull"": 233, ""assertNull"": 9}","{""assertDoesNotThrow"": 5, ""assertEquals"": 10, ""assertFalse"": 2, ""assertNotNull"": 233, ""assertNull"": 9}",1.0000,0,0,"[""testActualKeys""]","[""testActualKeys""]",[],[],[],[],
gpt-5.5,363,ok,/home/lpy/workspace/misc/course/Introduction-to-Software-Testing/artifacts/sample_runs/gpt-5.5/cand363_9bc57f7fed72,9bc57f7fed72c09468588f2f5ac5d5d503bc845c,"Add RegExUtils.dotAllMatcher(String, CharSequence) and deprecate RegExUtils.dotAllMatcher(String, String)",src/test/java/org/apache/commons/lang3/RegExUtilsTest.java,13,13,13,1.0000,1,1,1,1.0000,0,0,0,1.0000,1,1,1,1.0000,127,127,1.0000,"{""assertEquals"": 110, ""assertNull"": 10, ""assertThrows"": 4, ""assertTrue"": 3}","{""assertEquals"": 110, ""assertNull"": 10, ""assertThrows"": 4, ""assertTrue"": 3}",1.0000,4,4,"[""testDotAllMatcherDeprecated""]","[""testDotAllMatcherDeprecated""]",[],[],"[""testDotAllMatcher""]","[""testDotAllMatcher""]",
gpt-5.5,364,ok,/home/lpy/workspace/misc/course/Introduction-to-Software-Testing/artifacts/sample_runs/gpt-5.5/cand364_9bd439b4e0aa,9bd439b4e0aa69050ef1baa537e552fa4620e5d4,LANG-1229: Performance regression due to cyclic hashCode guard,src/test/java/org/apache/commons/lang3/builder/HashCodeBuilderTest.java,45,45,45,1.0000,0,0,0,1.0000,1,1,1,1.0000,0,0,0,1.0000,110,110,1.0000,"{""assertEquals"": 108, ""assertNull"": 2}","{""assertEquals"": 108, ""assertNull"": 2}",1.0000,9,9,[],[],"[""testNonreflectionObjectCycle""]","[""testNonreflectionObjectCycle""]",[],[],
gpt-5.5,365,ok,/home/lpy/workspace/misc/course/Introduction-to-Software-Testing/artifacts/sample_runs/gpt-5.5/cand365_9be39c4a7aa7,9be39c4a7aa7a9a0e3e9cbf29c85884623a9fa4f,Add Streams.of(Iterable<E>),src/test/java/org/apache/commons/lang3/stream/StreamsTest.java,18,18,18,1.0000,2,2,2,1.0000,0,0,0,1.0000,0,0,0,1.0000,55,55,1.0000,"{""assertAll"": 2, ""assertEquals"": 32, ""assertEvenNumbers"": 3, ""assertNotNull"": 1, ""assertThat"": 8, ""assertThrows"": 7, ""assertTrue"": 2}","{""assertAll"": 2, ""assertEquals"": 32, ""assertEvenNumbers"": 3, ""assertNotNull"": 1, ""assertThat"": 8, ""assertThrows"": 7, ""assertTrue"": 2}",1.0000,7,7,"[""testOfIterableNotNull"", ""testOfIterableNull""]","[""testOfIterableNotNull"", ""testOfIterableNull""]",[],[],[],[],
gpt-5.5,366,ok,/home/lpy/workspace/misc/course/Introduction-to-Software-Testing/artifacts/sample_runs/gpt-5.5/cand366_9bf6b2fb4170,9bf6b2fb41704f3a3eadd4816bdff3c4ec24604e,Make Validate.isAssignableFrom() check null inputs.,src/test/java/org/apache/commons/lang3/ValidateTest.java,90,90,90,1.0000,3,3,3,1.0000,0,0,0,1.0000,0,0,0,1.0000,254,248,1.0242,"{""assertEquals"": 115, ""assertFalse"": 1, ""assertNotNull"": 1, ""assertSame"": 22, ""assertThrows"": 114, ""assertTrue"": 1}","{""assertEquals"": 112, ""assertFalse"": 1, ""assertNotNull"": 1, ""assertSame"": 22, ""assertThrows"": 111, ""assertTrue"": 1}",1.0000,114,111,"[""shouldThrowIllegalArgumentExceptionWithNullSuperType"", ""shouldThrowIllegalArgumentExceptionWithNullType"", ""shouldThrowIllegalArgumentExceptionWithNullTypes""]","[""shouldThrowIllegalArgumentExceptionWithNullSuperType"", ""shouldThrowIllegalArgumentExceptionWithNullType"", ""shouldThrowIllegalArgumentExceptionWithNullTypes""]",[],[],[],[],
gpt-5.5,367,ok,/home/lpy/workspace/misc/course/Introduction-to-Software-Testing/artifacts/sample_runs/gpt-5.5/cand367_9d6a4be2f1ff,9d6a4be2f1ff331e51daa807fb5b81473d645f73,LocaleUtils.availableLocaleSet() uses predictable iteration order,src/test/java/org/apache/commons/lang3/LocaleUtilsTest.java,19,19,19,1.0000,0,0,0,1.0000,0,0,0,1.0000,1,1,1,1.0000,143,143,1.0000,"{""assertCountriesByLanguage"": 5, ""assertEquals"": 30, ""assertFalse"": 1, ""assertLanguageByCountry"": 5, ""assertLocaleLookupList"": 17, ""assertNotEquals"": 4, ""assertNotNull"": 9, ""assertNull"": 2, ""assertSame"": 4, ""assertThrows"": 21, ""assertTrue"": 11, ""assertUnmodifiableCollection"": 6, ""assertValidToLocale"": 28}","{""assertCountriesByLanguage"": 5, ""assertEquals"": 30, ""assertFalse"": 1, ""assertLanguageByCountry"": 5, ""assertLocaleLookupList"": 17, ""assertNotEquals"": 4, ""assertNotNull"": 9, ""assertNull"": 2, ""assertSame"": 4, ""assertThrows"": 21, ""assertTrue"": 11, ""assertUnmodifiableCollection"": 6, ""assertValidToLocale"": 28}",1.0000,21,21,[],[],[],[],"[""testAvailableLocaleList""]","[""testAvailableLocaleList""]",
gpt-5.5,368,ok,/home/lpy/workspace/misc/course/Introduction-to-Software-Testing/artifacts/sample_runs/gpt-5.5/cand368_9e6383cb217b,9e6383cb217bb0d8e615eaea4b3d46446e8cc536,Add SystemUtils.IS_JAVA_16.,src/test/java/org/apache/commons/lang3/SystemUtilsTest.java,20,20,20,1.0000,0,0,0,1.0000,0,0,0,1.0000,1,1,1,1.0000,562,562,1.0000,"{""assertEquals"": 10, ""assertFalse"": 403, ""assertNotNull"": 6, ""assertNull"": 1, ""assertTrue"": 142}","{""assertEquals"": 10, ""assertFalse"": 403, ""assertNotNull"": 6, ""assertNull"": 1, ""assertTrue"": 142}",1.0000,0,0,[],[],[],[],"[""test_IS_JAVA""]","[""test_IS_JAVA""]",
gpt-5.5,369,ok,/home/lpy/workspace/misc/course/Introduction-to-Software-Testing/artifacts/sample_runs/gpt-5.5/cand369_9f7d3b5ec3aa,9f7d3b5ec3aab40ee404a652495848213a608f01,Fix `WordUtils.wrap` for `wrapOn` matches different from one character (#1655),src/test/java/org/apache/commons/lang3/text/WordUtilsTest.java,16,16,16,1.0000,1,1,1,1.0000,2,2,2,1.0000,0,0,0,1.0000,209,209,1.0000,"{""assertEquals"": 169, ""assertFalse"": 14, ""assertNotNull"": 1, ""assertNull"": 22, ""assertTrue"": 3}","{""assertEquals"": 169, ""assertFalse"": 14, ""assertNotNull"": 1, ""assertNull"": 22, ""assertTrue"": 3}",1.0000,0,0,"[""testWrapStringIntStringBooleanString""]","[""testWrapStringIntStringBooleanString""]","[""testWrap_StringIntStringBooleanString"", ""testZeroWidthWrapOnRegex""]","[""testWrap_StringIntStringBooleanString"", ""testZeroWidthWrapOnRegex""]",[],[],
gpt-5.5,370,ok,/home/lpy/workspace/misc/course/Introduction-to-Software-Testing/artifacts/sample_runs/gpt-5.5/cand370_a01471c196db,a01471c196dba90dc1c4cb83ad3aab9f5cf07698,[LANG-1759] SerializationUtils.clone(Object) throws ClassCastException when called with a Serializable lambda,src/test/java/org/apache/commons/lang3/SerializationUtilsTest.java,28,28,28,1.0000,1,1,1,1.0000,0,0,0,1.0000,0,0,0,1.0000,68,68,1.0000,"{""assertArrayEquals"": 4, ""assertEquals"": 22, ""assertFalse"": 1, ""assertInstanceOf"": 3, ""assertNotNull"": 4, ""assertNotSame"": 9, ""assertNull"": 3, ""assertSame"": 7, ""assertThrows"": 13, ""assertTrue"": 2}","{""assertArrayEquals"": 4, ""assertEquals"": 22, ""assertFalse"": 1, ""assertInstanceOf"": 3, ""assertNotNull"": 4, ""assertNotSame"": 9, ""assertNull"": 3, ""assertSame"": 7, ""assertThrows"": 13, ""assertTrue"": 2}",1.0000,13,13,"[""testCloneSerializableSupplier""]","[""testCloneSerializableSupplier""]",[],[],[],[],
gpt-5.5,371,ok,/home/lpy/workspace/misc/course/Introduction-to-Software-Testing/artifacts/sample_runs/gpt-5.5/cand371_a08ec31dbf21,a08ec31dbf212a033953dc6916a743dccbb93e37,Fixes LANG-1292: WordUtils.wrap throws StringIndexOutOfBoundsException,src/test/java/org/apache/commons/lang3/text/WordUtilsTest.java,15,15,15,1.0000,1,1,1,1.0000,0,0,0,1.0000,0,0,0,1.0000,212,212,1.0000,"{""assertEquals"": 194, ""assertFalse"": 14, ""assertNotNull"": 1, ""assertTrue"": 3}","{""assertEquals"": 194, ""assertFalse"": 14, ""assertNotNull"": 1, ""assertTrue"": 3}",1.0000,0,0,"[""testLANG1292""]","[""testLANG1292""]",[],[],[],[],
gpt-5.5,372,ok,/home/lpy/workspace/misc/course/Introduction-to-Software-Testing/artifacts/sample_runs/gpt-5.5/cand372_a11351107ed7,a11351107ed7ce1b3a903e52c422156b25fa2061,"[LANG-1044] Add method org.apache.commons.lang3.reflect.MethodUtils.invokeExactMethod(Object, String)</action> [LANG-1045] Add method org.apache.commons.lang3.reflect.MethodUtils.invokeMethod(Object, String)</action>",src/test/java/org/apache/commons/lang3/reflect/MethodUtilsTest.java,23,23,23,1.0000,0,0,0,1.0000,0,0,0,1.0000,2,2,2,1.0000,72,72,1.0000,"{""assertArrayEquals"": 1, ""assertEquals"": 45, ""assertFalse"": 2, ""assertNotNull"": 2, ""assertNotSame"": 1, ""assertNull"": 2, ""assertSame"": 4, ""assertThat"": 3, ""assertTrue"": 5, ""fail"": 7}","{""assertArrayEquals"": 1, ""assertEquals"": 45, ""assertFalse"": 2, ""assertNotNull"": 2, ""assertNotSame"": 1, ""assertNull"": 2, ""assertSame"": 4, ""assertThat"": 3, ""assertTrue"": 5, ""fail"": 7}",1.0000,6,6,[],[],[],[],"[""testInvokeExactMethod"", ""testInvokeMethod""]","[""testInvokeExactMethod"", ""testInvokeMethod""]",
gpt-5.5,373,ok,/home/lpy/workspace/misc/course/Introduction-to-Software-Testing/artifacts/sample_runs/gpt-5.5/cand373_a2b2b35ac3b9,a2b2b35ac3b969686c647e57f5ca3bacc63f2c56,[LANG-1646] NumberUtils to return requested floating point type for zero,src/test/java/org/apache/commons/lang3/math/NumberUtilsTest.java,113,113,113,1.0000,1,1,1,1.0000,0,0,0,1.0000,3,3,3,1.0000,676,676,1.0000,"{""assertCreateNumberZero"": 7, ""assertEquals"": 530, ""assertFalse"": 18, ""assertNotNull"": 2, ""assertNull"": 7, ""assertThrows"": 40, ""assertTrue"": 72}","{""assertCreateNumberZero"": 7, ""assertEquals"": 530, ""assertFalse"": 18, ""assertNotNull"": 2, ""assertNull"": 7, ""assertThrows"": 40, ""assertTrue"": 72}",1.0000,40,40,"[""testCreateNumberZero""]","[""testCreateNumberZero""]",[],[],"[""testCreateNumberMagnitude"", ""testIsCreatable"", ""testIsNumber""]","[""testCreateNumberMagnitude"", ""testIsCreatable"", ""testIsNumber""]",
gpt-5.5,374,ok,/home/lpy/workspace/misc/course/Introduction-to-Software-Testing/artifacts/sample_runs/gpt-5.5/cand374_a3de60835eb2,a3de60835eb20ddc38f7635f1c0bd94b21801457,"<action issue=""LANG-962"" type=""add"" dev=""ggregory"">Add SerializationUtils.roundtrip(T extends Serializable) to serialize then deserialize</action>",src/test/java/org/apache/commons/lang3/SerializationUtilsTest.java,25,26,25,0.9615,0,1,0,0.0000,0,0,0,1.0000,0,0,0,1.0000,61,62,0.9839,"{""assertEquals"": 23, ""assertFalse"": 1, ""assertNotNull"": 4, ""assertNull"": 3, ""assertSame"": 7, ""assertTrue"": 14, ""fail"": 9}","{""assertEquals"": 24, ""assertFalse"": 1, ""assertNotNull"": 4, ""assertNull"": 3, ""assertSame"": 7, ""assertTrue"": 14, ""fail"": 9}",1.0000,1,1,[],"[""testRoundtrip""]",[],[],[],[],
gpt-5.5,375,ok,/home/lpy/workspace/misc/course/Introduction-to-Software-Testing/artifacts/sample_runs/gpt-5.5/cand375_a40b2a907a69,a40b2a907a69e51675d7d0502b2608833c4da343,LANG-1269: Wrong name or result of StringUtils#getJaroWinklerDistance (closes #198),src/test/java/org/apache/commons/lang3/StringUtilsTest.java,140,140,140,1.0000,4,4,4,1.0000,0,0,0,1.0000,0,0,0,1.0000,1419,1419,1.0000,"{""assertAbbreviateWithOffset"": 21, ""assertArrayEquals"": 5, ""assertEquals"": 1153, ""assertFalse"": 20, ""assertNotNull"": 2, ""assertNull"": 137, ""assertSame"": 3, ""assertTrue"": 45, ""fail"": 33}","{""assertAbbreviateWithOffset"": 21, ""assertArrayEquals"": 5, ""assertEquals"": 1153, ""assertFalse"": 20, ""assertNotNull"": 2, ""assertNull"": 137, ""assertSame"": 3, ""assertTrue"": 45, ""fail"": 33}",1.0000,16,16,"[""testGetJaroWinklerSimilarity_NullNull"", ""testGetJaroWinklerSimilarity_NullString"", ""testGetJaroWinklerSimilarity_StringNull"", ""testGetJaroWinklerSimilarity_StringString""]","[""testGetJaroWinklerSimilarity_NullNull"", ""testGetJaroWinklerSimilarity_NullString"", ""testGetJaroWinklerSimilarity_StringNull"", ""testGetJaroWinklerSimilarity_StringString""]",[],[],[],[],
gpt-5.5,376,ok,/home/lpy/workspace/misc/course/Introduction-to-Software-Testing/artifacts/sample_runs/gpt-5.5/cand376_a4ba12e80c1b,a4ba12e80c1b82b814b0165704934ef182ad069f,"org.apache.commons.lang3.EnumUtils.getFirstEnumIgnoreCase(Class<E>, String, Function<E, String>, E) now returns the given default enum on null enumClass input",src/test/java/org/apache/commons/lang3/EnumUtilsTest.java,48,48,48,1.0000,0,0,0,1.0000,0,0,0,1.0000,5,5,5,1.0000,271,271,1.0000,"{""assertArrayEquals"": 32, ""assertEquals"": 174, ""assertFalse"": 9, ""assertNull"": 14, ""assertNullPointerException"": 9, ""assertThrows"": 12, ""assertTrue"": 21}","{""assertArrayEquals"": 32, ""assertEquals"": 174, ""assertFalse"": 9, ""assertNull"": 14, ""assertNullPointerException"": 9, ""assertThrows"": 12, ""assertTrue"": 21}",1.0000,12,12,[],[],[],[],"[""testGetEnumIgnoreCase_defaultEnum"", ""testGetEnumIgnoreCase_nullClass"", ""testGetFirstEnumIgnoreCase_defaultEnum"", ""testIsValidEnumIgnoreCase_nullClass"", ""testStream""]","[""testGetEnumIgnoreCase_defaultEnum"", ""testGetEnumIgnoreCase_nullClass"", ""testGetFirstEnumIgnoreCase_defaultEnum"", ""testIsValidEnumIgnoreCase_nullClass"", ""testStream""]",
gpt-5.5,377,ok,/home/lpy/workspace/misc/course/Introduction-to-Software-Testing/artifacts/sample_runs/gpt-5.5/cand377_a5f9a0cc22e4,a5f9a0cc22e4626234a4d7b53bf357d61eb2478b,org.apache.commons.lang3.ClassUtils.getCanonicalName(String) now throws an IllegalArgumentException for array dimensions greater than 255,src/test/java/org/apache/commons/lang3/ClassUtilsTest.java,66,66,66,1.0000,0,0,0,1.0000,0,0,0,1.0000,1,1,1,1.0000,804,804,1.0000,"{""assertArrayEquals"": 10, ""assertEquals"": 379, ""assertFalse"": 171, ""assertGetClassReturnsClass"": 19, ""assertGetClassThrowsClassNotFound"": 10, ""assertGetClassThrowsException"": 3, ""assertGetClassThrowsNullPointerException"": 2, ""assertNotNull"": 1, ""assertNotSame"": 1, ""assertNull"": 18, ""assertSame"": 3, ""assertThrows"": 7, ""assertTrue"": 180}","{""assertArrayEquals"": 10, ""assertEquals"": 379, ""assertFalse"": 171, ""assertGetClassReturnsClass"": 19, ""assertGetClassThrowsClassNotFound"": 10, ""assertGetClassThrowsException"": 3, ""assertGetClassThrowsNullPointerException"": 2, ""assertNotNull"": 1, ""assertNotSame"": 1, ""assertNull"": 18, ""assertSame"": 3, ""assertThrows"": 7, ""assertTrue"": 180}",1.0000,7,7,[],[],[],[],"[""test_getShortCanonicalName_String""]","[""test_getShortCanonicalName_String""]",
gpt-5.5,378,ok,/home/lpy/workspace/misc/course/Introduction-to-Software-Testing/artifacts/sample_runs/gpt-5.5/cand378_a606a0328ba4,a606a0328ba4b3061c5bc810a31418fa4251ea16,[LANG-1513] ObjectUtils: Get first non-null supplier value.,src/test/java/org/apache/commons/lang3/ObjectUtilsTest.java,47,47,47,1.0000,1,1,1,1.0000,0,0,0,1.0000,0,0,0,1.0000,204,204,1.0000,"{""assertArrayEquals"": 1, ""assertEquals"": 72, ""assertFalse"": 25, ""assertNotNull"": 2, ""assertNotSame"": 2, ""assertNull"": 20, ""assertSame"": 30, ""assertThrows"": 19, ""assertTrue"": 32, ""fail"": 1}","{""assertArrayEquals"": 1, ""assertEquals"": 72, ""assertFalse"": 25, ""assertNotNull"": 2, ""assertNotSame"": 2, ""assertNull"": 20, ""assertSame"": 30, ""assertThrows"": 19, ""assertTrue"": 32, ""fail"": 1}",1.0000,19,19,"[""testGetFirstNonNull""]","[""testGetFirstNonNull""]",[],[],[],[],
gpt-5.5,379,ok,/home/lpy/workspace/misc/course/Introduction-to-Software-Testing/artifacts/sample_runs/gpt-5.5/cand379_a914a268ba9c,a914a268ba9c3ddc852bcfb0da680ae1103072dd,[LANG-1505] Add StopWatch convenience APIs to format times and create a simple instance.,src/test/java/org/apache/commons/lang3/time/StopWatchTest.java,13,13,13,1.0000,2,2,2,1.0000,0,0,0,1.0000,0,0,0,1.0000,50,50,1.0000,"{""assertEquals"": 12, ""assertFalse"": 7, ""assertNotEquals"": 1, ""assertThrows"": 12, ""assertTrue"": 18}","{""assertEquals"": 12, ""assertFalse"": 7, ""assertNotEquals"": 1, ""assertThrows"": 12, ""assertTrue"": 18}",1.0000,12,12,"[""testFormatSplitTime"", ""testFormatTime""]","[""testFormatSplitTime"", ""testFormatTime""]",[],[],[],[],
gpt-5.5,380,ok,/home/lpy/workspace/misc/course/Introduction-to-Software-Testing/artifacts/sample_runs/gpt-5.5/cand380_aadbea734d78,aadbea734d78e8d535d3a5837643336ca1384bd2,LANG-921 - BooleanUtils.xor(boolean...) produces wrong results,src/test/java/org/apache/commons/lang3/BooleanUtilsTest.java,71,71,71,1.0000,0,0,0,1.0000,0,0,0,1.0000,4,4,4,1.0000,249,249,1.0000,"{""assertEquals"": 107, ""assertFalse"": 32, ""assertNotNull"": 1, ""assertSame"": 9, ""assertTrue"": 100}","{""assertEquals"": 107, ""assertFalse"": 32, ""assertNotNull"": 1, ""assertSame"": 9, ""assertTrue"": 100}",1.0000,25,25,[],[],[],[],"[""testXor_object_validInput_2items"", ""testXor_object_validInput_3items"", ""testXor_primitive_validInput_2items"", ""testXor_primitive_validInput_3items""]","[""testXor_object_validInput_2items"", ""testXor_object_validInput_3items"", ""testXor_primitive_validInput_2items"", ""testXor_primitive_validInput_3items""]",
gpt-5.5,381,ok,/home/lpy/workspace/misc/course/Introduction-to-Software-Testing/artifacts/sample_runs/gpt-5.5/cand381_aadd8e172eb2,aadd8e172eb22fb593fbaa454075677656fad111,LANG-981 DurationFormatUtils#lexx does not detect unmatched quote char,src/test/java/org/apache/commons/lang3/time/DurationFormatUtilsTest.java,18,18,18,1.0000,1,1,1,1.0000,0,0,0,1.0000,0,0,0,1.0000,178,178,1.0000,"{""assertArrayEquals"": 4, ""assertEqualDuration"": 38, ""assertEquals"": 127, ""assertFalse"": 4, ""assertNotNull"": 1, ""assertTrue"": 4}","{""assertArrayEquals"": 4, ""assertEqualDuration"": 38, ""assertEquals"": 127, ""assertFalse"": 4, ""assertNotNull"": 1, ""assertTrue"": 4}",1.0000,1,1,"[""testLANG981""]","[""testLANG981""]",[],[],[],[],
gpt-5.5,382,ok,/home/lpy/workspace/misc/course/Introduction-to-Software-Testing/artifacts/sample_runs/gpt-5.5/cand382_ab8caff3a352,ab8caff3a352fcf10563db44b85f7e8fb154e3a1,"Add ArrayUtils.nullTo(T[], T[])",src/test/java/org/apache/commons/lang3/ArrayUtilsTest.java,339,339,339,1.0000,1,1,1,1.0000,0,0,0,1.0000,0,0,0,1.0000,3302,3302,1.0000,"{""assertArrayEquals"": 113, ""assertEquals"": 1199, ""assertFalse"": 1013, ""assertIsEquals"": 9, ""assertNotEquals"": 1, ""assertNotNull"": 2, ""assertNotSame"": 30, ""assertNull"": 98, ""assertSame"": 71, ""assertThrows"": 18, ""assertTrue"": 748}","{""assertArrayEquals"": 113, ""assertEquals"": 1199, ""assertFalse"": 1013, ""assertIsEquals"": 9, ""assertNotEquals"": 1, ""assertNotNull"": 2, ""assertNotSame"": 30, ""assertNull"": 98, ""assertSame"": 71, ""assertThrows"": 18, ""assertTrue"": 748}",1.0000,18,18,"[""testNullToShortObject""]","[""testNullToShortObject""]",[],[],[],[],
gpt-5.5,383,ok,/home/lpy/workspace/misc/course/Introduction-to-Software-Testing/artifacts/sample_runs/gpt-5.5/cand383_ae28edfbddde,ae28edfbddde9ed45fb0501ec6765a2af5c451f0,Add org.apache.commons.lang3.concurrent.locks.LockingVisitors.reentrantLockVisitor(Object),src/test/java/org/apache/commons/lang3/concurrent/locks/LockingVisitorsTest.java,9,9,9,1.0000,2,2,2,1.0000,0,0,0,1.0000,0,0,0,1.0000,16,16,1.0000,"{""assertEquals"": 2, ""assertNotNull"": 5, ""assertNotSame"": 2, ""assertTrue"": 7}","{""assertEquals"": 2, ""assertNotNull"": 5, ""assertNotSame"": 2, ""assertTrue"": 7}",1.0000,0,0,"[""testReentrantLock"", ""testReentrantLockFairness""]","[""testReentrantLock"", ""testReentrantLockFairness""]",[],[],[],[],
gpt-5.5,384,ok,/home/lpy/workspace/misc/course/Introduction-to-Software-Testing/artifacts/sample_runs/gpt-5.5/cand384_af1598229fca,af1598229fca5808042ed20f50c36a4fe923c915,"[LANG-1757] NullPointerException in MethodUtils.getMatchingAccessibleMethod(Class<?>, String, Class<?>...)",src/test/java/org/apache/commons/lang3/reflect/MethodUtilsTest.java,44,44,44,1.0000,0,0,0,1.0000,0,0,0,1.0000,1,1,1,1.0000,217,217,1.0000,"{""assertArrayEquals"": 8, ""assertEquals"": 129, ""assertFalse"": 2, ""assertNotNull"": 15, ""assertNotSame"": 1, ""assertNull"": 19, ""assertSame"": 4, ""assertThat"": 3, ""assertThrows"": 28, ""assertTrue"": 8}","{""assertArrayEquals"": 8, ""assertEquals"": 129, ""assertFalse"": 2, ""assertNotNull"": 15, ""assertNotSame"": 1, ""assertNull"": 19, ""assertSame"": 4, ""assertThat"": 3, ""assertThrows"": 28, ""assertTrue"": 8}",1.0000,28,28,[],[],[],[],"[""testGetMatchingAccessibleMethod""]","[""testGetMatchingAccessibleMethod""]",
gpt-5.5,385,ok,/home/lpy/workspace/misc/course/Introduction-to-Software-Testing/artifacts/sample_runs/gpt-5.5/cand385_b1d01fecee3b,b1d01fecee3b347b2488eb34bd33c90db0847399,[LANG-1479] Add Range.fit(T) to fit a value into a range.,src/test/java/org/apache/commons/lang3/RangeTest.java,26,26,26,1.0000,2,2,2,1.0000,0,0,0,1.0000,0,0,0,1.0000,145,145,1.0000,"{""assertEquals"": 30, ""assertFalse"": 63, ""assertNotEquals"": 4, ""assertNotNull"": 1, ""assertSame"": 5, ""assertThrows"": 4, ""assertTrue"": 38}","{""assertEquals"": 30, ""assertFalse"": 63, ""assertNotEquals"": 4, ""assertNotNull"": 1, ""assertSame"": 5, ""assertThrows"": 4, ""assertTrue"": 38}",1.0000,4,4,"[""testFit"", ""testFitNull""]","[""testFit"", ""testFitNull""]",[],[],[],[],
gpt-5.5,386,ok,/home/lpy/workspace/misc/course/Introduction-to-Software-Testing/artifacts/sample_runs/gpt-5.5/cand386_b2e66fe50ba8,b2e66fe50ba8af3986edc3d06a9dd3c8489cfd36,"Add EnumUtils.getFirstEnum(Class<E>, int, ToIntFunction<E>, E)",src/test/java/org/apache/commons/lang3/EnumUtilsTest.java,46,47,46,0.9787,0,1,0,0.0000,0,0,0,1.0000,0,0,0,1.0000,254,264,0.9621,"{""assertArrayEquals"": 31, ""assertEquals"": 161, ""assertFalse"": 7, ""assertNull"": 9, ""assertThrows"": 25, ""assertTrue"": 21}","{""assertArrayEquals"": 31, ""assertEquals"": 170, ""assertFalse"": 7, ""assertNull"": 10, ""assertThrows"": 25, ""assertTrue"": 21}",1.0000,25,25,[],"[""testGetFirstEnumToIntFunction""]",[],[],[],[],
gpt-5.5,387,ok,/home/lpy/workspace/misc/course/Introduction-to-Software-Testing/artifacts/sample_runs/gpt-5.5/cand387_b31877a46009,b31877a46009d5ee52af9b5f737dabe241689931,LANG-1408: Rounding utilities for converting to BigDecimal,src/test/java/org/apache/commons/lang3/math/NumberUtilsTest.java,112,112,112,1.0000,8,8,8,1.0000,0,0,0,1.0000,0,0,0,1.0000,603,603,1.0000,"{""assertEquals"": 221, ""assertFalse"": 18, ""assertNotNull"": 2, ""assertTrue"": 352, ""fail"": 10}","{""assertEquals"": 221, ""assertFalse"": 18, ""assertNotNull"": 2, ""assertTrue"": 352, ""fail"": 10}",1.0000,32,32,"[""testToScaledBigDecimalBigDecimal"", ""testToScaledBigDecimalBigDecimalIRM"", ""testToScaledBigDecimalDouble"", ""testToScaledBigDecimalDoubleIRM"", ""testToScaledBigDecimalFloat"", ""testToScaledBigDecimalFloatIRM"", ""testToScaledBigDecimalString"", ""testToScaledBigDecimalStringIRM""]","[""testToScaledBigDecimalBigDecimal"", ""testToScaledBigDecimalBigDecimalIRM"", ""testToScaledBigDecimalDouble"", ""testToScaledBigDecimalDoubleIRM"", ""testToScaledBigDecimalFloat"", ""testToScaledBigDecimalFloatIRM"", ""testToScaledBigDecimalString"", ""testToScaledBigDecimalStringIRM""]",[],[],[],[],
gpt-5.5,388,ok,/home/lpy/workspace/misc/course/Introduction-to-Software-Testing/artifacts/sample_runs/gpt-5.5/cand388_b46d417ef61b,b46d417ef61b69f2e4562e596d55466907d6933d,[LANG-1508] Add org.apache.commons.lang3.SystemUtils.getUserName().,src/test/java/org/apache/commons/lang3/SystemUtilsTest.java,19,19,19,1.0000,1,1,1,1.0000,0,0,0,1.0000,0,0,0,1.0000,489,489,1.0000,"{""assertEquals"": 9, ""assertFalse"": 334, ""assertNotNull"": 6, ""assertNull"": 1, ""assertTrue"": 139}","{""assertEquals"": 9, ""assertFalse"": 334, ""assertNotNull"": 6, ""assertNull"": 1, ""assertTrue"": 139}",1.0000,0,0,"[""testGetUserName""]","[""testGetUserName""]",[],[],[],[],
gpt-5.5,389,ok,/home/lpy/workspace/misc/course/Introduction-to-Software-Testing/artifacts/sample_runs/gpt-5.5/cand389_b5749b4f54b3,b5749b4f54b30c0c2050e456c12cfcf516434f13,LANG-456: HashCodeBuilder throws StackOverflowError in bidirectional navigable association. Thanks to Bob Fields who provides the inital patch. Thanks to Woosan Ko who wrote the final patch. Thanks to Bruno P. Kinoshita who updated the final patch so that it was easy to apply.,src/test/java/org/apache/commons/lang3/builder/HashCodeBuilderTest.java,45,45,45,1.0000,1,1,1,1.0000,0,0,0,1.0000,0,0,0,1.0000,110,110,1.0000,"{""assertEquals"": 106, ""assertNull"": 4}","{""assertEquals"": 106, ""assertNull"": 4}",1.0000,9,9,"[""testNonreflectionObjectCycle""]","[""testNonreflectionObjectCycle""]",[],[],[],[],
gpt-5.5,390,ok,/home/lpy/workspace/misc/course/Introduction-to-Software-Testing/artifacts/sample_runs/gpt-5.5/cand390_b6f72e73ee96,b6f72e73ee96feb63e17096933fd5b7f313fb77b,Add builders for LockingVisitors implementations,src/test/java/org/apache/commons/lang3/concurrent/locks/LockingVisitorsTest.java,14,14,14,1.0000,5,5,5,1.0000,0,0,0,1.0000,1,1,1,1.0000,26,26,1.0000,"{""assertEquals"": 12, ""assertNotNull"": 5, ""assertNotSame"": 2, ""assertTrue"": 7}","{""assertEquals"": 12, ""assertNotNull"": 5, ""assertNotSame"": 2, ""assertTrue"": 7}",1.0000,0,0,"[""testBuilderLockVisitor"", ""testBuilderReadWriteLockVisitor"", ""testBuilderReentrantLockVisitor"", ""testBuilderReentrantReadWriteLockVisitor"", ""testBuilderReentrantStampedLockVisitor""]","[""testBuilderLockVisitor"", ""testBuilderReadWriteLockVisitor"", ""testBuilderReentrantLockVisitor"", ""testBuilderReentrantReadWriteLockVisitor"", ""testBuilderReentrantStampedLockVisitor""]",[],[],"[""testCreate""]","[""testCreate""]",
gpt-5.5,391,ok,/home/lpy/workspace/misc/course/Introduction-to-Software-Testing/artifacts/sample_runs/gpt-5.5/cand391_b78295b4faca,b78295b4faca2fd26024a26ef4638b0dce5d40a3,LANG-999: Add fuzzy String matching logic to StringUtils. This also closes #20 from github. Thanks to Ben Ripkens.,src/test/java/org/apache/commons/lang3/StringUtilsTest.java,124,124,124,1.0000,5,5,5,1.0000,0,0,0,1.0000,0,0,0,1.0000,1143,1143,1.0000,"{""assertAbbreviateWithOffset"": 21, ""assertArrayEquals"": 5, ""assertEquals"": 905, ""assertFalse"": 36, ""assertNotNull"": 2, ""assertNull"": 116, ""assertSame"": 2, ""assertTrue"": 50, ""fail"": 6}","{""assertAbbreviateWithOffset"": 21, ""assertArrayEquals"": 5, ""assertEquals"": 905, ""assertFalse"": 36, ""assertNotNull"": 2, ""assertNull"": 116, ""assertSame"": 2, ""assertTrue"": 50, ""fail"": 6}",1.0000,12,12,"[""testGetFuzzyDistance"", ""testGetFuzzyDistance_NullNullNull"", ""testGetFuzzyDistance_NullStringLocale"", ""testGetFuzzyDistance_StringNullLoclae"", ""testGetFuzzyDistance_StringStringNull""]","[""testGetFuzzyDistance"", ""testGetFuzzyDistance_NullNullNull"", ""testGetFuzzyDistance_NullStringLocale"", ""testGetFuzzyDistance_StringNullLoclae"", ""testGetFuzzyDistance_StringStringNull""]",[],[],[],[],
gpt-5.5,392,ok,/home/lpy/workspace/misc/course/Introduction-to-Software-Testing/artifacts/sample_runs/gpt-5.5/cand392_b7b52fc506ca,b7b52fc506ca531ce97c936b4b6d70f72a1125d3,Internal refactoring,src/test/java/org/apache/commons/lang3/ObjectUtilsTest.java,57,57,57,1.0000,0,0,0,1.0000,0,0,0,1.0000,1,1,1,1.0000,284,284,1.0000,"{""assertArrayEquals"": 1, ""assertEquals"": 87, ""assertFalse"": 42, ""assertNotNull"": 2, ""assertNotSame"": 2, ""assertNull"": 27, ""assertSame"": 30, ""assertThrows"": 24, ""assertTrue"": 68, ""fail"": 1}","{""assertArrayEquals"": 1, ""assertEquals"": 87, ""assertFalse"": 42, ""assertNotNull"": 2, ""assertNotSame"": 2, ""assertNull"": 27, ""assertSame"": 30, ""assertThrows"": 24, ""assertTrue"": 68, ""fail"": 1}",1.0000,24,24,[],[],[],[],"[""testGetFirstNonNull""]","[""testGetFirstNonNull""]",
gpt-5.5,393,ok,/home/lpy/workspace/misc/course/Introduction-to-Software-Testing/artifacts/sample_runs/gpt-5.5/cand393_b877fb9abef4,b877fb9abef4a19eec9cc7329acbd433648b8f7b,LANG-1205: NumberUtils.createNumber() behaves inconsistently with NumberUtils.isNumber() This closes github #87 thanks to pbrose,src/test/java/org/apache/commons/lang3/math/NumberUtilsTest.java,95,95,95,1.0000,4,4,4,1.0000,0,0,0,1.0000,0,0,0,1.0000,515,515,1.0000,"{""assertEquals"": 204, ""assertFalse"": 16, ""assertNotNull"": 2, ""assertTrue"": 284, ""fail"": 9}","{""assertEquals"": 204, ""assertFalse"": 16, ""assertNotNull"": 2, ""assertTrue"": 284, ""fail"": 9}",1.0000,32,32,"[""testCreateNumberFailure_5"", ""testCreateNumberFailure_6"", ""testCreateNumberFailure_7"", ""testCreateNumberFailure_8""]","[""testCreateNumberFailure_5"", ""testCreateNumberFailure_6"", ""testCreateNumberFailure_7"", ""testCreateNumberFailure_8""]",[],[],[],[],
gpt-5.5,394,ok,/home/lpy/workspace/misc/course/Introduction-to-Software-Testing/artifacts/sample_runs/gpt-5.5/cand394_b9f15bc007be,b9f15bc007be2bb0ba9633559482396e0352785a,Make LockVisitor.acceptReadLocked(FailableConsumer) null-safe,src/test/java/org/apache/commons/lang3/concurrent/locks/LockingVisitorsTest.java,6,6,6,1.0000,0,0,0,1.0000,0,0,0,1.0000,1,1,1,1.0000,11,11,1.0000,"{""assertEquals"": 2, ""assertNotNull"": 2, ""assertNotSame"": 2, ""assertTrue"": 5}","{""assertEquals"": 2, ""assertNotNull"": 2, ""assertNotSame"": 2, ""assertTrue"": 5}",1.0000,0,0,[],[],[],[],"[""testCreate""]","[""testCreate""]",
gpt-5.5,395,ok,/home/lpy/workspace/misc/course/Introduction-to-Software-Testing/artifacts/sample_runs/gpt-5.5/cand395_ba7505d9a91b,ba7505d9a91be02088e1309f172f3dc55823c9c0,"LANG-1592: Correct implementation of RandomUtils.nextLong(long, long)",src/test/java/org/apache/commons/lang3/RandomUtilsTest.java,30,30,30,1.0000,1,1,1,1.0000,0,0,0,1.0000,0,0,0,1.0000,38,38,1.0000,"{""assertArrayEquals"": 1, ""assertEquals"": 6, ""assertFalse"": 1, ""assertNotEquals"": 1, ""assertNotNull"": 1, ""assertThrows"": 9, ""assertTrue"": 19}","{""assertArrayEquals"": 1, ""assertEquals"": 6, ""assertFalse"": 1, ""assertNotEquals"": 1, ""assertNotNull"": 1, ""assertThrows"": 9, ""assertTrue"": 19}",1.0000,9,9,"[""testLargeValueRangeLong""]","[""testLargeValueRangeLong""]",[],[],[],[],
gpt-5.5,396,ok,/home/lpy/workspace/misc/course/Introduction-to-Software-Testing/artifacts/sample_runs/gpt-5.5/cand396_be370cd0ef13,be370cd0ef134bb44fde733e4ee91661a012dae5,Applying Thomas' patch from LANG-917 - fixing Arne Burmeister's reported exception when combining custom and choice formats,src/test/java/org/apache/commons/lang3/text/ExtendedMessageFormatTest.java,9,9,9,1.0000,1,1,1,1.0000,0,0,0,1.0000,0,0,0,1.0000,34,34,1.0000,"{""assertEquals"": 16, ""assertFalse"": 6, ""assertPatterns"": 2, ""assertPatternsEqual"": 4, ""assertTrue"": 6}","{""assertEquals"": 16, ""assertFalse"": 6, ""assertPatterns"": 2, ""assertPatternsEqual"": 4, ""assertTrue"": 6}",1.0000,0,0,"[""testEmbeddedPatternInChoice""]","[""testEmbeddedPatternInChoice""]",[],[],[],[],
gpt-5.5,397,ok,/home/lpy/workspace/misc/course/Introduction-to-Software-Testing/artifacts/sample_runs/gpt-5.5/cand397_bf6ee5c56eb3,bf6ee5c56eb32bb572c240d765d542c048ec9565,LANG-948: Exception while using ExtendedMessageFormat and escaping braces. This fixes #19 from github. Thanks to Andrey Khobnya.,src/test/java/org/apache/commons/lang3/text/ExtendedMessageFormatTest.java,10,10,10,1.0000,1,1,1,1.0000,0,0,0,1.0000,0,0,0,1.0000,36,36,1.0000,"{""assertEquals"": 18, ""assertFalse"": 6, ""assertPatterns"": 2, ""assertPatternsEqual"": 4, ""assertTrue"": 6}","{""assertEquals"": 18, ""assertFalse"": 6, ""assertPatterns"": 2, ""assertPatternsEqual"": 4, ""assertTrue"": 6}",1.0000,0,0,"[""testEscapedBraces_LANG_948""]","[""testEscapedBraces_LANG_948""]",[],[],[],[],
gpt-5.5,398,ok,/home/lpy/workspace/misc/course/Introduction-to-Software-Testing/artifacts/sample_runs/gpt-5.5/cand398_bfa3c06361fa,bfa3c06361fa7bfcf35f8b3136f48a46c2b2c241,Add CalendarUtils.toOffsetDateTime(Calendar),src/test/java/org/apache/commons/lang3/time/CalendarUtilsTest.java,9,9,9,1.0000,1,1,1,1.0000,0,0,0,1.0000,0,0,0,1.0000,36,36,1.0000,"{""assertEquals"": 36}","{""assertEquals"": 36}",1.0000,0,0,"[""testToOffsetDateTime""]","[""testToOffsetDateTime""]",[],[],[],[],
gpt-5.5,399,ok,/home/lpy/workspace/misc/course/Introduction-to-Software-Testing/artifacts/sample_runs/gpt-5.5/cand399_c140fc8154e8,c140fc8154e8c680aad63239eaaaac14d85d5683,Add MutablePair.ofNonNull(Map.Entry),src/test/java/org/apache/commons/lang3/tuple/MutablePairTest.java,13,13,13,1.0000,1,1,1,1.0000,0,0,0,1.0000,0,0,0,1.0000,45,45,1.0000,"{""assertEquals"": 29, ""assertNotEquals"": 3, ""assertNull"": 9, ""assertNullPointerException"": 4}","{""assertEquals"": 29, ""assertNotEquals"": 3, ""assertNull"": 9, ""assertNullPointerException"": 4}",1.0000,0,0,"[""testOfNonNullMapEntry""]","[""testOfNonNullMapEntry""]",[],[],[],[],
gpt-5.5,400,ok,/home/lpy/workspace/misc/course/Introduction-to-Software-Testing/artifacts/sample_runs/gpt-5.5/cand400_c26c72f8a8ee,c26c72f8a8ee9996bff2bf139eb42fc2c56e62d8,"Add ObjectUtils.toString(Object, Supplier<String>).",src/test/java/org/apache/commons/lang3/ObjectUtilsTest.java,48,48,48,1.0000,1,1,1,1.0000,0,0,0,1.0000,0,0,0,1.0000,208,208,1.0000,"{""assertArrayEquals"": 1, ""assertEquals"": 76, ""assertFalse"": 25, ""assertNotNull"": 2, ""assertNotSame"": 2, ""assertNull"": 20, ""assertSame"": 30, ""assertThrows"": 19, ""assertTrue"": 32, ""fail"": 1}","{""assertArrayEquals"": 1, ""assertEquals"": 76, ""assertFalse"": 25, ""assertNotNull"": 2, ""assertNotSame"": 2, ""assertNull"": 20, ""assertSame"": 30, ""assertThrows"": 19, ""assertTrue"": 32, ""fail"": 1}",1.0000,19,19,"[""testToString_SupplierString""]","[""testToString_SupplierString""]",[],[],[],[],
gpt-5.5,401,ok,/home/lpy/workspace/misc/course/Introduction-to-Software-Testing/artifacts/sample_runs/gpt-5.5/cand401_c35a04102274,c35a04102274b330aa833030c15f722b00062812,LANG-1199: Fix implementation of StringUtils.getJaroWinklerDistance(),src/test/java/org/apache/commons/lang3/StringUtilsTest.java,136,136,136,1.0000,0,0,0,1.0000,0,0,0,1.0000,1,1,1,1.0000,1279,1279,1.0000,"{""assertAbbreviateWithOffset"": 21, ""assertArrayEquals"": 5, ""assertEquals"": 1010, ""assertFalse"": 47, ""assertNotNull"": 2, ""assertNull"": 131, ""assertSame"": 2, ""assertTrue"": 50, ""fail"": 11}","{""assertAbbreviateWithOffset"": 21, ""assertArrayEquals"": 5, ""assertEquals"": 1010, ""assertFalse"": 47, ""assertNotNull"": 2, ""assertNull"": 131, ""assertSame"": 2, ""assertTrue"": 50, ""fail"": 11}",1.0000,13,13,[],[],[],[],"[""testGetJaroWinklerDistance_StringString""]","[""testGetJaroWinklerDistance_StringString""]",
gpt-5.5,403,ok,/home/lpy/workspace/misc/course/Introduction-to-Software-Testing/artifacts/sample_runs/gpt-5.5/cand403_c3d65461a327,c3d65461a327b98ce5f582c45a48b6bb2b21d03d,LANG-1006: Add wrap (with String or char) to StringUtils. This closes PR #21 from github. Thanks to Thiago Andrade.,src/test/java/org/apache/commons/lang3/StringUtilsTest.java,119,119,119,1.0000,2,2,2,1.0000,0,0,0,1.0000,0,0,0,1.0000,1136,1136,1.0000,"{""assertAbbreviateWithOffset"": 21, ""assertArrayEquals"": 5, ""assertEquals"": 898, ""assertFalse"": 36, ""assertNotNull"": 2, ""assertNull"": 116, ""assertSame"": 2, ""assertTrue"": 50, ""fail"": 6}","{""assertAbbreviateWithOffset"": 21, ""assertArrayEquals"": 5, ""assertEquals"": 898, ""assertFalse"": 36, ""assertNotNull"": 2, ""assertNull"": 116, ""assertSame"": 2, ""assertTrue"": 50, ""fail"": 6}",1.0000,8,8,"[""testWrap_StringChar"", ""testWrap_StringString""]","[""testWrap_StringChar"", ""testWrap_StringString""]",[],[],[],[],
gpt-5.5,405,ok,/home/lpy/workspace/misc/course/Introduction-to-Software-Testing/artifacts/sample_runs/gpt-5.5/cand405_c47e5f95f685,c47e5f95f6853f127c291ef2293edd9a28aceec6,[LANG-1498] Add support of lambda value evaluation for defaulting methods #416.,src/test/java/org/apache/commons/lang3/ObjectUtilsTest.java,46,46,46,1.0000,1,1,1,1.0000,1,1,1,1.0000,0,0,0,1.0000,191,191,1.0000,"{""assertArrayEquals"": 1, ""assertEquals"": 66, ""assertFalse"": 25, ""assertNotNull"": 2, ""assertNotSame"": 2, ""assertNull"": 16, ""assertSame"": 28, ""assertThrows"": 19, ""assertTrue"": 32}","{""assertArrayEquals"": 1, ""assertEquals"": 66, ""assertFalse"": 25, ""assertNotNull"": 2, ""assertNotSame"": 2, ""assertNull"": 16, ""assertSame"": 28, ""assertThrows"": 19, ""assertTrue"": 32}",1.0000,19,19,"[""testDefaultIfNull""]","[""testDefaultIfNull""]","[""testIsNull""]","[""testIsNull""]",[],[],
gpt-5.5,406,ok,/home/lpy/workspace/misc/course/Introduction-to-Software-Testing/artifacts/sample_runs/gpt-5.5/cand406_c64cf945161e,c64cf945161ec9cad47d9b921387645c1a369053,Add IntegerRange.toIntStream(),src/test/java/org/apache/commons/lang3/IntegerRangeTest.java,28,28,28,1.0000,1,1,1,1.0000,0,0,0,1.0000,0,0,0,1.0000,155,155,1.0000,"{""assertEquals"": 25, ""assertFalse"": 74, ""assertNotEquals"": 4, ""assertNotNull"": 1, ""assertSame"": 1, ""assertThrows"": 5, ""assertTrue"": 45}","{""assertEquals"": 25, ""assertFalse"": 74, ""assertNotEquals"": 4, ""assertNotNull"": 1, ""assertSame"": 1, ""assertThrows"": 5, ""assertTrue"": 45}",1.0000,5,5,"[""testToIntStream""]","[""testToIntStream""]",[],[],[],[],
gpt-5.5,407,ok,/home/lpy/workspace/misc/course/Introduction-to-Software-Testing/artifacts/sample_runs/gpt-5.5/cand407_c82d9a4809a9,c82d9a4809a94280adb25cd46151bdf139518f1d,[LANG-1462] Use TimeZone from calendar in DateFormatUtils.,src/test/java/org/apache/commons/lang3/time/DateFormatUtilsTest.java,13,13,13,1.0000,1,1,1,1.0000,0,0,0,1.0000,0,0,0,1.0000,34,34,1.0000,"{""assertEquals"": 25, ""assertFalse"": 1, ""assertFormats"": 5, ""assertNotNull"": 1, ""assertTrue"": 2}","{""assertEquals"": 25, ""assertFalse"": 1, ""assertFormats"": 5, ""assertNotNull"": 1, ""assertTrue"": 2}",1.0000,0,0,"[""testLANG1462""]","[""testLANG1462""]",[],[],[],[],
gpt-5.5,408,ok,/home/lpy/workspace/misc/course/Introduction-to-Software-Testing/artifacts/sample_runs/gpt-5.5/cand408_c9722131d50d,c9722131d50de2a78aaf79a222fa5135431b9a73,Add StopWatch.getStopTime().,src/test/java/org/apache/commons/lang3/time/StopWatchTest.java,20,20,20,1.0000,1,1,1,1.0000,0,0,0,1.0000,9,9,9,1.0000,68,68,1.0000,"{""assertEquals"": 17, ""assertFalse"": 9, ""assertNotEquals"": 1, ""assertNull"": 1, ""assertThrows"": 12, ""assertTrue"": 28}","{""assertEquals"": 17, ""assertFalse"": 9, ""assertNotEquals"": 1, ""assertNull"": 1, ""assertThrows"": 12, ""assertTrue"": 28}",1.0000,12,12,"[""testStopTimeSimple""]","[""testStopTimeSimple""]",[],[],"[""testLang315"", ""testStopWatchSimple"", ""testStopWatchSimpleGet"", ""testStopWatchSplit"", ""testStopWatchSuspend"", ""testToSplitString"", ""testToSplitStringWithMessage"", ""testToString"", ""testToStringWithMessage""]","[""testLang315"", ""testStopWatchSimple"", ""testStopWatchSimpleGet"", ""testStopWatchSplit"", ""testStopWatchSuspend"", ""testToSplitString"", ""testToSplitStringWithMessage"", ""testToString"", ""testToStringWithMessage""]",
gpt-5.5,409,ok,/home/lpy/workspace/misc/course/Introduction-to-Software-Testing/artifacts/sample_runs/gpt-5.5/cand409_c99a78775277,c99a787752770b8952297e24e07bd404cb2f4f74,LANG-1202: parseDateStrictly does't pass specified locale,src/test/java/org/apache/commons/lang3/time/DateUtilsTest.java,49,49,49,1.0000,1,1,1,1.0000,0,0,0,1.0000,0,0,0,1.0000,397,397,1.0000,"{""assertCalendarsEquals"": 5, ""assertDate"": 79, ""assertEquals"": 207, ""assertFalse"": 10, ""assertNotNull"": 1, ""assertNotSame"": 39, ""assertTrue"": 10, ""assertWeekIterator"": 15, ""fail"": 31}","{""assertCalendarsEquals"": 5, ""assertDate"": 79, ""assertEquals"": 207, ""assertFalse"": 10, ""assertNotNull"": 1, ""assertNotSame"": 39, ""assertTrue"": 10, ""assertWeekIterator"": 15, ""fail"": 31}",1.0000,12,12,"[""testLANG799""]","[""testLANG799""]",[],[],[],[],
gpt-5.5,410,ok,/home/lpy/workspace/misc/course/Introduction-to-Software-Testing/artifacts/sample_runs/gpt-5.5/cand410_cc6a92b1a5bb,cc6a92b1a5bb1a9a1d38d4bce67644dbb1b2b349,"Deprecating StringUtils.toString(byte[],String) in favour of a new CharSet based method, as reported by Aaron Digulla in LANG-795",src/test/java/org/apache/commons/lang3/StringUtilsTest.java,100,100,100,1.0000,1,1,1,1.0000,0,0,0,1.0000,0,0,0,1.0000,1048,1048,1.0000,"{""assertAbbreviateWithOffset"": 21, ""assertArrayEquals"": 13, ""assertEquals"": 942, ""assertFalse"": 9, ""assertNotNull"": 2, ""assertNull"": 25, ""assertSame"": 2, ""assertTrue"": 23, ""fail"": 11}","{""assertAbbreviateWithOffset"": 21, ""assertArrayEquals"": 13, ""assertEquals"": 942, ""assertFalse"": 9, ""assertNotNull"": 2, ""assertNull"": 25, ""assertSame"": 2, ""assertTrue"": 23, ""fail"": 11}",1.0000,0,0,"[""testToEncodedString""]","[""testToEncodedString""]",[],[],[],[],
gpt-5.5,411,ok,/home/lpy/workspace/misc/course/Introduction-to-Software-Testing/artifacts/sample_runs/gpt-5.5/cand411_cd87ec61b8d0,cd87ec61b8d0b3274d6b348397802b46cd1c0247,[LANG-1789] NullPointerException when generating NoSuchMethodException in MethodUtils,src/test/java/org/apache/commons/lang3/reflect/MethodUtilsTest.java,57,57,57,1.0000,0,0,0,1.0000,0,0,0,1.0000,1,1,1,1.0000,323,323,1.0000,"{""assertArrayEquals"": 15, ""assertEquals"": 189, ""assertFalse"": 8, ""assertNotNull"": 21, ""assertNotSame"": 2, ""assertNull"": 27, ""assertNullPointerException"": 13, ""assertSame"": 6, ""assertThrows"": 22, ""assertTrue"": 20}","{""assertArrayEquals"": 15, ""assertEquals"": 189, ""assertFalse"": 8, ""assertNotNull"": 21, ""assertNotSame"": 2, ""assertNull"": 27, ""assertNullPointerException"": 13, ""assertSame"": 6, ""assertThrows"": 22, ""assertTrue"": 20}",1.0000,22,22,[],[],[],[],"[""testInvokeMethod_VarArgsWithNullValues""]","[""testInvokeMethod_VarArgsWithNullValues""]",
gpt-5.5,412,ok,/home/lpy/workspace/misc/course/Introduction-to-Software-Testing/artifacts/sample_runs/gpt-5.5/cand412_cf4138d7bc1a,cf4138d7bc1a892295ccd58ea8b42f7c8737239a,LANG-984 DurationFormatUtils does not handle large durations correctly,src/test/java/org/apache/commons/lang3/time/DurationFormatUtilsTest.java,16,16,16,1.0000,1,1,1,1.0000,0,0,0,1.0000,0,0,0,1.0000,170,170,1.0000,"{""assertArrayEquals"": 4, ""assertEqualDuration"": 38, ""assertEquals"": 119, ""assertFalse"": 4, ""assertNotNull"": 1, ""assertTrue"": 4}","{""assertArrayEquals"": 4, ""assertEqualDuration"": 38, ""assertEquals"": 119, ""assertFalse"": 4, ""assertNotNull"": 1, ""assertTrue"": 4}",1.0000,0,0,"[""testLANG984""]","[""testLANG984""]",[],[],[],[],
gpt-5.5,413,ok,/home/lpy/workspace/misc/course/Introduction-to-Software-Testing/artifacts/sample_runs/gpt-5.5/cand413_d0bb31bc10ac,d0bb31bc10ac0e16f47840550860ca26f01c5595,Add SystemUtils.IS_OS_ANDROID,src/test/java/org/apache/commons/lang3/SystemUtilsTest.java,20,20,20,1.0000,0,0,0,1.0000,0,0,0,1.0000,1,1,1,1.0000,1070,1070,1.0000,"{""assertEquals"": 12, ""assertFalse"": 814, ""assertNotNull"": 6, ""assertNull"": 1, ""assertTrue"": 237}","{""assertEquals"": 12, ""assertFalse"": 814, ""assertNotNull"": 6, ""assertNull"": 1, ""assertTrue"": 237}",1.0000,0,0,[],[],[],[],"[""test_IS_OS""]","[""test_IS_OS""]",
gpt-5.5,414,ok,/home/lpy/workspace/misc/course/Introduction-to-Software-Testing/artifacts/sample_runs/gpt-5.5/cand414_d26170a97698,d26170a97698da141d616942f2673874e043a13c,Add LocaleUtils.isLanguageUndetermined(Locale),src/test/java/org/apache/commons/lang3/LocaleUtilsTest.java,19,19,19,1.0000,1,1,1,1.0000,0,0,0,1.0000,0,0,0,1.0000,142,142,1.0000,"{""assertCountriesByLanguage"": 5, ""assertEquals"": 29, ""assertFalse"": 1, ""assertLanguageByCountry"": 5, ""assertLocaleLookupList"": 17, ""assertNotEquals"": 4, ""assertNotNull"": 9, ""assertNull"": 2, ""assertSame"": 4, ""assertThrows"": 21, ""assertTrue"": 11, ""assertUnmodifiableCollection"": 6, ""assertValidToLocale"": 28}","{""assertCountriesByLanguage"": 5, ""assertEquals"": 29, ""assertFalse"": 1, ""assertLanguageByCountry"": 5, ""assertLocaleLookupList"": 17, ""assertNotEquals"": 4, ""assertNotNull"": 9, ""assertNull"": 2, ""assertSame"": 4, ""assertThrows"": 21, ""assertTrue"": 11, ""assertUnmodifiableCollection"": 6, ""assertValidToLocale"": 28}",1.0000,21,21,"[""testIsLanguageUndetermined""]","[""testIsLanguageUndetermined""]",[],[],[],[],
gpt-5.5,415,ok,/home/lpy/workspace/misc/course/Introduction-to-Software-Testing/artifacts/sample_runs/gpt-5.5/cand415_d38919fcbda8,d38919fcbda835f0ad82d65f25349bd7105b67cc,LANG-1093: Add ClassUtils.getAbbreviatedName(). This fixes #48 from github. Thanks to Fabian Lange.,src/test/java/org/apache/commons/lang3/ClassUtilsTest.java,56,56,56,1.0000,3,3,3,1.0000,0,0,0,1.0000,0,0,0,1.0000,663,663,1.0000,"{""assertArrayEquals"": 2, ""assertEquals"": 284, ""assertFalse"": 171, ""assertGetClassReturnsClass"": 19, ""assertGetClassThrowsClassNotFound"": 10, ""assertGetClassThrowsException"": 3, ""assertGetClassThrowsNullPointerException"": 2, ""assertNotNull"": 1, ""assertNotSame"": 1, ""assertNull"": 9, ""assertSame"": 1, ""assertTrue"": 153, ""fail"": 7}","{""assertArrayEquals"": 2, ""assertEquals"": 284, ""assertFalse"": 171, ""assertGetClassReturnsClass"": 19, ""assertGetClassThrowsClassNotFound"": 10, ""assertGetClassThrowsException"": 3, ""assertGetClassThrowsNullPointerException"": 2, ""assertNotNull"": 1, ""assertNotSame"": 1, ""assertNull"": 9, ""assertSame"": 1, ""assertTrue"": 153, ""fail"": 7}",1.0000,0,0,"[""test_getAbbreviatedName_Class"", ""test_getAbbreviatedName_Class_Exceptions"", ""test_getAbbreviatedName_String""]","[""test_getAbbreviatedName_Class"", ""test_getAbbreviatedName_Class_Exceptions"", ""test_getAbbreviatedName_String""]",[],[],[],[],
gpt-5.5,416,ok,/home/lpy/workspace/misc/course/Introduction-to-Software-Testing/artifacts/sample_runs/gpt-5.5/cand416_d68e2e912512,d68e2e9125126938399175f424f06301f497b920,[LANG-1406] StringIndexOutOfBoundsException in StringUtils.replaceIgnoreCase,src/test/java/org/apache/commons/lang3/StringUtilsTest.java,149,149,149,1.0000,0,0,0,1.0000,0,0,0,1.0000,1,1,1,1.0000,1558,1558,1.0000,"{""assertAbbreviateWithAbbrevMarkerAndOffset"": 21, ""assertAbbreviateWithOffset"": 21, ""assertArrayEquals"": 12, ""assertEquals"": 1203, ""assertFalse"": 30, ""assertNotEquals"": 2, ""assertNotNull"": 2, ""assertNull"": 184, ""assertSame"": 3, ""assertThrows"": 47, ""assertTrue"": 33}","{""assertAbbreviateWithAbbrevMarkerAndOffset"": 21, ""assertAbbreviateWithOffset"": 21, ""assertArrayEquals"": 12, ""assertEquals"": 1203, ""assertFalse"": 30, ""assertNotEquals"": 2, ""assertNotNull"": 2, ""assertNull"": 184, ""assertSame"": 3, ""assertThrows"": 47, ""assertTrue"": 33}",1.0000,47,47,[],[],[],[],"[""testRemoveIgnoreCase_String""]","[""testRemoveIgnoreCase_String""]",
gpt-5.5,417,ok,/home/lpy/workspace/misc/course/Introduction-to-Software-Testing/artifacts/sample_runs/gpt-5.5/cand417_d88f70e8ff3e,d88f70e8ff3e73981809ddc530c19288c1f092c5,"[LANG-1568] FailableBooleanSupplier, FailableIntSupplier, FailableLongSupplier, FailableDoubleSupplier.",src/test/java/org/apache/commons/lang3/FunctionsTest.java,22,22,22,1.0000,5,5,5,1.0000,0,0,0,1.0000,12,12,12,1.0000,151,151,1.0000,"{""assertEquals"": 16, ""assertFalse"": 1, ""assertNotNull"": 30, ""assertSame"": 42, ""assertThrows"": 50, ""assertTrue"": 12}","{""assertEquals"": 16, ""assertFalse"": 1, ""assertNotNull"": 30, ""assertSame"": 42, ""assertThrows"": 50, ""assertTrue"": 12}",1.0000,50,50,"[""testGetAsBooleanSupplier"", ""testGetAsDoubleSupplier"", ""testGetAsIntSupplier"", ""testGetAsLongSupplier"", ""testGetSupplier""]","[""testGetAsBooleanSupplier"", ""testGetAsDoubleSupplier"", ""testGetAsIntSupplier"", ""testGetAsLongSupplier"", ""testGetSupplier""]",[],[],"[""testApplyBiFunction"", ""testApplyFunction"", ""testAsBiFunction"", ""testAsBiPredicate"", ""testAsCallable"", ""testAsFunction"", ""testAsPredicate"", ""testAsRunnable"", ""testAsSupplier"", ""testCallable"", ""testGetFromSupplier"", ""testRunnable""]","[""testApplyBiFunction"", ""testApplyFunction"", ""testAsBiFunction"", ""testAsBiPredicate"", ""testAsCallable"", ""testAsFunction"", ""testAsPredicate"", ""testAsRunnable"", ""testAsSupplier"", ""testCallable"", ""testGetFromSupplier"", ""testRunnable""]",
gpt-5.5,418,ok,/home/lpy/workspace/misc/course/Introduction-to-Software-Testing/artifacts/sample_runs/gpt-5.5/cand418_d8f7c3843231,d8f7c38432313089a198978638fc453ac592b743,Add DoubleRange.fit(double),src/test/java/org/apache/commons/lang3/DoubleRangeTest.java,27,27,27,1.0000,0,0,0,1.0000,0,0,0,1.0000,1,1,1,1.0000,157,157,1.0000,"{""assertEquals"": 27, ""assertFalse"": 74, ""assertIllegalArgumentException"": 2, ""assertNotEquals"": 4, ""assertNotNull"": 1, ""assertNullPointerException"": 3, ""assertSame"": 1, ""assertTrue"": 45}","{""assertEquals"": 27, ""assertFalse"": 74, ""assertIllegalArgumentException"": 2, ""assertNotEquals"": 4, ""assertNotNull"": 1, ""assertNullPointerException"": 3, ""assertSame"": 1, ""assertTrue"": 45}",1.0000,0,0,[],[],[],[],"[""testFit""]","[""testFit""]",
gpt-5.5,419,ok,/home/lpy/workspace/misc/course/Introduction-to-Software-Testing/artifacts/sample_runs/gpt-5.5/cand419_da0583008020,da0583008020c6a9cd02dca25e8d2fac5c2bbf14,"Add SystemProperties.getPath(String, Supplier<Path>)",src/test/java/org/apache/commons/lang3/SystemPropertiesTest.java,58,58,58,1.0000,1,1,1,1.0000,0,0,0,1.0000,0,0,0,1.0000,306,306,1.0000,"{""assertDoesNotThrow"": 197, ""assertEquals"": 35, ""assertFalse"": 6, ""assertNotNull"": 43, ""assertNull"": 21, ""assertTrue"": 4}","{""assertDoesNotThrow"": 197, ""assertEquals"": 35, ""assertFalse"": 6, ""assertNotNull"": 43, ""assertNull"": 21, ""assertTrue"": 4}",1.0000,0,0,"[""testGetPath""]","[""testGetPath""]",[],[],[],[],
gpt-5.5,420,ok,/home/lpy/workspace/misc/course/Introduction-to-Software-Testing/artifacts/sample_runs/gpt-5.5/cand420_dad064eebbde,dad064eebbde450cb500a0e0d72200c655ac47c6,Add ArrayUtils.oneHot().,src/test/java/org/apache/commons/lang3/BooleanUtilsTest.java,88,88,88,1.0000,12,12,12,1.0000,0,0,0,1.0000,0,0,0,1.0000,327,327,1.0000,"{""assertArrayEquals"": 2, ""assertEquals"": 104, ""assertFalse"": 75, ""assertNotNull"": 1, ""assertNull"": 17, ""assertSame"": 9, ""assertThrows"": 26, ""assertTrue"": 93}","{""assertArrayEquals"": 2, ""assertEquals"": 104, ""assertFalse"": 75, ""assertNotNull"": 1, ""assertNull"": 17, ""assertSame"": 9, ""assertThrows"": 26, ""assertTrue"": 93}",1.0000,26,26,"[""testOneHot_object_emptyInput"", ""testOneHot_object_nullElementInput"", ""testOneHot_object_nullInput"", ""testOneHot_object_validInput_1item"", ""testOneHot_object_validInput_2ItemsNullsTreatedAsFalse"", ""testOneHot_object_validInput_2items"", ""testOneHot_object_validInput_3items"", ""testOneHot_primitive_emptyInput"", ""testOneHot_primitive_nullInput"", ""testOneHot_primitive_validInput_1item"", ""testOneHot_primitive_validInput_2items"", ""testOneHot_primitive_validInput_3items""]","[""testOneHot_object_emptyInput"", ""testOneHot_object_nullElementInput"", ""testOneHot_object_nullInput"", ""testOneHot_object_validInput_1item"", ""testOneHot_object_validInput_2ItemsNullsTreatedAsFalse"", ""testOneHot_object_validInput_2items"", ""testOneHot_object_validInput_3items"", ""testOneHot_primitive_emptyInput"", ""testOneHot_primitive_nullInput"", ""testOneHot_primitive_validInput_1item"", ""testOneHot_primitive_validInput_2items"", ""testOneHot_primitive_validInput_3items""]",[],[],[],[],
gpt-5.5,421,ok,/home/lpy/workspace/misc/course/Introduction-to-Software-Testing/artifacts/sample_runs/gpt-5.5/cand421_dde6790a88d8,dde6790a88d8a2ec438568a4513d7d359d3602cc,[LANG-1645] NumberUtils to recognise hex integers prefixed with +,src/test/java/org/apache/commons/lang3/math/NumberUtilsTest.java,112,112,112,1.0000,0,0,0,1.0000,0,0,0,1.0000,6,6,6,1.0000,654,654,1.0000,"{""assertEquals"": 515, ""assertFalse"": 18, ""assertNotNull"": 2, ""assertNull"": 7, ""assertThrows"": 40, ""assertTrue"": 72}","{""assertEquals"": 515, ""assertFalse"": 18, ""assertNotNull"": 2, ""assertNull"": 7, ""assertThrows"": 40, ""assertTrue"": 72}",1.0000,40,40,[],[],[],[],"[""testCreateBigInteger"", ""testCreateInteger"", ""testCreateLong"", ""testCreateNumber"", ""testIsCreatable"", ""testIsNumber""]","[""testCreateBigInteger"", ""testCreateInteger"", ""testCreateLong"", ""testCreateNumber"", ""testIsCreatable"", ""testIsNumber""]",
gpt-5.5,422,ok,/home/lpy/workspace/misc/course/Introduction-to-Software-Testing/artifacts/sample_runs/gpt-5.5/cand422_df3e2715f412,df3e2715f41263d8998b7350301d106967748c0e,Add TimedSemaphore.builder() and Builder,src/test/java/org/apache/commons/lang3/concurrent/TimedSemaphoreTest.java,17,17,17,1.0000,0,0,0,1.0000,0,0,0,1.0000,11,11,11,1.0000,30,30,1.0000,"{""assertEquals"": 16, ""assertFalse"": 5, ""assertIllegalArgumentException"": 1, ""assertNotNull"": 1, ""assertThrows"": 2, ""assertTrue"": 5}","{""assertEquals"": 16, ""assertFalse"": 5, ""assertIllegalArgumentException"": 1, ""assertNotNull"": 1, ""assertThrows"": 2, ""assertTrue"": 5}",1.0000,2,2,[],[],[],[],"[""testAcquireLimit"", ""testAcquireMultiplePeriods"", ""testAcquireMultipleThreads"", ""testAcquireNoLimit"", ""testGetAvailablePermits"", ""testGetAverageCallsPerPeriod"", ""testInit"", ""testInitDefaultService"", ""testShutdownMultipleTimes"", ""testShutdownSharedExecutorNoTask"", ""testShutdownSharedExecutorTask""]","[""testAcquireLimit"", ""testAcquireMultiplePeriods"", ""testAcquireMultipleThreads"", ""testAcquireNoLimit"", ""testGetAvailablePermits"", ""testGetAverageCallsPerPeriod"", ""testInit"", ""testInitDefaultService"", ""testShutdownMultipleTimes"", ""testShutdownSharedExecutorNoTask"", ""testShutdownSharedExecutorTask""]",
gpt-5.5,423,ok,/home/lpy/workspace/misc/course/Introduction-to-Software-Testing/artifacts/sample_runs/gpt-5.5/cand423_e1ffb6ea0b9e,e1ffb6ea0b9e21ea71c4540b0fca4db8e4c1dd93,ThreadUtils.sleepQuietly(Duration) now restores the current thread's interrupt flag when catching InterruptedException.,src/test/java/org/apache/commons/lang3/ThreadUtilsTest.java,35,35,35,1.0000,3,3,3,1.0000,0,0,0,1.0000,0,0,0,1.0000,68,68,1.0000,"{""assertEquals"": 23, ""assertFalse"": 4, ""assertIllegalArgumentException"": 1, ""assertNotNull"": 4, ""assertNull"": 4, ""assertNullPointerException"": 17, ""assertSame"": 4, ""assertTrue"": 11}","{""assertEquals"": 23, ""assertFalse"": 4, ""assertIllegalArgumentException"": 1, ""assertNotNull"": 4, ""assertNull"": 4, ""assertNullPointerException"": 17, ""assertSame"": 4, ""assertTrue"": 11}",1.0000,0,0,"[""testSleepQuietlyInterruptDuringSleep"", ""testSleepQuietlyInterruptedFlagPreserved"", ""testSleepQuietlyNormalNoInterrupt""]","[""testSleepQuietlyInterruptDuringSleep"", ""testSleepQuietlyInterruptedFlagPreserved"", ""testSleepQuietlyNormalNoInterrupt""]",[],[],[],[],
gpt-5.5,424,ok,/home/lpy/workspace/misc/course/Introduction-to-Software-Testing/artifacts/sample_runs/gpt-5.5/cand424_e3e29d585a45,e3e29d585a455693829deb9231440aeda38eacd4,"Add StringUtils.removeStart(String, char).",src/test/java/org/apache/commons/lang3/StringUtilsTest.java,156,156,156,1.0000,2,2,2,1.0000,1,1,1,1.0000,0,0,0,1.0000,1605,1605,1.0000,"{""assertAbbreviateWithAbbrevMarkerAndOffset"": 21, ""assertAbbreviateWithOffset"": 21, ""assertArrayEquals"": 12, ""assertEquals"": 1236, ""assertFalse"": 31, ""assertNotEquals"": 2, ""assertNotNull"": 2, ""assertNull"": 194, ""assertSame"": 7, ""assertThrows"": 47, ""assertTrue"": 32}","{""assertAbbreviateWithAbbrevMarkerAndOffset"": 21, ""assertAbbreviateWithOffset"": 21, ""assertArrayEquals"": 12, ""assertEquals"": 1236, ""assertFalse"": 31, ""assertNotEquals"": 2, ""assertNotNull"": 2, ""assertNull"": 194, ""assertSame"": 7, ""assertThrows"": 47, ""assertTrue"": 32}",1.0000,47,47,"[""testRemoveStartChar"", ""testRemoveStartString""]","[""testRemoveStartChar"", ""testRemoveStartString""]","[""testRemoveStart""]","[""testRemoveStart""]",[],[],
gpt-5.5,425,ok,/home/lpy/workspace/misc/course/Introduction-to-Software-Testing/artifacts/sample_runs/gpt-5.5/cand425_e5e8ba09066f,e5e8ba09066fadb13d6b84402d46287bbd1569b7,Add SystemUtils.IS_JAVA_18,src/test/java/org/apache/commons/lang3/SystemUtilsTest.java,20,20,20,1.0000,0,0,0,1.0000,0,0,0,1.0000,1,1,1,1.0000,620,620,1.0000,"{""assertEquals"": 10, ""assertFalse"": 459, ""assertNotNull"": 6, ""assertNull"": 1, ""assertTrue"": 144}","{""assertEquals"": 10, ""assertFalse"": 459, ""assertNotNull"": 6, ""assertNull"": 1, ""assertTrue"": 144}",1.0000,0,0,[],[],[],[],"[""test_IS_JAVA""]","[""test_IS_JAVA""]",
gpt-5.5,426,ok,/home/lpy/workspace/misc/course/Introduction-to-Software-Testing/artifacts/sample_runs/gpt-5.5/cand426_e6796a0ec610,e6796a0ec6105f8c87e5330b51c8c9ee75df353f,[LANG-1706] ThreadUtils find methods should not return null items #1098,src/test/java/org/apache/commons/lang3/ThreadUtilsTest.java,31,31,31,1.0000,2,2,2,1.0000,0,0,0,1.0000,0,0,0,1.0000,60,60,1.0000,"{""assertEquals"": 23, ""assertFalse"": 3, ""assertNotNull"": 3, ""assertNull"": 4, ""assertSame"": 4, ""assertThrows"": 18, ""assertTrue"": 5}","{""assertEquals"": 23, ""assertFalse"": 3, ""assertNotNull"": 3, ""assertNull"": 4, ""assertSame"": 4, ""assertThrows"": 18, ""assertTrue"": 5}",1.0000,18,18,"[""testGetAllThreadGroupsDoesNotReturnNull"", ""testGetAllThreadsDoesNotReturnNull""]","[""testGetAllThreadGroupsDoesNotReturnNull"", ""testGetAllThreadsDoesNotReturnNull""]",[],[],[],[],
gpt-5.5,427,ok,/home/lpy/workspace/misc/course/Introduction-to-Software-Testing/artifacts/sample_runs/gpt-5.5/cand427_e6ae7561a05b,e6ae7561a05b1356625563cd868dce8a0fa4ddae,"Add Streams.instancesOf(Class, Collection).",src/test/java/org/apache/commons/lang3/stream/StreamsTest.java,15,15,15,1.0000,1,1,1,1.0000,0,0,0,1.0000,0,0,0,1.0000,47,47,1.0000,"{""assertAll"": 2, ""assertEquals"": 26, ""assertEvenNumbers"": 3, ""assertNotNull"": 1, ""assertThat"": 8, ""assertThrows"": 7}","{""assertAll"": 2, ""assertEquals"": 26, ""assertEvenNumbers"": 3, ""assertNotNull"": 1, ""assertThat"": 8, ""assertThrows"": 7}",1.0000,7,7,"[""testInstanceOfStream""]","[""testInstanceOfStream""]",[],[],[],[],
gpt-5.5,428,ok,/home/lpy/workspace/misc/course/Introduction-to-Software-Testing/artifacts/sample_runs/gpt-5.5/cand428_e6eba6e9acbd,e6eba6e9acbd646e9a28546b14ae1d663dc6751a,[LANG-1674] Make Range constructors more generic #810.,src/test/java/org/apache/commons/lang3/RangeTest.java,27,27,27,1.0000,1,1,1,1.0000,0,0,0,1.0000,0,0,0,1.0000,150,150,1.0000,"{""assertEquals"": 30, ""assertFalse"": 63, ""assertNotEquals"": 4, ""assertNotNull"": 1, ""assertSame"": 5, ""assertThrows"": 4, ""assertTrue"": 43}","{""assertEquals"": 30, ""assertFalse"": 63, ""assertNotEquals"": 4, ""assertNotNull"": 1, ""assertSame"": 5, ""assertThrows"": 4, ""assertTrue"": 43}",1.0000,4,4,"[""testConstructorSignatureWithAbstractComparableClasses""]","[""testConstructorSignatureWithAbstractComparableClasses""]",[],[],[],[],
gpt-5.5,429,ok,/home/lpy/workspace/misc/course/Introduction-to-Software-Testing/artifacts/sample_runs/gpt-5.5/cand429_e7d001f1b77c,e7d001f1b77c382f99ee7fe01d8563d8219697df,"Add RegExUtils.removePattern(CharSequence, String) and deprecate RegExUtils.removePattern(String, String)",src/test/java/org/apache/commons/lang3/RegExUtilsTest.java,15,15,15,1.0000,2,2,2,1.0000,1,1,1,1.0000,0,0,0,1.0000,150,150,1.0000,"{""assertEquals"": 131, ""assertNull"": 12, ""assertThrows"": 4, ""assertTrue"": 3}","{""assertEquals"": 131, ""assertNull"": 12, ""assertThrows"": 4, ""assertTrue"": 3}",1.0000,4,4,"[""testRemovePattern"", ""testRemovePatternDeprecated""]","[""testRemovePattern"", ""testRemovePatternDeprecated""]","[""testRemovePattern_StringString""]","[""testRemovePattern_StringString""]",[],[],
gpt-5.5,430,ok,/home/lpy/workspace/misc/course/Introduction-to-Software-Testing/artifacts/sample_runs/gpt-5.5/cand430_e81855a208c9,e81855a208c909f46e1bf346d7982bd77be13476,Add BooleanUtils.values() and forEach().,src/test/java/org/apache/commons/lang3/BooleanUtilsTest.java,90,90,90,1.0000,2,2,2,1.0000,0,0,0,1.0000,1,1,1,1.0000,329,329,1.0000,"{""assertArrayEquals"": 2, ""assertEquals"": 106, ""assertFalse"": 75, ""assertNotNull"": 1, ""assertNull"": 17, ""assertSame"": 9, ""assertThrows"": 26, ""assertTrue"": 93}","{""assertArrayEquals"": 2, ""assertEquals"": 106, ""assertFalse"": 75, ""assertNotNull"": 1, ""assertNull"": 17, ""assertSame"": 9, ""assertThrows"": 26, ""assertTrue"": 93}",1.0000,26,26,"[""test_forEach"", ""test_values""]","[""test_forEach"", ""test_values""]",[],[],"[""test_booleanValues""]","[""test_booleanValues""]",
gpt-5.5,432,ok,/home/lpy/workspace/misc/course/Introduction-to-Software-Testing/artifacts/sample_runs/gpt-5.5/cand432_e8a2c29721d1,e8a2c29721d145c52c970049e5469cfb0dcefd87,LANG-1163 There are no tests for CharSequenceUtils.regionMatches,src/test/java/org/apache/commons/lang3/CharSequenceUtilsTest.java,5,5,5,1.0000,1,1,1,1.0000,0,0,0,1.0000,0,0,0,1.0000,18,18,1.0000,"{""assertEquals"": 12, ""assertFalse"": 1, ""assertNotNull"": 1, ""assertTrue"": 2, ""fail"": 2}","{""assertEquals"": 12, ""assertFalse"": 1, ""assertNotNull"": 1, ""assertTrue"": 2, ""fail"": 2}",1.0000,2,2,"[""testRegionMatches""]","[""testRegionMatches""]",[],[],[],[],
gpt-5.5,433,ok,/home/lpy/workspace/misc/course/Introduction-to-Software-Testing/artifacts/sample_runs/gpt-5.5/cand433_e9e041b791ae,e9e041b791ae88a894fbcaa0062b5e8c43f33934,Make Streams.stream(Collection) null-safe.,src/test/java/org/apache/commons/lang3/stream/StreamsTest.java,10,10,10,1.0000,2,2,2,1.0000,0,0,0,1.0000,0,0,0,1.0000,37,37,1.0000,"{""assertAll"": 2, ""assertEquals"": 16, ""assertEvenNumbers"": 3, ""assertNotNull"": 1, ""assertThat"": 8, ""assertThrows"": 7}","{""assertAll"": 2, ""assertEquals"": 16, ""assertEvenNumbers"": 3, ""assertNotNull"": 1, ""assertThat"": 8, ""assertThrows"": 7}",1.0000,7,7,"[""testStreamCollection"", ""testStreamCollectionNull""]","[""testStreamCollection"", ""testStreamCollectionNull""]",[],[],[],[],
gpt-5.5,434,ok,/home/lpy/workspace/misc/course/Introduction-to-Software-Testing/artifacts/sample_runs/gpt-5.5/cand434_e9f3ece02285,e9f3ece022854a7c415b6ce8435ca803dc8aee8b,Add ClassLoaderUtils.getSystemURLs() and getThreadURLs().,src/test/java/org/apache/commons/lang3/ClassLoaderUtilsTest.java,4,4,4,1.0000,2,2,2,1.0000,0,0,0,1.0000,0,0,0,1.0000,4,4,1.0000,"{""assertEquals"": 2, ""assertNotNull"": 2}","{""assertEquals"": 2, ""assertNotNull"": 2}",1.0000,0,0,"[""testGetSystemURLs"", ""testGetThreadURLs""]","[""testGetSystemURLs"", ""testGetThreadURLs""]",[],[],[],[],
gpt-5.5,435,ok,/home/lpy/workspace/misc/course/Introduction-to-Software-Testing/artifacts/sample_runs/gpt-5.5/cand435_eaa9269ac80c,eaa9269ac80c2a957cabed0c46173149a4137c24,"[LANG-1257] StringUtils.wrapIfMissing(String, char|String)",src/test/java/org/apache/commons/lang3/StringUtilsTest.java,132,132,132,1.0000,2,2,2,1.0000,0,0,0,1.0000,1,1,1,1.0000,1337,1337,1.0000,"{""assertAbbreviateWithOffset"": 21, ""assertArrayEquals"": 5, ""assertEquals"": 1072, ""assertFalse"": 20, ""assertNotNull"": 2, ""assertNull"": 137, ""assertSame"": 2, ""assertTrue"": 45, ""fail"": 33}","{""assertAbbreviateWithOffset"": 21, ""assertArrayEquals"": 5, ""assertEquals"": 1072, ""assertFalse"": 20, ""assertNotNull"": 2, ""assertNull"": 137, ""assertSame"": 2, ""assertTrue"": 45, ""fail"": 33}",1.0000,13,13,"[""testWrapIfMissing_StringChar"", ""testWrapIfMissing_StringString""]","[""testWrapIfMissing_StringChar"", ""testWrapIfMissing_StringString""]",[],[],"[""testWrap_StringChar""]","[""testWrap_StringChar""]",
gpt-5.5,436,ok,/home/lpy/workspace/misc/course/Introduction-to-Software-Testing/artifacts/sample_runs/gpt-5.5/cand436_ec2fa6bd5695,ec2fa6bd5695b36435cc66ca4cdd8183d077a0cf,"LANG-1224: Extend RandomStringUtils with methods that generate strings between a min and max length (closes #101, closes #157)",src/test/java/org/apache/commons/lang3/RandomStringUtilsTest.java,17,17,17,1.0000,6,6,6,1.0000,0,0,0,1.0000,0,0,0,1.0000,86,86,1.0000,"{""assertEquals"": 21, ""assertFalse"": 1, ""assertNotNull"": 1, ""assertThat"": 18, ""assertTrue"": 30, ""fail"": 15}","{""assertEquals"": 21, ""assertFalse"": 1, ""assertNotNull"": 1, ""assertThat"": 18, ""assertTrue"": 30, ""fail"": 15}",1.0000,0,0,"[""testRandomAlphabeticRange"", ""testRandomAlphanumericRange"", ""testRandomAsciiRange"", ""testRandomGraphRange"", ""testRandomNumericRange"", ""testRandomPrintRange""]","[""testRandomAlphabeticRange"", ""testRandomAlphanumericRange"", ""testRandomAsciiRange"", ""testRandomGraphRange"", ""testRandomNumericRange"", ""testRandomPrintRange""]",[],[],[],[],
gpt-5.5,437,ok,/home/lpy/workspace/misc/course/Introduction-to-Software-Testing/artifacts/sample_runs/gpt-5.5/cand437_ec93f3b7f59a,ec93f3b7f59a6f6bc489bc3ffda932a6ca9fe6ca,"StringUtils.join(Iterator, String) should only return null when the Iterator is null",src/test/java/org/apache/commons/lang3/StringUtilsTest.java,159,159,159,1.0000,0,0,0,1.0000,0,0,0,1.0000,1,1,1,1.0000,1602,1602,1.0000,"{""assertAbbreviateWithAbbrevMarkerAndOffset"": 21, ""assertAbbreviateWithOffset"": 20, ""assertArrayEquals"": 12, ""assertEquals"": 1236, ""assertFalse"": 31, ""assertNotEquals"": 2, ""assertNotNull"": 2, ""assertNull"": 192, ""assertSame"": 7, ""assertThrows"": 47, ""assertTrue"": 32}","{""assertAbbreviateWithAbbrevMarkerAndOffset"": 21, ""assertAbbreviateWithOffset"": 20, ""assertArrayEquals"": 12, ""assertEquals"": 1236, ""assertFalse"": 31, ""assertNotEquals"": 2, ""assertNotNull"": 2, ""assertNull"": 192, ""assertSame"": 7, ""assertThrows"": 47, ""assertTrue"": 32}",1.0000,47,47,[],[],[],[],"[""testJoin_IteratorChar""]","[""testJoin_IteratorChar""]",
gpt-5.5,438,ok,/home/lpy/workspace/misc/course/Introduction-to-Software-Testing/artifacts/sample_runs/gpt-5.5/cand438_ee09f69951c0,ee09f69951c0867c0ade41658effb6f48a49eec1,MethodUtils cannot find or invoke a vararg method without providing vararg types or values #1427,src/test/java/org/apache/commons/lang3/reflect/MethodUtilsTest.java,55,55,55,1.0000,0,0,0,1.0000,0,0,0,1.0000,2,2,2,1.0000,304,304,1.0000,"{""assertArrayEquals"": 15, ""assertEquals"": 171, ""assertFalse"": 8, ""assertNotNull"": 21, ""assertNotSame"": 2, ""assertNull"": 27, ""assertNullPointerException"": 13, ""assertSame"": 6, ""assertThrows"": 21, ""assertTrue"": 20}","{""assertArrayEquals"": 15, ""assertEquals"": 171, ""assertFalse"": 8, ""assertNotNull"": 21, ""assertNotSame"": 2, ""assertNull"": 27, ""assertNullPointerException"": 13, ""assertSame"": 6, ""assertThrows"": 21, ""assertTrue"": 20}",1.0000,21,21,[],[],[],[],"[""testInvokeMethod1PlusVarArgs"", ""testInvokeStaticMethod1PlusVarArgs""]","[""testInvokeMethod1PlusVarArgs"", ""testInvokeStaticMethod1PlusVarArgs""]",
gpt-5.5,439,ok,/home/lpy/workspace/misc/course/Introduction-to-Software-Testing/artifacts/sample_runs/gpt-5.5/cand439_ef3015cc99f7,ef3015cc99f7bd51862c1d95014e8332d24c2341,[LANG-1304] StringUtils method to check for mixed case in string (closes #223),src/test/java/org/apache/commons/lang3/StringUtilsTest.java,144,144,144,1.0000,1,1,1,1.0000,0,0,0,1.0000,0,0,0,1.0000,1519,1519,1.0000,"{""assertAbbreviateWithAbbrevMarkerAndOffset"": 21, ""assertAbbreviateWithOffset"": 21, ""assertArrayEquals"": 8, ""assertEquals"": 1195, ""assertFalse"": 30, ""assertNotNull"": 2, ""assertNull"": 150, ""assertSame"": 3, ""assertTrue"": 53, ""fail"": 36}","{""assertAbbreviateWithAbbrevMarkerAndOffset"": 21, ""assertAbbreviateWithOffset"": 21, ""assertArrayEquals"": 8, ""assertEquals"": 1195, ""assertFalse"": 30, ""assertNotNull"": 2, ""assertNull"": 150, ""assertSame"": 3, ""assertTrue"": 53, ""fail"": 36}",1.0000,13,13,"[""testIsMixedCase""]","[""testIsMixedCase""]",[],[],[],[],
gpt-5.5,440,ok,/home/lpy/workspace/misc/course/Introduction-to-Software-Testing/artifacts/sample_runs/gpt-5.5/cand440_ef3d5d93a30b,ef3d5d93a30ba3934b8f02b88c048451aad8e87a,Add ArrayUtils.startsWith(),src/test/java/org/apache/commons/lang3/ArrayUtilsTest.java,344,344,344,1.0000,1,1,1,1.0000,0,0,0,1.0000,0,0,0,1.0000,3327,3327,1.0000,"{""assertArrayEquals"": 113, ""assertEquals"": 1199, ""assertFalse"": 1020, ""assertInstanceOf"": 1, ""assertIsEquals"": 9, ""assertNotEquals"": 1, ""assertNotNull"": 2, ""assertNotSame"": 30, ""assertNull"": 98, ""assertSame"": 71, ""assertThrows"": 24, ""assertTrue"": 759}","{""assertArrayEquals"": 113, ""assertEquals"": 1199, ""assertFalse"": 1020, ""assertInstanceOf"": 1, ""assertIsEquals"": 9, ""assertNotEquals"": 1, ""assertNotNull"": 2, ""assertNotSame"": 30, ""assertNull"": 98, ""assertSame"": 71, ""assertThrows"": 24, ""assertTrue"": 759}",1.0000,24,24,"[""testStartsWith""]","[""testStartsWith""]",[],[],[],[],
gpt-5.5,441,ok,/home/lpy/workspace/misc/course/Introduction-to-Software-Testing/artifacts/sample_runs/gpt-5.5/cand441_efba54d35fa0,efba54d35fa094de5e580b200a8607bfc7bd5a7a,"[LANG-1393] Add API SystemUtils.String getEnvironmentVariable(final String name, final String defaultValue).",src/test/java/org/apache/commons/lang3/SystemUtilsTest.java,17,17,17,1.0000,2,2,2,1.0000,0,0,0,1.0000,0,0,0,1.0000,360,360,1.0000,"{""assertEquals"": 7, ""assertFalse"": 247, ""assertNotNull"": 6, ""assertNull"": 1, ""assertTrue"": 99}","{""assertEquals"": 7, ""assertFalse"": 247, ""assertNotNull"": 6, ""assertNull"": 1, ""assertTrue"": 99}",1.0000,0,0,"[""testGetEnvironmentVariableAbsent"", ""testGetEnvironmentVariablePresent""]","[""testGetEnvironmentVariableAbsent"", ""testGetEnvironmentVariablePresent""]",[],[],[],[],
gpt-5.5,442,ok,/home/lpy/workspace/misc/course/Introduction-to-Software-Testing/artifacts/sample_runs/gpt-5.5/cand442_f1aed3eacb50,f1aed3eacb500f581f0c10074bdb7faaacfa4a49,Add StopWatch.getStartInstant() and deprecate getStartTime(),src/test/java/org/apache/commons/lang3/time/StopWatchTest.java,22,22,22,1.0000,1,1,1,1.0000,0,0,0,1.0000,0,0,0,1.0000,70,70,1.0000,"{""assertEquals"": 19, ""assertFalse"": 7, ""assertNotEquals"": 1, ""assertNull"": 1, ""assertThat"": 21, ""assertThrows"": 15, ""assertTrue"": 6}","{""assertEquals"": 19, ""assertFalse"": 7, ""assertNotEquals"": 1, ""assertNull"": 1, ""assertThat"": 21, ""assertThrows"": 15, ""assertTrue"": 6}",1.0000,15,15,"[""testGetStartInstant""]","[""testGetStartInstant""]",[],[],[],[],
gpt-5.5,443,ok,/home/lpy/workspace/misc/course/Introduction-to-Software-Testing/artifacts/sample_runs/gpt-5.5/cand443_f2cacb4732f1,f2cacb4732f1d4aeae03faced4ee922d592f7e9d,Add org.apache.commons.lang3.SystemProperties.getUserName(Supplier<String>),src/test/java/org/apache/commons/lang3/SystemPropertiesTest.java,46,46,46,1.0000,0,0,0,1.0000,0,0,0,1.0000,1,1,1,1.0000,64,64,1.0000,"{""assertDoesNotThrow"": 5, ""assertEquals"": 10, ""assertFalse"": 2, ""assertNotNull"": 38, ""assertNull"": 9}","{""assertDoesNotThrow"": 5, ""assertEquals"": 10, ""assertFalse"": 2, ""assertNotNull"": 38, ""assertNull"": 9}",1.0000,0,0,[],[],[],[],"[""testGetUserName""]","[""testGetUserName""]",
gpt-5.5,448,ok,/home/lpy/workspace/misc/course/Introduction-to-Software-Testing/artifacts/sample_runs/gpt-5.5/cand448_f56931c176fe,f56931c176fef5e164b681c740746aebdccccec3,LANG-1380: FastDateParser too strict on abbreviated short month symbols,src/test/java/org/apache/commons/lang3/time/FastDateParserTest.java,38,38,38,1.0000,1,1,1,1.0000,0,0,0,1.0000,0,0,0,1.0000,72,72,1.0000,"{""assertEquals"": 63, ""assertFalse"": 1, ""assertTrue"": 2, ""fail"": 6}","{""assertEquals"": 63, ""assertFalse"": 1, ""assertTrue"": 2, ""fail"": 6}",1.0000,1,1,"[""testLang1380""]","[""testLang1380""]",[],[],[],[],
gpt-5.5,449,ok,/home/lpy/workspace/misc/course/Introduction-to-Software-Testing/artifacts/sample_runs/gpt-5.5/cand449_f643b4fa939e,f643b4fa939e89348618ddffae20a804f4461363,Fix for LANG-1286: RandomStringUtils random method can overflow...,src/test/java/org/apache/commons/lang3/RandomStringUtilsTest.java,18,18,18,1.0000,1,1,1,1.0000,0,0,0,1.0000,0,0,0,1.0000,89,89,1.0000,"{""assertEquals"": 21, ""assertFalse"": 1, ""assertNotNull"": 1, ""assertThat"": 18, ""assertTrue"": 31, ""fail"": 17}","{""assertEquals"": 21, ""assertFalse"": 1, ""assertNotNull"": 1, ""assertThat"": 18, ""assertTrue"": 31, ""fail"": 17}",1.0000,0,0,"[""testCharOverflow""]","[""testCharOverflow""]",[],[],[],[],
gpt-5.5,451,ok,/home/lpy/workspace/misc/course/Introduction-to-Software-Testing/artifacts/sample_runs/gpt-5.5/cand451_fb42e80e9293,fb42e80e929334aa393de029dfc47cd309826a19,Add SystemUtils.getUserHomePath(),src/test/java/org/apache/commons/lang3/SystemUtilsTest.java,24,24,24,1.0000,1,1,1,1.0000,0,0,0,1.0000,0,0,0,1.0000,1125,1125,1.0000,"{""assertEquals"": 12, ""assertFalse"": 844, ""assertNotNull"": 10, ""assertNull"": 1, ""assertTrue"": 258}","{""assertEquals"": 12, ""assertFalse"": 844, ""assertNotNull"": 10, ""assertNull"": 1, ""assertTrue"": 258}",1.0000,0,0,"[""testGetUserHomePath""]","[""testGetUserHomePath""]",[],[],[],[],
gpt-5.5,452,ok,/home/lpy/workspace/misc/course/Introduction-to-Software-Testing/artifacts/sample_runs/gpt-5.5/cand452_fb4803623b8f,fb4803623b8f089a8dfd265a68461f4283e7ffad,LANG-1312: LocaleUtils#toLocale does not support language followed by UN M.49 numeric-3 area code followed by variant,src/test/java/org/apache/commons/lang3/LocaleUtilsTest.java,16,16,16,1.0000,0,0,0,1.0000,0,0,0,1.0000,1,1,1,1.0000,129,129,1.0000,"{""assertCountriesByLanguage"": 5, ""assertEquals"": 22, ""assertFalse"": 1, ""assertLanguageByCountry"": 5, ""assertLocaleLookupList"": 17, ""assertNotNull"": 9, ""assertNull"": 1, ""assertSame"": 4, ""assertTrue"": 8, ""assertUnmodifiableCollection"": 6, ""assertValidToLocale"": 26, ""fail"": 25}","{""assertCountriesByLanguage"": 5, ""assertEquals"": 22, ""assertFalse"": 1, ""assertLanguageByCountry"": 5, ""assertLocaleLookupList"": 17, ""assertNotNull"": 9, ""assertNull"": 1, ""assertSame"": 4, ""assertTrue"": 8, ""assertUnmodifiableCollection"": 6, ""assertValidToLocale"": 26, ""fail"": 25}",1.0000,0,0,[],[],[],[],"[""testLanguageAndUNM49Numeric3AreaCodeLang1312""]","[""testLanguageAndUNM49Numeric3AreaCodeLang1312""]",
gpt-5.5,453,ok,/home/lpy/workspace/misc/course/Introduction-to-Software-Testing/artifacts/sample_runs/gpt-5.5/cand453_fbb0f7f88c84,fbb0f7f88c84001e0a92dae6a71b7e43bda65a56,LANG-995: Fix bug with stripping spaces on last line in WordUtils.wrap(). This fixes #18 from github. Thanks to Andrey Khobnya,src/test/java/org/apache/commons/lang3/text/WordUtilsTest.java,12,12,12,1.0000,0,0,0,1.0000,0,0,0,1.0000,1,1,1,1.0000,189,189,1.0000,"{""assertEquals"": 185, ""assertFalse"": 1, ""assertNotNull"": 1, ""assertTrue"": 2}","{""assertEquals"": 185, ""assertFalse"": 1, ""assertNotNull"": 1, ""assertTrue"": 2}",1.0000,0,0,[],[],[],[],"[""testWrap_StringInt""]","[""testWrap_StringInt""]",
gpt-5.5,454,ok,/home/lpy/workspace/misc/course/Introduction-to-Software-Testing/artifacts/sample_runs/gpt-5.5/cand454_fc73151cfca3,fc73151cfca36ea2641f340700dbe339b9e1f103,LANG-1131: StrBuilder.equals(StrBuilder) doesn't check for null inputs,src/test/java/org/apache/commons/lang3/text/StrBuilderTest.java,91,91,91,1.0000,1,1,1,1.0000,0,0,0,1.0000,0,0,0,1.0000,664,664,1.0000,"{""assertEquals"": 511, ""assertFalse"": 27, ""assertNotNull"": 2, ""assertNotSame"": 2, ""assertSame"": 12, ""assertTrue"": 72, ""fail"": 38}","{""assertEquals"": 511, ""assertFalse"": 27, ""assertNotNull"": 2, ""assertNotSame"": 2, ""assertSame"": 12, ""assertTrue"": 72, ""fail"": 38}",1.0000,0,0,"[""test_LANG_1131_EqualsWithNullStrBuilder""]","[""test_LANG_1131_EqualsWithNullStrBuilder""]",[],[],[],[],
gpt-5.5,455,ok,/home/lpy/workspace/misc/course/Introduction-to-Software-Testing/artifacts/sample_runs/gpt-5.5/cand455_fd6fbe280d90,fd6fbe280d90338f640c5acc92bec12e36f6d6c3,"Return ""null"""" instead of NPE in ClassLoaderUtils.toString(URLClassLoader)",src/test/java/org/apache/commons/lang3/ClassLoaderUtilsTest.java,4,4,4,1.0000,0,0,0,1.0000,0,0,0,1.0000,2,2,2,1.0000,6,6,1.0000,"{""assertEquals"": 4, ""assertNotNull"": 2}","{""assertEquals"": 4, ""assertNotNull"": 2}",1.0000,0,0,[],[],[],[],"[""testToString_ClassLoader"", ""testToString_URLClassLoader""]","[""testToString_ClassLoader"", ""testToString_URLClassLoader""]",
gpt-5.5,456,ok,/home/lpy/workspace/misc/course/Introduction-to-Software-Testing/artifacts/sample_runs/gpt-5.5/cand456_fe43aa478db7,fe43aa478db7008b0c8e76b62e75b111678a8200,Add LongRange.fit(long),src/test/java/org/apache/commons/lang3/LongRangeTest.java,29,29,29,1.0000,0,0,0,1.0000,0,0,0,1.0000,1,1,1,1.0000,165,165,1.0000,"{""assertEquals"": 25, ""assertFalse"": 77, ""assertIllegalArgumentException"": 2, ""assertNotEquals"": 4, ""assertNotNull"": 1, ""assertNullPointerException"": 3, ""assertSame"": 1, ""assertTrue"": 52}","{""assertEquals"": 25, ""assertFalse"": 77, ""assertIllegalArgumentException"": 2, ""assertNotEquals"": 4, ""assertNotNull"": 1, ""assertNullPointerException"": 3, ""assertSame"": 1, ""assertTrue"": 52}",1.0000,0,0,[],[],[],[],"[""testFit""]","[""testFit""]",
gpt-5.5,457,ok,/home/lpy/workspace/misc/course/Introduction-to-Software-Testing/artifacts/sample_runs/gpt-5.5/cand457_fee35ddc141a,fee35ddc141a65a4956290864598e825214c4cff,Add SystemUtils.IS_JAVA_20,src/test/java/org/apache/commons/lang3/SystemUtilsTest.java,20,20,20,1.0000,0,0,0,1.0000,0,0,0,1.0000,1,1,1,1.0000,686,686,1.0000,"{""assertEquals"": 10, ""assertFalse"": 523, ""assertNotNull"": 6, ""assertNull"": 1, ""assertTrue"": 146}","{""assertEquals"": 10, ""assertFalse"": 523, ""assertNotNull"": 6, ""assertNull"": 1, ""assertTrue"": 146}",1.0000,0,0,[],[],[],[],"[""test_IS_JAVA""]","[""test_IS_JAVA""]",
gpt-5.5,458,ok,/home/lpy/workspace/misc/course/Introduction-to-Software-Testing/artifacts/sample_runs/gpt-5.5/cand458_ff415c8f8f21,ff415c8f8f213d40a19f8dc9ac037050ef497bf8,Add Streams.nullSafeStream(Collection). Add Streams.toStream(Collection).,src/test/java/org/apache/commons/lang3/stream/StreamsTest.java,14,14,14,1.0000,4,4,4,1.0000,0,0,0,1.0000,2,2,2,1.0000,43,43,1.0000,"{""assertAll"": 2, ""assertEquals"": 22, ""assertEvenNumbers"": 3, ""assertNotNull"": 1, ""assertThat"": 8, ""assertThrows"": 7}","{""assertAll"": 2, ""assertEquals"": 22, ""assertEvenNumbers"": 3, ""assertNotNull"": 1, ""assertThat"": 8, ""assertThrows"": 7}",1.0000,7,7,"[""testNullSafeStreamNotNull"", ""testNullSafeStreamNull"", ""testToStreamNotNull"", ""testToStreamNull""]","[""testNullSafeStreamNotNull"", ""testNullSafeStreamNull"", ""testToStreamNotNull"", ""testToStreamNull""]",[],[],"[""simpleStreamFilterFailing"", ""testSimpleStreamFilter""]","[""simpleStreamFilterFailing"", ""testSimpleStreamFilter""]",
gpt-5.5,459,ok,/home/lpy/workspace/misc/course/Introduction-to-Software-Testing/artifacts/sample_runs/gpt-5.5/cand459_ff4497aff8cc,ff4497aff8cc9de4e0b2c6e5e23e5b6550f76f29,LANG-1155: Add StringUtils#unwrap,src/test/java/org/apache/commons/lang3/StringUtilsTest.java,144,144,144,1.0000,2,2,2,1.0000,2,2,2,1.0000,0,0,0,1.0000,1492,1492,1.0000,"{""assertAbbreviateWithAbbrevMarkerAndOffset"": 21, ""assertAbbreviateWithOffset"": 21, ""assertArrayEquals"": 5, ""assertEquals"": 1189, ""assertFalse"": 20, ""assertNotNull"": 2, ""assertNull"": 148, ""assertSame"": 3, ""assertTrue"": 47, ""fail"": 36}","{""assertAbbreviateWithAbbrevMarkerAndOffset"": 21, ""assertAbbreviateWithOffset"": 21, ""assertArrayEquals"": 5, ""assertEquals"": 1189, ""assertFalse"": 20, ""assertNotNull"": 2, ""assertNull"": 148, ""assertSame"": 3, ""assertTrue"": 47, ""fail"": 36}",1.0000,16,16,"[""testUnwrap_StringChar"", ""testUnwrap_StringString""]","[""testUnwrap_StringChar"", ""testUnwrap_StringString""]","[""testUnwrapString_Char"", ""testUnwrapString_String""]","[""testUnwrapString_Char"", ""testUnwrapString_String""]",[],[],
gpt-5.5,460,ok,/home/lpy/workspace/misc/course/Introduction-to-Software-Testing/artifacts/sample_runs/gpt-5.5/cand460_ff66cce0ca10,ff66cce0ca10046727e594e0beeed7924dfc7a41,Add SystemUtils.IS_OS_MAC_OSX_SONOMA,src/test/java/org/apache/commons/lang3/SystemUtilsTest.java,20,20,20,1.0000,0,0,0,1.0000,0,0,0,1.0000,1,1,1,1.0000,1071,1071,1.0000,"{""assertEquals"": 12, ""assertFalse"": 814, ""assertNotNull"": 6, ""assertNull"": 1, ""assertTrue"": 238}","{""assertEquals"": 12, ""assertFalse"": 814, ""assertNotNull"": 6, ""assertNull"": 1, ""assertTrue"": 238}",1.0000,0,0,[],[],[],[],"[""test_IS_OS""]","[""test_IS_OS""]",
gpt-5.5,461,ok,/home/lpy/workspace/misc/course/Introduction-to-Software-Testing/artifacts/sample_runs/gpt-5.5/cand461_ffc38b1f3b35,ffc38b1f3b35ddfadb942240b9d2f933ec83d1be,"LANG-1081: DiffBuilder.append(String, Object left, Object right) does not do a left.equals(right) check. This fixes #41 from github. Thanks to Jonathan Baker.",src/test/java/org/apache/commons/lang3/builder/DiffBuilderTest.java,30,30,30,1.0000,3,3,3,1.0000,1,1,1,1.0000,0,0,0,1.0000,75,75,1.0000,"{""assertArrayEquals"": 18, ""assertEquals"": 46, ""assertFalse"": 3, ""assertThat"": 5, ""assertTrue"": 3}","{""assertArrayEquals"": 18, ""assertEquals"": 46, ""assertFalse"": 3, ""assertThat"": 5, ""assertTrue"": 3}",1.0000,2,2,"[""testObjectsNotSameButEqual"", ""testObjectsNotSameNorEqual"", ""testObjectsSameAndEqual""]","[""testObjectsNotSameButEqual"", ""testObjectsNotSameNorEqual"", ""testObjectsSameAndEqual""]","[""testObjectsEqual""]","[""testObjectsEqual""]",[],[],
gpt-5.5,462,ok,/home/lpy/workspace/misc/course/Introduction-to-Software-Testing/artifacts/sample_runs/gpt-5.5/cand462_364d5912b285,364d5912b2853210d078238e62e4989c7c4b57fa,LANG-341: Please add number to byte[] methods. Suggested by Lilianne E. Blaze. Final patch from Vincent Ricard (with thanks to Henri Yandell).,src/test/java/org/apache/commons/lang3/math/NumberUtilsTest.java,88,88,88,1.0000,6,6,6,1.0000,0,0,0,1.0000,5,5,5,1.0000,595,595,1.0000,"{""assertArrayEquals"": 12, ""assertEquals"": 207, ""assertFalse"": 8, ""assertNotNull"": 2, ""assertTrue"": 353, ""fail"": 13}","{""assertArrayEquals"": 12, ""assertEquals"": 207, ""assertFalse"": 8, ""assertNotNull"": 2, ""assertTrue"": 353, ""fail"": 13}",1.0000,28,28,"[""testByteArrayConversionArgChecking"", ""testDoubleByteArrayConversion"", ""testFloatByteArrayConversion"", ""testIntByteArrayConversion"", ""testLongByteArrayConversion"", ""testShortByteArrayConversion""]","[""testByteArrayConversionArgChecking"", ""testDoubleByteArrayConversion"", ""testFloatByteArrayConversion"", ""testIntByteArrayConversion"", ""testLongByteArrayConversion"", ""testShortByteArrayConversion""]",[],[],"[""testStringToDoubleString"", ""testToFloatString"", ""testToIntString"", ""testToLongString"", ""testToShortString""]","[""testStringToDoubleString"", ""testToFloatString"", ""testToIntString"", ""testToLongString"", ""testToShortString""]",
gpt-5.5,463,ok,/home/lpy/workspace/misc/course/Introduction-to-Software-Testing/artifacts/sample_runs/gpt-5.5/cand463_71c905200de7,71c905200de7d1d260a2a40a29d96c7e8a976a6e,Optimize ObjectToStringComparator.compare() method,src/test/java/org/apache/commons/lang3/compare/ObjectToStringComparatorTest.java,5,5,5,1.0000,3,3,3,1.0000,1,1,1,1.0000,0,0,0,1.0000,18,18,1.0000,"{""assertEquals"": 9, ""assertNull"": 6, ""assertSame"": 3}","{""assertEquals"": 9, ""assertNull"": 6, ""assertSame"": 3}",1.0000,0,0,"[""testNullLeft"", ""testNullRight"", ""testNulls""]","[""testNullLeft"", ""testNullRight"", ""testNulls""]","[""testNull""]","[""testNull""]",[],[],
gpt-5.5,464,ok,/home/lpy/workspace/misc/course/Introduction-to-Software-Testing/artifacts/sample_runs/gpt-5.5/cand464_954280893c34,954280893c34f560b35c3eb1c106852110d8ca27,Reverts changes introduced in r1563259. Discussion to be had over correct place for this functionality (likely org.apache.commons.lang3.Conversion).,src/test/java/org/apache/commons/lang3/math/NumberUtilsTest.java,82,82,82,1.0000,0,0,0,1.0000,6,6,6,1.0000,5,5,5,1.0000,568,568,1.0000,"{""assertEquals"": 197, ""assertFalse"": 8, ""assertNotNull"": 2, ""assertTrue"": 353, ""fail"": 8}","{""assertEquals"": 197, ""assertFalse"": 8, ""assertNotNull"": 2, ""assertTrue"": 353, ""fail"": 8}",1.0000,28,28,[],[],"[""testByteArrayConversionArgChecking"", ""testDoubleByteArrayConversion"", ""testFloatByteArrayConversion"", ""testIntByteArrayConversion"", ""testLongByteArrayConversion"", ""testShortByteArrayConversion""]","[""testByteArrayConversionArgChecking"", ""testDoubleByteArrayConversion"", ""testFloatByteArrayConversion"", ""testIntByteArrayConversion"", ""testLongByteArrayConversion"", ""testShortByteArrayConversion""]","[""testStringToDoubleString"", ""testToFloatString"", ""testToIntString"", ""testToLongString"", ""testToShortString""]","[""testStringToDoubleString"", ""testToFloatString"", ""testToIntString"", ""testToLongString"", ""testToShortString""]",
gpt-5.5,465,ok,/home/lpy/workspace/misc/course/Introduction-to-Software-Testing/artifacts/sample_runs/gpt-5.5/cand465_b2e7374bfb91,b2e7374bfb91b54d49dfb4d327de639ff1f4b127,Add BooleanUtils.booleanValues(). Add BooleanUtils.primitiveValues().,src/test/java/org/apache/commons/lang3/BooleanUtilsTest.java,74,74,74,1.0000,2,2,2,1.0000,0,0,0,1.0000,0,0,0,1.0000,286,286,1.0000,"{""assertArrayEquals"": 2, ""assertEquals"": 96, ""assertFalse"": 33, ""assertNotNull"": 1, ""assertNull"": 17, ""assertSame"": 9, ""assertThrows"": 25, ""assertTrue"": 103}","{""assertArrayEquals"": 2, ""assertEquals"": 96, ""assertFalse"": 33, ""assertNotNull"": 1, ""assertNull"": 17, ""assertSame"": 9, ""assertThrows"": 25, ""assertTrue"": 103}",1.0000,25,25,"[""test_booleanValues"", ""test_primitiveValues""]","[""test_booleanValues"", ""test_primitiveValues""]",[],[],[],[],
gpt-5.5,466,ok,/home/lpy/workspace/misc/course/Introduction-to-Software-Testing/artifacts/sample_runs/gpt-5.5/cand466_bc16e0109a30,bc16e0109a30b819c50895e157830fe9b3f8e93f,PR: LANG-1447,src/test/java/org/apache/commons/lang3/FunctionsTest.java,15,15,15,1.0000,8,8,8,1.0000,0,0,0,1.0000,0,0,0,1.0000,100,100,1.0000,"{""assertEquals"": 10, ""assertNotNull"": 20, ""assertSame"": 27, ""assertThrows"": 33, ""assertTrue"": 10}","{""assertEquals"": 10, ""assertNotNull"": 20, ""assertSame"": 27, ""assertThrows"": 33, ""assertTrue"": 10}",1.0000,33,33,"[""testAsBiConsumer"", ""testAsBiFunction"", ""testAsCallable"", ""testAsConsumer"", ""testAsFunction"", ""testAsRunnable"", ""testAsSupplier"", ""testGetFromSupplier""]","[""testAsBiConsumer"", ""testAsBiFunction"", ""testAsCallable"", ""testAsConsumer"", ""testAsFunction"", ""testAsRunnable"", ""testAsSupplier"", ""testGetFromSupplier""]",[],[],[],[],
gpt-5.5,467,ok,/home/lpy/workspace/misc/course/Introduction-to-Software-Testing/artifacts/sample_runs/gpt-5.5/cand467_c288d296018a,c288d296018a48eb88526b05b62419170cc63a6b,LANG-934 - Add removeFinalModifier to FieldUtils,src/test/java/org/apache/commons/lang3/reflect/FieldUtilsTest.java,53,53,53,1.0000,1,1,1,1.0000,0,0,0,1.0000,0,0,0,1.0000,299,299,1.0000,"{""assertArrayEquals"": 3, ""assertEquals"": 162, ""assertFalse"": 2, ""assertNotNull"": 1, ""assertNull"": 23, ""assertTrue"": 3, ""fail"": 105}","{""assertArrayEquals"": 3, ""assertEquals"": 162, ""assertFalse"": 2, ""assertNotNull"": 1, ""assertNull"": 23, ""assertTrue"": 3, ""fail"": 105}",1.0000,21,21,"[""testRemoveFinalModifier""]","[""testRemoveFinalModifier""]",[],[],[],[],
gpt-5.5,468,ok,/home/lpy/workspace/misc/course/Introduction-to-Software-Testing/artifacts/sample_runs/gpt-5.5/cand468_da246244aebf,da246244aebf91571b0689e3dee97fce0ad52b23,Add StopWatch.run([Failable]Runnable) and get([Failable]Supplier),src/test/java/org/apache/commons/lang3/time/StopWatchTest.java,26,26,26,1.0000,2,2,2,1.0000,0,0,0,1.0000,1,1,1,1.0000,118,118,1.0000,"{""assertEquals"": 35, ""assertFalse"": 7, ""assertNotEquals"": 1, ""assertNull"": 1, ""assertThat"": 10, ""assertThrows"": 17, ""assertTrue"": 47}","{""assertEquals"": 35, ""assertFalse"": 7, ""assertNotEquals"": 1, ""assertNull"": 1, ""assertThat"": 10, ""assertThrows"": 17, ""assertTrue"": 47}",1.0000,17,17,"[""testGet"", ""testRun""]","[""testGet"", ""testRun""]",[],[],"[""testSuspend""]","[""testSuspend""]",
gpt-5.5,469,ok,/home/lpy/workspace/misc/course/Introduction-to-Software-Testing/artifacts/sample_runs/gpt-5.5/cand469_f4c2ed4995d1,f4c2ed4995d19c595ec0bf5c49d210df9046fda9,LANG-1518 - fix searchSupers for generic classes (#494),src/test/java/org/apache/commons/lang3/reflect/MethodUtilsTest.java,42,42,42,1.0000,0,0,0,1.0000,0,0,0,1.0000,2,2,2,1.0000,194,194,1.0000,"{""assertArrayEquals"": 8, ""assertEquals"": 118, ""assertFalse"": 2, ""assertNotNull"": 15, ""assertNotSame"": 1, ""assertNull"": 18, ""assertSame"": 4, ""assertThat"": 3, ""assertThrows"": 17, ""assertTrue"": 8}","{""assertArrayEquals"": 8, ""assertEquals"": 118, ""assertFalse"": 2, ""assertNotNull"": 15, ""assertNotSame"": 1, ""assertNull"": 18, ""assertSame"": 4, ""assertThat"": 3, ""assertThrows"": 17, ""assertTrue"": 8}",1.0000,17,17,[],[],[],[],"[""testGetAnnotationSearchSupersAndIgnoreAccess"", ""testGetAnnotationSearchSupersButNotIgnoreAccess""]","[""testGetAnnotationSearchSupersAndIgnoreAccess"", ""testGetAnnotationSearchSupersButNotIgnoreAccess""]",
gpt-5.5,470,ok,/home/lpy/workspace/misc/course/Introduction-to-Software-Testing/artifacts/sample_runs/gpt-5.5/cand470_1d5ba7a1109b,1d5ba7a1109ba6bf5b7948ece6add47d57f9d6c2,MethodUtils cannot find or invoke a public method on a public class implemented in its package-private superclass,src/test/java/org/apache/commons/lang3/reflect/MethodUtilsTest.java,45,45,45,1.0000,1,1,1,1.0000,0,0,0,1.0000,5,5,5,1.0000,246,246,1.0000,"{""assertArrayEquals"": 8, ""assertEquals"": 139, ""assertFalse"": 5, ""assertNotNull"": 19, ""assertNotSame"": 2, ""assertNull"": 27, ""assertNullPointerException"": 13, ""assertSame"": 6, ""assertThrows"": 15, ""assertTrue"": 12}","{""assertArrayEquals"": 8, ""assertEquals"": 139, ""assertFalse"": 5, ""assertNotNull"": 19, ""assertNotSame"": 2, ""assertNull"": 27, ""assertNullPointerException"": 13, ""assertSame"": 6, ""assertThrows"": 15, ""assertTrue"": 12}",1.0000,15,15,"[""testGetAccessibleMethodPublicSub""]","[""testGetAccessibleMethodPublicSub""]",[],[],"[""testGetAccessibleInterfaceMethod"", ""testGetAccessibleInterfaceMethodFromDescription"", ""testGetAccessibleMethodInaccessible"", ""testGetAccessiblePublicMethod"", ""testGetAccessiblePublicMethodFromDescription""]","[""testGetAccessibleInterfaceMethod"", ""testGetAccessibleInterfaceMethodFromDescription"", ""testGetAccessibleMethodInaccessible"", ""testGetAccessiblePublicMethod"", ""testGetAccessiblePublicMethodFromDescription""]",
gpt-5.5,471,ok,/home/lpy/workspace/misc/course/Introduction-to-Software-Testing/artifacts/sample_runs/gpt-5.5/cand471_46007c151e4c,46007c151e4cd79891eed4d289ff372ba39d5b8c,"LANG-1317: Adds MethodUtils#findAnnotation and extend MethodUtils#getMethodsWithAnnotation for non-public, super-class and interface methods (closes #261)",src/test/java/org/apache/commons/lang3/reflect/MethodUtilsTest.java,40,40,40,1.0000,11,11,11,1.0000,0,0,0,1.0000,0,0,0,1.0000,173,173,1.0000,"{""assertArrayEquals"": 7, ""assertEquals"": 114, ""assertFalse"": 2, ""assertNotNull"": 11, ""assertNotSame"": 1, ""assertNull"": 14, ""assertSame"": 4, ""assertThat"": 3, ""assertTrue"": 9, ""fail"": 8}","{""assertArrayEquals"": 7, ""assertEquals"": 114, ""assertFalse"": 2, ""assertNotNull"": 11, ""assertNotSame"": 1, ""assertNull"": 14, ""assertSame"": 4, ""assertThat"": 3, ""assertTrue"": 9, ""fail"": 8}",1.0000,9,9,"[""testGetAnnotationIllegalArgumentException1"", ""testGetAnnotationIllegalArgumentException2"", ""testGetAnnotationIllegalArgumentException3"", ""testGetAnnotationNotSearchSupersAndNotIgnoreAccess"", ""testGetAnnotationNotSearchSupersButIgnoreAccess"", ""testGetAnnotationSearchSupersAndIgnoreAccess"", ""testGetAnnotationSearchSupersButNotIgnoreAccess"", ""testGetMethodsWithAnnotationNotSearchSupersAndNotIgnoreAccess"", ""testGetMethodsWithAnnotationNotSearchSupersButIgnoreAccess"", ""testGetMethodsWithAnnotationSearchSupersAndIgnoreAccess"", ""testGetMethodsWithAnnotationSearchSupersButNotIgnoreAccess""]","[""testGetAnnotationIllegalArgumentException1"", ""testGetAnnotationIllegalArgumentException2"", ""testGetAnnotationIllegalArgumentException3"", ""testGetAnnotationNotSearchSupersAndNotIgnoreAccess"", ""testGetAnnotationNotSearchSupersButIgnoreAccess"", ""testGetAnnotationSearchSupersAndIgnoreAccess"", ""testGetAnnotationSearchSupersButNotIgnoreAccess"", ""testGetMethodsWithAnnotationNotSearchSupersAndNotIgnoreAccess"", ""testGetMethodsWithAnnotationNotSearchSupersButIgnoreAccess"", ""testGetMethodsWithAnnotationSearchSupersAndIgnoreAccess"", ""testGetMethodsWithAnnotationSearchSupersButNotIgnoreAccess""]",[],[],[],[],
gpt-5.5,472,ok,/home/lpy/workspace/misc/course/Introduction-to-Software-Testing/artifacts/sample_runs/gpt-5.5/cand472_e5e1339e444a,e5e1339e444a2e0c0835b318a20b38c170de15d5,[LANG-1461] Add null-safe StringUtils APIs to wrap String#getBytes([Charset|String]).</action>,src/test/java/org/apache/commons/lang3/StringUtilsTest.java,147,147,147,1.0000,2,2,2,1.0000,0,0,0,1.0000,1,1,1,1.0000,1539,1539,1.0000,"{""assertAbbreviateWithAbbrevMarkerAndOffset"": 21, ""assertAbbreviateWithOffset"": 21, ""assertArrayEquals"": 12, ""assertEquals"": 1186, ""assertFalse"": 30, ""assertNotNull"": 2, ""assertNull"": 184, ""assertSame"": 3, ""assertThrows"": 47, ""assertTrue"": 33}","{""assertAbbreviateWithAbbrevMarkerAndOffset"": 21, ""assertAbbreviateWithOffset"": 21, ""assertArrayEquals"": 12, ""assertEquals"": 1186, ""assertFalse"": 30, ""assertNotNull"": 2, ""assertNull"": 184, ""assertSame"": 3, ""assertThrows"": 47, ""assertTrue"": 33}",1.0000,47,47,"[""testGetBytes_Charset"", ""testGetBytes_String""]","[""testGetBytes_Charset"", ""testGetBytes_String""]",[],[],"[""testStringUtilsCharSequenceContract""]","[""testStringUtilsCharSequenceContract""]",
gpt-5.5,473,ok,/home/lpy/workspace/misc/course/Introduction-to-Software-Testing/artifacts/sample_runs/gpt-5.5/cand473_f2bdb0cb74a0,f2bdb0cb74a08b15439abf18df6ac2b52549394a,Add long support to `BitField` (#1561),src/test/java/org/apache/commons/lang3/BitFieldTest.java,16,16,16,1.0000,3,3,3,1.0000,2,2,2,1.0000,13,13,13,1.0000,98,98,1.0000,"{""assertEquals"": 86, ""assertFalse"": 7, ""assertTrue"": 5}","{""assertEquals"": 86, ""assertFalse"": 7, ""assertTrue"": 5}",1.0000,0,0,"[""testByteBoolean"", ""testClearInt"", ""testClearLong""]","[""testByteBoolean"", ""testClearInt"", ""testClearLong""]","[""testByte"", ""testClear""]","[""testByte"", ""testClear""]","[""testClearShort"", ""testGetRawValue"", ""testGetShortRawValue"", ""testGetShortValue"", ""testGetValue"", ""testIsAllSet"", ""testIsSet"", ""testSet"", ""testSetBoolean"", ""testSetShort"", ""testSetShortBoolean"", ""testSetShortValue"", ""testSetValue""]","[""testClearShort"", ""testGetRawValue"", ""testGetShortRawValue"", ""testGetShortValue"", ""testGetValue"", ""testIsAllSet"", ""testIsSet"", ""testSet"", ""testSetBoolean"", ""testSetShort"", ""testSetShortBoolean"", ""testSetShortValue"", ""testSetValue""]",
gpt-5.5,474,ok,/home/lpy/workspace/misc/course/Introduction-to-Software-Testing/artifacts/sample_runs/gpt-5.5/cand474_7cfa8a932869,7cfa8a932869b98c3737f4ed41312d92eb50d636,Change StringUtils arguments from String to CharSequence.,src/test/java/org/apache/commons/lang3/StringUtilsTest.java,0,0,0,1.0000,0,0,0,1.0000,0,0,0,1.0000,0,0,0,1.0000,853,853,1.0000,"{""assertAbbreviateWithOffset"": 21, ""assertEquals"": 768, ""assertFalse"": 13, ""assertNotNull"": 2, ""assertNull"": 21, ""assertSame"": 2, ""assertTrue"": 20, ""fail"": 6}","{""assertAbbreviateWithOffset"": 21, ""assertEquals"": 768, ""assertFalse"": 13, ""assertNotNull"": 2, ""assertNull"": 21, ""assertSame"": 2, ""assertTrue"": 20, ""fail"": 6}",1.0000,0,0,[],[],[],[],[],[],
gpt-5.5,475,ok,/home/lpy/workspace/misc/course/Introduction-to-Software-Testing/artifacts/sample_runs/gpt-5.5/cand475_f382d61a0377,f382d61a03778ccf838c6c051bd8692e4834dec2,Reimplement RandomStringUtils on top of SecureRandom#getInstanceStrong() (#1235),src/test/java/org/apache/commons/lang3/RandomStringUtilsTest.java,19,19,19,1.0000,1,1,1,1.0000,0,0,0,1.0000,0,0,0,1.0000,99,99,1.0000,"{""assertEquals"": 22, ""assertFalse"": 12, ""assertNotEquals"": 3, ""assertNotNull"": 1, ""assertThat"": 20, ""assertThrows"": 17, ""assertTrue"": 23, ""fail"": 1}","{""assertEquals"": 22, ""assertFalse"": 12, ""assertNotEquals"": 3, ""assertNotNull"": 1, ""assertThat"": 20, ""assertThrows"": 17, ""assertTrue"": 23, ""fail"": 1}",1.0000,17,17,"[""testRandomWithChars""]","[""testRandomWithChars""]",[],[],[],[],
gpt-5.5,476,ok,/home/lpy/workspace/misc/course/Introduction-to-Software-Testing/artifacts/sample_runs/gpt-5.5/cand476_344df3015897,344df301589744f0a4dc0f4eea91e078b2f97443,"TimeZones.GMT is a mutable public static final field, setRawOffset() and setID() (#1666)",src/test/java/org/apache/commons/lang3/time/TimeZonesTest.java,1,1,1,1.0000,0,0,0,1.0000,0,0,0,1.0000,1,1,1,1.0000,7,7,1.0000,"{""assertEquals"": 7}","{""assertEquals"": 7}",1.0000,0,0,[],[],[],[],"[""testToTimeZone""]","[""testToTimeZone""]",
gpt-5.5,477,ok,/home/lpy/workspace/misc/course/Introduction-to-Software-Testing/artifacts/sample_runs/gpt-5.5/cand477_7129c43b08da,7129c43b08da58e1c907dd2b90bb58e7a09bf85c,[LANG-1238] Add RegexUtils class instead of overloadinh methods in StringUtils that take a regex to take precompiled Pattern.,src/test/java/org/apache/commons/lang3/StringUtilsTest.java,144,144,144,1.0000,6,6,6,1.0000,6,6,6,1.0000,0,0,0,1.0000,1519,1519,1.0000,"{""assertAbbreviateWithAbbrevMarkerAndOffset"": 21, ""assertAbbreviateWithOffset"": 21, ""assertArrayEquals"": 8, ""assertEquals"": 1175, ""assertFalse"": 30, ""assertNotNull"": 2, ""assertNull"": 170, ""assertSame"": 3, ""assertTrue"": 53, ""fail"": 36}","{""assertAbbreviateWithAbbrevMarkerAndOffset"": 21, ""assertAbbreviateWithOffset"": 21, ""assertArrayEquals"": 8, ""assertEquals"": 1175, ""assertFalse"": 30, ""assertNotNull"": 2, ""assertNull"": 170, ""assertSame"": 3, ""assertTrue"": 53, ""fail"": 36}",1.0000,13,13,"[""testRemoveAll_StringString"", ""testRemoveFirst_StringString"", ""testRemovePattern_StringString"", ""testReplaceAll_StringStringString"", ""testReplaceFirst_StringStringString"", ""testReplacePattern_StringStringString""]","[""testRemoveAll_StringString"", ""testRemoveFirst_StringString"", ""testRemovePattern_StringString"", ""testReplaceAll_StringStringString"", ""testReplaceFirst_StringStringString"", ""testReplacePattern_StringStringString""]","[""testRemoveAll"", ""testRemoveFirst"", ""testRemovePattern"", ""testReplaceAll"", ""testReplaceFirst"", ""testReplacePattern""]","[""testRemoveAll"", ""testRemoveFirst"", ""testRemovePattern"", ""testReplaceAll"", ""testReplaceFirst"", ""testReplacePattern""]",[],[],
gpt-5.5,478,ok,/home/lpy/workspace/misc/course/Introduction-to-Software-Testing/artifacts/sample_runs/gpt-5.5/cand478_74fa00c3c503,74fa00c3c503813da2413b9d5a862bb125ef50e7,LANG-955: Add methods for removing all invalid characters according to XML 1.0 and XML 1.1 in an input string to StringEscapeUtils. Thanks to Adam Hooper,src/test/java/org/apache/commons/lang3/StringEscapeUtilsTest.java,28,28,28,1.0000,2,2,2,1.0000,0,0,0,1.0000,4,4,4,1.0000,152,152,1.0000,"{""assertEquals"": 98, ""assertEscapeJava"": 17, ""assertFalse"": 1, ""assertNotNull"": 1, ""assertTrue"": 4, ""assertUnescapeJava"": 12, ""fail"": 19}","{""assertEquals"": 98, ""assertEscapeJava"": 17, ""assertFalse"": 1, ""assertNotNull"": 1, ""assertTrue"": 4, ""assertUnescapeJava"": 12, ""fail"": 19}",1.0000,0,0,"[""testEscapeXml10"", ""testEscapeXml11""]","[""testEscapeXml10"", ""testEscapeXml11""]",[],[],"[""testEscapeXml"", ""testEscapeXmlAllCharacters"", ""testEscapeXmlSupplementaryCharacters"", ""testLang720""]","[""testEscapeXml"", ""testEscapeXmlAllCharacters"", ""testEscapeXmlSupplementaryCharacters"", ""testLang720""]",
gpt-5.5,479,ok,/home/lpy/workspace/misc/course/Introduction-to-Software-Testing/artifacts/sample_runs/gpt-5.5/cand479_b046e22faf9c,b046e22faf9cd0a7190bd29cf648c154bab1f42f,Add Predicates,src/test/java/org/apache/commons/lang3/ThreadUtilsTest.java,32,32,32,1.0000,1,1,1,1.0000,0,0,0,1.0000,2,2,2,1.0000,65,65,1.0000,"{""assertEquals"": 23, ""assertFalse"": 3, ""assertNotNull"": 4, ""assertNull"": 4, ""assertSame"": 4, ""assertThat"": 3, ""assertThrows"": 18, ""assertTrue"": 6}","{""assertEquals"": 23, ""assertFalse"": 3, ""assertNotNull"": 4, ""assertNull"": 4, ""assertSame"": 4, ""assertThat"": 3, ""assertThrows"": 18, ""assertTrue"": 6}",1.0000,18,18,"[""testDepreacted""]","[""testDepreacted""]",[],[],"[""testComplexThreadGroups"", ""testThreadGroupsNullParent""]","[""testComplexThreadGroups"", ""testThreadGroupsNullParent""]",
gpt-5.5,481,ok,/home/lpy/workspace/misc/course/Introduction-to-Software-Testing/artifacts/sample_runs/gpt-5.5/cand481_10fee7abaf6c,10fee7abaf6c5efd335ccab56876b90baffbec13,LANG-940: Fix deprecation warnings; found some more usages,src/test/java/org/apache/commons/lang3/ObjectUtilsTest.java,36,36,36,1.0000,0,0,0,1.0000,0,0,0,1.0000,2,2,2,1.0000,160,160,1.0000,"{""assertEquals"": 75, ""assertFalse"": 7, ""assertNotNull"": 2, ""assertNotSame"": 2, ""assertNull"": 16, ""assertSame"": 28, ""assertTrue"": 15, ""fail"": 15}","{""assertEquals"": 75, ""assertFalse"": 7, ""assertNotNull"": 2, ""assertNotSame"": 2, ""assertNull"": 16, ""assertSame"": 28, ""assertTrue"": 15, ""fail"": 15}",1.0000,7,7,[],[],[],[],"[""testEquals"", ""testHashCode""]","[""testEquals"", ""testHashCode""]",
gpt-5.5,482,ok,/home/lpy/workspace/misc/course/Introduction-to-Software-Testing/artifacts/sample_runs/gpt-5.5/cand482_2c0b8483606e,2c0b8483606efbfbaccf600e3bc31fe10533e004,FastTimeZone.getGmtTimeZone() Javadoc promises null on no-match; regex always matches. (#1674),src/test/java/org/apache/commons/lang3/time/FastTimeZoneTest.java,15,15,15,1.0000,5,5,5,1.0000,0,0,0,1.0000,0,0,0,1.0000,33,33,1.0000,"{""assertEquals"": 28, ""assertNotNull"": 3, ""assertNull"": 1, ""assertTrue"": 1}","{""assertEquals"": 28, ""assertNotNull"": 3, ""assertNull"": 1, ""assertTrue"": 1}",1.0000,0,0,"[""testEmptyStringReturnsNonNullDespiteJavadoc"", ""testGmtOnlyReturnsNonNull"", ""testInvalidStringReturnsNull"", ""testJavadocReflectsLenientBehavior"", ""testPlusOnlyReturnsNonNull""]","[""testEmptyStringReturnsNonNullDespiteJavadoc"", ""testGmtOnlyReturnsNonNull"", ""testInvalidStringReturnsNull"", ""testJavadocReflectsLenientBehavior"", ""testPlusOnlyReturnsNonNull""]",[],[],[],[],
gpt-5.5,483,ok,/home/lpy/workspace/misc/course/Introduction-to-Software-Testing/artifacts/sample_runs/gpt-5.5/cand483_3a0d3b93a81f,3a0d3b93a81fd8c795be4da3bc34f693f7ee9ed3,LANG-1647 (#1069),src/test/java/org/apache/commons/lang3/exception/ExceptionUtilsTest.java,60,60,60,1.0000,7,7,7,1.0000,0,0,0,1.0000,0,0,0,1.0000,289,289,1.0000,"{""assertArrayEquals"": 1, ""assertEquals"": 148, ""assertFalse"": 9, ""assertNotNull"": 1, ""assertNull"": 40, ""assertSame"": 67, ""assertThrows"": 10, ""assertTrue"": 13}","{""assertArrayEquals"": 1, ""assertEquals"": 148, ""assertFalse"": 9, ""assertNotNull"": 1, ""assertNull"": 40, ""assertSame"": 67, ""assertThrows"": 10, ""assertTrue"": 13}",1.0000,10,10,"[""testIsChecked_checked"", ""testIsChecked_error"", ""testIsChecked_null"", ""testIsChecked_unchecked"", ""testIsUnchecked_checked"", ""testIsUnchecked_error"", ""testIsUnchecked_unchecked""]","[""testIsChecked_checked"", ""testIsChecked_error"", ""testIsChecked_null"", ""testIsChecked_unchecked"", ""testIsUnchecked_checked"", ""testIsUnchecked_error"", ""testIsUnchecked_unchecked""]",[],[],[],[],
gpt-5.5,484,ok,/home/lpy/workspace/misc/course/Introduction-to-Software-Testing/artifacts/sample_runs/gpt-5.5/cand484_4cff6633e930,4cff6633e9301647c8815119f99da8932502dc88,LANG-1717: support RISC-V in ArchUtils (#1128),src/test/java/org/apache/commons/lang3/ArchUtilsTest.java,6,6,6,1.0000,0,0,0,1.0000,0,0,0,1.0000,3,3,3,1.0000,81,81,1.0000,"{""assertEquals"": 2, ""assertEqualsArchNotNull"": 10, ""assertEqualsTypeNotNull"": 10, ""assertFalse"": 14, ""assertNotEquals"": 3, ""assertNotEqualsArchNotNull"": 10, ""assertNotEqualsTypeNotNull"": 4, ""assertNotNull"": 9, ""assertNull"": 2, ""assertTrue"": 17}","{""assertEquals"": 2, ""assertEqualsArchNotNull"": 10, ""assertEqualsTypeNotNull"": 10, ""assertFalse"": 14, ""assertNotEquals"": 3, ""assertNotEqualsArchNotNull"": 10, ""assertNotEqualsTypeNotNull"": 4, ""assertNotNull"": 9, ""assertNull"": 2, ""assertTrue"": 17}",1.0000,0,0,[],[],[],[],"[""testArch"", ""testIs32BitJVM"", ""testIs64BitJVM""]","[""testArch"", ""testIs32BitJVM"", ""testIs64BitJVM""]",
gpt-5.5,485,ok,/home/lpy/workspace/misc/course/Introduction-to-Software-Testing/artifacts/sample_runs/gpt-5.5/cand485_54facb4fd93c,54facb4fd93c2ff59b3096c6e64b9be1b3c9cd88,DOC: StringUtils.containsAny. ADD: containsAllWords to WordUtils,src/test/java/org/apache/commons/lang3/text/WordUtilsTest.java,13,13,13,1.0000,1,1,1,1.0000,0,0,0,1.0000,0,0,0,1.0000,202,202,1.0000,"{""assertEquals"": 185, ""assertFalse"": 13, ""assertNotNull"": 1, ""assertTrue"": 3}","{""assertEquals"": 185, ""assertFalse"": 13, ""assertNotNull"": 1, ""assertTrue"": 3}",1.0000,0,0,"[""testContainsAllWords_StringString""]","[""testContainsAllWords_StringString""]",[],[],[],[],
gpt-5.5,486,ok,/home/lpy/workspace/misc/course/Introduction-to-Software-Testing/artifacts/sample_runs/gpt-5.5/cand486_553a0474ea11,553a0474ea11a9b61a8de618a3512f29f5a17368,LANG-1433: MethodUtils will throw a NPE if invokeMethod() is called for a var-args method (#407),src/test/java/org/apache/commons/lang3/reflect/MethodUtilsTest.java,42,42,42,1.0000,2,2,2,1.0000,0,0,0,1.0000,0,0,0,1.0000,186,186,1.0000,"{""assertArrayEquals"": 8, ""assertEquals"": 118, ""assertFalse"": 2, ""assertNotNull"": 11, ""assertNotSame"": 1, ""assertNull"": 14, ""assertSame"": 4, ""assertThat"": 3, ""assertThrows"": 17, ""assertTrue"": 8}","{""assertArrayEquals"": 8, ""assertEquals"": 118, ""assertFalse"": 2, ""assertNotNull"": 11, ""assertNotSame"": 1, ""assertNull"": 14, ""assertSame"": 4, ""assertThat"": 3, ""assertThrows"": 17, ""assertTrue"": 8}",1.0000,17,17,"[""testInvokeMethod_VarArgsNotUniqueResolvable"", ""testInvokeMethod_VarArgsWithNullValues""]","[""testInvokeMethod_VarArgsNotUniqueResolvable"", ""testInvokeMethod_VarArgsWithNullValues""]",[],[],[],[],
gpt-5.5,488,ok,/home/lpy/workspace/misc/course/Introduction-to-Software-Testing/artifacts/sample_runs/gpt-5.5/cand488_717f163a6df9,717f163a6df989499dc5df2f1de2e1b6a23ba1e8,Add Streams.of(Iterator),src/test/java/org/apache/commons/lang3/stream/StreamsTest.java,20,20,20,1.0000,2,2,2,1.0000,0,0,0,1.0000,0,0,0,1.0000,57,57,1.0000,"{""assertAll"": 2, ""assertEquals"": 34, ""assertEvenNumbers"": 3, ""assertNotNull"": 1, ""assertThat"": 8, ""assertThrows"": 7, ""assertTrue"": 2}","{""assertAll"": 2, ""assertEquals"": 34, ""assertEvenNumbers"": 3, ""assertNotNull"": 1, ""assertThat"": 8, ""assertThrows"": 7, ""assertTrue"": 2}",1.0000,7,7,"[""testOfIteratorNotNull"", ""testOfIteratorNull""]","[""testOfIteratorNotNull"", ""testOfIteratorNull""]",[],[],[],[],
gpt-5.5,489,ok,/home/lpy/workspace/misc/course/Introduction-to-Software-Testing/artifacts/sample_runs/gpt-5.5/cand489_75fa90e96c3e,75fa90e96c3ea16f92e1a178b257534990ac1616,Use final.,src/test/java/org/apache/commons/lang3/CharSequenceUtilsTest.java,7,7,7,1.0000,0,0,0,1.0000,0,0,0,1.0000,1,1,1,1.0000,20,20,1.0000,"{""assertArrayEquals"": 2, ""assertEquals"": 8, ""assertFalse"": 1, ""assertNotNull"": 1, ""assertNull"": 3, ""assertThrows"": 3, ""assertTrue"": 2}","{""assertArrayEquals"": 2, ""assertEquals"": 8, ""assertFalse"": 1, ""assertNotNull"": 1, ""assertNull"": 3, ""assertThrows"": 3, ""assertTrue"": 2}",1.0000,3,3,[],[],[],[],"[""testNewLastIndexOf""]","[""testNewLastIndexOf""]",
gpt-5.5,490,ok,/home/lpy/workspace/misc/course/Introduction-to-Software-Testing/artifacts/sample_runs/gpt-5.5/cand490_79380dba9197,79380dba919716065f5e16465671782119449a36,DurationUtils.toMillisInt() throws ArithmeticException on long overflows before clamping (#1657),src/test/java/org/apache/commons/lang3/time/DurationUtilsTest.java,17,17,17,1.0000,2,2,2,1.0000,0,0,0,1.0000,0,0,0,1.0000,83,83,1.0000,"{""assertEquals"": 71, ""assertFalse"": 2, ""assertNullPointerException"": 1, ""assertThrows"": 1, ""assertTrue"": 8}","{""assertEquals"": 71, ""assertFalse"": 2, ""assertNullPointerException"": 1, ""assertThrows"": 1, ""assertTrue"": 8}",1.0000,1,1,"[""testToMillisIntOverflowToMaxInteger"", ""testToMillisIntUnderflowToMinInteger""]","[""testToMillisIntOverflowToMaxInteger"", ""testToMillisIntUnderflowToMinInteger""]",[],[],[],[],
gpt-5.5,491,ok,/home/lpy/workspace/misc/course/Introduction-to-Software-Testing/artifacts/sample_runs/gpt-5.5/cand491_b1b409ae4096,b1b409ae4096664a33787bf52be32d9d2eb0cb31,[LANG-1724] Customise text pattern in DiffResult#toString(),src/test/java/org/apache/commons/lang3/builder/DiffResultTest.java,10,10,10,1.0000,1,1,1,1.0000,1,1,1,1.0000,6,6,6,1.0000,15,15,1.0000,"{""assertEquals"": 10, ""assertThrows"": 4, ""assertTrue"": 1}","{""assertEquals"": 10, ""assertThrows"": 4, ""assertTrue"": 1}",1.0000,4,4,"[""testDefaultStyle""]","[""testDefaultStyle""]","[""testNullStyle""]","[""testNullStyle""]","[""testIterator"", ""testLeftAndRightGetters"", ""testListIsNonModifiable"", ""testNullLhs"", ""testNullList"", ""testNullRhs""]","[""testIterator"", ""testLeftAndRightGetters"", ""testListIsNonModifiable"", ""testNullLhs"", ""testNullList"", ""testNullRhs""]",
gpt-5.5,493,ok,/home/lpy/workspace/misc/course/Introduction-to-Software-Testing/artifacts/sample_runs/gpt-5.5/cand493_c503d742f094,c503d742f094dc2048b72c3f78f5e2e6070a44e1,LANG-1252: better naming and java 6 specifics around handling a leading +,src/test/java/org/apache/commons/lang3/math/NumberUtilsTest.java,96,96,96,1.0000,2,2,2,1.0000,1,1,1,1.0000,3,3,3,1.0000,521,520,1.0019,"{""assertEquals"": 207, ""assertFalse"": 18, ""assertNotNull"": 2, ""assertTrue"": 284, ""fail"": 10}","{""assertEquals"": 207, ""assertFalse"": 18, ""assertNotNull"": 2, ""assertTrue"": 284, ""fail"": 9}",1.0000,32,32,"[""testIsCreatable"", ""testLANG1252""]","[""testIsCreatable"", ""testLANG1252""]","[""testIsNumber""]","[""testIsNumber""]","[""testLANG971"", ""testLANG972"", ""testLANG992""]","[""testLANG971"", ""testLANG972"", ""testLANG992""]",
gpt-5.5,494,ok,/home/lpy/workspace/misc/course/Introduction-to-Software-Testing/artifacts/sample_runs/gpt-5.5/cand494_c9a5e54a7c0b,c9a5e54a7c0b4c0be46940d136677a2c9f052ed7,Add final modifier to local variables.,src/test/java/org/apache/commons/lang3/concurrent/MemoizerTest.java,6,6,6,1.0000,0,0,0,1.0000,0,0,0,1.0000,6,6,6,1.0000,6,6,1.0000,"{""assertEquals"": 3, ""fail"": 3}","{""assertEquals"": 3, ""fail"": 3}",1.0000,4,4,[],[],[],[],"[""testDefaultBehaviourNotToRecalculateExecutionExceptions"", ""testDoesNotRecalculateWhenSetToFalse"", ""testDoesRecalculateWhenSetToTrue"", ""testOnlyCallComputableOnceIfDoesNotThrowException"", ""testWhenComputableThrowsError"", ""testWhenComputableThrowsRuntimeException""]","[""testDefaultBehaviourNotToRecalculateExecutionExceptions"", ""testDoesNotRecalculateWhenSetToFalse"", ""testDoesRecalculateWhenSetToTrue"", ""testOnlyCallComputableOnceIfDoesNotThrowException"", ""testWhenComputableThrowsError"", ""testWhenComputableThrowsRuntimeException""]",
gpt-5.5,496,ok,/home/lpy/workspace/misc/course/Introduction-to-Software-Testing/artifacts/sample_runs/gpt-5.5/cand496_faa1a1eea544,faa1a1eea544dbdf5c2fa88c622e6e3eedd09837,Internal refactoring,src/test/java/org/apache/commons/lang3/builder/DiffBuilderTest.java,33,33,33,1.0000,0,0,0,1.0000,0,0,0,1.0000,16,16,16,1.0000,82,82,1.0000,"{""assertArrayEquals"": 18, ""assertEquals"": 51, ""assertNotEquals"": 1, ""assertNotSame"": 2, ""assertSame"": 1, ""assertThat"": 5, ""assertThrows"": 4}","{""assertArrayEquals"": 18, ""assertEquals"": 51, ""assertNotEquals"": 1, ""assertNotSame"": 2, ""assertSame"": 1, ""assertThat"": 5, ""assertThrows"": 4}",1.0000,4,4,[],[],[],[],"[""testBoolean"", ""testBooleanArray"", ""testByte"", ""testByteArray"", ""testByteArrayEqualAsObject"", ""testCharArray"", ""testDiffResult"", ""testDoubleArray"", ""testFloatArray"", ""testIntArray"", ""testLongArray"", ""testObjectArray"", ""testObjectArrayEqual"", ""testSameObjectIgnoresAppends"", ""testShortArray"", ""testSimilarObjectIgnoresAppends""]","[""testBoolean"", ""testBooleanArray"", ""testByte"", ""testByteArray"", ""testByteArrayEqualAsObject"", ""testCharArray"", ""testDiffResult"", ""testDoubleArray"", ""testFloatArray"", ""testIntArray"", ""testLongArray"", ""testObjectArray"", ""testObjectArrayEqual"", ""testSameObjectIgnoresAppends"", ""testShortArray"", ""testSimilarObjectIgnoresAppends""]",
gpt-5.5,497,ok,/home/lpy/workspace/misc/course/Introduction-to-Software-Testing/artifacts/sample_runs/gpt-5.5/cand497_00e530042f48,00e530042f481d1000be27584cf05be939a42bb0,[LANG-1745] RandomStringUtils.random() with a negative character index should throw IllegalArgumentException (#1247),src/test/java/org/apache/commons/lang3/RandomStringUtilsTest.java,24,24,24,1.0000,6,6,6,1.0000,1,1,1,1.0000,0,0,0,1.0000,100,100,1.0000,"{""assertEquals"": 22, ""assertFalse"": 12, ""assertNotEquals"": 3, ""assertNotNull"": 1, ""assertThat"": 20, ""assertThrows"": 18, ""assertTrue"": 23, ""fail"": 1}","{""assertEquals"": 22, ""assertFalse"": 12, ""assertNotEquals"": 3, ""assertNotNull"": 1, ""assertThat"": 20, ""assertThrows"": 18, ""assertTrue"": 23, ""fail"": 1}",1.0000,18,18,"[""testExceptionsRandom"", ""testExceptionsRandomAlphabetic"", ""testExceptionsRandomAscii"", ""testExceptionsRandomGraph"", ""testExceptionsRandomNumeric"", ""testExceptionsRandomPrint""]","[""testExceptionsRandom"", ""testExceptionsRandomAlphabetic"", ""testExceptionsRandomAscii"", ""testExceptionsRandomGraph"", ""testExceptionsRandomNumeric"", ""testExceptionsRandomPrint""]","[""testExceptions""]","[""testExceptions""]",[],[],
gpt-5.5,498,ok,/home/lpy/workspace/misc/course/Introduction-to-Software-Testing/artifacts/sample_runs/gpt-5.5/cand498_055c20ab9820,055c20ab982090d48cf216e3a37055d2e668c538,[LANG-1529] Deprecate org.apache.commons.lang3.ArrayUtils.removeAllOccurences(*) for org.apache.commons.lang3.ArrayUtils.removeAllOccurrences(*).,src/test/java/org/apache/commons/lang3/ArrayUtilsTest.java,328,328,328,1.0000,0,0,0,1.0000,0,0,0,1.0000,1,1,1,1.0000,1950,1950,1.0000,"{""assertArrayEquals"": 100, ""assertEquals"": 1187, ""assertFalse"": 200, ""assertIsEquals"": 9, ""assertNotEquals"": 1, ""assertNotNull"": 2, ""assertNotSame"": 30, ""assertNull"": 80, ""assertSame"": 71, ""assertThrows"": 19, ""assertTrue"": 251}","{""assertArrayEquals"": 100, ""assertEquals"": 1187, ""assertFalse"": 200, ""assertIsEquals"": 9, ""assertNotEquals"": 1, ""assertNotNull"": 2, ""assertNotSame"": 30, ""assertNull"": 80, ""assertSame"": 71, ""assertThrows"": 19, ""assertTrue"": 251}",1.0000,19,19,[],[],[],[],"[""testShuffleBoolean""]","[""testShuffleBoolean""]",
gpt-5.5,499,ok,/home/lpy/workspace/misc/course/Introduction-to-Software-Testing/artifacts/sample_runs/gpt-5.5/cand499_09c662429ba4,09c662429ba43ccadb1f16cfae82b23458ec5c1d,Add fluent-style ArrayUtils.sort(Object[]).,src/test/java/org/apache/commons/lang3/ArrayUtilsTest.java,332,332,332,1.0000,0,0,0,1.0000,0,0,0,1.0000,0,0,0,1.0000,3280,3280,1.0000,"{""assertArrayEquals"": 111, ""assertEquals"": 1197, ""assertFalse"": 1010, ""assertIsEquals"": 9, ""assertNotEquals"": 1, ""assertNotNull"": 2, ""assertNotSame"": 30, ""assertNull"": 93, ""assertSame"": 71, ""assertThrows"": 19, ""assertTrue"": 737}","{""assertArrayEquals"": 111, ""assertEquals"": 1197, ""assertFalse"": 1010, ""assertIsEquals"": 9, ""assertNotEquals"": 1, ""assertNotNull"": 2, ""assertNotSame"": 30, ""assertNull"": 93, ""assertSame"": 71, ""assertThrows"": 19, ""assertTrue"": 737}",1.0000,19,19,[],[],[],[],[],[],
gpt-5.5,500,ok,/home/lpy/workspace/misc/course/Introduction-to-Software-Testing/artifacts/sample_runs/gpt-5.5/cand500_0e2ebd347c4a,0e2ebd347c4a4afd6c4cf539678d2a23d3df9570,[LANG-1541] ArrayUtils.contains() and indexOf() fails to handle Double.NaN #647.,src/test/java/org/apache/commons/lang3/ArrayUtilsTest.java,334,334,334,1.0000,2,2,2,1.0000,0,0,0,1.0000,0,0,0,1.0000,3286,3286,1.0000,"{""assertArrayEquals"": 111, ""assertEquals"": 1200, ""assertFalse"": 1010, ""assertIsEquals"": 9, ""assertNotEquals"": 1, ""assertNotNull"": 2, ""assertNotSame"": 30, ""assertNull"": 93, ""assertSame"": 71, ""assertThrows"": 19, ""assertTrue"": 740}","{""assertArrayEquals"": 111, ""assertEquals"": 1200, ""assertFalse"": 1010, ""assertIsEquals"": 9, ""assertNotEquals"": 1, ""assertNotNull"": 2, ""assertNotSame"": 30, ""assertNull"": 93, ""assertSame"": 71, ""assertThrows"": 19, ""assertTrue"": 740}",1.0000,19,19,"[""testContainsDoubleNaN"", ""testIndexOfDoubleNaN""]","[""testContainsDoubleNaN"", ""testIndexOfDoubleNaN""]",[],[],[],[],
gpt-5.5,501,ok,/home/lpy/workspace/misc/course/Introduction-to-Software-Testing/artifacts/sample_runs/gpt-5.5/cand501_0f211efaf122,0f211efaf1228c3371b2a81de095661a94907f5e,org.apache.commons.lang3.concurrent.AtomicSafeInitializer.get() can spin internally if the FailableSupplier given to org.apache.commons.lang3.concurrent.AbstractConcurrentInitializer.AbstractBuilder.setInitializer(FailableSupplier) throws a RuntimeException,src/test/java/org/apache/commons/lang3/concurrent/AtomicSafeInitializerTest.java,4,4,4,1.0000,2,2,2,1.0000,0,0,0,1.0000,0,0,0,1.0000,11,11,1.0000,"{""assertEquals"": 5, ""assertNull"": 2, ""assertThrows"": 4}","{""assertEquals"": 5, ""assertNull"": 2, ""assertThrows"": 4}",1.0000,4,4,"[""testInitializerThrowsChecked"", ""testInitializerThrowsUnchecked""]","[""testInitializerThrowsChecked"", ""testInitializerThrowsUnchecked""]",[],[],[],[],
gpt-5.5,502,ok,/home/lpy/workspace/misc/course/Introduction-to-Software-Testing/artifacts/sample_runs/gpt-5.5/cand502_16d587d73c51,16d587d73c51c772495d95f9aa3aa14782eff355,Add support for detection of Aarch64.,src/test/java/org/apache/commons/lang3/ArchUtilsTest.java,5,5,5,1.0000,0,0,0,1.0000,0,0,0,1.0000,2,2,2,1.0000,66,66,1.0000,"{""assertEquals"": 2, ""assertEqualsArchNotNull"": 8, ""assertEqualsTypeNotNull"": 8, ""assertFalse"": 11, ""assertNotEquals"": 2, ""assertNotEqualsArchNotNull"": 8, ""assertNotEqualsTypeNotNull"": 4, ""assertNotNull"": 9, ""assertNull"": 1, ""assertTrue"": 13}","{""assertEquals"": 2, ""assertEqualsArchNotNull"": 8, ""assertEqualsTypeNotNull"": 8, ""assertFalse"": 11, ""assertNotEquals"": 2, ""assertNotEqualsArchNotNull"": 8, ""assertNotEqualsTypeNotNull"": 4, ""assertNotNull"": 9, ""assertNull"": 1, ""assertTrue"": 13}",1.0000,0,0,[],[],[],[],"[""testArch"", ""testIs64BitJVM""]","[""testArch"", ""testIs64BitJVM""]",
gpt-5.5,503,ok,/home/lpy/workspace/misc/course/Introduction-to-Software-Testing/artifacts/sample_runs/gpt-5.5/cand503_1903d88e0b21,1903d88e0b214fa369fe0c49c71e4c3b480f2f7d,Add Processor.Type.getLabel() and Processor.toString(),src/test/java/org/apache/commons/lang3/ArchUtilsTest.java,6,6,6,1.0000,1,1,1,1.0000,0,0,0,1.0000,1,1,1,1.0000,70,70,1.0000,"{""assertEquals"": 2, ""assertEqualsArchNotNull"": 8, ""assertEqualsTypeNotNull"": 8, ""assertFalse"": 12, ""assertNotEquals"": 3, ""assertNotEqualsArchNotNull"": 8, ""assertNotEqualsTypeNotNull"": 4, ""assertNotNull"": 9, ""assertNull"": 2, ""assertTrue"": 14}","{""assertEquals"": 2, ""assertEqualsArchNotNull"": 8, ""assertEqualsTypeNotNull"": 8, ""assertFalse"": 12, ""assertNotEquals"": 3, ""assertNotEqualsArchNotNull"": 8, ""assertNotEqualsTypeNotNull"": 4, ""assertNotNull"": 9, ""assertNull"": 2, ""assertTrue"": 14}",1.0000,0,0,"[""testTypeLabels""]","[""testTypeLabels""]",[],[],"[""testGetProcessor""]","[""testGetProcessor""]",
gpt-5.5,504,ok,/home/lpy/workspace/misc/course/Introduction-to-Software-Testing/artifacts/sample_runs/gpt-5.5/cand504_2188eb0e2e15,2188eb0e2e15431b7c4a65f7168392c888f0ecd1,"Add Validate.isTrue(boolean, Supplier<String>)",src/test/java/org/apache/commons/lang3/ValidateTest.java,93,93,93,1.0000,0,0,0,1.0000,0,0,0,1.0000,1,1,1,1.0000,254,254,1.0000,"{""assertEquals"": 114, ""assertFalse"": 1, ""assertNotNull"": 1, ""assertSame"": 22, ""assertThrows"": 115, ""assertTrue"": 1}","{""assertEquals"": 114, ""assertFalse"": 1, ""assertNotNull"": 1, ""assertSame"": 22, ""assertThrows"": 115, ""assertTrue"": 1}",1.0000,115,115,[],[],[],[],"[""shouldThrowExceptionWithDoubleInsertedIntoTemplateMessageForFalseExpression""]","[""shouldThrowExceptionWithDoubleInsertedIntoTemplateMessageForFalseExpression""]",
gpt-5.5,505,ok,/home/lpy/workspace/misc/course/Introduction-to-Software-Testing/artifacts/sample_runs/gpt-5.5/cand505_3935fa2f193a,3935fa2f193a0cc652300677beeb61b535eedf4c,"Add ExceptionUtils.asRuntimeException(T), and deprecate rethrow(T)",src/test/java/org/apache/commons/lang3/exception/ExceptionUtilsTest.java,64,64,64,1.0000,2,2,2,1.0000,1,1,1,1.0000,0,0,0,1.0000,294,294,1.0000,"{""assertArrayEquals"": 1, ""assertEquals"": 148, ""assertFalse"": 11, ""assertNotNull"": 1, ""assertNull"": 40, ""assertSame"": 68, ""assertThrows"": 11, ""assertTrue"": 14}","{""assertArrayEquals"": 1, ""assertEquals"": 148, ""assertFalse"": 11, ""assertNotNull"": 1, ""assertNull"": 40, ""assertSame"": 68, ""assertThrows"": 11, ""assertTrue"": 14}",1.0000,11,11,"[""testAsRuntimeException"", ""testRethrow""]","[""testAsRuntimeException"", ""testRethrow""]","[""testThrow""]","[""testThrow""]",[],[],
gpt-5.5,506,ok,/home/lpy/workspace/misc/course/Introduction-to-Software-Testing/artifacts/sample_runs/gpt-5.5/cand506_3bda8be03638,3bda8be03638b5248df2252832388775601692ff,"Add fluent-style ArrayUtils.sort(Object[], Comparable).",src/test/java/org/apache/commons/lang3/ArrayUtilsTest.java,334,334,334,1.0000,0,0,0,1.0000,0,0,0,1.0000,0,0,0,1.0000,3287,3287,1.0000,"{""assertArrayEquals"": 111, ""assertEquals"": 1201, ""assertFalse"": 1010, ""assertIsEquals"": 9, ""assertNotEquals"": 1, ""assertNotNull"": 2, ""assertNotSame"": 30, ""assertNull"": 93, ""assertSame"": 71, ""assertThrows"": 19, ""assertTrue"": 740}","{""assertArrayEquals"": 111, ""assertEquals"": 1201, ""assertFalse"": 1010, ""assertIsEquals"": 9, ""assertNotEquals"": 1, ""assertNotNull"": 2, ""assertNotSame"": 30, ""assertNull"": 93, ""assertSame"": 71, ""assertThrows"": 19, ""assertTrue"": 740}",1.0000,19,19,[],[],[],[],[],[],
gpt-5.5,507,ok,/home/lpy/workspace/misc/course/Introduction-to-Software-Testing/artifacts/sample_runs/gpt-5.5/cand507_3d7e9d964d26,3d7e9d964d26053b94370e95afc8453923e3c672,"Add ObjectUtils.toString(Supplier<Object>, Supplier<String>)",src/test/java/org/apache/commons/lang3/ObjectUtilsTest.java,57,57,57,1.0000,3,3,3,1.0000,2,2,2,1.0000,0,0,0,1.0000,283,283,1.0000,"{""assertArrayEquals"": 1, ""assertEquals"": 86, ""assertFalse"": 42, ""assertNotNull"": 2, ""assertNotSame"": 2, ""assertNull"": 27, ""assertSame"": 30, ""assertThrows"": 24, ""assertTrue"": 68, ""fail"": 1}","{""assertArrayEquals"": 1, ""assertEquals"": 86, ""assertFalse"": 42, ""assertNotNull"": 2, ""assertNotSame"": 2, ""assertNull"": 27, ""assertSame"": 30, ""assertThrows"": 24, ""assertTrue"": 68, ""fail"": 1}",1.0000,24,24,"[""testToString_Object_String"", ""testToString_String_Supplier"", ""testToString_Supplier_Supplier""]","[""testToString_Object_String"", ""testToString_String_Supplier"", ""testToString_Supplier_Supplier""]","[""testToString_ObjectString"", ""testToString_SupplierString""]","[""testToString_ObjectString"", ""testToString_SupplierString""]",[],[],
gpt-5.5,508,ok,/home/lpy/workspace/misc/course/Introduction-to-Software-Testing/artifacts/sample_runs/gpt-5.5/cand508_4949adec480d,4949adec480ddccdee4f7d09231e85e84fec00a1,Add ReflectionDiffBuilder.Builder,src/test/java/org/apache/commons/lang3/builder/ReflectionDiffBuilderTest.java,13,13,13,1.0000,2,2,2,1.0000,0,0,0,1.0000,2,2,2,1.0000,19,19,1.0000,"{""assertEquals"": 15, ""assertNotNull"": 4}","{""assertEquals"": 15, ""assertNotNull"": 4}",1.0000,0,0,"[""testGetExcludeFieldNamesWithNullExcludedFieldNamesCtor"", ""testGetExcludeFieldNamesWithNullValuesInExcludedFieldNamesCtor""]","[""testGetExcludeFieldNamesWithNullExcludedFieldNamesCtor"", ""testGetExcludeFieldNamesWithNullValuesInExcludedFieldNamesCtor""]",[],[],"[""testGetExcludeFieldNamesWithNullExcludedFieldNames"", ""testGetExcludeFieldNamesWithNullValuesInExcludedFieldNames""]","[""testGetExcludeFieldNamesWithNullExcludedFieldNames"", ""testGetExcludeFieldNamesWithNullValuesInExcludedFieldNames""]",
gpt-5.5,509,ok,/home/lpy/workspace/misc/course/Introduction-to-Software-Testing/artifacts/sample_runs/gpt-5.5/cand509_5c6de5a7a022,5c6de5a7a0226b96e839381cc4ff96eb66fd5295,Add and use null-safe Streams.of(T[]).,src/test/java/org/apache/commons/lang3/stream/StreamsTest.java,8,8,8,1.0000,1,1,1,1.0000,0,0,0,1.0000,0,0,0,1.0000,35,35,1.0000,"{""assertAll"": 2, ""assertEquals"": 14, ""assertEvenNumbers"": 3, ""assertNotNull"": 1, ""assertThat"": 8, ""assertThrows"": 7}","{""assertAll"": 2, ""assertEquals"": 14, ""assertEvenNumbers"": 3, ""assertNotNull"": 1, ""assertThat"": 8, ""assertThrows"": 7}",1.0000,7,7,"[""testOf""]","[""testOf""]",[],[],[],[],
gpt-5.5,510,ok,/home/lpy/workspace/misc/course/Introduction-to-Software-Testing/artifacts/sample_runs/gpt-5.5/cand510_64d6a28a12d9,64d6a28a12d99a02e41cdd746ec0df221c93bcea,Comment: Remove unnecessary Latin acronym,src/test/java/org/apache/commons/lang3/math/NumberUtilsTest.java,120,120,120,1.0000,0,0,0,1.0000,0,0,0,1.0000,0,0,0,1.0000,738,738,1.0000,"{""assertCreateNumberZero"": 7, ""assertEquals"": 551, ""assertFalse"": 30, ""assertInstanceOf"": 41, ""assertNotNull"": 5, ""assertNull"": 7, ""assertThrows"": 42, ""assertTrue"": 55}","{""assertCreateNumberZero"": 7, ""assertEquals"": 551, ""assertFalse"": 30, ""assertInstanceOf"": 41, ""assertNotNull"": 5, ""assertNull"": 7, ""assertThrows"": 42, ""assertTrue"": 55}",1.0000,42,42,[],[],[],[],[],[],
gpt-5.5,511,ok,/home/lpy/workspace/misc/course/Introduction-to-Software-Testing/artifacts/sample_runs/gpt-5.5/cand511_7e3571e7e2c6,7e3571e7e2c6d96f8c491b75b876162687d800c9,Add JavaVersion.JAVA_27,src/test/java/org/apache/commons/lang3/SystemUtilsTest.java,24,24,24,1.0000,0,0,0,1.0000,0,0,0,1.0000,2,2,2,1.0000,1851,1851,1.0000,"{""assertEquals"": 12, ""assertFalse"": 1206, ""assertNotNull"": 10, ""assertNull"": 1, ""assertTrue"": 622}","{""assertEquals"": 12, ""assertFalse"": 1206, ""assertNotNull"": 10, ""assertNull"": 1, ""assertTrue"": 622}",1.0000,0,0,[],[],[],[],"[""testIsJavaVersionAtLeast"", ""testIsJavaVersionAtMost""]","[""testIsJavaVersionAtLeast"", ""testIsJavaVersionAtMost""]",
gpt-5.5,512,ok,/home/lpy/workspace/misc/course/Introduction-to-Software-Testing/artifacts/sample_runs/gpt-5.5/cand512_7f7c3d63c895,7f7c3d63c895d52fafd602459e269b92a6c93791,Add ObjectUtils.identityHashCodeHex(Object).,src/test/java/org/apache/commons/lang3/ObjectUtilsTest.java,55,55,55,1.0000,2,2,2,1.0000,0,0,0,1.0000,0,0,0,1.0000,238,238,1.0000,"{""assertArrayEquals"": 1, ""assertEquals"": 83, ""assertFalse"": 34, ""assertNotNull"": 2, ""assertNotSame"": 2, ""assertNull"": 23, ""assertSame"": 30, ""assertThrows"": 24, ""assertTrue"": 38, ""fail"": 1}","{""assertArrayEquals"": 1, ""assertEquals"": 83, ""assertFalse"": 34, ""assertNotNull"": 2, ""assertNotSame"": 2, ""assertNull"": 23, ""assertSame"": 30, ""assertThrows"": 24, ""assertTrue"": 38, ""fail"": 1}",1.0000,24,24,"[""testHashCodeHex"", ""testIdentityHashCodeHex""]","[""testHashCodeHex"", ""testIdentityHashCodeHex""]",[],[],[],[],
gpt-5.5,513,ok,/home/lpy/workspace/misc/course/Introduction-to-Software-Testing/artifacts/sample_runs/gpt-5.5/cand513_86c76dd5ea04,86c76dd5ea04d1881a52d79113d6dbb1d57c38a6,LANG-1107 Fix parsing edge cases in FastDateParser,src/test/java/org/apache/commons/lang3/time/FastDateParserTest.java,34,34,34,1.0000,1,1,1,1.0000,0,0,0,1.0000,0,0,0,1.0000,63,63,1.0000,"{""assertEquals"": 54, ""assertFalse"": 2, ""assertTrue"": 3, ""fail"": 4}","{""assertEquals"": 54, ""assertFalse"": 2, ""assertTrue"": 3, ""fail"": 4}",1.0000,1,1,"[""testTimeZoneStrategyPattern""]","[""testTimeZoneStrategyPattern""]",[],[],[],[],
gpt-5.5,515,ok,/home/lpy/workspace/misc/course/Introduction-to-Software-Testing/artifacts/sample_runs/gpt-5.5/cand515_8e1df6b9bf6a,8e1df6b9bf6afc0e3f3a99d4d99bb9d78d148c81,"Add ComparableUtils.max(A, A) and ComparableUtils.min(A, A).",src/test/java/org/apache/commons/lang3/compare/ComparableUtilsTest.java,16,16,16,1.0000,2,2,2,1.0000,0,0,0,1.0000,0,0,0,1.0000,53,53,1.0000,"{""assertEquals"": 20, ""assertFalse"": 17, ""assertTrue"": 16}","{""assertEquals"": 20, ""assertFalse"": 17, ""assertTrue"": 16}",1.0000,0,0,"[""testMax"", ""testMin""]","[""testMax"", ""testMin""]",[],[],[],[],
gpt-5.5,516,ok,/home/lpy/workspace/misc/course/Introduction-to-Software-Testing/artifacts/sample_runs/gpt-5.5/cand516_9b383f3fadcc,9b383f3fadccab020874aa5c69704790e03c4f4f,Add org.apache.commons.lang3.SystemProperties.isPropertySet(String),src/test/java/org/apache/commons/lang3/SystemPropertiesTest.java,54,54,54,1.0000,2,2,2,1.0000,0,0,0,1.0000,1,1,1,1.0000,285,285,1.0000,"{""assertDoesNotThrow"": 197, ""assertEquals"": 24, ""assertFalse"": 5, ""assertNotNull"": 43, ""assertNull"": 15, ""assertTrue"": 1}","{""assertDoesNotThrow"": 197, ""assertEquals"": 24, ""assertFalse"": 5, ""assertNotNull"": 43, ""assertNull"": 15, ""assertTrue"": 1}",1.0000,0,0,"[""testIsPropertySet"", ""testIsPropertySetEdges""]","[""testIsPropertySet"", ""testIsPropertySetEdges""]",[],[],"[""testGetPropertyStringString""]","[""testGetPropertyStringString""]",
gpt-5.5,517,ok,/home/lpy/workspace/misc/course/Introduction-to-Software-Testing/artifacts/sample_runs/gpt-5.5/cand517_9f89fd4626bb,9f89fd4626bbb4e34a905835e397bcffbad59307,LANG-740: Implementation of a Memomizer (closes #203),src/test/java/org/apache/commons/lang3/concurrent/MemoizerTest.java,6,6,6,1.0000,0,0,0,1.0000,0,0,0,1.0000,6,6,6,1.0000,6,6,1.0000,"{""assertEquals"": 3, ""fail"": 3}","{""assertEquals"": 3, ""fail"": 3}",1.0000,4,4,[],[],[],[],"[""testDefaultBehaviourNotToRecalculateExecutionExceptions"", ""testDoesNotRecalculateWhenSetToFalse"", ""testDoesRecalculateWhenSetToTrue"", ""testOnlyCallComputableOnceIfDoesNotThrowException"", ""testWhenComputableThrowsError"", ""testWhenComputableThrowsRuntimeException""]","[""testDefaultBehaviourNotToRecalculateExecutionExceptions"", ""testDoesNotRecalculateWhenSetToFalse"", ""testDoesRecalculateWhenSetToTrue"", ""testOnlyCallComputableOnceIfDoesNotThrowException"", ""testWhenComputableThrowsError"", ""testWhenComputableThrowsRuntimeException""]",
gpt-5.5,518,ok,/home/lpy/workspace/misc/course/Introduction-to-Software-Testing/artifacts/sample_runs/gpt-5.5/cand518_a410aab65159,a410aab6515931489dc2594d4e0f0ecac2c66071,[LANG-1427] Add API org.apache.commons.lang3.SystemUtils.isJavaVersionAtMost(JavaVersion),src/test/java/org/apache/commons/lang3/SystemUtilsTest.java,18,18,18,1.0000,1,1,1,1.0000,0,0,0,1.0000,1,1,1,1.0000,381,381,1.0000,"{""assertEquals"": 7, ""assertFalse"": 266, ""assertNotNull"": 6, ""assertNull"": 1, ""assertTrue"": 101}","{""assertEquals"": 7, ""assertFalse"": 266, ""assertNotNull"": 6, ""assertNull"": 1, ""assertTrue"": 101}",1.0000,0,0,"[""testIsJavaVersionAtMost""]","[""testIsJavaVersionAtMost""]",[],[],"[""testIsJavaVersionAtLeast""]","[""testIsJavaVersionAtLeast""]",
gpt-5.5,519,ok,/home/lpy/workspace/misc/course/Introduction-to-Software-Testing/artifacts/sample_runs/gpt-5.5/cand519_a752091be667,a752091be667ed09ddd4d5ca28339067f713e902,Add and use org.apache.commons.lang3.SystemProperties.getJavaSpecificationVersion(Supplier<String>),src/test/java/org/apache/commons/lang3/SystemPropertiesTest.java,47,47,47,1.0000,1,1,1,1.0000,0,0,0,1.0000,0,0,0,1.0000,69,69,1.0000,"{""assertDoesNotThrow"": 5, ""assertEquals"": 10, ""assertFalse"": 2, ""assertNotNull"": 43, ""assertNull"": 9}","{""assertDoesNotThrow"": 5, ""assertEquals"": 10, ""assertFalse"": 2, ""assertNotNull"": 43, ""assertNull"": 9}",1.0000,0,0,"[""testGetJavaSpecificationVersionSupplier""]","[""testGetJavaSpecificationVersionSupplier""]",[],[],[],[],
gpt-5.5,520,ok,/home/lpy/workspace/misc/course/Introduction-to-Software-Testing/artifacts/sample_runs/gpt-5.5/cand520_ab1424015085,ab1424015085472b2d3865668e370aec8a102331,LANG-977: NumericEntityEscaper incorrectly encodes supplementary characters. Thanks to Chris Karcher.,src/test/java/org/apache/commons/lang3/StringEscapeUtilsTest.java,26,26,26,1.0000,0,0,0,1.0000,0,0,0,1.0000,6,6,6,1.0000,139,139,1.0000,"{""assertEquals"": 85, ""assertEscapeJava"": 17, ""assertFalse"": 1, ""assertNotNull"": 1, ""assertTrue"": 4, ""assertUnescapeJava"": 12, ""fail"": 19}","{""assertEquals"": 85, ""assertEscapeJava"": 17, ""assertFalse"": 1, ""assertNotNull"": 1, ""assertTrue"": 4, ""assertUnescapeJava"": 12, ""fail"": 19}",1.0000,0,0,[],[],[],[],"[""testEscapeCsvString"", ""testEscapeCsvWriter"", ""testEscapeXmlSupplementaryCharacters"", ""testUnescapeCsvString"", ""testUnescapeCsvWriter"", ""testUnescapeXmlSupplementaryCharacters""]","[""testEscapeCsvString"", ""testEscapeCsvWriter"", ""testEscapeXmlSupplementaryCharacters"", ""testUnescapeCsvString"", ""testUnescapeCsvWriter"", ""testUnescapeXmlSupplementaryCharacters""]",
gpt-5.5,521,ok,/home/lpy/workspace/misc/course/Introduction-to-Software-Testing/artifacts/sample_runs/gpt-5.5/cand521_c2260f094d78,c2260f094d78c236bb8a2e3e153d422c7d7ad6bf,[LANG-1772] Restrict size of cache to prevent overflow errors (#1379),src/test/java/org/apache/commons/lang3/RandomStringUtilsTest.java,28,28,28,1.0000,1,1,1,1.0000,0,0,0,1.0000,0,0,0,1.0000,144,144,1.0000,"{""assertEquals"": 49, ""assertNotEquals"": 14, ""assertNotNull"": 1, ""assertThrows"": 34, ""assertTrue"": 45, ""fail"": 1}","{""assertEquals"": 49, ""assertNotEquals"": 14, ""assertNotNull"": 1, ""assertThrows"": 34, ""assertTrue"": 45, ""fail"": 1}",1.0000,34,34,"[""testHugeStrings""]","[""testHugeStrings""]",[],[],[],[],
gpt-5.5,522,ok,/home/lpy/workspace/misc/course/Introduction-to-Software-Testing/artifacts/sample_runs/gpt-5.5/cand522_c290aebffa83,c290aebffa83b382a24d74117755904017f82b7c,"Add and use MethodUtils.getMethodObject(Class<?>, String, Class<?>...)",src/test/java/org/apache/commons/lang3/reflect/MethodUtilsTest.java,44,44,44,1.0000,1,1,1,1.0000,0,0,0,1.0000,0,0,0,1.0000,216,216,1.0000,"{""assertArrayEquals"": 8, ""assertEquals"": 128, ""assertFalse"": 2, ""assertNotNull"": 15, ""assertNotSame"": 1, ""assertNull"": 19, ""assertSame"": 4, ""assertThat"": 3, ""assertThrows"": 28, ""assertTrue"": 8}","{""assertArrayEquals"": 8, ""assertEquals"": 128, ""assertFalse"": 2, ""assertNotNull"": 15, ""assertNotSame"": 1, ""assertNull"": 19, ""assertSame"": 4, ""assertThat"": 3, ""assertThrows"": 28, ""assertTrue"": 8}",1.0000,28,28,"[""testGetMethodObject""]","[""testGetMethodObject""]",[],[],[],[],
gpt-5.5,523,ok,/home/lpy/workspace/misc/course/Introduction-to-Software-Testing/artifacts/sample_runs/gpt-5.5/cand523_dc6ff345793c,dc6ff345793c9c2d2d26919722c3eb79ffbab689,"Add ArrayFill.fill(T[], FailableIntFunction))",src/test/java/org/apache/commons/lang3/ArrayFillTest.java,17,17,17,1.0000,1,1,1,1.0000,0,0,0,1.0000,0,0,0,1.0000,30,30,1.0000,"{""assertArrayEquals"": 3, ""assertEquals"": 9, ""assertNull"": 1, ""assertSame"": 17}","{""assertArrayEquals"": 3, ""assertEquals"": 9, ""assertNull"": 1, ""assertSame"": 17}",1.0000,0,0,"[""testFillFunction""]","[""testFillFunction""]",[],[],[],[],
gpt-5.5,524,ok,/home/lpy/workspace/misc/course/Introduction-to-Software-Testing/artifacts/sample_runs/gpt-5.5/cand524_ebca9c9ee89c,ebca9c9ee89c5654f2e748ef12e755abdc286d34,Add support for RISC-V in ArchUtils #1128,src/test/java/org/apache/commons/lang3/ArchUtilsTest.java,6,6,6,1.0000,0,0,0,1.0000,0,0,0,1.0000,1,1,1,1.0000,81,81,1.0000,"{""assertEquals"": 2, ""assertEqualsArchNotNull"": 10, ""assertEqualsTypeNotNull"": 10, ""assertFalse"": 14, ""assertNotEquals"": 3, ""assertNotEqualsArchNotNull"": 10, ""assertNotEqualsTypeNotNull"": 4, ""assertNotNull"": 9, ""assertNull"": 2, ""assertTrue"": 17}","{""assertEquals"": 2, ""assertEqualsArchNotNull"": 10, ""assertEqualsTypeNotNull"": 10, ""assertFalse"": 14, ""assertNotEquals"": 3, ""assertNotEqualsArchNotNull"": 10, ""assertNotEqualsTypeNotNull"": 4, ""assertNotNull"": 9, ""assertNull"": 2, ""assertTrue"": 17}",1.0000,0,0,[],[],[],[],"[""testArch""]","[""testArch""]",
gpt-5.5,525,ok,/home/lpy/workspace/misc/course/Introduction-to-Software-Testing/artifacts/sample_runs/gpt-5.5/cand525_ede98ffdb928,ede98ffdb928586528a8b2876b049cb8bf362926,Return ToStringStyle.nullText instead of NPE for ReflectionToStringBuilder.toString(Object) and friends.,src/test/java/org/apache/commons/lang3/builder/ReflectionToStringBuilderTest.java,1,1,1,1.0000,0,0,0,1.0000,0,0,0,1.0000,1,1,1,1.0000,1,1,1.0000,"{""assertEquals"": 1}","{""assertEquals"": 1}",1.0000,0,0,[],[],[],[],"[""testConstructorWithNullObject""]","[""testConstructorWithNullObject""]",
gpt-5.5,526,ok,/home/lpy/workspace/misc/course/Introduction-to-Software-Testing/artifacts/sample_runs/gpt-5.5/cand526_eff43864b34a,eff43864b34ab2be2eae4e9ac0e780d34fab57b3,[LANG-1680] FastDateFormat does not support the 'L'-Pattern from SimpleDateFormat.,src/test/java/org/apache/commons/lang3/time/DateUtilsTest.java,65,65,65,1.0000,0,0,0,1.0000,0,0,0,1.0000,2,2,2,1.0000,478,478,1.0000,"{""assertCalendarsEquals"": 5, ""assertDate"": 81, ""assertEquals"": 235, ""assertFalse"": 12, ""assertNotNull"": 1, ""assertNotSame"": 40, ""assertThrows"": 79, ""assertTrue"": 10, ""assertWeekIterator"": 15}","{""assertCalendarsEquals"": 5, ""assertDate"": 81, ""assertEquals"": 235, ""assertFalse"": 12, ""assertNotNull"": 1, ""assertNotSame"": 40, ""assertThrows"": 79, ""assertTrue"": 10, ""assertWeekIterator"": 15}",1.0000,79,79,[],[],[],[],"[""testGetStandaloneLongMonthNames"", ""testGetStandaloneShortMonthNames""]","[""testGetStandaloneLongMonthNames"", ""testGetStandaloneShortMonthNames""]",
gpt-5.5,527,ok,/home/lpy/workspace/misc/course/Introduction-to-Software-Testing/artifacts/sample_runs/gpt-5.5/cand527_f24c027ff83b,f24c027ff83b90beab2ec28696721200abb4f9e9,Add JavaVersion.JAVA_26,src/test/java/org/apache/commons/lang3/SystemUtilsTest.java,24,24,24,1.0000,0,0,0,1.0000,0,0,0,1.0000,3,3,3,1.0000,1759,1759,1.0000,"{""assertEquals"": 12, ""assertFalse"": 1161, ""assertNotNull"": 10, ""assertNull"": 1, ""assertTrue"": 575}","{""assertEquals"": 12, ""assertFalse"": 1161, ""assertNotNull"": 10, ""assertNull"": 1, ""assertTrue"": 575}",1.0000,0,0,[],[],[],[],"[""testIsJavaVersionAtLeast"", ""testIsJavaVersionAtMost"", ""test_IS_JAVA""]","[""testIsJavaVersionAtLeast"", ""testIsJavaVersionAtMost"", ""test_IS_JAVA""]",
gpt-5.5,528,ok,/home/lpy/workspace/misc/course/Introduction-to-Software-Testing/artifacts/sample_runs/gpt-5.5/cand528_fd54d42f78ae,fd54d42f78ae17a96fc005d2fcd080807343aad7,LANG-1004: DurationFormatUtils#formatDurationHMS implementation does not correspond to Javadoc and vice versa. Thanks to Michael Osipov,src/test/java/org/apache/commons/lang3/time/DurationFormatUtilsTest.java,25,25,25,1.0000,0,0,0,1.0000,0,0,0,1.0000,2,2,2,1.0000,176,176,1.0000,"{""assertArrayEquals"": 3, ""assertEqualDuration"": 38, ""assertEquals"": 127, ""assertFalse"": 4, ""assertNotNull"": 1, ""assertTrue"": 3}","{""assertArrayEquals"": 3, ""assertEqualDuration"": 38, ""assertEquals"": 127, ""assertFalse"": 4, ""assertNotNull"": 1, ""assertTrue"": 3}",1.0000,7,7,[],[],[],[],"[""testFormatDurationHMS"", ""testLexx""]","[""testFormatDurationHMS"", ""testLexx""]",
gpt-5.5,529,ok,/home/lpy/workspace/misc/course/Introduction-to-Software-Testing/artifacts/sample_runs/gpt-5.5/cand529_2ccc58e34472,2ccc58e34472cbc0c4b9163bbd7f6b22dfda0089,[LANG-1615] - ArrayUtils contains && indexOf fails to handle Float.NaN (#651),src/test/java/org/apache/commons/lang3/ArrayUtilsTest.java,336,336,336,1.0000,2,2,2,1.0000,0,0,0,1.0000,0,0,0,1.0000,3293,3293,1.0000,"{""assertArrayEquals"": 111, ""assertEquals"": 1204, ""assertFalse"": 1010, ""assertIsEquals"": 9, ""assertNotEquals"": 1, ""assertNotNull"": 2, ""assertNotSame"": 30, ""assertNull"": 93, ""assertSame"": 71, ""assertThrows"": 19, ""assertTrue"": 743}","{""assertArrayEquals"": 111, ""assertEquals"": 1204, ""assertFalse"": 1010, ""assertIsEquals"": 9, ""assertNotEquals"": 1, ""assertNotNull"": 2, ""assertNotSame"": 30, ""assertNull"": 93, ""assertSame"": 71, ""assertThrows"": 19, ""assertTrue"": 743}",1.0000,19,19,"[""testContainsFloatNaN"", ""testIndexOfFloatNaN""]","[""testContainsFloatNaN"", ""testIndexOfFloatNaN""]",[],[],[],[],
gpt-5.5,530,ok,/home/lpy/workspace/misc/course/Introduction-to-Software-Testing/artifacts/sample_runs/gpt-5.5/cand530_5f72c77386d0,5f72c77386d0ee148b0d05239c0160e0af93fe33,Default values in new SystemProperties APIs are now Strings instead of Suppliers,src/test/java/org/apache/commons/lang3/SystemPropertiesTest.java,49,49,49,1.0000,0,0,0,1.0000,0,0,0,1.0000,2,2,2,1.0000,261,261,1.0000,"{""assertDoesNotThrow"": 197, ""assertEquals"": 10, ""assertFalse"": 3, ""assertNotNull"": 42, ""assertNull"": 9}","{""assertDoesNotThrow"": 197, ""assertEquals"": 10, ""assertFalse"": 3, ""assertNotNull"": 42, ""assertNull"": 9}",1.0000,0,0,[],[],[],[],"[""testGetJavaSpecificationVersionSupplier"", ""testGetUserName""]","[""testGetJavaSpecificationVersionSupplier"", ""testGetUserName""]",
gpt-5.5,532,ok,/home/lpy/workspace/misc/course/Introduction-to-Software-Testing/artifacts/sample_runs/gpt-5.5/cand532_8e2d1bed8623,8e2d1bed8623e0f5b281504d151476689f21690a,CompareToBuilder lacks cycle guard on Object[] recursion. (#1669),src/test/java/org/apache/commons/lang3/builder/CompareToBuilderTest.java,50,50,50,1.0000,2,2,2,1.0000,0,0,0,1.0000,0,0,0,1.0000,343,343,1.0000,"{""assertEquals"": 102, ""assertEqualsIfAccessible"": 2, ""assertNullPointerException"": 1, ""assertReflectionCompareContract"": 6, ""assertThrows"": 2, ""assertTrue"": 212, ""assertTrueIfAccessible"": 11, ""assertXYZCompareOrder"": 7}","{""assertEquals"": 102, ""assertEqualsIfAccessible"": 2, ""assertNullPointerException"": 1, ""assertReflectionCompareContract"": 6, ""assertThrows"": 2, ""assertTrue"": 212, ""assertTrueIfAccessible"": 11, ""assertXYZCompareOrder"": 7}",1.0000,2,2,"[""testCycleMutuallyReferentialObjectArrays"", ""testCycleTwoDistinctSelfReferentialObjectArrays""]","[""testCycleMutuallyReferentialObjectArrays"", ""testCycleTwoDistinctSelfReferentialObjectArrays""]",[],[],[],[],
gpt-5.5,533,ok,/home/lpy/workspace/misc/course/Introduction-to-Software-Testing/artifacts/sample_runs/gpt-5.5/cand533_8f7eb6ce207f,8f7eb6ce207f354c83157b95bdf9848d59944650,Simplify lambads. Fix Javadoc.,src/test/java/org/apache/commons/lang3/FunctionsTest.java,17,17,17,1.0000,0,0,0,1.0000,0,0,0,1.0000,2,2,2,1.0000,110,110,1.0000,"{""assertEquals"": 12, ""assertNotNull"": 24, ""assertSame"": 27, ""assertThrows"": 35, ""assertTrue"": 12}","{""assertEquals"": 12, ""assertNotNull"": 24, ""assertSame"": 27, ""assertThrows"": 35, ""assertTrue"": 12}",1.0000,35,35,[],[],[],[],"[""testAsCallable"", ""testAsConsumer""]","[""testAsCallable"", ""testAsConsumer""]",
gpt-5.5,534,ok,/home/lpy/workspace/misc/course/Introduction-to-Software-Testing/artifacts/sample_runs/gpt-5.5/cand534_929c5f6e6825,929c5f6e682598ca14cadd07a791c0ce578632ee,Simplify expressions.,src/test/java/org/apache/commons/lang3/stream/StreamsTest.java,8,8,8,1.0000,0,0,0,1.0000,0,0,0,1.0000,0,0,0,1.0000,35,35,1.0000,"{""assertAll"": 2, ""assertEquals"": 14, ""assertEvenNumbers"": 3, ""assertNotNull"": 1, ""assertThat"": 8, ""assertThrows"": 7}","{""assertAll"": 2, ""assertEquals"": 14, ""assertEvenNumbers"": 3, ""assertNotNull"": 1, ""assertThat"": 8, ""assertThrows"": 7}",1.0000,7,7,[],[],[],[],[],[],
gpt-5.5,535,ok,/home/lpy/workspace/misc/course/Introduction-to-Software-Testing/artifacts/sample_runs/gpt-5.5/cand535_96c8ea2fb371,96c8ea2fb3719e2f6e3d7a4d7b46718f26515a86,"add @SafeVarargs to some methods with vararg parameters to suppress ""Type safety: Potential heap pollution via varargs parameter array"" warnings",src/test/java/org/apache/commons/lang3/ArrayUtilsTest.java,256,256,256,1.0000,0,0,0,1.0000,0,0,0,1.0000,0,0,0,1.0000,1605,1605,1.0000,"{""assertArrayEquals"": 53, ""assertEquals"": 973, ""assertFalse"": 171, ""assertIsEquals"": 9, ""assertNotNull"": 1, ""assertNotSame"": 20, ""assertNull"": 10, ""assertSame"": 71, ""assertTrue"": 281, ""fail"": 16}","{""assertArrayEquals"": 53, ""assertEquals"": 973, ""assertFalse"": 171, ""assertIsEquals"": 9, ""assertNotNull"": 1, ""assertNotSame"": 20, ""assertNull"": 10, ""assertSame"": 71, ""assertTrue"": 281, ""fail"": 16}",1.0000,2,2,[],[],[],[],[],[],
gpt-5.5,536,ok,/home/lpy/workspace/misc/course/Introduction-to-Software-Testing/artifacts/sample_runs/gpt-5.5/cand536_e3e020fe2f20,e3e020fe2f20430b40673ebb951bc8141014e46b,"Unnecessary @SuppressWarnings(""unchecked"")",src/test/java/org/apache/commons/lang3/tuple/ImmutableTripleTest.java,17,17,17,1.0000,0,0,0,1.0000,0,0,0,1.0000,1,1,1,1.0000,59,59,1.0000,"{""assertEquals"": 42, ""assertNotEquals"": 3, ""assertNotNull"": 1, ""assertNull"": 7, ""assertSame"": 1, ""assertThrows"": 5}","{""assertEquals"": 42, ""assertNotEquals"": 3, ""assertNotNull"": 1, ""assertNull"": 7, ""assertSame"": 1, ""assertThrows"": 5}",1.0000,5,5,[],[],[],[],"[""testSerialization""]","[""testSerialization""]",
gpt-5.5,537,ok,/home/lpy/workspace/misc/course/Introduction-to-Software-Testing/artifacts/sample_runs/gpt-5.5/cand537_ef5de64ed438,ef5de64ed438be8074ccb017c74c122d47b7195a,Clean caches between tests,src/test/java/org/apache/commons/lang3/time/FastDateParserTest.java,31,31,31,1.0000,0,0,0,1.0000,0,0,0,1.0000,0,0,0,1.0000,74,74,1.0000,"{""assertEquals"": 65, ""assertFalse"": 2, ""assertNotEquals"": 1, ""assertNotNull"": 1, ""assertThrows"": 2, ""assertTrue"": 1, ""fail"": 2}","{""assertEquals"": 65, ""assertFalse"": 2, ""assertNotEquals"": 1, ""assertNotNull"": 1, ""assertThrows"": 2, ""assertTrue"": 1, ""fail"": 2}",1.0000,2,2,[],[],[],[],[],[],
gpt-5.5,538,ok,/home/lpy/workspace/misc/course/Introduction-to-Software-Testing/artifacts/sample_runs/gpt-5.5/cand538_14d34506c993,14d34506c993dcefa0860e4a98fa30062d851997,MethodUtils cannot find or invoke vararg methods when widening primitive types following the JLS 5.1.2. Widening Primitive Conversion.,src/test/java/org/apache/commons/lang3/reflect/MethodUtilsTest.java,57,57,57,1.0000,0,0,0,1.0000,0,0,0,1.0000,2,2,2,1.0000,320,320,1.0000,"{""assertArrayEquals"": 15, ""assertEquals"": 187, ""assertFalse"": 8, ""assertNotNull"": 21, ""assertNotSame"": 2, ""assertNull"": 27, ""assertNullPointerException"": 13, ""assertSame"": 6, ""assertThrows"": 21, ""assertTrue"": 20}","{""assertArrayEquals"": 15, ""assertEquals"": 187, ""assertFalse"": 8, ""assertNotNull"": 21, ""assertNotSame"": 2, ""assertNull"": 27, ""assertNullPointerException"": 13, ""assertSame"": 6, ""assertThrows"": 21, ""assertTrue"": 20}",1.0000,21,21,[],[],[],[],"[""testInvokeMethod"", ""testInvokeStaticMethod""]","[""testInvokeMethod"", ""testInvokeStaticMethod""]",
gpt-5.5,539,ok,/home/lpy/workspace/misc/course/Introduction-to-Software-Testing/artifacts/sample_runs/gpt-5.5/cand539_1f75a8f7cc28,1f75a8f7cc28fef663eaca75e831c9da11ea2b0e,LANG-877: Performance improvements for StringEscapeUtils. This fixes #49 from github. Thanks to Fabian Lange.,src/test/java/org/apache/commons/lang3/CharUtilsTest.java,24,24,24,1.0000,0,0,0,1.0000,0,0,0,1.0000,1,1,1,1.0000,138,138,1.0000,"{""assertEquals"": 58, ""assertFalse"": 39, ""assertNotNull"": 1, ""assertSame"": 7, ""assertTrue"": 33}","{""assertEquals"": 58, ""assertFalse"": 39, ""assertNotNull"": 1, ""assertSame"": 7, ""assertTrue"": 33}",1.0000,0,0,[],[],[],[],"[""testToUnicodeEscaped_char""]","[""testToUnicodeEscaped_char""]",
gpt-5.5,540,ok,/home/lpy/workspace/misc/course/Introduction-to-Software-Testing/artifacts/sample_runs/gpt-5.5/cand540_76cc69c3f08c,76cc69c3f08cbf31efd56f631504496307ab7a5c,LANG-1109 - Number percentage formatting with fractional digits,src/test/java/org/apache/commons/lang3/time/FastDateParserTest.java,34,34,34,1.0000,1,1,1,1.0000,0,0,0,1.0000,0,0,0,1.0000,63,63,1.0000,"{""assertEquals"": 54, ""assertFalse"": 2, ""assertTrue"": 3, ""fail"": 4}","{""assertEquals"": 54, ""assertFalse"": 2, ""assertTrue"": 3, ""fail"": 4}",1.0000,1,1,"[""testTimeZoneStrategyPattern""]","[""testTimeZoneStrategyPattern""]",[],[],[],[],
gpt-5.5,541,ok,/home/lpy/workspace/misc/course/Introduction-to-Software-Testing/artifacts/sample_runs/gpt-5.5/cand541_ad648cf8a8a9,ad648cf8a8a90bdee129266ca7b686a5b9a87561,LANG-1336: Add NUL Byte To CharUtils. Thanks to Beluga Behr.,src/test/java/org/apache/commons/lang3/StringUtilsTest.java,144,144,144,1.0000,0,0,0,1.0000,0,0,0,1.0000,3,3,3,1.0000,1519,1519,1.0000,"{""assertAbbreviateWithAbbrevMarkerAndOffset"": 21, ""assertAbbreviateWithOffset"": 21, ""assertArrayEquals"": 8, ""assertEquals"": 1195, ""assertFalse"": 30, ""assertNotNull"": 2, ""assertNull"": 150, ""assertSame"": 3, ""assertTrue"": 53, ""fail"": 36}","{""assertAbbreviateWithAbbrevMarkerAndOffset"": 21, ""assertAbbreviateWithOffset"": 21, ""assertArrayEquals"": 8, ""assertEquals"": 1195, ""assertFalse"": 30, ""assertNotNull"": 2, ""assertNull"": 150, ""assertSame"": 3, ""assertTrue"": 53, ""fail"": 36}",1.0000,13,13,[],[],[],[],"[""testUnwrap_StringChar"", ""testWrapIfMissing_StringChar"", ""testWrap_StringChar""]","[""testUnwrap_StringChar"", ""testWrapIfMissing_StringChar"", ""testWrap_StringChar""]",
gpt-5.5,546,ok,/home/lpy/workspace/misc/course/Introduction-to-Software-Testing/artifacts/sample_runs/gpt-5.5/cand546_62d7aacb4f3e,62d7aacb4f3eb318045496f115a7171f0bc2c6c1,LANG-1659 - Method to check if an object it's an array. (#754),src/test/java/org/apache/commons/lang3/ObjectUtilsTest.java,56,56,56,1.0000,1,1,1,1.0000,0,0,0,1.0000,0,0,0,1.0000,268,268,1.0000,"{""assertArrayEquals"": 1, ""assertEquals"": 83, ""assertFalse"": 38, ""assertNotNull"": 2, ""assertNotSame"": 2, ""assertNull"": 23, ""assertSame"": 30, ""assertThrows"": 24, ""assertTrue"": 64, ""fail"": 1}","{""assertArrayEquals"": 1, ""assertEquals"": 83, ""assertFalse"": 38, ""assertNotNull"": 2, ""assertNotSame"": 2, ""assertNull"": 23, ""assertSame"": 30, ""assertThrows"": 24, ""assertTrue"": 64, ""fail"": 1}",1.0000,24,24,"[""testArray""]","[""testArray""]",[],[],[],[],
gpt-5.5,547,ok,/home/lpy/workspace/misc/course/Introduction-to-Software-Testing/artifacts/sample_runs/gpt-5.5/cand547_b4b51a8fc9ee,b4b51a8fc9eed7274a045b2f3192d77782b0e4fa,"<action issue=""LANG-1001"" type=""fix"" dev=""ggregory"" due-to=""Michael Osipov"">ISO 8601 misspelled throughout the Javadocs</action>",src/test/java/org/apache/commons/lang3/time/DurationFormatUtilsTest.java,19,19,19,1.0000,0,0,0,1.0000,0,0,0,1.0000,0,0,0,1.0000,181,181,1.0000,"{""assertArrayEquals"": 4, ""assertEqualDuration"": 38, ""assertEquals"": 130, ""assertFalse"": 4, ""assertNotNull"": 1, ""assertTrue"": 4}","{""assertArrayEquals"": 4, ""assertEqualDuration"": 38, ""assertEquals"": 130, ""assertFalse"": 4, ""assertNotNull"": 1, ""assertTrue"": 4}",1.0000,1,1,[],[],[],[],[],[],
gpt-5.5,548,ok,/home/lpy/workspace/misc/course/Introduction-to-Software-Testing/artifacts/sample_runs/gpt-5.5/cand548_177911e47146,177911e47146db0df2e35839d6bd03ad1315916c,"Add ObjectUtils.getIfNull(Object, Object) and deprecate defaultIfNull(Object, Object)",src/test/java/org/apache/commons/lang3/ObjectUtilsTest.java,59,59,59,1.0000,2,2,2,1.0000,0,0,0,1.0000,0,0,0,1.0000,298,298,1.0000,"{""assertArrayEquals"": 1, ""assertEquals"": 89, ""assertFalse"": 42, ""assertInstanceOf"": 1, ""assertNotNull"": 6, ""assertNotSame"": 2, ""assertNull"": 29, ""assertSame"": 36, ""assertThrows"": 24, ""assertTrue"": 67, ""fail"": 1}","{""assertArrayEquals"": 1, ""assertEquals"": 89, ""assertFalse"": 42, ""assertInstanceOf"": 1, ""assertNotNull"": 6, ""assertNotSame"": 2, ""assertNull"": 29, ""assertSame"": 36, ""assertThrows"": 24, ""assertTrue"": 67, ""fail"": 1}",1.0000,24,24,"[""testGetIfNullObject"", ""testGetIfNullSupplier""]","[""testGetIfNullObject"", ""testGetIfNullSupplier""]",[],[],[],[],
gpt-5.5,549,ok,/home/lpy/workspace/misc/course/Introduction-to-Software-Testing/artifacts/sample_runs/gpt-5.5/cand549_c9e825e823e3,c9e825e823e30c5b1e3ddc9de5e8fd0094d52ee5,Add and use LocaleUtils.toLocale(Locale) to avoid NPEs and use the default locale when an input locale is null.,src/test/java/org/apache/commons/lang3/LocaleUtilsTest.java,18,18,18,1.0000,2,2,2,1.0000,0,0,0,1.0000,2,2,2,1.0000,133,133,1.0000,"{""assertCountriesByLanguage"": 5, ""assertEquals"": 26, ""assertFalse"": 1, ""assertLanguageByCountry"": 5, ""assertLocaleLookupList"": 17, ""assertNotNull"": 9, ""assertNull"": 2, ""assertSame"": 4, ""assertThrows"": 22, ""assertTrue"": 10, ""assertUnmodifiableCollection"": 6, ""assertValidToLocale"": 26}","{""assertCountriesByLanguage"": 5, ""assertEquals"": 26, ""assertFalse"": 1, ""assertLanguageByCountry"": 5, ""assertLocaleLookupList"": 17, ""assertNotNull"": 9, ""assertNull"": 2, ""assertSame"": 4, ""assertThrows"": 22, ""assertTrue"": 10, ""assertUnmodifiableCollection"": 6, ""assertValidToLocale"": 26}",1.0000,22,22,"[""testToLocale_Locale_defaults"", ""testToLocales""]","[""testToLocale_Locale_defaults"", ""testToLocales""]",[],[],"[""testParseAllLocales"", ""testToLocale_1Part""]","[""testParseAllLocales"", ""testToLocale_1Part""]",
gpt-5.5,550,ok,/home/lpy/workspace/misc/course/Introduction-to-Software-Testing/artifacts/sample_runs/gpt-5.5/cand550_d048a3750291,d048a375029149f4fabeae6050583a4521d6e2fd,LANG-940: Fix deprecation warnings,src/test/java/org/apache/commons/lang3/ObjectUtilsTest.java,36,36,36,1.0000,0,0,0,1.0000,0,0,0,1.0000,2,2,2,1.0000,160,160,1.0000,"{""assertEquals"": 75, ""assertFalse"": 7, ""assertNotNull"": 2, ""assertNotSame"": 2, ""assertNull"": 16, ""assertSame"": 28, ""assertTrue"": 15, ""fail"": 15}","{""assertEquals"": 75, ""assertFalse"": 7, ""assertNotNull"": 2, ""assertNotSame"": 2, ""assertNull"": 16, ""assertSame"": 28, ""assertTrue"": 15, ""fail"": 15}",1.0000,7,7,[],[],[],[],"[""testToString_Object"", ""testToString_ObjectString""]","[""testToString_Object"", ""testToString_ObjectString""]",
gpt-5.5,551,ok,/home/lpy/workspace/misc/course/Introduction-to-Software-Testing/artifacts/sample_runs/gpt-5.5/cand551_2288b0ff2cce,2288b0ff2cce401f510ae9e208fcf1698f4bce79,Use HTTPS to access Apache resources.,src/test/java/org/apache/commons/lang3/time/DateUtilsTest.java,63,63,63,1.0000,0,0,0,1.0000,0,0,0,1.0000,0,0,0,1.0000,428,428,1.0000,"{""assertCalendarsEquals"": 5, ""assertDate"": 79, ""assertEquals"": 209, ""assertFalse"": 12, ""assertNotNull"": 1, ""assertNotSame"": 39, ""assertThrows"": 58, ""assertTrue"": 10, ""assertWeekIterator"": 15}","{""assertCalendarsEquals"": 5, ""assertDate"": 79, ""assertEquals"": 209, ""assertFalse"": 12, ""assertNotNull"": 1, ""assertNotSame"": 39, ""assertThrows"": 58, ""assertTrue"": 10, ""assertWeekIterator"": 15}",1.0000,58,58,[],[],[],[],[],[],
gpt-5.5,552,ok,/home/lpy/workspace/misc/course/Introduction-to-Software-Testing/artifacts/sample_runs/gpt-5.5/cand552_3700641b4e74,3700641b4e745a1804b4409c58dee15b459dad16,Correct Javadocs of methods that use Validate.notNull() and replace some uses of Validate.isTrue() with Validate.notNull(). (#525),src/test/java/org/apache/commons/lang3/reflect/MethodUtilsTest.java,42,42,42,1.0000,0,0,0,1.0000,0,0,0,1.0000,3,3,3,1.0000,194,194,1.0000,"{""assertArrayEquals"": 8, ""assertEquals"": 118, ""assertFalse"": 2, ""assertNotNull"": 15, ""assertNotSame"": 1, ""assertNull"": 18, ""assertSame"": 4, ""assertThat"": 3, ""assertThrows"": 17, ""assertTrue"": 8}","{""assertArrayEquals"": 8, ""assertEquals"": 118, ""assertFalse"": 2, ""assertNotNull"": 15, ""assertNotSame"": 1, ""assertNull"": 18, ""assertSame"": 4, ""assertThat"": 3, ""assertThrows"": 17, ""assertTrue"": 8}",1.0000,17,17,[],[],[],[],"[""testGetAnnotationIllegalArgumentException1"", ""testGetMethodsListWithAnnotationIllegalArgumentException1"", ""testGetMethodsWithAnnotationIllegalArgumentException1""]","[""testGetAnnotationIllegalArgumentException1"", ""testGetMethodsListWithAnnotationIllegalArgumentException1"", ""testGetMethodsWithAnnotationIllegalArgumentException1""]",
gpt-5.5,553,ok,/home/lpy/workspace/misc/course/Introduction-to-Software-Testing/artifacts/sample_runs/gpt-5.5/cand553_57ddce119516,57ddce119516f451168f4489f55f399fd9309b53,"Add NumberRange, DoubleRange, IntegerRange, LongRange.",src/test/java/org/apache/commons/lang3/RangeTest.java,28,28,28,1.0000,1,1,1,1.0000,0,0,0,1.0000,1,1,1,1.0000,172,172,1.0000,"{""assertEquals"": 30, ""assertFalse"": 73, ""assertNotEquals"": 4, ""assertNotNull"": 1, ""assertSame"": 5, ""assertThrows"": 6, ""assertTrue"": 53}","{""assertEquals"": 30, ""assertFalse"": 73, ""assertNotEquals"": 4, ""assertNotNull"": 1, ""assertSame"": 5, ""assertThrows"": 6, ""assertTrue"": 53}",1.0000,6,6,"[""testOfWithCompare""]","[""testOfWithCompare""]",[],[],"[""testBetweenWithCompare""]","[""testBetweenWithCompare""]",
gpt-5.5,555,ok,/home/lpy/workspace/misc/course/Introduction-to-Software-Testing/artifacts/sample_runs/gpt-5.5/cand555_234c6a9b84cb,234c6a9b84cb4bfb03e54c717df3ccd940b9884a,LANG-1733: Add null handling features working with Java 8 specs (#1215),src/test/java/org/apache/commons/lang3/function/ConsumersTest.java,2,2,2,1.0000,1,1,1,1.0000,0,0,0,1.0000,0,0,0,1.0000,3,3,1.0000,"{""assertEquals"": 2, ""assertTrue"": 1}","{""assertEquals"": 2, ""assertTrue"": 1}",1.0000,0,0,"[""testAccept""]","[""testAccept""]",[],[],[],[],
gpt-5.5,556,ok,/home/lpy/workspace/misc/course/Introduction-to-Software-Testing/artifacts/sample_runs/gpt-5.5/cand556_24e64686834e,24e64686834ecd4a0dda80c91b53b15e227fc898,[LANG-1498] Add support of lambda value evaluation for defaulting methods #416.,src/test/java/org/apache/commons/lang3/ObjectUtilsTest.java,46,46,46,1.0000,0,0,0,1.0000,0,0,0,1.0000,1,1,1,1.0000,193,193,1.0000,"{""assertArrayEquals"": 1, ""assertEquals"": 66, ""assertFalse"": 25, ""assertNotNull"": 2, ""assertNotSame"": 2, ""assertNull"": 16, ""assertSame"": 30, ""assertThrows"": 19, ""assertTrue"": 32}","{""assertArrayEquals"": 1, ""assertEquals"": 66, ""assertFalse"": 25, ""assertNotNull"": 2, ""assertNotSame"": 2, ""assertNull"": 16, ""assertSame"": 30, ""assertThrows"": 19, ""assertTrue"": 32}",1.0000,19,19,[],[],[],[],"[""testDefaultIfNull""]","[""testDefaultIfNull""]",
gpt-5.5,557,ok,/home/lpy/workspace/misc/course/Introduction-to-Software-Testing/artifacts/sample_runs/gpt-5.5/cand557_2ebf9a21d2dc,2ebf9a21d2dc99ab2f434111cac9dcd6da99d574,"LANG-1192 partial: implement format 'u' for FastDateFormat, day number of week",src/test/java/org/apache/commons/lang3/time/FastDateParserTest.java,37,37,37,1.0000,1,1,1,1.0000,0,0,0,1.0000,0,0,0,1.0000,69,69,1.0000,"{""assertEquals"": 60, ""assertFalse"": 1, ""assertTrue"": 2, ""fail"": 6}","{""assertEquals"": 60, ""assertFalse"": 1, ""assertTrue"": 2, ""fail"": 6}",1.0000,1,1,"[""testDayNumberOfWeek""]","[""testDayNumberOfWeek""]",[],[],[],[],
gpt-5.5,559,ok,/home/lpy/workspace/misc/course/Introduction-to-Software-Testing/artifacts/sample_runs/gpt-5.5/cand559_4c1cbdbb8002,4c1cbdbb8002074959f3291371b34f4b0ce1f359,Flip args on new API,src/test/java/org/apache/commons/lang3/function/ConsumersTest.java,2,2,2,1.0000,0,0,0,1.0000,0,0,0,1.0000,1,1,1,1.0000,3,3,1.0000,"{""assertEquals"": 2, ""assertTrue"": 1}","{""assertEquals"": 2, ""assertTrue"": 1}",1.0000,0,0,[],[],[],[],"[""testAccept""]","[""testAccept""]",
gpt-5.5,560,ok,/home/lpy/workspace/misc/course/Introduction-to-Software-Testing/artifacts/sample_runs/gpt-5.5/cand560_50ce8c44e160,50ce8c44e1601acffa39f5568f0fc140aade0564,"LANG-1384: Version ""11"" is available.",src/test/java/org/apache/commons/lang3/JavaVersionTest.java,3,3,3,1.0000,0,0,0,1.0000,0,0,0,1.0000,1,1,1,1.0000,22,22,1.0000,"{""assertEquals"": 16, ""assertFalse"": 3, ""assertNull"": 1, ""assertTrue"": 2}","{""assertEquals"": 16, ""assertFalse"": 3, ""assertNull"": 1, ""assertTrue"": 2}",1.0000,0,0,[],[],[],[],"[""testGetJavaVersion""]","[""testGetJavaVersion""]",
gpt-5.5,562,ok,/home/lpy/workspace/misc/course/Introduction-to-Software-Testing/artifacts/sample_runs/gpt-5.5/cand562_b9f04d9be3e7,b9f04d9be3e7ff300520da194fe29ed5c1861787,LANG-1197: Prepare Java 9 detection,src/test/java/org/apache/commons/lang3/JavaVersionTest.java,3,3,3,1.0000,0,0,0,1.0000,0,0,0,1.0000,1,1,1,1.0000,19,19,1.0000,"{""assertEquals"": 13, ""assertFalse"": 3, ""assertNull"": 1, ""assertTrue"": 2}","{""assertEquals"": 13, ""assertFalse"": 3, ""assertNull"": 1, ""assertTrue"": 2}",1.0000,0,0,[],[],[],[],"[""testGetJavaVersion""]","[""testGetJavaVersion""]",
gpt-5.5,563,ok,/home/lpy/workspace/misc/course/Introduction-to-Software-Testing/artifacts/sample_runs/gpt-5.5/cand563_c49ed131f71d,c49ed131f71dae68c1856d58918b322aa4ba6017,[LANG-1784] Add Functions|Failable methods for null-safe mapping and chaining #1435,src/test/java/org/apache/commons/lang3/function/FailableTest.java,177,177,177,1.0000,3,3,3,1.0000,3,3,3,1.0000,0,0,0,1.0000,575,575,1.0000,"{""assertEquals"": 67, ""assertFalse"": 41, ""assertInstanceOf"": 8, ""assertNotNull"": 36, ""assertNull"": 40, ""assertNullPointerException"": 39, ""assertSame"": 90, ""assertThrows"": 209, ""assertTrue"": 45}","{""assertEquals"": 67, ""assertFalse"": 41, ""assertInstanceOf"": 8, ""assertNotNull"": 36, ""assertNull"": 40, ""assertNullPointerException"": 39, ""assertSame"": 90, ""assertThrows"": 209, ""assertTrue"": 45}",1.0000,209,209,"[""testApplyNonNull"", ""testApplyNonNull2"", ""testApplyNonNull3""]","[""testApplyNonNull"", ""testApplyNonNull2"", ""testApplyNonNull3""]","[""testApplyNotNull"", ""testApplyNotNull2"", ""testApplyNotNull3""]","[""testApplyNotNull"", ""testApplyNotNull2"", ""testApplyNotNull3""]",[],[],
gpt-5.5,564,ok,/home/lpy/workspace/misc/course/Introduction-to-Software-Testing/artifacts/sample_runs/gpt-5.5/cand564_c95ee37dffd4,c95ee37dffd44b01d2b816e0d943013bc7bd866c,Feature/randomutils secure() and insecure() (#1250),src/test/java/org/apache/commons/lang3/RandomStringUtilsTest.java,25,25,25,1.0000,3,3,3,1.0000,2,2,2,1.0000,19,19,19,1.0000,121,121,1.0000,"{""assertEquals"": 24, ""assertFalse"": 11, ""assertNotEquals"": 3, ""assertNotNull"": 1, ""assertThat"": 23, ""assertThrows"": 34, ""assertTrue"": 24, ""fail"": 1}","{""assertEquals"": 24, ""assertFalse"": 11, ""assertNotEquals"": 3, ""assertNotNull"": 1, ""assertThat"": 23, ""assertThrows"": 34, ""assertTrue"": 24, ""fail"": 1}",1.0000,34,34,"[""testHomogeneity"", ""testRandomApis"", ""testRandomParameter""]","[""testHomogeneity"", ""testRandomApis"", ""testRandomParameter""]","[""testRandomStringUtils"", ""testRandomStringUtilsHomog""]","[""testRandomStringUtils"", ""testRandomStringUtilsHomog""]","[""testConstructor"", ""testExceptionsRandom"", ""testExceptionsRandomAlphabetic"", ""testExceptionsRandomAscii"", ""testExceptionsRandomGraph"", ""testExceptionsRandomNumeric"", ""testExceptionsRandomPrint"", ""testLANG807"", ""testLang100"", ""testRandomAlphaNumeric"", ""testRandomAlphabetic"", ""testRandomAlphabeticRange"", ""testRandomAscii"", ""testRandomAsciiRange"", ""testRandomGraphRange"", ""testRandomNumeric"", ""testRandomNumericRange"", ""testRandomPrintRange"", ""testRandomWithChars""]","[""testConstructor"", ""testExceptionsRandom"", ""testExceptionsRandomAlphabetic"", ""testExceptionsRandomAscii"", ""testExceptionsRandomGraph"", ""testExceptionsRandomNumeric"", ""testExceptionsRandomPrint"", ""testLANG807"", ""testLang100"", ""testRandomAlphaNumeric"", ""testRandomAlphabetic"", ""testRandomAlphabeticRange"", ""testRandomAscii"", ""testRandomAsciiRange"", ""testRandomGraphRange"", ""testRandomNumeric"", ""testRandomNumericRange"", ""testRandomPrintRange"", ""testRandomWithChars""]",
gpt-5.5,566,ok,/home/lpy/workspace/misc/course/Introduction-to-Software-Testing/artifacts/sample_runs/gpt-5.5/cand566_f161ff66698b,f161ff66698bea44784926fc6aa9073d96a00cec,Simplify exception handling,src/test/java/org/apache/commons/lang3/ObjectUtilsTest.java,57,57,57,1.0000,0,0,0,1.0000,0,0,0,1.0000,2,2,2,1.0000,288,288,1.0000,"{""assertArrayEquals"": 1, ""assertEquals"": 87, ""assertFalse"": 42, ""assertNotNull"": 6, ""assertNotSame"": 2, ""assertNull"": 27, ""assertSame"": 30, ""assertThrows"": 24, ""assertTrue"": 68, ""fail"": 1}","{""assertArrayEquals"": 1, ""assertEquals"": 87, ""assertFalse"": 42, ""assertNotNull"": 6, ""assertNotSame"": 2, ""assertNull"": 27, ""assertSame"": 30, ""assertThrows"": 24, ""assertTrue"": 68, ""fail"": 1}",1.0000,24,24,[],[],[],[],"[""testCloneOfUncloneable"", ""testPossibleCloneOfUncloneable""]","[""testCloneOfUncloneable"", ""testPossibleCloneOfUncloneable""]",
gpt-5.5,567,ok,/home/lpy/workspace/misc/course/Introduction-to-Software-Testing/artifacts/sample_runs/gpt-5.5/cand567_f3e64b3b0e67,f3e64b3b0e67d7faa0f10b698e08207f972a15b1,StrBuilder.setLength(int) shrink-branch leaves residual chars in buffer tail (#1671),src/test/java/org/apache/commons/lang3/ArrayFillTest.java,28,28,28,1.0000,5,5,5,1.0000,0,0,0,1.0000,0,0,0,1.0000,55,55,1.0000,"{""assertArrayEquals"": 4, ""assertEquals"": 22, ""assertNull"": 3, ""assertSame"": 26}","{""assertArrayEquals"": 4, ""assertEquals"": 22, ""assertNull"": 3, ""assertSame"": 26}",1.0000,0,0,"[""testClearCharArrayRange"", ""testClearCharArrayRangeNull"", ""testFillCharArrayRange"", ""testFillCharArrayRangeEmpty"", ""testFillCharArrayRangeNull""]","[""testClearCharArrayRange"", ""testClearCharArrayRangeNull"", ""testFillCharArrayRange"", ""testFillCharArrayRangeEmpty"", ""testFillCharArrayRangeNull""]",[],[],[],[],
gpt-5.5,568,ok,/home/lpy/workspace/misc/course/Introduction-to-Software-Testing/artifacts/sample_runs/gpt-5.5/cand568_22b6781a0b96,22b6781a0b96418198dc9146e5191e51d381102f,"Added missing support for ISO 8601 parsing and printing using ""ZZ"" pattern (code now matches Javadoc). Addresses LANG-1000.",src/test/java/org/apache/commons/lang3/time/FastDatePrinterTest.java,15,15,15,1.0000,1,1,1,1.0000,0,0,0,1.0000,0,0,0,1.0000,47,47,1.0000,"{""assertEquals"": 44, ""assertFalse"": 1, ""assertNotNull"": 1, ""assertTrue"": 1}","{""assertEquals"": 44, ""assertFalse"": 1, ""assertNotNull"": 1, ""assertTrue"": 1}",1.0000,0,0,"[""testTimeZoneAsZ""]","[""testTimeZoneAsZ""]",[],[],[],[],
gpt-5.5,569,ok,/home/lpy/workspace/misc/course/Introduction-to-Software-Testing/artifacts/sample_runs/gpt-5.5/cand569_4369537d8b13,4369537d8b1387b94a1126a36a4fc400a35d35cc,"ArrayUtils.toPrimitive(Boolean...) null array elements map to false, like Boolean.parseBoolean(null) and its callers return false.",src/test/java/org/apache/commons/lang3/ArrayUtilsTest.java,337,337,337,1.0000,0,0,0,1.0000,0,0,0,1.0000,1,1,1,1.0000,3293,3293,1.0000,"{""assertArrayEquals"": 112, ""assertEquals"": 1199, ""assertFalse"": 1010, ""assertIsEquals"": 9, ""assertNotEquals"": 1, ""assertNotNull"": 2, ""assertNotSame"": 30, ""assertNull"": 98, ""assertSame"": 71, ""assertThrows"": 18, ""assertTrue"": 743}","{""assertArrayEquals"": 112, ""assertEquals"": 1199, ""assertFalse"": 1010, ""assertIsEquals"": 9, ""assertNotEquals"": 1, ""assertNotNull"": 2, ""assertNotSame"": 30, ""assertNull"": 98, ""assertSame"": 71, ""assertThrows"": 18, ""assertTrue"": 743}",1.0000,18,18,[],[],[],[],"[""testToPrimitive_boolean""]","[""testToPrimitive_boolean""]",
gpt-5.5,570,ok,/home/lpy/workspace/misc/course/Introduction-to-Software-Testing/artifacts/sample_runs/gpt-5.5/cand570_6e797a40a7fb,6e797a40a7fb7d0e5abf555c0d179dd3937bdecb,LANG-1443: Add more SystemUtils.IS_JAVA_XX variants (#415),src/test/java/org/apache/commons/lang3/JavaVersionTest.java,3,3,3,1.0000,0,0,0,1.0000,0,0,0,1.0000,1,1,1,1.0000,24,24,1.0000,"{""assertEquals"": 18, ""assertFalse"": 3, ""assertNull"": 1, ""assertTrue"": 2}","{""assertEquals"": 18, ""assertFalse"": 3, ""assertNull"": 1, ""assertTrue"": 2}",1.0000,0,0,[],[],[],[],"[""testGetJavaVersion""]","[""testGetJavaVersion""]",
gpt-5.5,571,ok,/home/lpy/workspace/misc/course/Introduction-to-Software-Testing/artifacts/sample_runs/gpt-5.5/cand571_70fa706916dc,70fa706916dc59209281699477575e4d5292b936,Add JavaVersion.JAVA_25,src/test/java/org/apache/commons/lang3/JavaVersionTest.java,3,3,3,1.0000,0,0,0,1.0000,0,0,0,1.0000,1,1,1,1.0000,36,36,1.0000,"{""assertEquals"": 30, ""assertFalse"": 3, ""assertNull"": 1, ""assertTrue"": 2}","{""assertEquals"": 30, ""assertFalse"": 3, ""assertNull"": 1, ""assertTrue"": 2}",1.0000,0,0,[],[],[],[],"[""testGetJavaVersion""]","[""testGetJavaVersion""]",
gpt-5.5,572,ok,/home/lpy/workspace/misc/course/Introduction-to-Software-Testing/artifacts/sample_runs/gpt-5.5/cand572_85f91f420890,85f91f4208903bb7ca608d51c941214b667d3c06,"Add ArrayUtils.containsAny(int[], int...)",src/test/java/org/apache/commons/lang3/ArrayUtilsTest.java,342,342,342,1.0000,2,2,2,1.0000,1,1,1,1.0000,0,0,0,1.0000,3313,3313,1.0000,"{""assertArrayEquals"": 113, ""assertEquals"": 1199, ""assertFalse"": 1014, ""assertInstanceOf"": 1, ""assertIsEquals"": 9, ""assertNotEquals"": 1, ""assertNotNull"": 2, ""assertNotSame"": 30, ""assertNull"": 98, ""assertSame"": 71, ""assertThrows"": 24, ""assertTrue"": 751}","{""assertArrayEquals"": 113, ""assertEquals"": 1199, ""assertFalse"": 1014, ""assertInstanceOf"": 1, ""assertIsEquals"": 9, ""assertNotEquals"": 1, ""assertNotNull"": 2, ""assertNotSame"": 30, ""assertNull"": 98, ""assertSame"": 71, ""assertThrows"": 24, ""assertTrue"": 751}",1.0000,24,24,"[""testContainsAnyInt"", ""testContainsAnyObject""]","[""testContainsAnyInt"", ""testContainsAnyObject""]","[""testContainsAny""]","[""testContainsAny""]",[],[],
gpt-5.5,573,ok,/home/lpy/workspace/misc/course/Introduction-to-Software-Testing/artifacts/sample_runs/gpt-5.5/cand573_892826578a7c,892826578a7cefb901b8fe2e304aa1ce7470267a,Add SystemUtils.IS_JAVA_22,src/test/java/org/apache/commons/lang3/JavaVersionTest.java,3,3,3,1.0000,0,0,0,1.0000,0,0,0,1.0000,3,3,3,1.0000,33,33,1.0000,"{""assertEquals"": 27, ""assertFalse"": 3, ""assertNull"": 1, ""assertTrue"": 2}","{""assertEquals"": 27, ""assertFalse"": 3, ""assertNull"": 1, ""assertTrue"": 2}",1.0000,0,0,[],[],[],[],"[""testAtLeast"", ""testGetJavaVersion"", ""testToString""]","[""testAtLeast"", ""testGetJavaVersion"", ""testToString""]",
gpt-5.5,574,ok,/home/lpy/workspace/misc/course/Introduction-to-Software-Testing/artifacts/sample_runs/gpt-5.5/cand574_a618b844c5a2,a618b844c5a261ced37385ab3947de6e215d46f7,"[LANG-1365] Fix NullPointerException in isJavaVersionAtLeast on Java 10, add SystemUtils.IS_JAVA_10, add JavaVersion.JAVA_10.",src/test/java/org/apache/commons/lang3/JavaVersionTest.java,3,3,3,1.0000,0,0,0,1.0000,0,0,0,1.0000,1,1,1,1.0000,20,20,1.0000,"{""assertEquals"": 14, ""assertFalse"": 3, ""assertNull"": 1, ""assertTrue"": 2}","{""assertEquals"": 14, ""assertFalse"": 3, ""assertNull"": 1, ""assertTrue"": 2}",1.0000,0,0,[],[],[],[],"[""testGetJavaVersion""]","[""testGetJavaVersion""]",
gpt-5.5,575,ok,/home/lpy/workspace/misc/course/Introduction-to-Software-Testing/artifacts/sample_runs/gpt-5.5/cand575_aeca68f2a5e5,aeca68f2a5e5b87ab5bb94e1139ca42e547f0bd4,Make ArraySorter null-safe,src/test/java/org/apache/commons/lang3/ArraySorterTest.java,9,9,9,1.0000,0,0,0,1.0000,0,0,0,1.0000,9,9,9,1.0000,18,18,1.0000,"{""assertArrayEquals"": 9, ""assertNull"": 9}","{""assertArrayEquals"": 9, ""assertNull"": 9}",1.0000,0,0,[],[],[],[],"[""testSortByteArray"", ""testSortCharArray"", ""testSortComparable"", ""testSortDoubleArray"", ""testSortFloatArray"", ""testSortIntArray"", ""testSortLongArray"", ""testSortObjects"", ""testSortShortArray""]","[""testSortByteArray"", ""testSortCharArray"", ""testSortComparable"", ""testSortDoubleArray"", ""testSortFloatArray"", ""testSortIntArray"", ""testSortLongArray"", ""testSortObjects"", ""testSortShortArray""]",
gpt-5.5,576,ok,/home/lpy/workspace/misc/course/Introduction-to-Software-Testing/artifacts/sample_runs/gpt-5.5/cand576_e7437aa445b3,e7437aa445b31dc17eab30ece032d736e33f3761,Add SystemUtils.IS_JAVA_23,src/test/java/org/apache/commons/lang3/JavaVersionTest.java,3,3,3,1.0000,0,0,0,1.0000,0,0,0,1.0000,1,1,1,1.0000,34,34,1.0000,"{""assertEquals"": 28, ""assertFalse"": 3, ""assertNull"": 1, ""assertTrue"": 2}","{""assertEquals"": 28, ""assertFalse"": 3, ""assertNull"": 1, ""assertTrue"": 2}",1.0000,0,0,[],[],[],[],"[""testGetJavaVersion""]","[""testGetJavaVersion""]",
gpt-5.5,577,ok,/home/lpy/workspace/misc/course/Introduction-to-Software-Testing/artifacts/sample_runs/gpt-5.5/cand577_ea344865514a,ea344865514a8b75eb4e9d1a159fc8434e5bb7fa,Add and use ObjectUtils.requireNonEmpty().,src/test/java/org/apache/commons/lang3/BooleanUtilsTest.java,74,74,74,1.0000,0,0,0,1.0000,0,0,0,1.0000,6,6,6,1.0000,286,286,1.0000,"{""assertArrayEquals"": 2, ""assertEquals"": 96, ""assertFalse"": 33, ""assertNotNull"": 1, ""assertNull"": 17, ""assertSame"": 9, ""assertThrows"": 25, ""assertTrue"": 103}","{""assertArrayEquals"": 2, ""assertEquals"": 96, ""assertFalse"": 33, ""assertNotNull"": 1, ""assertNull"": 17, ""assertSame"": 9, ""assertThrows"": 25, ""assertTrue"": 103}",1.0000,25,25,[],[],[],[],"[""testAnd_object_nullInput"", ""testAnd_primitive_nullInput"", ""testOr_object_nullInput"", ""testOr_primitive_nullInput"", ""testXor_object_nullInput"", ""testXor_primitive_nullInput""]","[""testAnd_object_nullInput"", ""testAnd_primitive_nullInput"", ""testOr_object_nullInput"", ""testOr_primitive_nullInput"", ""testXor_object_nullInput"", ""testXor_primitive_nullInput""]",
gpt-5.5,578,ok,/home/lpy/workspace/misc/course/Introduction-to-Software-Testing/artifacts/sample_runs/gpt-5.5/cand578_f664abb5e255,f664abb5e255e734860ab11778d982491f317f14,Add JavaVersion.JAVA_24,src/test/java/org/apache/commons/lang3/JavaVersionTest.java,3,3,3,1.0000,0,0,0,1.0000,0,0,0,1.0000,1,1,1,1.0000,35,35,1.0000,"{""assertEquals"": 29, ""assertFalse"": 3, ""assertNull"": 1, ""assertTrue"": 2}","{""assertEquals"": 29, ""assertFalse"": 3, ""assertNull"": 1, ""assertTrue"": 2}",1.0000,0,0,[],[],[],[],"[""testGetJavaVersion""]","[""testGetJavaVersion""]",
gpt-5.5,579,ok,/home/lpy/workspace/misc/course/Introduction-to-Software-Testing/artifacts/sample_runs/gpt-5.5/cand579_aa4eef85cfd8,aa4eef85cfd88e55677df238b44c6cc463d0af91,[LANG-1724] Customize text pattern in DiffResult#toString(),src/test/java/org/apache/commons/lang3/builder/DiffBuilderTest.java,34,34,34,1.0000,2,2,2,1.0000,1,1,1,1.0000,0,0,0,1.0000,83,83,1.0000,"{""assertArrayEquals"": 18, ""assertEquals"": 52, ""assertNotEquals"": 1, ""assertNotSame"": 2, ""assertSame"": 1, ""assertThat"": 5, ""assertThrows"": 4}","{""assertArrayEquals"": 18, ""assertEquals"": 52, ""assertNotEquals"": 1, ""assertNotSame"": 2, ""assertSame"": 1, ""assertThat"": 5, ""assertThrows"": 4}",1.0000,4,4,"[""testByteArrayEqualAsObject1"", ""testByteArrayEqualAsObjectDeprecated""]","[""testByteArrayEqualAsObject1"", ""testByteArrayEqualAsObjectDeprecated""]","[""testByteArrayEqualAsObject""]","[""testByteArrayEqualAsObject""]",[],[],
gpt-5.5,581,ok,/home/lpy/workspace/misc/course/Introduction-to-Software-Testing/artifacts/sample_runs/gpt-5.5/cand581_95a0e2b09bc4,95a0e2b09bc4a3a363e5ab1c853d002fb74ad7af,Refactor system property access into a new SystemProperties class,src/test/java/org/apache/commons/lang3/text/StrLookupTest.java,6,6,6,1.0000,0,0,0,1.0000,0,0,0,1.0000,1,1,1,1.0000,17,17,1.0000,"{""assertEquals"": 5, ""assertNull"": 12}","{""assertEquals"": 5, ""assertNull"": 12}",1.0000,0,0,[],[],[],[],"[""testSystemPropertiesLookup""]","[""testSystemPropertiesLookup""]",
gpt-5.5,583,ok,/home/lpy/workspace/misc/course/Introduction-to-Software-Testing/artifacts/sample_runs/gpt-5.5/cand583_8fcefb4f9885,8fcefb4f98856998d857e90f73bb88af043ef3b8,Centralize stream code in our own 'stream' package as a parallel to the JRE's java.util.stream package.,src/test/java/org/apache/commons/lang3/StreamsTest.java,7,7,7,1.0000,0,0,0,1.0000,0,0,0,1.0000,7,7,7,1.0000,32,32,1.0000,"{""assertAll"": 2, ""assertEquals"": 11, ""assertEvenNumbers"": 3, ""assertNotNull"": 1, ""assertThat"": 8, ""assertThrows"": 7}","{""assertAll"": 2, ""assertEquals"": 11, ""assertEvenNumbers"": 3, ""assertNotNull"": 1, ""assertThat"": 8, ""assertThrows"": 7}",1.0000,7,7,[],[],[],[],"[""simpleStreamFilterFailing"", ""simpleStreamForEachFailing"", ""testSimpleStreamFilter"", ""testSimpleStreamForEach"", ""testSimpleStreamMap"", ""testSimpleStreamMapFailing"", ""testToArray""]","[""simpleStreamFilterFailing"", ""simpleStreamForEachFailing"", ""testSimpleStreamFilter"", ""testSimpleStreamForEach"", ""testSimpleStreamMap"", ""testSimpleStreamMapFailing"", ""testToArray""]",
gpt-5.5,584,ok,/home/lpy/workspace/misc/course/Introduction-to-Software-Testing/artifacts/sample_runs/gpt-5.5/cand584_25e91c424228,25e91c4242283d118ba978d4f38cd18e10c890dc,Move new internal Calendar APIs to CalendarUtils and refactor.,src/test/java/org/apache/commons/lang3/time/CalendarUtilsTest.java,5,5,5,1.0000,2,2,2,1.0000,0,0,0,1.0000,0,0,0,1.0000,29,29,1.0000,"{""assertEquals"": 29}","{""assertEquals"": 29}",1.0000,0,0,"[""testGetStandaloneLongMonthNames"", ""testGetStandaloneShortMonthNames""]","[""testGetStandaloneLongMonthNames"", ""testGetStandaloneShortMonthNames""]",[],[],[],[],
gpt-5.5,585,ok,/home/lpy/workspace/misc/course/Introduction-to-Software-Testing/artifacts/sample_runs/gpt-5.5/cand585_fa380309554c,fa380309554ce4e0c1efdbec1e3b489444ecbf72,Use Objects#requireNonNull(),src/test/java/org/apache/commons/lang3/text/StrSubstitutorTest.java,40,40,40,1.0000,0,0,0,1.0000,0,0,0,1.0000,2,2,2,1.0000,102,102,1.0000,"{""assertEquals"": 55, ""assertFalse"": 6, ""assertNull"": 11, ""assertSame"": 6, ""assertThrows"": 6, ""assertTrue"": 18}","{""assertEquals"": 55, ""assertFalse"": 6, ""assertNull"": 11, ""assertSame"": 6, ""assertThrows"": 6, ""assertTrue"": 18}",1.0000,6,6,[],[],[],[],"[""testGetSetPrefix"", ""testGetSetSuffix""]","[""testGetSetPrefix"", ""testGetSetSuffix""]",
gpt-5.5,586,ok,/home/lpy/workspace/misc/course/Introduction-to-Software-Testing/artifacts/sample_runs/gpt-5.5/cand586_127869e88f24,127869e88f248da9bea3ba20beb620c7f2479abb,LANG-1680 Add support for standalone month formats (#892),src/test/java/org/apache/commons/lang3/time/DateUtilsTest.java,65,65,65,1.0000,2,2,2,1.0000,0,0,0,1.0000,0,0,0,1.0000,478,478,1.0000,"{""assertCalendarsEquals"": 5, ""assertDate"": 81, ""assertEquals"": 235, ""assertFalse"": 12, ""assertNotNull"": 1, ""assertNotSame"": 40, ""assertThrows"": 79, ""assertTrue"": 10, ""assertWeekIterator"": 15}","{""assertCalendarsEquals"": 5, ""assertDate"": 81, ""assertEquals"": 235, ""assertFalse"": 12, ""assertNotNull"": 1, ""assertNotSame"": 40, ""assertThrows"": 79, ""assertTrue"": 10, ""assertWeekIterator"": 15}",1.0000,79,79,"[""testGetStandaloneLongMonthNames"", ""testGetStandaloneShortMonthNames""]","[""testGetStandaloneLongMonthNames"", ""testGetStandaloneShortMonthNames""]",[],[],[],[],
gpt-5.5,587,ok,/home/lpy/workspace/misc/course/Introduction-to-Software-Testing/artifacts/sample_runs/gpt-5.5/cand587_36c4cc67a17b,36c4cc67a17b51256096f0a33427071b3cc1194e,Lambdas.,src/test/java/org/apache/commons/lang3/StreamsTest.java,7,7,7,1.0000,0,0,0,1.0000,0,0,0,1.0000,5,5,5,1.0000,28,28,1.0000,"{""assertEquals"": 11, ""assertEvenNumbers"": 3, ""assertNotNull"": 1, ""assertSame"": 6, ""fail"": 7}","{""assertEquals"": 11, ""assertEvenNumbers"": 3, ""assertNotNull"": 1, ""assertSame"": 6, ""fail"": 7}",1.0000,0,0,[],[],[],[],"[""testSimpleStreamFilter"", ""testSimpleStreamFilterFailing"", ""testSimpleStreamForEach"", ""testSimpleStreamMap"", ""testSimpleStreamMapFailing""]","[""testSimpleStreamFilter"", ""testSimpleStreamFilterFailing"", ""testSimpleStreamForEach"", ""testSimpleStreamMap"", ""testSimpleStreamMapFailing""]",
gpt-5.5,588,ok,/home/lpy/workspace/misc/course/Introduction-to-Software-Testing/artifacts/sample_runs/gpt-5.5/cand588_6c61b0916ef7,6c61b0916ef77600d09c3e299498ce60058035a0,Add Suppliers.nul(),src/test/java/org/apache/commons/lang3/function/SuppliersTest.java,1,1,1,1.0000,0,0,0,1.0000,0,0,0,1.0000,1,1,1,1.0000,4,4,1.0000,"{""assertEquals"": 1, ""assertNull"": 3}","{""assertEquals"": 1, ""assertNull"": 3}",1.0000,0,0,[],[],[],[],"[""testGet""]","[""testGet""]",
gpt-5.5,589,ok,/home/lpy/workspace/misc/course/Introduction-to-Software-Testing/artifacts/sample_runs/gpt-5.5/cand589_aae5a3522fd5,aae5a3522fd585513693d6c550044247eae28a51,Use Objects#requireNonNull(),src/test/java/org/apache/commons/lang3/ArrayUtilsTest.java,338,338,338,1.0000,0,0,0,1.0000,0,0,0,1.0000,1,1,1,1.0000,3301,3301,1.0000,"{""assertArrayEquals"": 112, ""assertEquals"": 1199, ""assertFalse"": 1013, ""assertIsEquals"": 9, ""assertNotEquals"": 1, ""assertNotNull"": 2, ""assertNotSame"": 30, ""assertNull"": 98, ""assertSame"": 71, ""assertThrows"": 18, ""assertTrue"": 748}","{""assertArrayEquals"": 112, ""assertEquals"": 1199, ""assertFalse"": 1013, ""assertIsEquals"": 9, ""assertNotEquals"": 1, ""assertNotNull"": 2, ""assertNotSame"": 30, ""assertNull"": 98, ""assertSame"": 71, ""assertThrows"": 18, ""assertTrue"": 748}",1.0000,18,18,[],[],[],[],"[""testIsSortedNullComparator""]","[""testIsSortedNullComparator""]",
gpt-5.5,590,ok,/home/lpy/workspace/misc/course/Introduction-to-Software-Testing/artifacts/sample_runs/gpt-5.5/cand590_022d08cfd314,022d08cfd31475073c664da109ad50bfe9539d82,Fix DefaultExceptionContext.addValue that overwrites information in a recursive situation (LANG-605). Allow explicit replacement of a label with the new replaceValue methods.,src/test/java/org/apache/commons/lang3/exception/ContextedExceptionTest.java,0,0,0,1.0000,0,0,0,1.0000,0,0,0,1.0000,0,0,0,1.0000,46,46,1.0000,"{""assertEquals"": 1, ""assertTrue"": 45}","{""assertEquals"": 1, ""assertTrue"": 45}",1.0000,0,0,[],[],[],[],[],[],
gpt-5.5,591,ok,/home/lpy/workspace/misc/course/Introduction-to-Software-Testing/artifacts/sample_runs/gpt-5.5/cand591_61579335bcb3,61579335bcb3da854fc8be82b5e61dc52b5018d3,LANG-1154 FastDateFormat APIs that use a StringBuilder,src/test/java/org/apache/commons/lang3/time/FastDateFormatTest.java,15,15,15,1.0000,0,0,0,1.0000,0,0,0,1.0000,1,1,1,1.0000,56,56,1.0000,"{""assertEquals"": 30, ""assertFalse"": 7, ""assertNotSame"": 9, ""assertSame"": 8, ""assertTrue"": 1, ""fail"": 1}","{""assertEquals"": 30, ""assertFalse"": 7, ""assertNotSame"": 9, ""assertSame"": 8, ""assertTrue"": 1, ""fail"": 1}",1.0000,0,0,[],[],[],[],"[""testParseSync""]","[""testParseSync""]",
gpt-5.5,592,ok,/home/lpy/workspace/misc/course/Introduction-to-Software-Testing/artifacts/sample_runs/gpt-5.5/cand592_670a832d4d78,670a832d4d78c0206180ec2106a5e09592f65cc0,[LANG-1503] Add factory methods to Pair classes with Map.Entry input. #454.,src/test/java/org/apache/commons/lang3/tuple/ImmutablePairTest.java,18,18,18,1.0000,2,2,2,1.0000,1,1,1,1.0000,1,1,1,1.0000,46,46,1.0000,"{""assertEquals"": 31, ""assertNotEquals"": 3, ""assertNotNull"": 1, ""assertNull"": 10, ""assertSame"": 1}","{""assertEquals"": 31, ""assertNotEquals"": 3, ""assertNotNull"": 1, ""assertNull"": 10, ""assertSame"": 1}",1.0000,0,0,"[""testPairOfMapEntry"", ""testPairOfObjects""]","[""testPairOfMapEntry"", ""testPairOfObjects""]","[""testPairOf""]","[""testPairOf""]","[""testBasic""]","[""testBasic""]",
gpt-5.5,593,ok,/home/lpy/workspace/misc/course/Introduction-to-Software-Testing/artifacts/sample_runs/gpt-5.5/cand593_680f9d5492e2,680f9d5492e2c9c27e5c1178744a9edf36a0272b,Add missing javadoc/tests for some null arguments (#869),src/test/java/org/apache/commons/lang3/builder/ToStringBuilderTest.java,95,95,95,1.0000,1,1,1,1.0000,0,0,0,1.0000,0,0,0,1.0000,314,314,1.0000,"{""assertEquals"": 286, ""assertNotNull"": 4, ""assertReflectionArray"": 19, ""assertSame"": 1, ""assertThrows"": 4}","{""assertEquals"": 286, ""assertNotNull"": 4, ""assertReflectionArray"": 19, ""assertSame"": 1, ""assertThrows"": 4}",1.0000,4,4,"[""testAppendAsObjectToStringNullPointerException""]","[""testAppendAsObjectToStringNullPointerException""]",[],[],[],[],
gpt-5.5,594,ok,/home/lpy/workspace/misc/course/Introduction-to-Software-Testing/artifacts/sample_runs/gpt-5.5/cand594_cae8364d9e44,cae8364d9e44065272eea22f5a64e78443b8f641,Use final.,src/test/java/org/apache/commons/lang3/StringUtilsTest.java,153,153,153,1.0000,0,0,0,1.0000,0,0,0,1.0000,1,1,1,1.0000,1588,1588,1.0000,"{""assertAbbreviateWithAbbrevMarkerAndOffset"": 21, ""assertAbbreviateWithOffset"": 21, ""assertArrayEquals"": 12, ""assertEquals"": 1225, ""assertFalse"": 30, ""assertNotEquals"": 2, ""assertNotNull"": 2, ""assertNull"": 188, ""assertSame"": 7, ""assertThrows"": 47, ""assertTrue"": 33}","{""assertAbbreviateWithAbbrevMarkerAndOffset"": 21, ""assertAbbreviateWithOffset"": 21, ""assertArrayEquals"": 12, ""assertEquals"": 1225, ""assertFalse"": 30, ""assertNotEquals"": 2, ""assertNotNull"": 2, ""assertNull"": 188, ""assertSame"": 7, ""assertThrows"": 47, ""assertTrue"": 33}",1.0000,47,47,[],[],[],[],"[""testGeorgianSample""]","[""testGeorgianSample""]",
gpt-5.5,595,ok,/home/lpy/workspace/misc/course/Introduction-to-Software-Testing/artifacts/sample_runs/gpt-5.5/cand595_13354cd13269,13354cd13269bdf9d1cbe7356f770f8ed8eb2f09,[LANG-1458] Add EMPTY_ARRAY constants to classes in org.apache.commons.lang3.tuple,src/test/java/org/apache/commons/lang3/tuple/PairTest.java,11,11,11,1.0000,2,2,2,1.0000,0,0,0,1.0000,0,0,0,1.0000,27,27,1.0000,"{""assertEquals"": 17, ""assertNotEquals"": 2, ""assertNull"": 1, ""assertTrue"": 7}","{""assertEquals"": 17, ""assertNotEquals"": 2, ""assertNull"": 1, ""assertTrue"": 7}",1.0000,0,0,"[""testEmptyArrayGenerics"", ""testEmptyArrayLength""]","[""testEmptyArrayGenerics"", ""testEmptyArrayLength""]",[],[],[],[],
gpt-5.5,596,ok,/home/lpy/workspace/misc/course/Introduction-to-Software-Testing/artifacts/sample_runs/gpt-5.5/cand596_27101b4739dd,27101b4739dd443c35b8ffb287a5b004188d1703,Add and use APIs to avoid compiler warnings and use of @SuppressWarnings.,src/test/java/org/apache/commons/lang3/ArrayUtilsTest.java,337,337,337,1.0000,1,1,1,1.0000,0,0,0,1.0000,4,4,4,1.0000,3293,3293,1.0000,"{""assertArrayEquals"": 111, ""assertEquals"": 1203, ""assertFalse"": 1010, ""assertIsEquals"": 9, ""assertNotEquals"": 1, ""assertNotNull"": 2, ""assertNotSame"": 30, ""assertNull"": 94, ""assertSame"": 71, ""assertThrows"": 19, ""assertTrue"": 743}","{""assertArrayEquals"": 111, ""assertEquals"": 1203, ""assertFalse"": 1010, ""assertIsEquals"": 9, ""assertNotEquals"": 1, ""assertNotNull"": 2, ""assertNotSame"": 30, ""assertNull"": 94, ""assertSame"": 71, ""assertThrows"": 19, ""assertTrue"": 743}",1.0000,19,19,"[""testGetComponentType""]","[""testGetComponentType""]",[],[],"[""testIndexesOfDouble"", ""testIndexesOfDoubleWithStartIndex"", ""testIndexesOfFloat"", ""testIndexesOfFloatWithStartIndex""]","[""testIndexesOfDouble"", ""testIndexesOfDoubleWithStartIndex"", ""testIndexesOfFloat"", ""testIndexesOfFloatWithStartIndex""]",
gpt-5.5,597,ok,/home/lpy/workspace/misc/course/Introduction-to-Software-Testing/artifacts/sample_runs/gpt-5.5/cand597_5e62bf80f345,5e62bf80f345ff28d494c2b407a9e8691a9fb684,"LANG-1115: Add support for varargs in ConstructorUtils, MemberUtils, and MethodUtils This closes #89 from github.",src/test/java/org/apache/commons/lang3/ArrayUtilsTest.java,255,255,255,1.0000,1,1,1,1.0000,0,0,0,1.0000,0,0,0,1.0000,1604,1604,1.0000,"{""assertArrayEquals"": 53, ""assertEquals"": 973, ""assertFalse"": 171, ""assertIsEquals"": 9, ""assertNotNull"": 1, ""assertNotSame"": 20, ""assertNull"": 10, ""assertSame"": 71, ""assertTrue"": 280, ""fail"": 16}","{""assertArrayEquals"": 53, ""assertEquals"": 973, ""assertFalse"": 171, ""assertIsEquals"": 9, ""assertNotNull"": 1, ""assertNotSame"": 20, ""assertNull"": 10, ""assertSame"": 71, ""assertTrue"": 280, ""fail"": 16}",1.0000,2,2,"[""testCreatePrimitiveArray""]","[""testCreatePrimitiveArray""]",[],[],[],[],
gpt-5.5,598,ok,/home/lpy/workspace/misc/course/Introduction-to-Software-Testing/artifacts/sample_runs/gpt-5.5/cand598_764b9bba5284,764b9bba528487fb575b84766998086c24bb1f48,Use final.,src/test/java/org/apache/commons/lang3/ArrayUtilsTest.java,336,336,336,1.0000,0,0,0,1.0000,0,0,0,1.0000,4,4,4,1.0000,3293,3293,1.0000,"{""assertArrayEquals"": 111, ""assertEquals"": 1204, ""assertFalse"": 1010, ""assertIsEquals"": 9, ""assertNotEquals"": 1, ""assertNotNull"": 2, ""assertNotSame"": 30, ""assertNull"": 93, ""assertSame"": 71, ""assertThrows"": 19, ""assertTrue"": 743}","{""assertArrayEquals"": 111, ""assertEquals"": 1204, ""assertFalse"": 1010, ""assertIsEquals"": 9, ""assertNotEquals"": 1, ""assertNotNull"": 2, ""assertNotSame"": 30, ""assertNull"": 93, ""assertSame"": 71, ""assertThrows"": 19, ""assertTrue"": 743}",1.0000,19,19,[],[],[],[],"[""testContainsDoubleNaN"", ""testContainsFloatNaN"", ""testIndexOfDoubleNaN"", ""testIndexOfFloatNaN""]","[""testContainsDoubleNaN"", ""testContainsFloatNaN"", ""testIndexOfDoubleNaN"", ""testIndexOfFloatNaN""]",
gpt-5.5,599,ok,/home/lpy/workspace/misc/course/Introduction-to-Software-Testing/artifacts/sample_runs/gpt-5.5/cand599_90c736c3a052,90c736c3a052abad03f8b95233f1b0a6227722c5,Remove trailing spaces.,src/test/java/org/apache/commons/lang3/tuple/ImmutablePairTest.java,15,17,15,0.8824,0,0,0,1.0000,2,0,0,0.0000,0,0,0,1.0000,32,41,0.7805,"{""assertEquals"": 21, ""assertNotEquals"": 3, ""assertNotNull"": 1, ""assertNull"": 6, ""assertSame"": 1}","{""assertEquals"": 28, ""assertNotEquals"": 3, ""assertNotNull"": 1, ""assertNull"": 8, ""assertSame"": 1}",1.0000,0,0,[],[],"[""testBasic"", ""testEmptyArrayGenerics""]",[],[],[],
gpt-5.5,600,ok,/home/lpy/workspace/misc/course/Introduction-to-Software-Testing/artifacts/sample_runs/gpt-5.5/cand600_2238145f563e,2238145f563e911c02d6179afb27e883c0ec6b37,array_style (#537),src/test/java/org/apache/commons/lang3/text/StrTokenizerTest.java,55,55,55,1.0000,0,0,0,1.0000,0,0,0,1.0000,8,8,8,1.0000,238,238,1.0000,"{""assertEquals"": 153, ""assertFalse"": 52, ""assertNotSame"": 2, ""assertNull"": 18, ""assertThrows"": 6, ""assertTrue"": 7}","{""assertEquals"": 153, ""assertFalse"": 52, ""assertNotSame"": 2, ""assertNull"": 18, ""assertThrows"": 6, ""assertTrue"": 7}",1.0000,6,6,[],[],[],[],"[""test1"", ""test2"", ""test3"", ""test4"", ""test5"", ""test6"", ""test7"", ""test8""]","[""test1"", ""test2"", ""test3"", ""test4"", ""test5"", ""test6"", ""test7"", ""test8""]",
gpt-5.5,601,ok,/home/lpy/workspace/misc/course/Introduction-to-Software-Testing/artifacts/sample_runs/gpt-5.5/cand601_86cf126f1373,86cf126f1373c783766cd2957f536d721b68f297,[LANG-1458] Add EMPTY_ARRAY constants to classes in org.apache.commons.lang3.tuple,src/test/java/org/apache/commons/lang3/tuple/ImmutablePairTest.java,17,17,17,1.0000,2,2,2,1.0000,0,0,0,1.0000,0,0,0,1.0000,41,41,1.0000,"{""assertEquals"": 28, ""assertNotEquals"": 3, ""assertNotNull"": 1, ""assertNull"": 8, ""assertSame"": 1}","{""assertEquals"": 28, ""assertNotEquals"": 3, ""assertNotNull"": 1, ""assertNull"": 8, ""assertSame"": 1}",1.0000,0,0,"[""testEmptyArrayGenerics"", ""testEmptyArrayLength""]","[""testEmptyArrayGenerics"", ""testEmptyArrayLength""]",[],[],[],[],
gpt-5.5,602,ok,/home/lpy/workspace/misc/course/Introduction-to-Software-Testing/artifacts/sample_runs/gpt-5.5/cand602_a98a6a99d941,a98a6a99d9415c116087b07f1d777dbe20b889da,Add and use Duration in APIs.,src/test/java/org/apache/commons/lang3/ObjectUtilsTest.java,51,51,51,1.0000,1,1,1,1.0000,0,0,0,1.0000,0,0,0,1.0000,224,224,1.0000,"{""assertArrayEquals"": 1, ""assertEquals"": 76, ""assertFalse"": 31, ""assertNotNull"": 2, ""assertNotSame"": 2, ""assertNull"": 20, ""assertSame"": 30, ""assertThrows"": 20, ""assertTrue"": 41, ""fail"": 1}","{""assertArrayEquals"": 1, ""assertEquals"": 76, ""assertFalse"": 31, ""assertNotNull"": 2, ""assertNotSame"": 2, ""assertNull"": 20, ""assertSame"": 30, ""assertThrows"": 20, ""assertTrue"": 41, ""fail"": 1}",1.0000,20,20,"[""testWaitDuration""]","[""testWaitDuration""]",[],[],[],[],
gpt-5.5,603,ok,/home/lpy/workspace/misc/course/Introduction-to-Software-Testing/artifacts/sample_runs/gpt-5.5/cand603_bc22af91e7e8,bc22af91e7e8fd7a530de48cd164056ef05829e0,"Adding Builder interface, and refactoring the builder classes and BasicThreadFactory to implement this interface. Patch from Michael Wooten in LANG-601",src/test/java/org/apache/commons/lang3/builder/CompareToBuilderTest.java,0,0,0,1.0000,0,0,0,1.0000,0,0,0,1.0000,0,0,0,1.0000,336,336,1.0000,"{""assertReflectionCompareContract"": 6, ""assertTrue"": 320, ""assertXYZCompareOrder"": 7, ""fail"": 3}","{""assertReflectionCompareContract"": 6, ""assertTrue"": 320, ""assertXYZCompareOrder"": 7, ""fail"": 3}",1.0000,0,0,[],[],[],[],[],[],
gpt-5.5,604,ok,/home/lpy/workspace/misc/course/Introduction-to-Software-Testing/artifacts/sample_runs/gpt-5.5/cand604_e299a185d42c,e299a185d42cd1b33ab21123f85de117a68c3d49,Make final var when is possible. (#816),src/test/java/org/apache/commons/lang3/reflect/TypeUtilsTest.java,28,28,28,1.0000,0,0,0,1.0000,0,0,0,1.0000,1,1,1,1.0000,213,213,1.0000,"{""assertArrayEquals"": 3, ""assertEquals"": 63, ""assertFalse"": 56, ""assertNull"": 16, ""assertTrue"": 75}","{""assertArrayEquals"": 3, ""assertEquals"": 63, ""assertFalse"": 56, ""assertNull"": 16, ""assertTrue"": 75}",1.0000,0,0,[],[],[],[],"[""testIsAssignable""]","[""testIsAssignable""]",
gpt-5.5,605,ok,/home/lpy/workspace/misc/course/Introduction-to-Software-Testing/artifacts/sample_runs/gpt-5.5/cand605_ef26a6676332,ef26a667633275fa656b74b841f9e74a3a6879ab,LANG-536 - Add isSorted() to ArrayUtils. Patch supplied by James Sawle. Closes #32 in GitHub.,src/test/java/org/apache/commons/lang3/ArrayUtilsTest.java,205,205,205,1.0000,11,11,11,1.0000,0,0,0,1.0000,0,0,0,1.0000,1202,1202,1.0000,"{""assertArrayEquals"": 43, ""assertEquals"": 586, ""assertFalse"": 171, ""assertIsEquals"": 9, ""assertNotNull"": 1, ""assertNotSame"": 20, ""assertNull"": 9, ""assertSame"": 69, ""assertTrue"": 278, ""fail"": 16}","{""assertArrayEquals"": 43, ""assertEquals"": 586, ""assertFalse"": 171, ""assertIsEquals"": 9, ""assertNotNull"": 1, ""assertNotSame"": 20, ""assertNull"": 9, ""assertSame"": 69, ""assertTrue"": 278, ""fail"": 16}",1.0000,1,1,"[""testIsSorted"", ""testIsSortedBool"", ""testIsSortedByte"", ""testIsSortedChar"", ""testIsSortedComparator"", ""testIsSortedDouble"", ""testIsSortedFloat"", ""testIsSortedInt"", ""testIsSortedLong"", ""testIsSortedNullComparator"", ""testIsSortedShort""]","[""testIsSorted"", ""testIsSortedBool"", ""testIsSortedByte"", ""testIsSortedChar"", ""testIsSortedComparator"", ""testIsSortedDouble"", ""testIsSortedFloat"", ""testIsSortedInt"", ""testIsSortedLong"", ""testIsSortedNullComparator"", ""testIsSortedShort""]",[],[],[],[],
gpt-5.5,608,ok,/home/lpy/workspace/misc/course/Introduction-to-Software-Testing/artifacts/sample_runs/gpt-5.5/cand608_02132ee97bf0,02132ee97bf0d57c85aa45bb64d6eb8dfbe0cf5e,Add method ConcurrentInitializer#isInitialized() (#1120),src/test/java/org/apache/commons/lang3/concurrent/AbstractConcurrentInitializerTest.java,4,4,4,1.0000,1,1,1,1.0000,0,0,0,1.0000,0,0,0,1.0000,6,6,1.0000,"{""assertEquals"": 2, ""assertFalse"": 1, ""assertNotNull"": 2, ""assertTrue"": 1}","{""assertEquals"": 2, ""assertFalse"": 1, ""assertNotNull"": 2, ""assertTrue"": 1}",1.0000,0,0,"[""testisInitialized""]","[""testisInitialized""]",[],[],[],[],
gpt-5.5,609,ok,/home/lpy/workspace/misc/course/Introduction-to-Software-Testing/artifacts/sample_runs/gpt-5.5/cand609_2da006dbbede,2da006dbbede3f18d0898819edae9a5c71eac947,Fix camel case and comment typos.,src/test/java/org/apache/commons/lang3/StringEscapeUtilsTest.java,32,32,32,1.0000,0,0,0,1.0000,0,0,0,1.0000,0,0,0,1.0000,154,154,1.0000,"{""assertEquals"": 94, ""assertEscapeJava"": 17, ""assertFalse"": 1, ""assertNotNull"": 1, ""assertNull"": 10, ""assertThrows"": 15, ""assertTrue"": 4, ""assertUnescapeJava"": 12}","{""assertEquals"": 94, ""assertEscapeJava"": 17, ""assertFalse"": 1, ""assertNotNull"": 1, ""assertNull"": 10, ""assertThrows"": 15, ""assertTrue"": 4, ""assertUnescapeJava"": 12}",1.0000,15,15,[],[],[],[],[],[],
gpt-5.5,610,ok,/home/lpy/workspace/misc/course/Introduction-to-Software-Testing/artifacts/sample_runs/gpt-5.5/cand610_f013141f60df,f013141f60df0bbbd57388c7bdd01a764ddfc1fd,Explicit type parameters can be removed,src/test/java/org/apache/commons/lang3/reflect/MethodUtilsTest.java,40,40,40,1.0000,0,0,0,1.0000,0,0,0,1.0000,2,2,2,1.0000,173,173,1.0000,"{""assertArrayEquals"": 7, ""assertEquals"": 114, ""assertFalse"": 2, ""assertNotNull"": 11, ""assertNotSame"": 1, ""assertNull"": 14, ""assertSame"": 4, ""assertThat"": 3, ""assertTrue"": 9, ""fail"": 8}","{""assertArrayEquals"": 7, ""assertEquals"": 114, ""assertFalse"": 2, ""assertNotNull"": 11, ""assertNotSame"": 1, ""assertNull"": 14, ""assertSame"": 4, ""assertThat"": 3, ""assertTrue"": 9, ""fail"": 8}",1.0000,9,9,[],[],[],[],"[""testInvokeMethod"", ""testInvokeStaticMethod""]","[""testInvokeMethod"", ""testInvokeStaticMethod""]",
gpt-5.5,611,ok,/home/lpy/workspace/misc/course/Introduction-to-Software-Testing/artifacts/sample_runs/gpt-5.5/cand611_94faa31bcf5c,94faa31bcf5c4fcb20818a3a0d23ae789932d2df,refactor FastDateParser,src/test/java/org/apache/commons/lang3/time/FastDateParserTest.java,35,35,35,1.0000,1,1,1,1.0000,0,0,0,1.0000,0,0,0,1.0000,65,65,1.0000,"{""assertEquals"": 56, ""assertFalse"": 1, ""assertTrue"": 2, ""fail"": 6}","{""assertEquals"": 56, ""assertFalse"": 1, ""assertTrue"": 2, ""fail"": 6}",1.0000,1,1,"[""testJpLocales""]","[""testJpLocales""]",[],[],[],[],
gpt-5.5,612,ok,/home/lpy/workspace/misc/course/Introduction-to-Software-Testing/artifacts/sample_runs/gpt-5.5/cand612_40134ecdb327,40134ecdb327d1b82936f7ee3fa925b7b181c726,LANG-1153 Implement ParsePosition api for FastDateParser,src/test/java/org/apache/commons/lang3/time/FastDateParserTest.java,35,35,35,1.0000,1,1,1,1.0000,0,0,0,1.0000,0,0,0,1.0000,65,65,1.0000,"{""assertEquals"": 56, ""assertFalse"": 1, ""assertTrue"": 2, ""fail"": 6}","{""assertEquals"": 56, ""assertFalse"": 1, ""assertTrue"": 2, ""fail"": 6}",1.0000,1,1,"[""testJpLocales""]","[""testJpLocales""]",[],[],[],[],
gpt-5.5,613,ok,/home/lpy/workspace/misc/course/Introduction-to-Software-Testing/artifacts/sample_runs/gpt-5.5/cand613_aeb6f86bcdec,aeb6f86bcdec061ee9c6be96066fa19c56523490,"EqualsExlcude notation, HashCodeExclude notation and ToStringExludeNotation",src/test/java/org/apache/commons/lang3/builder/EqualsBuilderTest.java,49,49,49,1.0000,1,1,1,1.0000,0,0,0,1.0000,0,0,0,1.0000,256,256,1.0000,"{""assertEquals"": 7, ""assertFalse"": 12, ""assertNull"": 3, ""assertTrue"": 234}","{""assertEquals"": 7, ""assertFalse"": 12, ""assertNull"": 3, ""assertTrue"": 234}",1.0000,0,0,"[""testToEqualsExclude""]","[""testToEqualsExclude""]",[],[],[],[],
gpt-5.5,614,ok,/home/lpy/workspace/misc/course/Introduction-to-Software-Testing/artifacts/sample_runs/gpt-5.5/cand614_f96d4df26e3b,f96d4df26e3b16ce6407b854e6c89e882c51e435,LANG-609: Added AtomicInitializer class. Introduced new ConcurrentInitializer interface which is now implemented by all all initializer classes.,src/test/java/org/apache/commons/lang3/concurrent/ConcurrentUtilsTest.java,31,31,31,1.0000,5,5,5,1.0000,0,0,0,1.0000,0,0,0,1.0000,46,46,1.0000,"{""assertEquals"": 18, ""assertNull"": 6, ""assertSame"": 11, ""fail"": 11}","{""assertEquals"": 18, ""assertNull"": 6, ""assertSame"": 11, ""fail"": 11}",1.0000,6,6,"[""testInitialize"", ""testInitializeNull"", ""testInitializeUnchecked"", ""testInitializeUncheckedEx"", ""testInitializeUncheckedNull""]","[""testInitialize"", ""testInitializeNull"", ""testInitializeUnchecked"", ""testInitializeUncheckedEx"", ""testInitializeUncheckedNull""]",[],[],[],[],
